employee_key,department_key,snapshot_date,job_satisfaction_score,manager_relationship_score,work_life_balance_score,growth_opportunity_score,survey_verbatim,sentiment_polarity
1,1,2026-09-01,4,4,3,4,"Good team dynamic, though communication between onshore and offshore squads could be smoother.",0.06
2,2,2026-09-01,4,4,4,5,Energized by our client cloud modernization engagement and collaborative team culture.,0.404
3,3,2026-09-01,3,4,3,4,Standard project pacing. Client expectations are rigorous but manageable with proper staffing.,0.008
4,4,2026-09-01,2,4,2,4,Compa-ratio is noticeably below market benchmark while billable utilization is consistently above 95%.,-0.413
5,5,2026-09-01,3,4,4,4,"Training resources on Azure and Gen AI are decent, hoping for more hands-on lab allocations.",-0.056
6,6,2026-09-01,3,4,4,4,"Good team dynamic, though communication between onshore and offshore squads could be smoother.",-0.119
7,1,2026-09-01,3,5,3,4,Frustrated by repeated delays in promotion cycle despite rating 5 performance in consecutive cycles.,-0.85
8,7,2026-09-01,3,3,3,3,Compensation aligns with industry averages. Waiting to see outcome of mid-year review cycle.,-0.036
9,8,2026-09-01,4,4,3,5,"Training resources on Azure and Gen AI are decent, hoping for more hands-on lab allocations.",0.243
10,9,2026-09-01,3,4,3,4,"Good team dynamic, though communication between onshore and offshore squads could be smoother.",0.057
11,10,2026-09-01,3,2,4,4,"Training resources on Azure and Gen AI are decent, hoping for more hands-on lab allocations.",-0.01
12,11,2026-09-01,2,4,4,3,Disillusioned with unrealistic client deadlines and total absence of work-life boundaries.,-0.744
13,12,2026-09-01,3,3,4,3,"Good team dynamic, though communication between onshore and offshore squads could be smoother.",0.108
14,13,2026-09-01,3,4,4,5,Standard project pacing. Client expectations are rigorous but manageable with proper staffing.,-0.12
15,14,2026-09-01,3,5,3,4,Compensation aligns with industry averages. Waiting to see outcome of mid-year review cycle.,-0.095
16,15,2026-09-01,4,3,3,4,"Training resources on Azure and Gen AI are decent, hoping for more hands-on lab allocations.",-0.088
17,16,2026-09-01,3,3,4,3,"Good team dynamic, though communication between onshore and offshore squads could be smoother.",-0.097
18,17,2026-09-01,3,4,3,3,Standard project pacing. Client expectations are rigorous but manageable with proper staffing.,0.07
19,18,2026-09-01,4,3,4,3,Leadership provides tremendous career mentoring and clear promotion trajectory.,0.62
20,19,2026-09-01,4,4,5,3,"Very fair compensation, excellent recognition from my engagement partner, and healthy work balance.",0.869
21,17,2026-09-01,3,3,4,3,Standard project pacing. Client expectations are rigorous but manageable with proper staffing.,0.188
22,20,2026-09-01,2,4,5,3,Lack of psychological safety and micromanager style since recent leadership re-alignment.,-0.773
23,21,2026-09-01,4,4,3,4,Compensation aligns with industry averages. Waiting to see outcome of mid-year review cycle.,-0.146
24,10,2026-09-01,3,3,4,3,"Training resources on Azure and Gen AI are decent, hoping for more hands-on lab allocations.",0.185
25,22,2026-09-01,5,3,3,5,Compensation aligns with industry averages. Waiting to see outcome of mid-year review cycle.,0.213
26,23,2026-09-01,3,3,3,3,"Good team dynamic, though communication between onshore and offshore squads could be smoother.",0.235
27,22,2026-09-01,2,4,2,3,Lack of psychological safety and micromanager style since recent leadership re-alignment.,-0.301
28,24,2026-09-01,4,5,4,3,Great autonomy on solution architecture. Enjoy mentoring junior analysts on agentic workflows.,0.727
29,25,2026-09-01,2,5,3,3,Severe burnout from sustained 60+ hour work weeks without staffing support on high-priority delivery.,-0.509
30,26,2026-09-01,3,3,2,3,Frustrated by repeated delays in promotion cycle despite rating 5 performance in consecutive cycles.,-0.713
31,27,2026-09-01,5,4,4,3,The transition to modern data stack and AI tooling has been a huge boost to our delivery velocity.,0.702
32,28,2026-09-01,4,4,4,3,The transition to modern data stack and AI tooling has been a huge boost to our delivery velocity.,0.872
33,29,2026-09-01,3,3,1,4,Severe burnout from sustained 60+ hour work weeks without staffing support on high-priority delivery.,-0.431
34,30,2026-09-01,4,4,3,4,Severe burnout from sustained 60+ hour work weeks without staffing support on high-priority delivery.,-0.773
35,7,2026-09-01,3,4,4,3,"Training resources on Azure and Gen AI are decent, hoping for more hands-on lab allocations.",-0.056
36,29,2026-09-01,3,3,3,3,"Good team dynamic, though communication between onshore and offshore squads could be smoother.",-0.021
37,13,2026-09-01,4,3,5,4,"Very fair compensation, excellent recognition from my engagement partner, and healthy work balance.",0.536
38,31,2026-09-01,3,4,3,3,Compa-ratio is noticeably below market benchmark while billable utilization is consistently above 95%.,-0.416
39,32,2026-09-01,3,4,4,2,"Training resources on Azure and Gen AI are decent, hoping for more hands-on lab allocations.",-0.088
40,33,2026-09-01,3,3,5,3,"Good team dynamic, though communication between onshore and offshore squads could be smoother.",0.19
41,2,2026-09-01,4,4,4,5,The transition to modern data stack and AI tooling has been a huge boost to our delivery velocity.,0.638
42,1,2026-09-01,2,3,4,4,Frustrated by repeated delays in promotion cycle despite rating 5 performance in consecutive cycles.,-0.65
43,34,2026-09-01,4,3,4,5,Leadership provides tremendous career mentoring and clear promotion trajectory.,0.802
44,35,2026-09-01,4,4,5,3,The transition to modern data stack and AI tooling has been a huge boost to our delivery velocity.,0.877
45,6,2026-09-01,3,4,3,3,"Training resources on Azure and Gen AI are decent, hoping for more hands-on lab allocations.",0.133
46,36,2026-09-01,3,3,3,4,Compensation aligns with industry averages. Waiting to see outcome of mid-year review cycle.,-0.128
47,37,2026-09-01,3,4,4,3,"Good team dynamic, though communication between onshore and offshore squads could be smoother.",0.081
48,22,2026-09-01,3,3,4,3,Standard project pacing. Client expectations are rigorous but manageable with proper staffing.,0.088
49,38,2026-09-01,2,3,5,3,Lack of psychological safety and micromanager style since recent leadership re-alignment.,-0.514
50,39,2026-09-01,4,3,4,3,Leadership provides tremendous career mentoring and clear promotion trajectory.,0.458
51,38,2026-09-01,4,3,4,4,Energized by our client cloud modernization engagement and collaborative team culture.,0.698
52,38,2026-09-01,4,3,3,4,"Good team dynamic, though communication between onshore and offshore squads could be smoother.",0.071
53,5,2026-09-01,4,3,4,5,"Very fair compensation, excellent recognition from my engagement partner, and healthy work balance.",0.47
54,40,2026-09-01,4,3,5,3,Leadership provides tremendous career mentoring and clear promotion trajectory.,0.356
55,41,2026-09-01,3,4,4,3,"Training resources on Azure and Gen AI are decent, hoping for more hands-on lab allocations.",-0.052
56,42,2026-09-01,2,3,4,3,Severe burnout from sustained 60+ hour work weeks without staffing support on high-priority delivery.,-0.342
57,43,2026-09-01,4,3,4,4,Great autonomy on solution architecture. Enjoy mentoring junior analysts on agentic workflows.,0.675
58,44,2026-09-01,4,3,4,3,Energized by our client cloud modernization engagement and collaborative team culture.,0.718
59,45,2026-09-01,3,4,4,4,"Good team dynamic, though communication between onshore and offshore squads could be smoother.",0.182
60,4,2026-09-01,3,3,2,4,Compa-ratio is noticeably below market benchmark while billable utilization is consistently above 95%.,-0.573
61,46,2026-09-01,4,3,5,2,Leadership provides tremendous career mentoring and clear promotion trajectory.,0.756
62,7,2026-09-01,3,4,3,2,Standard project pacing. Client expectations are rigorous but manageable with proper staffing.,0.243
63,44,2026-09-01,3,4,3,5,Standard project pacing. Client expectations are rigorous but manageable with proper staffing.,-0.127
64,25,2026-09-01,5,4,5,4,Leadership provides tremendous career mentoring and clear promotion trajectory.,0.839
65,19,2026-09-01,3,1,4,3,"Training resources on Azure and Gen AI are decent, hoping for more hands-on lab allocations.",0.087
66,14,2026-09-01,2,3,3,3,Compa-ratio is noticeably below market benchmark while billable utilization is consistently above 95%.,-0.321
67,46,2026-09-01,4,3,4,4,"Very fair compensation, excellent recognition from my engagement partner, and healthy work balance.",0.699
68,43,2026-09-01,3,4,2,5,Disillusioned with unrealistic client deadlines and total absence of work-life boundaries.,-0.501
69,47,2026-09-01,4,5,5,3,"Very fair compensation, excellent recognition from my engagement partner, and healthy work balance.",0.514
70,24,2026-09-01,3,3,3,4,Standard project pacing. Client expectations are rigorous but manageable with proper staffing.,0.196
71,8,2026-09-01,2,3,4,4,Disillusioned with unrealistic client deadlines and total absence of work-life boundaries.,-0.515
72,48,2026-09-01,3,5,5,3,Compensation aligns with industry averages. Waiting to see outcome of mid-year review cycle.,0.194
73,49,2026-09-01,2,4,2,4,Compa-ratio is noticeably below market benchmark while billable utilization is consistently above 95%.,-0.657
74,49,2026-09-01,4,5,4,4,Leadership provides tremendous career mentoring and clear promotion trajectory.,0.537
75,40,2026-09-01,3,3,4,3,Compensation aligns with industry averages. Waiting to see outcome of mid-year review cycle.,0.24
76,49,2026-09-01,3,2,2,4,Frustrated by repeated delays in promotion cycle despite rating 5 performance in consecutive cycles.,-0.346
77,7,2026-09-01,3,5,4,3,"Good team dynamic, though communication between onshore and offshore squads could be smoother.",0.21
78,19,2026-09-01,3,3,3,4,Compensation aligns with industry averages. Waiting to see outcome of mid-year review cycle.,0.198
79,50,2026-09-01,3,3,3,3,Standard project pacing. Client expectations are rigorous but manageable with proper staffing.,0.182
80,51,2026-09-01,4,4,4,4,The transition to modern data stack and AI tooling has been a huge boost to our delivery velocity.,0.647
81,52,2026-09-01,4,5,4,2,Leadership provides tremendous career mentoring and clear promotion trajectory.,0.619
82,16,2026-09-01,4,4,4,4,Energized by our client cloud modernization engagement and collaborative team culture.,0.826
83,53,2026-09-01,3,4,3,3,Compensation aligns with industry averages. Waiting to see outcome of mid-year review cycle.,0.077
84,54,2026-09-01,3,5,4,5,"Good team dynamic, though communication between onshore and offshore squads could be smoother.",0.002
85,34,2026-09-01,4,3,4,3,The transition to modern data stack and AI tooling has been a huge boost to our delivery velocity.,0.538
86,55,2026-09-01,3,3,4,3,Compensation aligns with industry averages. Waiting to see outcome of mid-year review cycle.,-0.109
87,8,2026-09-01,4,3,4,3,The transition to modern data stack and AI tooling has been a huge boost to our delivery velocity.,0.512
88,53,2026-09-01,3,4,3,3,Compensation aligns with industry averages. Waiting to see outcome of mid-year review cycle.,0.014
89,10,2026-09-01,3,4,4,3,"Good team dynamic, though communication between onshore and offshore squads could be smoother.",0.198
90,56,2026-09-01,4,5,4,3,Energized by our client cloud modernization engagement and collaborative team culture.,0.731
91,3,2026-09-01,3,5,4,4,"Good team dynamic, though communication between onshore and offshore squads could be smoother.",0.118
92,33,2026-09-01,4,5,4,2,Leadership provides tremendous career mentoring and clear promotion trajectory.,0.399
93,10,2026-09-01,3,5,3,3,"Training resources on Azure and Gen AI are decent, hoping for more hands-on lab allocations.",0.058
94,44,2026-09-01,3,4,3,2,Standard project pacing. Client expectations are rigorous but manageable with proper staffing.,0.18
95,5,2026-09-01,4,5,5,3,The transition to modern data stack and AI tooling has been a huge boost to our delivery velocity.,0.428
96,51,2026-09-01,3,4,4,4,Compensation aligns with industry averages. Waiting to see outcome of mid-year review cycle.,-0.101
97,42,2026-09-01,3,3,4,4,"Good team dynamic, though communication between onshore and offshore squads could be smoother.",-0.127
98,16,2026-09-01,2,2,4,4,Compa-ratio is noticeably below market benchmark while billable utilization is consistently above 95%.,-0.772
99,13,2026-09-01,3,5,4,4,"Good team dynamic, though communication between onshore and offshore squads could be smoother.",-0.074
100,54,2026-09-01,3,5,3,3,Compensation aligns with industry averages. Waiting to see outcome of mid-year review cycle.,0.04
101,20,2026-09-01,3,4,3,3,Compa-ratio is noticeably below market benchmark while billable utilization is consistently above 95%.,-0.355
102,47,2026-09-01,4,2,4,3,"Very fair compensation, excellent recognition from my engagement partner, and healthy work balance.",0.604
103,48,2026-09-01,3,3,3,3,Compensation aligns with industry averages. Waiting to see outcome of mid-year review cycle.,-0.122
104,57,2026-09-01,3,3,4,3,Standard project pacing. Client expectations are rigorous but manageable with proper staffing.,0.07
105,41,2026-09-01,3,3,4,5,"Training resources on Azure and Gen AI are decent, hoping for more hands-on lab allocations.",0.241
106,20,2026-09-01,3,3,4,2,"Training resources on Azure and Gen AI are decent, hoping for more hands-on lab allocations.",0.186
107,58,2026-09-01,4,4,4,5,Leadership provides tremendous career mentoring and clear promotion trajectory.,0.503
108,59,2026-09-01,3,4,3,3,Compensation aligns with industry averages. Waiting to see outcome of mid-year review cycle.,0.201
109,60,2026-09-01,3,5,4,3,Standard project pacing. Client expectations are rigorous but manageable with proper staffing.,0.054
110,37,2026-09-01,3,4,4,4,"Training resources on Azure and Gen AI are decent, hoping for more hands-on lab allocations.",0.165
111,8,2026-09-01,3,3,4,4,"Good team dynamic, though communication between onshore and offshore squads could be smoother.",-0.079
112,17,2026-09-01,2,3,2,2,Severe burnout from sustained 60+ hour work weeks without staffing support on high-priority delivery.,-0.589
113,3,2026-09-01,4,3,4,3,"Very fair compensation, excellent recognition from my engagement partner, and healthy work balance.",0.486
114,61,2026-09-01,2,4,2,3,Disillusioned with unrealistic client deadlines and total absence of work-life boundaries.,-0.708
115,51,2026-09-01,3,3,3,4,Compensation aligns with industry averages. Waiting to see outcome of mid-year review cycle.,0.239
116,10,2026-09-01,2,4,5,4,Frustrated by repeated delays in promotion cycle despite rating 5 performance in consecutive cycles.,-0.482
117,34,2026-09-01,4,4,4,5,The transition to modern data stack and AI tooling has been a huge boost to our delivery velocity.,0.379
118,19,2026-09-01,3,4,4,4,Standard project pacing. Client expectations are rigorous but manageable with proper staffing.,-0.112
119,30,2026-09-01,4,5,3,3,Standard project pacing. Client expectations are rigorous but manageable with proper staffing.,0.008
120,30,2026-09-01,4,5,4,4,Great autonomy on solution architecture. Enjoy mentoring junior analysts on agentic workflows.,0.801
121,37,2026-09-01,2,4,2,3,Lack of psychological safety and micromanager style since recent leadership re-alignment.,-0.534
122,62,2026-09-01,3,3,3,3,"Training resources on Azure and Gen AI are decent, hoping for more hands-on lab allocations.",0.178
123,63,2026-09-01,3,4,2,3,Lack of psychological safety and micromanager style since recent leadership re-alignment.,-0.774
124,48,2026-09-01,3,4,4,3,Standard project pacing. Client expectations are rigorous but manageable with proper staffing.,0.165
125,7,2026-09-01,4,4,3,5,"Training resources on Azure and Gen AI are decent, hoping for more hands-on lab allocations.",-0.038
126,64,2026-09-01,5,4,4,3,Great autonomy on solution architecture. Enjoy mentoring junior analysts on agentic workflows.,0.388
127,35,2026-09-01,4,5,4,3,Leadership provides tremendous career mentoring and clear promotion trajectory.,0.452
128,51,2026-09-01,2,4,3,3,Disillusioned with unrealistic client deadlines and total absence of work-life boundaries.,-0.329
129,57,2026-09-01,4,3,4,4,Leadership provides tremendous career mentoring and clear promotion trajectory.,0.632
130,57,2026-09-01,3,4,4,2,Compensation aligns with industry averages. Waiting to see outcome of mid-year review cycle.,0.03
131,38,2026-09-01,4,4,4,5,Leadership provides tremendous career mentoring and clear promotion trajectory.,0.632
132,48,2026-09-01,3,4,4,3,Standard project pacing. Client expectations are rigorous but manageable with proper staffing.,0.203
133,65,2026-09-01,4,4,4,4,The transition to modern data stack and AI tooling has been a huge boost to our delivery velocity.,0.601
134,18,2026-09-01,5,3,4,5,Great autonomy on solution architecture. Enjoy mentoring junior analysts on agentic workflows.,0.414
135,66,2026-09-01,2,4,3,4,Compa-ratio is noticeably below market benchmark while billable utilization is consistently above 95%.,-0.57
136,25,2026-09-01,3,3,3,4,"Training resources on Azure and Gen AI are decent, hoping for more hands-on lab allocations.",0.09
137,20,2026-09-01,3,3,5,3,"Training resources on Azure and Gen AI are decent, hoping for more hands-on lab allocations.",0.189
138,5,2026-09-01,3,3,4,3,Standard project pacing. Client expectations are rigorous but manageable with proper staffing.,-0.086
139,41,2026-09-01,4,3,4,3,Great autonomy on solution architecture. Enjoy mentoring junior analysts on agentic workflows.,0.367
140,61,2026-09-01,4,4,4,5,The transition to modern data stack and AI tooling has been a huge boost to our delivery velocity.,0.541
141,22,2026-09-01,3,4,3,4,Compensation aligns with industry averages. Waiting to see outcome of mid-year review cycle.,0.213
142,60,2026-09-01,3,4,4,3,Compensation aligns with industry averages. Waiting to see outcome of mid-year review cycle.,0.195
143,67,2026-09-01,3,4,5,4,Compensation aligns with industry averages. Waiting to see outcome of mid-year review cycle.,0.232
144,68,2026-09-01,4,5,4,5,"Very fair compensation, excellent recognition from my engagement partner, and healthy work balance.",0.424
145,53,2026-09-01,4,4,3,5,Lack of psychological safety and micromanager style since recent leadership re-alignment.,-0.398
146,4,2026-09-01,3,5,5,4,Compensation aligns with industry averages. Waiting to see outcome of mid-year review cycle.,-0.148
147,69,2026-09-01,3,4,4,2,Compensation aligns with industry averages. Waiting to see outcome of mid-year review cycle.,-0.06
148,27,2026-09-01,5,3,4,3,"Very fair compensation, excellent recognition from my engagement partner, and healthy work balance.",0.517
149,21,2026-09-01,5,3,4,4,Leadership provides tremendous career mentoring and clear promotion trajectory.,0.376
150,56,2026-09-01,4,4,5,4,The transition to modern data stack and AI tooling has been a huge boost to our delivery velocity.,0.558
151,3,2026-09-01,3,3,3,4,"Training resources on Azure and Gen AI are decent, hoping for more hands-on lab allocations.",-0.108
152,15,2026-09-01,3,5,4,3,"Training resources on Azure and Gen AI are decent, hoping for more hands-on lab allocations.",-0.002
153,54,2026-09-01,4,5,4,4,The transition to modern data stack and AI tooling has been a huge boost to our delivery velocity.,0.397
154,70,2026-09-01,4,4,4,4,"Very fair compensation, excellent recognition from my engagement partner, and healthy work balance.",0.833
155,21,2026-09-01,4,4,4,5,Great autonomy on solution architecture. Enjoy mentoring junior analysts on agentic workflows.,0.541
156,71,2026-09-01,3,3,3,4,"Training resources on Azure and Gen AI are decent, hoping for more hands-on lab allocations.",0.149
157,70,2026-09-01,2,4,2,3,Disillusioned with unrealistic client deadlines and total absence of work-life boundaries.,-0.306
158,51,2026-09-01,3,4,3,3,Standard project pacing. Client expectations are rigorous but manageable with proper staffing.,-0.053
159,3,2026-09-01,3,3,4,3,Compensation aligns with industry averages. Waiting to see outcome of mid-year review cycle.,0.248
160,42,2026-09-01,3,4,5,4,"Good team dynamic, though communication between onshore and offshore squads could be smoother.",0.242
161,66,2026-09-01,3,3,4,4,"Training resources on Azure and Gen AI are decent, hoping for more hands-on lab allocations.",0.184
162,58,2026-09-01,3,4,3,2,"Training resources on Azure and Gen AI are decent, hoping for more hands-on lab allocations.",0.218
163,50,2026-09-01,5,4,3,5,Standard project pacing. Client expectations are rigorous but manageable with proper staffing.,0.233
164,72,2026-09-01,4,3,4,4,The transition to modern data stack and AI tooling has been a huge boost to our delivery velocity.,0.624
165,73,2026-09-01,4,3,4,4,Energized by our client cloud modernization engagement and collaborative team culture.,0.605
166,4,2026-09-01,3,5,3,4,Compensation aligns with industry averages. Waiting to see outcome of mid-year review cycle.,0.189
167,5,2026-09-01,4,2,4,4,Leadership provides tremendous career mentoring and clear promotion trajectory.,0.765
168,74,2026-09-01,4,3,4,5,Energized by our client cloud modernization engagement and collaborative team culture.,0.863
169,74,2026-09-01,4,3,4,5,"Very fair compensation, excellent recognition from my engagement partner, and healthy work balance.",0.415
170,75,2026-09-01,3,4,3,3,Standard project pacing. Client expectations are rigorous but manageable with proper staffing.,0.069
171,14,2026-09-01,4,3,4,4,The transition to modern data stack and AI tooling has been a huge boost to our delivery velocity.,0.799
172,51,2026-09-01,3,5,5,3,"Training resources on Azure and Gen AI are decent, hoping for more hands-on lab allocations.",0.012
173,69,2026-09-01,4,3,4,3,Energized by our client cloud modernization engagement and collaborative team culture.,0.887
174,59,2026-09-01,3,5,3,3,"Good team dynamic, though communication between onshore and offshore squads could be smoother.",0.237
175,34,2026-09-01,4,3,4,4,Energized by our client cloud modernization engagement and collaborative team culture.,0.72
176,67,2026-09-01,5,4,4,4,"Very fair compensation, excellent recognition from my engagement partner, and healthy work balance.",0.671
177,29,2026-09-01,4,4,4,5,"Very fair compensation, excellent recognition from my engagement partner, and healthy work balance.",0.492
178,9,2026-09-01,3,5,3,3,"Training resources on Azure and Gen AI are decent, hoping for more hands-on lab allocations.",0.093
179,15,2026-09-01,3,3,4,3,"Training resources on Azure and Gen AI are decent, hoping for more hands-on lab allocations.",0.17
180,70,2026-09-01,1,4,3,4,Disillusioned with unrealistic client deadlines and total absence of work-life boundaries.,-0.729
181,76,2026-09-01,4,4,5,5,The transition to modern data stack and AI tooling has been a huge boost to our delivery velocity.,0.727
182,43,2026-09-01,3,4,3,3,"Good team dynamic, though communication between onshore and offshore squads could be smoother.",0.201
183,57,2026-09-01,3,3,2,5,Severe burnout from sustained 60+ hour work weeks without staffing support on high-priority delivery.,-0.556
184,7,2026-09-01,3,4,4,3,"Training resources on Azure and Gen AI are decent, hoping for more hands-on lab allocations.",0.058
185,21,2026-09-01,4,3,5,3,Great autonomy on solution architecture. Enjoy mentoring junior analysts on agentic workflows.,0.625
186,77,2026-09-01,3,4,4,2,Compensation aligns with industry averages. Waiting to see outcome of mid-year review cycle.,0.018
187,50,2026-09-01,3,4,4,3,"Good team dynamic, though communication between onshore and offshore squads could be smoother.",-0.036
188,55,2026-09-01,2,4,5,3,Disillusioned with unrealistic client deadlines and total absence of work-life boundaries.,-0.625
189,2,2026-09-01,3,4,4,3,"Training resources on Azure and Gen AI are decent, hoping for more hands-on lab allocations.",0.002
190,48,2026-09-01,3,4,5,3,Compensation aligns with industry averages. Waiting to see outcome of mid-year review cycle.,0.005
191,54,2026-09-01,2,3,3,4,Frustrated by repeated delays in promotion cycle despite rating 5 performance in consecutive cycles.,-0.497
192,42,2026-09-01,3,5,4,4,"Good team dynamic, though communication between onshore and offshore squads could be smoother.",0.105
193,74,2026-09-01,3,3,4,3,Compensation aligns with industry averages. Waiting to see outcome of mid-year review cycle.,0.036
194,12,2026-09-01,3,4,3,2,Lack of psychological safety and micromanager style since recent leadership re-alignment.,-0.81
195,78,2026-09-01,4,3,3,4,"Good team dynamic, though communication between onshore and offshore squads could be smoother.",-0.097
196,78,2026-09-01,3,4,3,3,"Good team dynamic, though communication between onshore and offshore squads could be smoother.",0.222
197,67,2026-09-01,3,4,3,3,"Good team dynamic, though communication between onshore and offshore squads could be smoother.",-0.122
198,7,2026-09-01,4,4,4,3,Energized by our client cloud modernization engagement and collaborative team culture.,0.792
199,14,2026-09-01,4,5,3,5,Compensation aligns with industry averages. Waiting to see outcome of mid-year review cycle.,0.203
200,59,2026-09-01,5,4,4,5,Great autonomy on solution architecture. Enjoy mentoring junior analysts on agentic workflows.,0.777
201,12,2026-09-01,2,3,3,3,Disillusioned with unrealistic client deadlines and total absence of work-life boundaries.,-0.75
202,57,2026-09-01,4,3,4,3,Leadership provides tremendous career mentoring and clear promotion trajectory.,0.886
203,16,2026-09-01,3,3,3,4,Compensation aligns with industry averages. Waiting to see outcome of mid-year review cycle.,0.045
204,10,2026-09-01,3,4,3,3,Compensation aligns with industry averages. Waiting to see outcome of mid-year review cycle.,0.047
205,8,2026-09-01,4,4,4,4,The transition to modern data stack and AI tooling has been a huge boost to our delivery velocity.,0.828
206,79,2026-09-01,4,4,4,4,Great autonomy on solution architecture. Enjoy mentoring junior analysts on agentic workflows.,0.554
207,52,2026-09-01,3,3,3,3,"Good team dynamic, though communication between onshore and offshore squads could be smoother.",0.101
208,43,2026-09-01,4,5,4,4,"Very fair compensation, excellent recognition from my engagement partner, and healthy work balance.",0.768
209,31,2026-09-01,4,4,4,5,Great autonomy on solution architecture. Enjoy mentoring junior analysts on agentic workflows.,0.378
210,80,2026-09-01,4,4,3,3,"Training resources on Azure and Gen AI are decent, hoping for more hands-on lab allocations.",0.171
211,29,2026-09-01,5,4,3,4,Standard project pacing. Client expectations are rigorous but manageable with proper staffing.,0.017
212,20,2026-09-01,4,3,4,3,The transition to modern data stack and AI tooling has been a huge boost to our delivery velocity.,0.88
213,23,2026-09-01,3,3,4,3,Standard project pacing. Client expectations are rigorous but manageable with proper staffing.,0.237
214,78,2026-09-01,3,4,4,3,Compensation aligns with industry averages. Waiting to see outcome of mid-year review cycle.,0.192
215,43,2026-09-01,4,3,4,5,"Very fair compensation, excellent recognition from my engagement partner, and healthy work balance.",0.621
216,81,2026-09-01,2,4,5,3,Disillusioned with unrealistic client deadlines and total absence of work-life boundaries.,-0.791
217,29,2026-09-01,3,4,2,3,Severe burnout from sustained 60+ hour work weeks without staffing support on high-priority delivery.,-0.641
218,26,2026-09-01,3,4,3,3,"Good team dynamic, though communication between onshore and offshore squads could be smoother.",-0.088
219,4,2026-09-01,3,4,4,3,Compensation aligns with industry averages. Waiting to see outcome of mid-year review cycle.,-0.025
220,82,2026-09-01,4,4,4,3,Great autonomy on solution architecture. Enjoy mentoring junior analysts on agentic workflows.,0.867
221,78,2026-09-01,3,5,4,3,"Training resources on Azure and Gen AI are decent, hoping for more hands-on lab allocations.",-0.112
222,23,2026-09-01,4,4,4,4,"Very fair compensation, excellent recognition from my engagement partner, and healthy work balance.",0.594
223,76,2026-09-01,4,4,3,3,"Training resources on Azure and Gen AI are decent, hoping for more hands-on lab allocations.",0.141
224,5,2026-09-01,4,4,3,5,"Good team dynamic, though communication between onshore and offshore squads could be smoother.",0.049
225,14,2026-09-01,3,3,2,3,Disillusioned with unrealistic client deadlines and total absence of work-life boundaries.,-0.329
226,26,2026-09-01,4,4,3,3,"Good team dynamic, though communication between onshore and offshore squads could be smoother.",-0.04
227,38,2026-09-01,4,4,4,4,Leadership provides tremendous career mentoring and clear promotion trajectory.,0.396
228,71,2026-09-01,4,4,3,3,"Good team dynamic, though communication between onshore and offshore squads could be smoother.",-0.006
229,46,2026-09-01,3,4,3,3,"Good team dynamic, though communication between onshore and offshore squads could be smoother.",0.2
230,81,2026-09-01,4,4,4,4,The transition to modern data stack and AI tooling has been a huge boost to our delivery velocity.,0.607
231,21,2026-09-01,3,4,3,5,Standard project pacing. Client expectations are rigorous but manageable with proper staffing.,0.196
232,28,2026-09-01,3,5,4,3,"Good team dynamic, though communication between onshore and offshore squads could be smoother.",0.111
233,4,2026-09-01,4,4,4,3,The transition to modern data stack and AI tooling has been a huge boost to our delivery velocity.,0.365
234,34,2026-09-01,3,4,4,3,"Good team dynamic, though communication between onshore and offshore squads could be smoother.",-0.099
235,80,2026-09-01,2,3,3,3,Disillusioned with unrealistic client deadlines and total absence of work-life boundaries.,-0.585
236,66,2026-09-01,3,3,3,3,"Training resources on Azure and Gen AI are decent, hoping for more hands-on lab allocations.",-0.113
237,46,2026-09-01,3,4,3,2,"Good team dynamic, though communication between onshore and offshore squads could be smoother.",0.199
238,60,2026-09-01,4,4,4,3,Energized by our client cloud modernization engagement and collaborative team culture.,0.491
239,19,2026-09-01,3,5,4,3,"Training resources on Azure and Gen AI are decent, hoping for more hands-on lab allocations.",0.067
240,67,2026-09-01,2,5,4,3,Disillusioned with unrealistic client deadlines and total absence of work-life boundaries.,-0.631
241,11,2026-09-01,3,4,3,3,"Good team dynamic, though communication between onshore and offshore squads could be smoother.",-0.027
242,68,2026-09-01,3,3,3,3,"Training resources on Azure and Gen AI are decent, hoping for more hands-on lab allocations.",0.203
243,34,2026-09-01,4,3,4,5,The transition to modern data stack and AI tooling has been a huge boost to our delivery velocity.,0.827
244,21,2026-09-01,3,5,3,3,Compensation aligns with industry averages. Waiting to see outcome of mid-year review cycle.,0.087
245,76,2026-09-01,3,4,5,3,"Training resources on Azure and Gen AI are decent, hoping for more hands-on lab allocations.",-0.039
246,47,2026-09-01,3,3,4,4,"Good team dynamic, though communication between onshore and offshore squads could be smoother.",0.094
247,19,2026-09-01,4,4,3,5,"Training resources on Azure and Gen AI are decent, hoping for more hands-on lab allocations.",0.18
248,1,2026-09-01,4,4,4,4,The transition to modern data stack and AI tooling has been a huge boost to our delivery velocity.,0.81
249,26,2026-09-01,3,4,4,5,"Good team dynamic, though communication between onshore and offshore squads could be smoother.",0.201
250,3,2026-09-01,4,3,4,5,Energized by our client cloud modernization engagement and collaborative team culture.,0.383
251,62,2026-09-01,4,3,4,3,Energized by our client cloud modernization engagement and collaborative team culture.,0.88
252,74,2026-09-01,3,4,4,3,"Good team dynamic, though communication between onshore and offshore squads could be smoother.",0.182
253,58,2026-09-01,4,4,3,5,Frustrated by repeated delays in promotion cycle despite rating 5 performance in consecutive cycles.,-0.509
254,46,2026-09-01,3,5,3,4,Compensation aligns with industry averages. Waiting to see outcome of mid-year review cycle.,-0.085
255,40,2026-09-01,5,4,4,4,The transition to modern data stack and AI tooling has been a huge boost to our delivery velocity.,0.422
256,31,2026-09-01,3,3,4,3,"Training resources on Azure and Gen AI are decent, hoping for more hands-on lab allocations.",-0.126
257,30,2026-09-01,3,3,4,4,Standard project pacing. Client expectations are rigorous but manageable with proper staffing.,-0.048
258,30,2026-09-01,3,3,4,3,"Training resources on Azure and Gen AI are decent, hoping for more hands-on lab allocations.",-0.006
259,6,2026-09-01,3,3,4,3,"Training resources on Azure and Gen AI are decent, hoping for more hands-on lab allocations.",0.105
260,61,2026-09-01,3,4,3,4,"Training resources on Azure and Gen AI are decent, hoping for more hands-on lab allocations.",0.127
261,56,2026-09-01,4,3,3,3,Compensation aligns with industry averages. Waiting to see outcome of mid-year review cycle.,-0.071
262,35,2026-09-01,4,4,3,5,Compensation aligns with industry averages. Waiting to see outcome of mid-year review cycle.,0.068
263,83,2026-09-01,4,5,4,3,Great autonomy on solution architecture. Enjoy mentoring junior analysts on agentic workflows.,0.824
264,65,2026-09-01,3,4,3,4,Compensation aligns with industry averages. Waiting to see outcome of mid-year review cycle.,0.105
265,47,2026-09-01,4,5,5,3,The transition to modern data stack and AI tooling has been a huge boost to our delivery velocity.,0.806
266,57,2026-09-01,4,3,5,3,Great autonomy on solution architecture. Enjoy mentoring junior analysts on agentic workflows.,0.868
267,3,2026-09-01,3,4,4,2,Standard project pacing. Client expectations are rigorous but manageable with proper staffing.,0.031
268,84,2026-09-01,3,3,3,4,Compensation aligns with industry averages. Waiting to see outcome of mid-year review cycle.,0.188
269,9,2026-09-01,3,3,3,3,Lack of psychological safety and micromanager style since recent leadership re-alignment.,-0.543
270,71,2026-09-01,3,4,5,2,"Training resources on Azure and Gen AI are decent, hoping for more hands-on lab allocations.",0.12
271,9,2026-09-01,4,4,3,3,"Training resources on Azure and Gen AI are decent, hoping for more hands-on lab allocations.",-0.015
272,71,2026-09-01,3,4,3,3,"Training resources on Azure and Gen AI are decent, hoping for more hands-on lab allocations.",-0.031
273,49,2026-09-01,4,4,5,4,Leadership provides tremendous career mentoring and clear promotion trajectory.,0.616
274,10,2026-09-01,2,4,4,3,Severe burnout from sustained 60+ hour work weeks without staffing support on high-priority delivery.,-0.749
275,41,2026-09-01,3,4,3,3,Standard project pacing. Client expectations are rigorous but manageable with proper staffing.,-0.104
276,72,2026-09-01,4,3,4,3,"Very fair compensation, excellent recognition from my engagement partner, and healthy work balance.",0.7
277,33,2026-09-01,3,3,4,4,Standard project pacing. Client expectations are rigorous but manageable with proper staffing.,0.039
278,50,2026-09-01,3,2,3,3,"Training resources on Azure and Gen AI are decent, hoping for more hands-on lab allocations.",0.19
279,24,2026-09-01,4,4,5,3,Great autonomy on solution architecture. Enjoy mentoring junior analysts on agentic workflows.,0.854
280,2,2026-09-01,3,4,4,5,Standard project pacing. Client expectations are rigorous but manageable with proper staffing.,-0.013
281,54,2026-09-01,4,4,4,5,Leadership provides tremendous career mentoring and clear promotion trajectory.,0.758
282,69,2026-09-01,3,4,4,4,Compensation aligns with industry averages. Waiting to see outcome of mid-year review cycle.,-0.139
283,28,2026-09-01,5,4,4,4,Great autonomy on solution architecture. Enjoy mentoring junior analysts on agentic workflows.,0.362
284,55,2026-09-01,2,3,4,3,Frustrated by repeated delays in promotion cycle despite rating 5 performance in consecutive cycles.,-0.361
285,12,2026-09-01,3,5,4,3,Compensation aligns with industry averages. Waiting to see outcome of mid-year review cycle.,-0.071
286,15,2026-09-01,4,4,4,5,The transition to modern data stack and AI tooling has been a huge boost to our delivery velocity.,0.615
287,67,2026-09-01,4,3,4,4,"Very fair compensation, excellent recognition from my engagement partner, and healthy work balance.",0.641
288,66,2026-09-01,4,5,4,3,Great autonomy on solution architecture. Enjoy mentoring junior analysts on agentic workflows.,0.81
289,47,2026-09-01,3,4,4,3,"Training resources on Azure and Gen AI are decent, hoping for more hands-on lab allocations.",0.052
290,30,2026-09-01,3,4,4,3,"Good team dynamic, though communication between onshore and offshore squads could be smoother.",-0.11
291,3,2026-09-01,3,5,3,3,"Good team dynamic, though communication between onshore and offshore squads could be smoother.",0.094
292,34,2026-09-01,4,4,3,5,Standard project pacing. Client expectations are rigorous but manageable with proper staffing.,0.065
293,56,2026-09-01,4,4,4,3,Leadership provides tremendous career mentoring and clear promotion trajectory.,0.372
294,10,2026-09-01,3,4,3,3,Compensation aligns with industry averages. Waiting to see outcome of mid-year review cycle.,0.011
295,76,2026-09-01,3,4,4,3,Compensation aligns with industry averages. Waiting to see outcome of mid-year review cycle.,0.005
296,29,2026-09-01,4,3,3,5,Severe burnout from sustained 60+ hour work weeks without staffing support on high-priority delivery.,-0.494
297,68,2026-09-01,3,5,4,4,"Good team dynamic, though communication between onshore and offshore squads could be smoother.",0.018
298,31,2026-09-01,2,4,4,4,Lack of psychological safety and micromanager style since recent leadership re-alignment.,-0.287
299,47,2026-09-01,2,4,3,3,Compa-ratio is noticeably below market benchmark while billable utilization is consistently above 95%.,-0.267
300,12,2026-09-01,3,3,4,3,"Good team dynamic, though communication between onshore and offshore squads could be smoother.",0.245
301,84,2026-09-01,3,3,3,3,Frustrated by repeated delays in promotion cycle despite rating 5 performance in consecutive cycles.,-0.289
302,76,2026-09-01,4,4,4,5,"Very fair compensation, excellent recognition from my engagement partner, and healthy work balance.",0.879
303,11,2026-09-01,4,4,5,4,Leadership provides tremendous career mentoring and clear promotion trajectory.,0.391
304,18,2026-09-01,3,4,3,3,"Training resources on Azure and Gen AI are decent, hoping for more hands-on lab allocations.",0.143
305,57,2026-09-01,4,4,4,4,Great autonomy on solution architecture. Enjoy mentoring junior analysts on agentic workflows.,0.717
306,51,2026-09-01,3,1,3,3,Standard project pacing. Client expectations are rigorous but manageable with proper staffing.,0.237
307,65,2026-09-01,4,4,4,3,"Very fair compensation, excellent recognition from my engagement partner, and healthy work balance.",0.843
308,28,2026-09-01,4,5,4,3,Energized by our client cloud modernization engagement and collaborative team culture.,0.637
309,14,2026-09-01,4,4,3,5,"Good team dynamic, though communication between onshore and offshore squads could be smoother.",-0.102
310,13,2026-09-01,3,3,4,3,"Training resources on Azure and Gen AI are decent, hoping for more hands-on lab allocations.",0.232
311,67,2026-09-01,4,3,3,5,Standard project pacing. Client expectations are rigorous but manageable with proper staffing.,-0.08
312,38,2026-09-01,3,4,3,4,Lack of psychological safety and micromanager style since recent leadership re-alignment.,-0.509
313,42,2026-09-01,3,3,3,3,Compensation aligns with industry averages. Waiting to see outcome of mid-year review cycle.,-0.047
314,19,2026-09-01,4,3,4,5,"Very fair compensation, excellent recognition from my engagement partner, and healthy work balance.",0.794
315,54,2026-09-01,3,3,5,5,Compensation aligns with industry averages. Waiting to see outcome of mid-year review cycle.,0.214
316,44,2026-09-01,4,4,4,5,Great autonomy on solution architecture. Enjoy mentoring junior analysts on agentic workflows.,0.755
317,21,2026-09-01,4,3,5,3,"Very fair compensation, excellent recognition from my engagement partner, and healthy work balance.",0.89
318,19,2026-09-01,3,4,4,3,Compensation aligns with industry averages. Waiting to see outcome of mid-year review cycle.,0.242
319,10,2026-09-01,2,4,3,3,Lack of psychological safety and micromanager style since recent leadership re-alignment.,-0.357
320,77,2026-09-01,3,3,5,4,"Good team dynamic, though communication between onshore and offshore squads could be smoother.",0.083
321,20,2026-09-01,3,3,3,4,"Training resources on Azure and Gen AI are decent, hoping for more hands-on lab allocations.",-0.139
322,5,2026-09-01,3,3,4,3,Standard project pacing. Client expectations are rigorous but manageable with proper staffing.,0.091
323,73,2026-09-01,4,3,3,5,Compensation aligns with industry averages. Waiting to see outcome of mid-year review cycle.,-0.056
324,20,2026-09-01,3,5,4,3,Compensation aligns with industry averages. Waiting to see outcome of mid-year review cycle.,0.221
325,31,2026-09-01,4,4,4,4,Leadership provides tremendous career mentoring and clear promotion trajectory.,0.608
326,9,2026-09-01,4,3,3,4,Compensation aligns with industry averages. Waiting to see outcome of mid-year review cycle.,0.121
327,17,2026-09-01,4,3,3,5,Compensation aligns with industry averages. Waiting to see outcome of mid-year review cycle.,-0.097
328,34,2026-09-01,3,3,4,4,Standard project pacing. Client expectations are rigorous but manageable with proper staffing.,-0.123
329,31,2026-09-01,3,5,4,3,Compensation aligns with industry averages. Waiting to see outcome of mid-year review cycle.,-0.055
330,23,2026-09-01,5,4,3,5,"Good team dynamic, though communication between onshore and offshore squads could be smoother.",-0.122
331,1,2026-09-01,4,3,3,3,"Training resources on Azure and Gen AI are decent, hoping for more hands-on lab allocations.",-0.03
332,49,2026-09-01,3,3,3,4,"Training resources on Azure and Gen AI are decent, hoping for more hands-on lab allocations.",0.052
333,81,2026-09-01,3,5,3,3,Standard project pacing. Client expectations are rigorous but manageable with proper staffing.,0.027
334,69,2026-09-01,4,4,4,4,The transition to modern data stack and AI tooling has been a huge boost to our delivery velocity.,0.381
335,34,2026-09-01,4,3,3,4,"Good team dynamic, though communication between onshore and offshore squads could be smoother.",0.216
336,44,2026-09-01,3,4,4,3,Standard project pacing. Client expectations are rigorous but manageable with proper staffing.,0.192
337,43,2026-09-01,3,4,3,3,Severe burnout from sustained 60+ hour work weeks without staffing support on high-priority delivery.,-0.701
338,22,2026-09-01,3,3,4,3,Standard project pacing. Client expectations are rigorous but manageable with proper staffing.,0.249
339,51,2026-09-01,4,3,4,3,Leadership provides tremendous career mentoring and clear promotion trajectory.,0.775
340,33,2026-09-01,5,4,3,4,"Good team dynamic, though communication between onshore and offshore squads could be smoother.",0.065
341,78,2026-09-01,3,2,4,3,"Good team dynamic, though communication between onshore and offshore squads could be smoother.",0.109
342,78,2026-09-01,4,3,4,4,Great autonomy on solution architecture. Enjoy mentoring junior analysts on agentic workflows.,0.65
343,49,2026-09-01,3,4,3,3,Compensation aligns with industry averages. Waiting to see outcome of mid-year review cycle.,-0.022
344,66,2026-09-01,3,4,3,2,"Training resources on Azure and Gen AI are decent, hoping for more hands-on lab allocations.",0.084
345,64,2026-09-01,5,3,4,5,Great autonomy on solution architecture. Enjoy mentoring junior analysts on agentic workflows.,0.775
346,27,2026-09-01,3,3,4,3,"Good team dynamic, though communication between onshore and offshore squads could be smoother.",0.033
347,7,2026-09-01,3,4,3,4,"Training resources on Azure and Gen AI are decent, hoping for more hands-on lab allocations.",0.139
348,25,2026-09-01,4,4,3,5,Standard project pacing. Client expectations are rigorous but manageable with proper staffing.,0.246
349,11,2026-09-01,2,4,4,4,Lack of psychological safety and micromanager style since recent leadership re-alignment.,-0.783
350,13,2026-09-01,4,3,4,3,The transition to modern data stack and AI tooling has been a huge boost to our delivery velocity.,0.81
351,55,2026-09-01,4,3,3,4,"Training resources on Azure and Gen AI are decent, hoping for more hands-on lab allocations.",0.204
352,76,2026-09-01,3,4,4,4,"Training resources on Azure and Gen AI are decent, hoping for more hands-on lab allocations.",-0.045
353,51,2026-09-01,3,3,4,2,"Good team dynamic, though communication between onshore and offshore squads could be smoother.",-0.089
354,75,2026-09-01,4,3,4,4,The transition to modern data stack and AI tooling has been a huge boost to our delivery velocity.,0.438
355,59,2026-09-01,4,4,4,3,Great autonomy on solution architecture. Enjoy mentoring junior analysts on agentic workflows.,0.446
356,31,2026-09-01,3,4,4,4,"Good team dynamic, though communication between onshore and offshore squads could be smoother.",0.21
357,51,2026-09-01,3,3,4,4,Compensation aligns with industry averages. Waiting to see outcome of mid-year review cycle.,0.078
358,48,2026-09-01,4,3,4,3,The transition to modern data stack and AI tooling has been a huge boost to our delivery velocity.,0.737
359,29,2026-09-01,4,4,4,5,"Very fair compensation, excellent recognition from my engagement partner, and healthy work balance.",0.706
360,33,2026-09-01,4,3,3,4,"Good team dynamic, though communication between onshore and offshore squads could be smoother.",-0.1
361,68,2026-09-01,4,3,4,5,Leadership provides tremendous career mentoring and clear promotion trajectory.,0.663
362,18,2026-09-01,3,4,4,4,"Training resources on Azure and Gen AI are decent, hoping for more hands-on lab allocations.",-0.126
363,1,2026-09-01,3,4,4,3,Standard project pacing. Client expectations are rigorous but manageable with proper staffing.,0.143
364,39,2026-09-01,2,4,3,4,Compa-ratio is noticeably below market benchmark while billable utilization is consistently above 95%.,-0.321
365,43,2026-09-01,4,4,4,4,"Very fair compensation, excellent recognition from my engagement partner, and healthy work balance.",0.776
366,53,2026-09-01,4,3,4,4,"Very fair compensation, excellent recognition from my engagement partner, and healthy work balance.",0.776
367,4,2026-09-01,3,4,3,3,Compensation aligns with industry averages. Waiting to see outcome of mid-year review cycle.,-0.112
368,49,2026-09-01,4,4,4,4,"Very fair compensation, excellent recognition from my engagement partner, and healthy work balance.",0.389
369,22,2026-09-01,3,5,3,4,Frustrated by repeated delays in promotion cycle despite rating 5 performance in consecutive cycles.,-0.844
370,60,2026-09-01,3,3,4,3,Compensation aligns with industry averages. Waiting to see outcome of mid-year review cycle.,0.06
371,27,2026-09-01,3,2,4,3,Standard project pacing. Client expectations are rigorous but manageable with proper staffing.,0.188
372,71,2026-09-01,3,3,3,3,"Training resources on Azure and Gen AI are decent, hoping for more hands-on lab allocations.",-0.104
373,23,2026-09-01,3,3,3,5,"Training resources on Azure and Gen AI are decent, hoping for more hands-on lab allocations.",0.027
374,4,2026-09-01,3,4,4,3,"Good team dynamic, though communication between onshore and offshore squads could be smoother.",-0.014
375,20,2026-09-01,3,3,3,4,Lack of psychological safety and micromanager style since recent leadership re-alignment.,-0.568
376,68,2026-09-01,3,5,4,2,Standard project pacing. Client expectations are rigorous but manageable with proper staffing.,0.228
377,22,2026-09-01,3,4,3,2,Compensation aligns with industry averages. Waiting to see outcome of mid-year review cycle.,0.14
378,6,2026-09-01,4,4,4,3,Leadership provides tremendous career mentoring and clear promotion trajectory.,0.685
379,77,2026-09-01,4,4,4,3,Energized by our client cloud modernization engagement and collaborative team culture.,0.58
380,46,2026-09-01,4,3,4,3,Energized by our client cloud modernization engagement and collaborative team culture.,0.794
381,67,2026-09-01,3,3,4,4,"Training resources on Azure and Gen AI are decent, hoping for more hands-on lab allocations.",-0.031
382,21,2026-09-01,2,4,4,4,Frustrated by repeated delays in promotion cycle despite rating 5 performance in consecutive cycles.,-0.668
383,73,2026-09-01,3,5,3,3,"Training resources on Azure and Gen AI are decent, hoping for more hands-on lab allocations.",0.205
384,77,2026-09-01,5,4,4,4,Energized by our client cloud modernization engagement and collaborative team culture.,0.869
385,6,2026-09-01,4,5,4,3,Great autonomy on solution architecture. Enjoy mentoring junior analysts on agentic workflows.,0.446
386,9,2026-09-01,5,3,5,4,"Very fair compensation, excellent recognition from my engagement partner, and healthy work balance.",0.508
387,16,2026-09-01,2,5,5,3,Compa-ratio is noticeably below market benchmark while billable utilization is consistently above 95%.,-0.325
388,29,2026-09-01,3,4,4,2,Standard project pacing. Client expectations are rigorous but manageable with proper staffing.,0.023
389,53,2026-09-01,3,3,3,4,Compensation aligns with industry averages. Waiting to see outcome of mid-year review cycle.,0.174
390,2,2026-09-01,3,3,4,3,"Good team dynamic, though communication between onshore and offshore squads could be smoother.",0.098
391,24,2026-09-01,4,4,4,3,Leadership provides tremendous career mentoring and clear promotion trajectory.,0.755
392,25,2026-09-01,3,3,4,3,"Training resources on Azure and Gen AI are decent, hoping for more hands-on lab allocations.",0.098
393,48,2026-09-01,4,4,3,4,"Training resources on Azure and Gen AI are decent, hoping for more hands-on lab allocations.",0.041
394,30,2026-09-01,3,4,4,3,Compensation aligns with industry averages. Waiting to see outcome of mid-year review cycle.,-0.122
395,46,2026-09-01,3,3,4,3,"Training resources on Azure and Gen AI are decent, hoping for more hands-on lab allocations.",0.011
396,61,2026-09-01,4,4,5,4,Energized by our client cloud modernization engagement and collaborative team culture.,0.646
397,55,2026-09-01,3,3,4,3,"Good team dynamic, though communication between onshore and offshore squads could be smoother.",0.01
398,21,2026-09-01,3,4,5,4,Standard project pacing. Client expectations are rigorous but manageable with proper staffing.,-0.134
399,68,2026-09-01,4,3,4,3,Energized by our client cloud modernization engagement and collaborative team culture.,0.843
400,81,2026-09-01,4,5,3,4,Standard project pacing. Client expectations are rigorous but manageable with proper staffing.,-0.142
401,54,2026-09-01,5,3,4,5,Leadership provides tremendous career mentoring and clear promotion trajectory.,0.7
402,67,2026-09-01,3,3,4,4,Compensation aligns with industry averages. Waiting to see outcome of mid-year review cycle.,0.222
403,11,2026-09-01,3,4,3,4,"Good team dynamic, though communication between onshore and offshore squads could be smoother.",-0.088
404,29,2026-09-01,2,4,3,4,Compa-ratio is noticeably below market benchmark while billable utilization is consistently above 95%.,-0.68
405,1,2026-09-01,4,4,3,4,"Training resources on Azure and Gen AI are decent, hoping for more hands-on lab allocations.",0.016
406,78,2026-09-01,2,4,3,4,Disillusioned with unrealistic client deadlines and total absence of work-life boundaries.,-0.561
407,53,2026-09-01,4,4,4,4,"Very fair compensation, excellent recognition from my engagement partner, and healthy work balance.",0.664
408,56,2026-09-01,3,2,5,4,"Good team dynamic, though communication between onshore and offshore squads could be smoother.",-0.024
409,29,2026-09-01,4,5,4,4,"Very fair compensation, excellent recognition from my engagement partner, and healthy work balance.",0.403
410,11,2026-09-01,5,5,3,5,"Training resources on Azure and Gen AI are decent, hoping for more hands-on lab allocations.",0.074
411,37,2026-09-01,3,5,3,4,Compensation aligns with industry averages. Waiting to see outcome of mid-year review cycle.,0.018
412,75,2026-09-01,3,4,4,4,Compensation aligns with industry averages. Waiting to see outcome of mid-year review cycle.,-0.146
413,37,2026-09-01,3,4,3,3,"Training resources on Azure and Gen AI are decent, hoping for more hands-on lab allocations.",0.195
414,18,2026-09-01,3,4,2,3,Severe burnout from sustained 60+ hour work weeks without staffing support on high-priority delivery.,-0.85
415,67,2026-09-01,4,4,4,4,"Very fair compensation, excellent recognition from my engagement partner, and healthy work balance.",0.683
416,18,2026-09-01,4,3,4,3,The transition to modern data stack and AI tooling has been a huge boost to our delivery velocity.,0.673
417,29,2026-09-01,4,3,4,2,Great autonomy on solution architecture. Enjoy mentoring junior analysts on agentic workflows.,0.387
418,16,2026-09-01,4,3,5,3,"Very fair compensation, excellent recognition from my engagement partner, and healthy work balance.",0.667
419,31,2026-09-01,3,4,4,3,"Training resources on Azure and Gen AI are decent, hoping for more hands-on lab allocations.",0.049
420,2,2026-09-01,3,4,5,4,Compensation aligns with industry averages. Waiting to see outcome of mid-year review cycle.,-0.11
421,9,2026-09-01,4,4,3,2,Standard project pacing. Client expectations are rigorous but manageable with proper staffing.,0.11
422,32,2026-09-01,4,3,3,3,Compensation aligns with industry averages. Waiting to see outcome of mid-year review cycle.,0.118
423,47,2026-09-01,3,3,4,4,Compensation aligns with industry averages. Waiting to see outcome of mid-year review cycle.,-0.075
424,35,2026-09-01,4,4,4,3,Energized by our client cloud modernization engagement and collaborative team culture.,0.42
425,65,2026-09-01,2,3,4,3,Compa-ratio is noticeably below market benchmark while billable utilization is consistently above 95%.,-0.676
426,28,2026-09-01,3,4,3,5,"Training resources on Azure and Gen AI are decent, hoping for more hands-on lab allocations.",0.192
427,26,2026-09-01,4,2,4,4,"Very fair compensation, excellent recognition from my engagement partner, and healthy work balance.",0.663
428,83,2026-09-01,3,4,4,4,"Training resources on Azure and Gen AI are decent, hoping for more hands-on lab allocations.",0.075
429,56,2026-09-01,4,5,4,4,Great autonomy on solution architecture. Enjoy mentoring junior analysts on agentic workflows.,0.672
430,41,2026-09-01,4,4,4,5,Leadership provides tremendous career mentoring and clear promotion trajectory.,0.762
431,14,2026-09-01,3,5,3,4,"Training resources on Azure and Gen AI are decent, hoping for more hands-on lab allocations.",0.174
432,55,2026-09-01,3,4,3,4,Disillusioned with unrealistic client deadlines and total absence of work-life boundaries.,-0.716
433,11,2026-09-01,3,4,2,3,Compa-ratio is noticeably below market benchmark while billable utilization is consistently above 95%.,-0.415
434,61,2026-09-01,3,3,3,3,Compensation aligns with industry averages. Waiting to see outcome of mid-year review cycle.,0.029
435,47,2026-09-01,3,4,4,3,"Training resources on Azure and Gen AI are decent, hoping for more hands-on lab allocations.",-0.134
436,77,2026-09-01,3,5,2,2,Severe burnout from sustained 60+ hour work weeks without staffing support on high-priority delivery.,-0.807
437,28,2026-09-01,3,4,3,3,Compensation aligns with industry averages. Waiting to see outcome of mid-year review cycle.,0.141
438,83,2026-09-01,3,3,3,4,Compa-ratio is noticeably below market benchmark while billable utilization is consistently above 95%.,-0.794
439,11,2026-09-01,4,4,5,3,"Very fair compensation, excellent recognition from my engagement partner, and healthy work balance.",0.741
440,38,2026-09-01,3,4,3,3,"Good team dynamic, though communication between onshore and offshore squads could be smoother.",0.232
441,48,2026-09-01,4,3,3,3,Compensation aligns with industry averages. Waiting to see outcome of mid-year review cycle.,0.234
442,81,2026-09-01,2,4,4,3,Severe burnout from sustained 60+ hour work weeks without staffing support on high-priority delivery.,-0.668
443,33,2026-09-01,4,4,4,3,Leadership provides tremendous career mentoring and clear promotion trajectory.,0.812
444,18,2026-09-01,3,3,2,3,Disillusioned with unrealistic client deadlines and total absence of work-life boundaries.,-0.295
445,41,2026-09-01,3,3,3,4,"Good team dynamic, though communication between onshore and offshore squads could be smoother.",0.118
446,14,2026-09-01,2,4,3,4,Severe burnout from sustained 60+ hour work weeks without staffing support on high-priority delivery.,-0.637
447,74,2026-09-01,3,4,4,4,"Training resources on Azure and Gen AI are decent, hoping for more hands-on lab allocations.",0.014
448,25,2026-09-01,4,3,5,2,Great autonomy on solution architecture. Enjoy mentoring junior analysts on agentic workflows.,0.582
449,39,2026-09-01,3,5,2,3,Disillusioned with unrealistic client deadlines and total absence of work-life boundaries.,-0.841
450,26,2026-09-01,4,5,4,3,"Very fair compensation, excellent recognition from my engagement partner, and healthy work balance.",0.501
451,40,2026-09-01,5,4,4,4,"Very fair compensation, excellent recognition from my engagement partner, and healthy work balance.",0.577
452,35,2026-09-01,3,4,4,3,Compensation aligns with industry averages. Waiting to see outcome of mid-year review cycle.,0.101
453,32,2026-09-01,5,4,4,5,Energized by our client cloud modernization engagement and collaborative team culture.,0.54
454,9,2026-09-01,3,5,3,4,"Training resources on Azure and Gen AI are decent, hoping for more hands-on lab allocations.",-0.138
455,3,2026-09-01,3,4,4,4,"Good team dynamic, though communication between onshore and offshore squads could be smoother.",0.029
456,55,2026-09-01,3,3,4,2,"Good team dynamic, though communication between onshore and offshore squads could be smoother.",0.213
457,73,2026-09-01,4,3,3,3,Standard project pacing. Client expectations are rigorous but manageable with proper staffing.,-0.03
458,8,2026-09-01,3,3,4,4,"Good team dynamic, though communication between onshore and offshore squads could be smoother.",0.107
459,79,2026-09-01,4,3,4,4,Great autonomy on solution architecture. Enjoy mentoring junior analysts on agentic workflows.,0.741
460,69,2026-09-01,3,4,4,2,Compensation aligns with industry averages. Waiting to see outcome of mid-year review cycle.,0.078
461,34,2026-09-01,3,4,4,3,"Training resources on Azure and Gen AI are decent, hoping for more hands-on lab allocations.",0.114
462,73,2026-09-01,3,4,3,5,Severe burnout from sustained 60+ hour work weeks without staffing support on high-priority delivery.,-0.277
463,31,2026-09-01,4,4,4,4,"Very fair compensation, excellent recognition from my engagement partner, and healthy work balance.",0.641
464,22,2026-09-01,5,4,5,4,"Very fair compensation, excellent recognition from my engagement partner, and healthy work balance.",0.423
465,5,2026-09-01,4,4,4,2,"Very fair compensation, excellent recognition from my engagement partner, and healthy work balance.",0.803
466,57,2026-09-01,4,3,3,4,"Good team dynamic, though communication between onshore and offshore squads could be smoother.",0.124
467,57,2026-09-01,3,2,3,3,"Good team dynamic, though communication between onshore and offshore squads could be smoother.",-0.016
468,65,2026-09-01,3,4,5,3,"Training resources on Azure and Gen AI are decent, hoping for more hands-on lab allocations.",0.037
469,66,2026-09-01,2,3,4,3,Frustrated by repeated delays in promotion cycle despite rating 5 performance in consecutive cycles.,-0.496
470,56,2026-09-01,3,4,4,5,"Good team dynamic, though communication between onshore and offshore squads could be smoother.",0.124
471,3,2026-09-01,3,4,4,3,Standard project pacing. Client expectations are rigorous but manageable with proper staffing.,-0.141
472,48,2026-09-01,4,3,3,3,Compensation aligns with industry averages. Waiting to see outcome of mid-year review cycle.,-0.06
473,68,2026-09-01,4,5,3,5,Standard project pacing. Client expectations are rigorous but manageable with proper staffing.,-0.139
474,30,2026-09-01,4,5,4,3,"Very fair compensation, excellent recognition from my engagement partner, and healthy work balance.",0.87
475,54,2026-09-01,4,3,4,4,Great autonomy on solution architecture. Enjoy mentoring junior analysts on agentic workflows.,0.868
476,35,2026-09-01,3,2,4,3,"Good team dynamic, though communication between onshore and offshore squads could be smoother.",-0.023
477,72,2026-09-01,4,3,4,3,"Very fair compensation, excellent recognition from my engagement partner, and healthy work balance.",0.759
478,65,2026-09-01,4,4,5,2,Energized by our client cloud modernization engagement and collaborative team culture.,0.876
479,29,2026-09-01,4,4,3,2,"Training resources on Azure and Gen AI are decent, hoping for more hands-on lab allocations.",0.002
480,76,2026-09-01,3,3,5,4,Compensation aligns with industry averages. Waiting to see outcome of mid-year review cycle.,0.163
481,25,2026-09-01,3,2,4,3,"Training resources on Azure and Gen AI are decent, hoping for more hands-on lab allocations.",0.126
482,82,2026-09-01,4,5,3,5,Compensation aligns with industry averages. Waiting to see outcome of mid-year review cycle.,0.154
483,64,2026-09-01,3,4,4,3,Standard project pacing. Client expectations are rigorous but manageable with proper staffing.,0.11
484,35,2026-09-01,3,4,3,3,"Good team dynamic, though communication between onshore and offshore squads could be smoother.",0.225
485,58,2026-09-01,4,4,4,3,Energized by our client cloud modernization engagement and collaborative team culture.,0.883
486,17,2026-09-01,4,5,3,3,"Training resources on Azure and Gen AI are decent, hoping for more hands-on lab allocations.",0.062
487,30,2026-09-01,3,5,4,4,Compensation aligns with industry averages. Waiting to see outcome of mid-year review cycle.,0.172
488,1,2026-09-01,3,5,3,3,Compensation aligns with industry averages. Waiting to see outcome of mid-year review cycle.,0.181
489,22,2026-09-01,4,4,3,4,Standard project pacing. Client expectations are rigorous but manageable with proper staffing.,-0.122
490,37,2026-09-01,4,5,4,3,Great autonomy on solution architecture. Enjoy mentoring junior analysts on agentic workflows.,0.355
491,17,2026-09-01,4,3,3,3,"Training resources on Azure and Gen AI are decent, hoping for more hands-on lab allocations.",0.045
492,2,2026-09-01,4,4,3,5,Standard project pacing. Client expectations are rigorous but manageable with proper staffing.,0.17
493,72,2026-09-01,3,4,4,5,"Training resources on Azure and Gen AI are decent, hoping for more hands-on lab allocations.",0.02
494,34,2026-09-01,3,3,3,2,"Good team dynamic, though communication between onshore and offshore squads could be smoother.",0.209
495,55,2026-09-01,3,4,4,3,"Good team dynamic, though communication between onshore and offshore squads could be smoother.",0.063
496,10,2026-09-01,3,4,4,3,Compensation aligns with industry averages. Waiting to see outcome of mid-year review cycle.,0.215
497,79,2026-09-01,4,4,4,4,Energized by our client cloud modernization engagement and collaborative team culture.,0.585
498,2,2026-09-01,4,3,4,4,Great autonomy on solution architecture. Enjoy mentoring junior analysts on agentic workflows.,0.712
499,51,2026-09-01,3,4,4,3,"Good team dynamic, though communication between onshore and offshore squads could be smoother.",-0.138
500,69,2026-09-01,3,3,3,2,Standard project pacing. Client expectations are rigorous but manageable with proper staffing.,-0.142
501,27,2026-09-01,4,4,2,4,Frustrated by repeated delays in promotion cycle despite rating 5 performance in consecutive cycles.,-0.764
502,56,2026-09-01,4,3,3,3,Standard project pacing. Client expectations are rigorous but manageable with proper staffing.,0.053
503,74,2026-09-01,3,5,2,4,Severe burnout from sustained 60+ hour work weeks without staffing support on high-priority delivery.,-0.642
504,65,2026-09-01,4,5,3,5,"Good team dynamic, though communication between onshore and offshore squads could be smoother.",0.083
505,18,2026-09-01,4,4,4,5,The transition to modern data stack and AI tooling has been a huge boost to our delivery velocity.,0.591
506,62,2026-09-01,4,4,4,4,The transition to modern data stack and AI tooling has been a huge boost to our delivery velocity.,0.808
507,52,2026-09-01,5,3,3,4,Compensation aligns with industry averages. Waiting to see outcome of mid-year review cycle.,-0.076
508,23,2026-09-01,4,4,4,5,"Very fair compensation, excellent recognition from my engagement partner, and healthy work balance.",0.695
509,6,2026-09-01,4,4,4,3,"Very fair compensation, excellent recognition from my engagement partner, and healthy work balance.",0.709
510,73,2026-09-01,4,3,4,4,The transition to modern data stack and AI tooling has been a huge boost to our delivery velocity.,0.522
511,10,2026-09-01,3,4,4,5,"Good team dynamic, though communication between onshore and offshore squads could be smoother.",-0.139
512,29,2026-09-01,5,2,4,5,Leadership provides tremendous career mentoring and clear promotion trajectory.,0.394
513,59,2026-09-01,3,4,4,4,"Good team dynamic, though communication between onshore and offshore squads could be smoother.",0.033
514,82,2026-09-01,3,5,4,3,Standard project pacing. Client expectations are rigorous but manageable with proper staffing.,-0.014
515,79,2026-09-01,4,5,5,3,The transition to modern data stack and AI tooling has been a huge boost to our delivery velocity.,0.787
516,54,2026-09-01,3,4,3,3,Severe burnout from sustained 60+ hour work weeks without staffing support on high-priority delivery.,-0.342
517,78,2026-09-01,3,3,4,3,"Good team dynamic, though communication between onshore and offshore squads could be smoother.",0.227
518,7,2026-09-01,3,3,4,3,"Training resources on Azure and Gen AI are decent, hoping for more hands-on lab allocations.",0.184
519,68,2026-09-01,3,4,4,3,Standard project pacing. Client expectations are rigorous but manageable with proper staffing.,0.023
520,19,2026-09-01,4,4,4,3,Great autonomy on solution architecture. Enjoy mentoring junior analysts on agentic workflows.,0.496
521,83,2026-09-01,3,4,5,4,Compensation aligns with industry averages. Waiting to see outcome of mid-year review cycle.,0.235
522,30,2026-09-01,3,4,3,3,"Good team dynamic, though communication between onshore and offshore squads could be smoother.",-0.082
523,41,2026-09-01,3,3,3,3,"Good team dynamic, though communication between onshore and offshore squads could be smoother.",0.223
524,73,2026-09-01,4,5,5,4,Great autonomy on solution architecture. Enjoy mentoring junior analysts on agentic workflows.,0.864
525,27,2026-09-01,4,4,4,4,Leadership provides tremendous career mentoring and clear promotion trajectory.,0.878
526,38,2026-09-01,3,5,3,3,"Good team dynamic, though communication between onshore and offshore squads could be smoother.",-0.148
527,22,2026-09-01,3,5,4,3,Compensation aligns with industry averages. Waiting to see outcome of mid-year review cycle.,0.04
528,6,2026-09-01,3,4,3,2,"Good team dynamic, though communication between onshore and offshore squads could be smoother.",-0.074
529,62,2026-09-01,4,3,3,3,"Training resources on Azure and Gen AI are decent, hoping for more hands-on lab allocations.",0.125
530,43,2026-09-01,4,5,3,3,Standard project pacing. Client expectations are rigorous but manageable with proper staffing.,0.176
531,51,2026-09-01,3,3,3,3,Frustrated by repeated delays in promotion cycle despite rating 5 performance in consecutive cycles.,-0.834
532,24,2026-09-01,3,3,2,4,Lack of psychological safety and micromanager style since recent leadership re-alignment.,-0.461
533,33,2026-09-01,3,3,4,3,"Training resources on Azure and Gen AI are decent, hoping for more hands-on lab allocations.",0.103
534,81,2026-09-01,2,2,2,5,Severe burnout from sustained 60+ hour work weeks without staffing support on high-priority delivery.,-0.357
535,73,2026-09-01,3,3,3,4,"Good team dynamic, though communication between onshore and offshore squads could be smoother.",0.103
536,50,2026-09-01,4,5,3,3,Standard project pacing. Client expectations are rigorous but manageable with proper staffing.,0.215
537,40,2026-09-01,4,3,3,3,Compensation aligns with industry averages. Waiting to see outcome of mid-year review cycle.,-0.083
538,30,2026-09-01,4,4,5,3,Energized by our client cloud modernization engagement and collaborative team culture.,0.354
539,22,2026-09-01,4,4,5,3,The transition to modern data stack and AI tooling has been a huge boost to our delivery velocity.,0.601
540,71,2026-09-01,4,4,4,5,The transition to modern data stack and AI tooling has been a huge boost to our delivery velocity.,0.895
541,82,2026-09-01,4,4,4,4,Great autonomy on solution architecture. Enjoy mentoring junior analysts on agentic workflows.,0.408
542,61,2026-09-01,3,4,4,3,"Good team dynamic, though communication between onshore and offshore squads could be smoother.",0.23
543,24,2026-09-01,3,4,4,4,"Training resources on Azure and Gen AI are decent, hoping for more hands-on lab allocations.",0.008
544,82,2026-09-01,4,3,4,4,Leadership provides tremendous career mentoring and clear promotion trajectory.,0.592
545,61,2026-09-01,3,4,4,4,"Training resources on Azure and Gen AI are decent, hoping for more hands-on lab allocations.",0.108
546,63,2026-09-01,3,3,4,3,Compensation aligns with industry averages. Waiting to see outcome of mid-year review cycle.,0.199
547,30,2026-09-01,3,4,4,3,Compensation aligns with industry averages. Waiting to see outcome of mid-year review cycle.,0.054
548,54,2026-09-01,3,5,4,3,"Good team dynamic, though communication between onshore and offshore squads could be smoother.",-0.141
549,76,2026-09-01,4,3,3,4,"Training resources on Azure and Gen AI are decent, hoping for more hands-on lab allocations.",0.006
550,58,2026-09-01,4,5,4,3,Energized by our client cloud modernization engagement and collaborative team culture.,0.785
551,37,2026-09-01,4,4,4,4,Energized by our client cloud modernization engagement and collaborative team culture.,0.659
552,28,2026-09-01,4,4,3,5,Standard project pacing. Client expectations are rigorous but manageable with proper staffing.,0.124
553,65,2026-09-01,3,3,3,3,Compensation aligns with industry averages. Waiting to see outcome of mid-year review cycle.,0.114
554,3,2026-09-01,4,4,4,4,Leadership provides tremendous career mentoring and clear promotion trajectory.,0.427
555,41,2026-09-01,3,4,5,3,Compensation aligns with industry averages. Waiting to see outcome of mid-year review cycle.,0.236
556,29,2026-09-01,1,4,3,4,Severe burnout from sustained 60+ hour work weeks without staffing support on high-priority delivery.,-0.641
557,62,2026-09-01,3,4,4,4,"Good team dynamic, though communication between onshore and offshore squads could be smoother.",0.143
558,46,2026-09-01,3,5,4,2,Compensation aligns with industry averages. Waiting to see outcome of mid-year review cycle.,-0.004
559,48,2026-09-01,4,5,4,3,The transition to modern data stack and AI tooling has been a huge boost to our delivery velocity.,0.828
560,54,2026-09-01,3,4,3,3,Severe burnout from sustained 60+ hour work weeks without staffing support on high-priority delivery.,-0.831
561,26,2026-09-01,5,5,4,5,The transition to modern data stack and AI tooling has been a huge boost to our delivery velocity.,0.714
562,67,2026-09-01,4,4,4,4,The transition to modern data stack and AI tooling has been a huge boost to our delivery velocity.,0.354
563,66,2026-09-01,3,3,3,3,Frustrated by repeated delays in promotion cycle despite rating 5 performance in consecutive cycles.,-0.304
564,30,2026-09-01,3,4,4,3,"Good team dynamic, though communication between onshore and offshore squads could be smoother.",-0.063
565,47,2026-09-01,4,4,4,5,"Very fair compensation, excellent recognition from my engagement partner, and healthy work balance.",0.373
566,16,2026-09-01,3,3,4,3,"Good team dynamic, though communication between onshore and offshore squads could be smoother.",-0.044
567,18,2026-09-01,3,4,4,3,"Training resources on Azure and Gen AI are decent, hoping for more hands-on lab allocations.",0.121
568,50,2026-09-01,4,4,3,4,"Good team dynamic, though communication between onshore and offshore squads could be smoother.",-0.023
569,75,2026-09-01,3,4,5,3,"Training resources on Azure and Gen AI are decent, hoping for more hands-on lab allocations.",0.038
570,56,2026-09-01,4,5,4,4,Leadership provides tremendous career mentoring and clear promotion trajectory.,0.809
571,16,2026-09-01,4,4,4,5,Energized by our client cloud modernization engagement and collaborative team culture.,0.619
572,37,2026-09-01,3,4,2,5,Lack of psychological safety and micromanager style since recent leadership re-alignment.,-0.643
573,47,2026-09-01,3,4,4,4,"Good team dynamic, though communication between onshore and offshore squads could be smoother.",0.036
574,8,2026-09-01,2,5,3,4,Disillusioned with unrealistic client deadlines and total absence of work-life boundaries.,-0.548
575,38,2026-09-01,2,4,3,4,Disillusioned with unrealistic client deadlines and total absence of work-life boundaries.,-0.84
576,26,2026-09-01,3,4,3,5,Standard project pacing. Client expectations are rigorous but manageable with proper staffing.,0.243
577,15,2026-09-01,4,5,3,4,"Training resources on Azure and Gen AI are decent, hoping for more hands-on lab allocations.",0.216
578,34,2026-09-01,3,4,4,4,Compensation aligns with industry averages. Waiting to see outcome of mid-year review cycle.,-0.144
579,5,2026-09-01,4,4,4,3,Great autonomy on solution architecture. Enjoy mentoring junior analysts on agentic workflows.,0.622
580,65,2026-09-01,4,2,4,3,Leadership provides tremendous career mentoring and clear promotion trajectory.,0.831
581,50,2026-09-01,4,3,3,2,Standard project pacing. Client expectations are rigorous but manageable with proper staffing.,0.106
582,39,2026-09-01,4,4,3,4,Compensation aligns with industry averages. Waiting to see outcome of mid-year review cycle.,-0.065
583,80,2026-09-01,3,3,2,5,Compa-ratio is noticeably below market benchmark while billable utilization is consistently above 95%.,-0.68
584,9,2026-09-01,3,4,3,3,Frustrated by repeated delays in promotion cycle despite rating 5 performance in consecutive cycles.,-0.599
585,36,2026-09-01,3,3,4,3,"Good team dynamic, though communication between onshore and offshore squads could be smoother.",0.051
586,33,2026-09-01,3,4,3,4,Disillusioned with unrealistic client deadlines and total absence of work-life boundaries.,-0.825
587,15,2026-09-01,2,3,2,3,Frustrated by repeated delays in promotion cycle despite rating 5 performance in consecutive cycles.,-0.66
588,41,2026-09-01,4,3,5,5,The transition to modern data stack and AI tooling has been a huge boost to our delivery velocity.,0.85
589,66,2026-09-01,2,4,4,2,Severe burnout from sustained 60+ hour work weeks without staffing support on high-priority delivery.,-0.638
590,10,2026-09-01,3,4,4,5,"Training resources on Azure and Gen AI are decent, hoping for more hands-on lab allocations.",0.045
591,79,2026-09-01,4,5,3,4,Standard project pacing. Client expectations are rigorous but manageable with proper staffing.,-0.004
592,61,2026-09-01,4,3,4,5,Leadership provides tremendous career mentoring and clear promotion trajectory.,0.422
593,36,2026-09-01,3,4,4,3,"Training resources on Azure and Gen AI are decent, hoping for more hands-on lab allocations.",0.008
594,28,2026-09-01,3,5,4,2,Standard project pacing. Client expectations are rigorous but manageable with proper staffing.,-0.075
595,44,2026-09-01,4,3,4,3,Leadership provides tremendous career mentoring and clear promotion trajectory.,0.803
596,53,2026-09-01,4,4,3,4,Compensation aligns with industry averages. Waiting to see outcome of mid-year review cycle.,0.06
597,27,2026-09-01,3,3,4,3,Compensation aligns with industry averages. Waiting to see outcome of mid-year review cycle.,-0.13
598,60,2026-09-01,4,5,4,5,"Very fair compensation, excellent recognition from my engagement partner, and healthy work balance.",0.517
599,45,2026-09-01,2,3,5,4,Lack of psychological safety and micromanager style since recent leadership re-alignment.,-0.777
600,59,2026-09-01,2,4,2,4,Severe burnout from sustained 60+ hour work weeks without staffing support on high-priority delivery.,-0.807
601,66,2026-09-01,4,4,5,3,Great autonomy on solution architecture. Enjoy mentoring junior analysts on agentic workflows.,0.575
602,55,2026-09-01,4,3,3,4,"Good team dynamic, though communication between onshore and offshore squads could be smoother.",0.249
603,79,2026-09-01,3,4,4,3,Compensation aligns with industry averages. Waiting to see outcome of mid-year review cycle.,0.039
604,70,2026-09-01,3,4,3,3,"Training resources on Azure and Gen AI are decent, hoping for more hands-on lab allocations.",0.076
605,37,2026-09-01,3,4,4,2,"Training resources on Azure and Gen AI are decent, hoping for more hands-on lab allocations.",0.222
606,59,2026-09-01,5,4,5,5,The transition to modern data stack and AI tooling has been a huge boost to our delivery velocity.,0.553
607,3,2026-09-01,4,3,5,4,The transition to modern data stack and AI tooling has been a huge boost to our delivery velocity.,0.891
608,75,2026-09-01,4,5,4,3,Energized by our client cloud modernization engagement and collaborative team culture.,0.582
609,39,2026-09-01,4,4,4,3,Leadership provides tremendous career mentoring and clear promotion trajectory.,0.612
610,31,2026-09-01,4,4,4,5,The transition to modern data stack and AI tooling has been a huge boost to our delivery velocity.,0.389
611,72,2026-09-01,3,4,3,3,Compensation aligns with industry averages. Waiting to see outcome of mid-year review cycle.,-0.009
612,40,2026-09-01,3,2,3,4,"Training resources on Azure and Gen AI are decent, hoping for more hands-on lab allocations.",0.191
613,73,2026-09-01,3,4,4,3,"Training resources on Azure and Gen AI are decent, hoping for more hands-on lab allocations.",0.056
614,44,2026-09-01,3,4,4,3,"Training resources on Azure and Gen AI are decent, hoping for more hands-on lab allocations.",0.102
615,55,2026-09-01,3,4,3,3,"Training resources on Azure and Gen AI are decent, hoping for more hands-on lab allocations.",0.217
616,10,2026-09-01,3,5,3,3,Compa-ratio is noticeably below market benchmark while billable utilization is consistently above 95%.,-0.81
617,80,2026-09-01,4,3,4,4,"Very fair compensation, excellent recognition from my engagement partner, and healthy work balance.",0.461
618,49,2026-09-01,3,3,3,4,Standard project pacing. Client expectations are rigorous but manageable with proper staffing.,0.159
619,83,2026-09-01,3,3,4,4,"Training resources on Azure and Gen AI are decent, hoping for more hands-on lab allocations.",0.073
620,20,2026-09-01,3,4,4,4,"Training resources on Azure and Gen AI are decent, hoping for more hands-on lab allocations.",0.141
621,64,2026-09-01,3,5,4,5,"Training resources on Azure and Gen AI are decent, hoping for more hands-on lab allocations.",-0.128
622,72,2026-09-01,4,5,4,3,The transition to modern data stack and AI tooling has been a huge boost to our delivery velocity.,0.622
623,36,2026-09-01,3,5,5,3,"Good team dynamic, though communication between onshore and offshore squads could be smoother.",0.088
624,52,2026-09-01,4,3,4,4,Great autonomy on solution architecture. Enjoy mentoring junior analysts on agentic workflows.,0.822
625,26,2026-09-01,4,4,3,5,Standard project pacing. Client expectations are rigorous but manageable with proper staffing.,0.131
626,27,2026-09-01,2,3,3,3,Disillusioned with unrealistic client deadlines and total absence of work-life boundaries.,-0.296
627,22,2026-09-01,3,4,4,3,Compensation aligns with industry averages. Waiting to see outcome of mid-year review cycle.,-0.122
628,53,2026-09-01,4,5,3,5,Compensation aligns with industry averages. Waiting to see outcome of mid-year review cycle.,0.12
629,10,2026-09-01,4,4,4,3,Energized by our client cloud modernization engagement and collaborative team culture.,0.619
630,3,2026-09-01,5,2,3,4,Standard project pacing. Client expectations are rigorous but manageable with proper staffing.,-0.083
631,38,2026-09-01,2,2,3,3,Severe burnout from sustained 60+ hour work weeks without staffing support on high-priority delivery.,-0.303
632,51,2026-09-01,3,4,3,4,Standard project pacing. Client expectations are rigorous but manageable with proper staffing.,-0.108
633,13,2026-09-01,3,4,4,4,"Training resources on Azure and Gen AI are decent, hoping for more hands-on lab allocations.",0.144
634,40,2026-09-01,4,5,4,3,Leadership provides tremendous career mentoring and clear promotion trajectory.,0.369
635,52,2026-09-01,3,2,3,4,"Good team dynamic, though communication between onshore and offshore squads could be smoother.",0.164
636,63,2026-09-01,4,4,4,3,"Very fair compensation, excellent recognition from my engagement partner, and healthy work balance.",0.448
637,16,2026-09-01,2,4,3,3,Compa-ratio is noticeably below market benchmark while billable utilization is consistently above 95%.,-0.434
638,53,2026-09-01,4,4,4,4,"Very fair compensation, excellent recognition from my engagement partner, and healthy work balance.",0.684
639,39,2026-09-01,3,2,4,3,Compensation aligns with industry averages. Waiting to see outcome of mid-year review cycle.,-0.102
640,22,2026-09-01,3,3,5,4,Standard project pacing. Client expectations are rigorous but manageable with proper staffing.,0.019
641,71,2026-09-01,4,4,5,3,Great autonomy on solution architecture. Enjoy mentoring junior analysts on agentic workflows.,0.674
642,67,2026-09-01,4,4,4,3,Great autonomy on solution architecture. Enjoy mentoring junior analysts on agentic workflows.,0.501
643,19,2026-09-01,3,3,3,3,Compensation aligns with industry averages. Waiting to see outcome of mid-year review cycle.,0.092
644,41,2026-09-01,3,4,4,3,Compensation aligns with industry averages. Waiting to see outcome of mid-year review cycle.,-0.064
645,79,2026-09-01,4,3,4,3,Great autonomy on solution architecture. Enjoy mentoring junior analysts on agentic workflows.,0.871
646,3,2026-09-01,4,1,4,3,Great autonomy on solution architecture. Enjoy mentoring junior analysts on agentic workflows.,0.437
647,70,2026-09-01,3,5,3,3,Lack of psychological safety and micromanager style since recent leadership re-alignment.,-0.77
648,74,2026-09-01,4,4,3,3,Standard project pacing. Client expectations are rigorous but manageable with proper staffing.,0.081
649,21,2026-09-01,4,4,4,4,The transition to modern data stack and AI tooling has been a huge boost to our delivery velocity.,0.374
650,31,2026-09-01,3,4,3,4,"Training resources on Azure and Gen AI are decent, hoping for more hands-on lab allocations.",0.045
651,4,2026-09-01,4,3,4,4,The transition to modern data stack and AI tooling has been a huge boost to our delivery velocity.,0.868
652,70,2026-09-01,4,4,4,4,"Very fair compensation, excellent recognition from my engagement partner, and healthy work balance.",0.533
653,23,2026-09-01,3,3,3,3,Compensation aligns with industry averages. Waiting to see outcome of mid-year review cycle.,-0.027
654,34,2026-09-01,4,5,4,4,Great autonomy on solution architecture. Enjoy mentoring junior analysts on agentic workflows.,0.523
655,63,2026-09-01,3,3,3,3,Compensation aligns with industry averages. Waiting to see outcome of mid-year review cycle.,0.046
656,40,2026-09-01,3,4,3,4,"Good team dynamic, though communication between onshore and offshore squads could be smoother.",0.172
657,64,2026-09-01,2,3,3,3,Disillusioned with unrealistic client deadlines and total absence of work-life boundaries.,-0.638
658,50,2026-09-01,4,4,4,3,"Very fair compensation, excellent recognition from my engagement partner, and healthy work balance.",0.724
659,21,2026-09-01,3,2,3,3,"Training resources on Azure and Gen AI are decent, hoping for more hands-on lab allocations.",0.205
660,16,2026-09-01,3,4,3,5,"Good team dynamic, though communication between onshore and offshore squads could be smoother.",0.106
661,40,2026-09-01,2,3,3,3,Compa-ratio is noticeably below market benchmark while billable utilization is consistently above 95%.,-0.772
662,31,2026-09-01,3,2,3,3,"Training resources on Azure and Gen AI are decent, hoping for more hands-on lab allocations.",-0.124
663,23,2026-09-01,4,3,4,5,"Very fair compensation, excellent recognition from my engagement partner, and healthy work balance.",0.837
664,6,2026-09-01,4,3,4,3,Leadership provides tremendous career mentoring and clear promotion trajectory.,0.822
665,54,2026-09-01,3,4,2,3,Lack of psychological safety and micromanager style since recent leadership re-alignment.,-0.631
666,37,2026-09-01,2,3,4,3,Frustrated by repeated delays in promotion cycle despite rating 5 performance in consecutive cycles.,-0.571
667,72,2026-09-01,3,5,4,4,"Good team dynamic, though communication between onshore and offshore squads could be smoother.",0.004
668,59,2026-09-01,3,4,4,3,"Training resources on Azure and Gen AI are decent, hoping for more hands-on lab allocations.",-0.108
669,18,2026-09-01,4,3,4,4,Energized by our client cloud modernization engagement and collaborative team culture.,0.37
670,25,2026-09-01,3,3,2,3,Severe burnout from sustained 60+ hour work weeks without staffing support on high-priority delivery.,-0.717
671,73,2026-09-01,3,4,4,4,Compensation aligns with industry averages. Waiting to see outcome of mid-year review cycle.,-0.059
672,5,2026-09-01,2,3,3,3,Severe burnout from sustained 60+ hour work weeks without staffing support on high-priority delivery.,-0.819
673,35,2026-09-01,4,4,3,3,"Good team dynamic, though communication between onshore and offshore squads could be smoother.",-0.034
674,29,2026-09-01,4,5,3,5,"Training resources on Azure and Gen AI are decent, hoping for more hands-on lab allocations.",0.118
675,42,2026-09-01,3,4,3,4,Disillusioned with unrealistic client deadlines and total absence of work-life boundaries.,-0.395
676,42,2026-09-01,3,4,3,3,"Good team dynamic, though communication between onshore and offshore squads could be smoother.",-0.095
677,75,2026-09-01,4,4,3,4,"Training resources on Azure and Gen AI are decent, hoping for more hands-on lab allocations.",-0.015
678,38,2026-09-01,3,5,4,3,Compensation aligns with industry averages. Waiting to see outcome of mid-year review cycle.,0.139
679,24,2026-09-01,3,4,3,3,"Good team dynamic, though communication between onshore and offshore squads could be smoother.",0.076
680,58,2026-09-01,3,3,4,3,"Training resources on Azure and Gen AI are decent, hoping for more hands-on lab allocations.",-0.111
681,27,2026-09-01,3,3,4,4,"Training resources on Azure and Gen AI are decent, hoping for more hands-on lab allocations.",0.201
682,26,2026-09-01,4,3,4,3,"Very fair compensation, excellent recognition from my engagement partner, and healthy work balance.",0.407
683,34,2026-09-01,4,3,4,5,Energized by our client cloud modernization engagement and collaborative team culture.,0.483
684,27,2026-09-01,4,4,4,4,Great autonomy on solution architecture. Enjoy mentoring junior analysts on agentic workflows.,0.85
685,72,2026-09-01,3,4,5,4,Standard project pacing. Client expectations are rigorous but manageable with proper staffing.,-0.071
686,62,2026-09-01,3,4,4,4,"Training resources on Azure and Gen AI are decent, hoping for more hands-on lab allocations.",0.011
687,76,2026-09-01,2,3,4,3,Severe burnout from sustained 60+ hour work weeks without staffing support on high-priority delivery.,-0.275
688,4,2026-09-01,3,5,3,3,"Training resources on Azure and Gen AI are decent, hoping for more hands-on lab allocations.",0.104
689,8,2026-09-01,3,4,4,4,"Good team dynamic, though communication between onshore and offshore squads could be smoother.",0.021
690,25,2026-09-01,3,3,2,3,Lack of psychological safety and micromanager style since recent leadership re-alignment.,-0.649
691,52,2026-09-01,4,4,4,3,Leadership provides tremendous career mentoring and clear promotion trajectory.,0.599
692,83,2026-09-01,3,4,4,5,Compensation aligns with industry averages. Waiting to see outcome of mid-year review cycle.,0.083
693,36,2026-09-01,4,4,4,3,Great autonomy on solution architecture. Enjoy mentoring junior analysts on agentic workflows.,0.617
694,58,2026-09-01,3,5,2,3,Compa-ratio is noticeably below market benchmark while billable utilization is consistently above 95%.,-0.753
695,29,2026-09-01,2,3,4,3,Lack of psychological safety and micromanager style since recent leadership re-alignment.,-0.26
696,80,2026-09-01,2,3,4,3,Compa-ratio is noticeably below market benchmark while billable utilization is consistently above 95%.,-0.34
697,51,2026-09-01,4,4,5,4,The transition to modern data stack and AI tooling has been a huge boost to our delivery velocity.,0.789
698,21,2026-09-01,3,3,3,3,Lack of psychological safety and micromanager style since recent leadership re-alignment.,-0.347
699,66,2026-09-01,3,4,3,4,"Good team dynamic, though communication between onshore and offshore squads could be smoother.",-0.033
700,66,2026-09-01,4,4,3,4,"Training resources on Azure and Gen AI are decent, hoping for more hands-on lab allocations.",0.246
701,32,2026-09-01,3,4,4,3,Compensation aligns with industry averages. Waiting to see outcome of mid-year review cycle.,-0.07
702,33,2026-09-01,3,3,3,4,Compensation aligns with industry averages. Waiting to see outcome of mid-year review cycle.,-0.014
703,48,2026-09-01,4,3,4,2,Leadership provides tremendous career mentoring and clear promotion trajectory.,0.785
704,60,2026-09-01,3,2,4,3,Standard project pacing. Client expectations are rigorous but manageable with proper staffing.,0.215
705,33,2026-09-01,4,4,4,3,Great autonomy on solution architecture. Enjoy mentoring junior analysts on agentic workflows.,0.416
706,68,2026-09-01,4,5,4,3,Leadership provides tremendous career mentoring and clear promotion trajectory.,0.552
707,80,2026-09-01,3,3,4,2,"Training resources on Azure and Gen AI are decent, hoping for more hands-on lab allocations.",0.242
708,42,2026-09-01,3,5,4,3,Standard project pacing. Client expectations are rigorous but manageable with proper staffing.,0.166
709,55,2026-09-01,3,5,3,5,Disillusioned with unrealistic client deadlines and total absence of work-life boundaries.,-0.427
710,68,2026-09-01,3,3,3,3,"Good team dynamic, though communication between onshore and offshore squads could be smoother.",-0.124
711,56,2026-09-01,4,3,5,4,Energized by our client cloud modernization engagement and collaborative team culture.,0.717
712,63,2026-09-01,2,4,3,3,Compa-ratio is noticeably below market benchmark while billable utilization is consistently above 95%.,-0.488
713,47,2026-09-01,3,3,4,4,"Good team dynamic, though communication between onshore and offshore squads could be smoother.",0.008
714,64,2026-09-01,4,3,3,5,Compensation aligns with industry averages. Waiting to see outcome of mid-year review cycle.,0.247
715,80,2026-09-01,3,4,3,4,"Good team dynamic, though communication between onshore and offshore squads could be smoother.",0.048
716,43,2026-09-01,4,5,4,3,Energized by our client cloud modernization engagement and collaborative team culture.,0.479
717,7,2026-09-01,3,4,2,5,Frustrated by repeated delays in promotion cycle despite rating 5 performance in consecutive cycles.,-0.488
718,14,2026-09-01,3,5,4,3,Compensation aligns with industry averages. Waiting to see outcome of mid-year review cycle.,0.018
719,77,2026-09-01,3,4,4,4,"Good team dynamic, though communication between onshore and offshore squads could be smoother.",0.149
720,43,2026-09-01,4,4,3,4,"Good team dynamic, though communication between onshore and offshore squads could be smoother.",-0.147
721,78,2026-09-01,3,4,3,4,Compensation aligns with industry averages. Waiting to see outcome of mid-year review cycle.,0.002
722,61,2026-09-01,4,5,4,4,Leadership provides tremendous career mentoring and clear promotion trajectory.,0.754
723,66,2026-09-01,3,4,3,3,"Training resources on Azure and Gen AI are decent, hoping for more hands-on lab allocations.",0.169
724,37,2026-09-01,4,4,4,3,Great autonomy on solution architecture. Enjoy mentoring junior analysts on agentic workflows.,0.754
725,19,2026-09-01,4,4,4,5,"Very fair compensation, excellent recognition from my engagement partner, and healthy work balance.",0.618
726,21,2026-09-01,4,5,5,3,The transition to modern data stack and AI tooling has been a huge boost to our delivery velocity.,0.467
727,63,2026-09-01,4,4,4,3,Leadership provides tremendous career mentoring and clear promotion trajectory.,0.539
728,3,2026-09-01,4,3,4,3,Leadership provides tremendous career mentoring and clear promotion trajectory.,0.446
729,56,2026-09-01,3,5,4,3,Standard project pacing. Client expectations are rigorous but manageable with proper staffing.,-0.035
730,22,2026-09-01,3,4,4,4,Compensation aligns with industry averages. Waiting to see outcome of mid-year review cycle.,-0.11
731,16,2026-09-01,5,4,3,4,Compensation aligns with industry averages. Waiting to see outcome of mid-year review cycle.,-0.039
732,21,2026-09-01,3,5,4,3,"Training resources on Azure and Gen AI are decent, hoping for more hands-on lab allocations.",0.063
733,22,2026-09-01,2,3,3,4,Disillusioned with unrealistic client deadlines and total absence of work-life boundaries.,-0.557
734,44,2026-09-01,2,4,3,4,Lack of psychological safety and micromanager style since recent leadership re-alignment.,-0.65
735,25,2026-09-01,4,5,4,2,Leadership provides tremendous career mentoring and clear promotion trajectory.,0.381
736,10,2026-09-01,3,3,5,3,Standard project pacing. Client expectations are rigorous but manageable with proper staffing.,0.113
737,56,2026-09-01,4,2,4,3,Great autonomy on solution architecture. Enjoy mentoring junior analysts on agentic workflows.,0.682
738,82,2026-09-01,3,4,4,4,"Good team dynamic, though communication between onshore and offshore squads could be smoother.",-0.055
739,18,2026-09-01,4,4,4,3,The transition to modern data stack and AI tooling has been a huge boost to our delivery velocity.,0.364
740,53,2026-09-01,4,4,3,4,"Training resources on Azure and Gen AI are decent, hoping for more hands-on lab allocations.",0.201
741,78,2026-09-01,3,4,3,4,Compensation aligns with industry averages. Waiting to see outcome of mid-year review cycle.,-0.149
742,77,2026-09-01,3,4,5,4,Standard project pacing. Client expectations are rigorous but manageable with proper staffing.,0.106
743,68,2026-09-01,3,4,3,3,Standard project pacing. Client expectations are rigorous but manageable with proper staffing.,0.004
744,53,2026-09-01,3,4,3,3,"Good team dynamic, though communication between onshore and offshore squads could be smoother.",0.228
745,40,2026-09-01,3,3,3,3,"Training resources on Azure and Gen AI are decent, hoping for more hands-on lab allocations.",-0.107
746,68,2026-09-01,4,4,3,3,"Training resources on Azure and Gen AI are decent, hoping for more hands-on lab allocations.",0.06
747,21,2026-09-01,4,3,4,3,"Very fair compensation, excellent recognition from my engagement partner, and healthy work balance.",0.827
748,49,2026-09-01,4,4,4,3,Energized by our client cloud modernization engagement and collaborative team culture.,0.869
749,55,2026-09-01,3,5,4,3,Compensation aligns with industry averages. Waiting to see outcome of mid-year review cycle.,-0.127
750,26,2026-09-01,3,4,3,3,Compensation aligns with industry averages. Waiting to see outcome of mid-year review cycle.,0.19
751,67,2026-09-01,5,3,3,5,"Training resources on Azure and Gen AI are decent, hoping for more hands-on lab allocations.",-0.027
752,74,2026-09-01,3,4,3,3,Compensation aligns with industry averages. Waiting to see outcome of mid-year review cycle.,0.186
753,18,2026-09-01,3,3,4,3,"Training resources on Azure and Gen AI are decent, hoping for more hands-on lab allocations.",-0.055
754,72,2026-09-01,3,5,4,3,Compensation aligns with industry averages. Waiting to see outcome of mid-year review cycle.,0.209
755,22,2026-09-01,3,4,4,3,"Training resources on Azure and Gen AI are decent, hoping for more hands-on lab allocations.",0.135
756,5,2026-09-01,3,4,3,2,Compensation aligns with industry averages. Waiting to see outcome of mid-year review cycle.,-0.104
757,76,2026-09-01,3,3,4,4,Standard project pacing. Client expectations are rigorous but manageable with proper staffing.,-0.028
758,5,2026-09-01,4,3,4,4,"Very fair compensation, excellent recognition from my engagement partner, and healthy work balance.",0.664
759,77,2026-09-01,4,3,4,3,Energized by our client cloud modernization engagement and collaborative team culture.,0.38
760,76,2026-09-01,3,3,3,3,"Training resources on Azure and Gen AI are decent, hoping for more hands-on lab allocations.",-0.001
761,67,2026-09-01,3,4,4,3,"Training resources on Azure and Gen AI are decent, hoping for more hands-on lab allocations.",0.156
762,15,2026-09-01,3,4,3,3,"Training resources on Azure and Gen AI are decent, hoping for more hands-on lab allocations.",0.14
763,18,2026-09-01,3,4,3,3,"Good team dynamic, though communication between onshore and offshore squads could be smoother.",0.234
764,5,2026-09-01,4,4,3,5,"Good team dynamic, though communication between onshore and offshore squads could be smoother.",0.018
765,33,2026-09-01,4,4,4,4,Energized by our client cloud modernization engagement and collaborative team culture.,0.352
766,74,2026-09-01,4,3,3,3,Compensation aligns with industry averages. Waiting to see outcome of mid-year review cycle.,0.028
767,81,2026-09-01,4,5,3,5,Compensation aligns with industry averages. Waiting to see outcome of mid-year review cycle.,-0.055
768,66,2026-09-01,3,5,4,5,"Training resources on Azure and Gen AI are decent, hoping for more hands-on lab allocations.",-0.017
769,26,2026-09-01,3,4,3,3,"Training resources on Azure and Gen AI are decent, hoping for more hands-on lab allocations.",0.182
770,23,2026-09-01,4,5,4,3,"Very fair compensation, excellent recognition from my engagement partner, and healthy work balance.",0.379
771,44,2026-09-01,3,3,4,3,"Good team dynamic, though communication between onshore and offshore squads could be smoother.",0.084
772,73,2026-09-01,3,4,3,3,Compa-ratio is noticeably below market benchmark while billable utilization is consistently above 95%.,-0.447
773,78,2026-09-01,3,3,4,4,"Training resources on Azure and Gen AI are decent, hoping for more hands-on lab allocations.",-0.127
774,22,2026-09-01,3,4,3,3,"Training resources on Azure and Gen AI are decent, hoping for more hands-on lab allocations.",-0.106
775,66,2026-09-01,4,4,4,4,Energized by our client cloud modernization engagement and collaborative team culture.,0.597
776,33,2026-09-01,3,4,4,2,Standard project pacing. Client expectations are rigorous but manageable with proper staffing.,0.069
777,75,2026-09-01,3,4,3,3,"Good team dynamic, though communication between onshore and offshore squads could be smoother.",0.239
778,6,2026-09-01,3,5,3,4,Frustrated by repeated delays in promotion cycle despite rating 5 performance in consecutive cycles.,-0.556
779,49,2026-09-01,3,5,3,3,Lack of psychological safety and micromanager style since recent leadership re-alignment.,-0.69
780,76,2026-09-01,3,4,4,4,Standard project pacing. Client expectations are rigorous but manageable with proper staffing.,-0.062
781,69,2026-09-01,4,3,4,4,Great autonomy on solution architecture. Enjoy mentoring junior analysts on agentic workflows.,0.394
782,34,2026-09-01,4,4,5,3,Leadership provides tremendous career mentoring and clear promotion trajectory.,0.505
783,77,2026-09-01,3,3,3,3,"Good team dynamic, though communication between onshore and offshore squads could be smoother.",-0.045
784,77,2026-09-01,3,3,4,3,Standard project pacing. Client expectations are rigorous but manageable with proper staffing.,0.19
785,20,2026-09-01,3,3,4,3,"Good team dynamic, though communication between onshore and offshore squads could be smoother.",-0.046
786,40,2026-09-01,2,3,3,3,Compa-ratio is noticeably below market benchmark while billable utilization is consistently above 95%.,-0.437
787,20,2026-09-01,5,3,4,3,Energized by our client cloud modernization engagement and collaborative team culture.,0.427
788,30,2026-09-01,3,5,5,4,Compensation aligns with industry averages. Waiting to see outcome of mid-year review cycle.,0.169
789,30,2026-09-01,3,3,3,3,"Good team dynamic, though communication between onshore and offshore squads could be smoother.",0.053
790,71,2026-09-01,4,4,4,4,Energized by our client cloud modernization engagement and collaborative team culture.,0.418
791,14,2026-09-01,4,4,3,4,Lack of psychological safety and micromanager style since recent leadership re-alignment.,-0.395
792,36,2026-09-01,3,4,4,3,Compensation aligns with industry averages. Waiting to see outcome of mid-year review cycle.,-0.026
793,59,2026-09-01,3,4,4,5,"Good team dynamic, though communication between onshore and offshore squads could be smoother.",0.011
794,35,2026-09-01,4,4,4,4,Great autonomy on solution architecture. Enjoy mentoring junior analysts on agentic workflows.,0.708
795,18,2026-09-01,5,4,4,4,"Very fair compensation, excellent recognition from my engagement partner, and healthy work balance.",0.545
796,43,2026-09-01,3,4,4,3,Standard project pacing. Client expectations are rigorous but manageable with proper staffing.,-0.044
797,51,2026-09-01,3,2,5,2,"Good team dynamic, though communication between onshore and offshore squads could be smoother.",-0.119
798,64,2026-09-01,4,3,5,4,"Very fair compensation, excellent recognition from my engagement partner, and healthy work balance.",0.532
799,49,2026-09-01,3,3,4,2,"Training resources on Azure and Gen AI are decent, hoping for more hands-on lab allocations.",-0.078
800,57,2026-09-01,3,3,4,4,"Training resources on Azure and Gen AI are decent, hoping for more hands-on lab allocations.",-0.142
801,84,2026-09-01,3,3,3,3,Compensation aligns with industry averages. Waiting to see outcome of mid-year review cycle.,-0.012
802,60,2026-09-01,3,3,4,3,"Good team dynamic, though communication between onshore and offshore squads could be smoother.",-0.094
803,12,2026-09-01,3,3,5,3,Compensation aligns with industry averages. Waiting to see outcome of mid-year review cycle.,-0.126
804,65,2026-09-01,3,4,3,4,Standard project pacing. Client expectations are rigorous but manageable with proper staffing.,0.186
805,1,2026-09-01,2,4,3,3,Frustrated by repeated delays in promotion cycle despite rating 5 performance in consecutive cycles.,-0.291
806,25,2026-09-01,4,5,4,4,Leadership provides tremendous career mentoring and clear promotion trajectory.,0.581
807,21,2026-09-01,3,3,3,2,"Training resources on Azure and Gen AI are decent, hoping for more hands-on lab allocations.",0.131
808,26,2026-09-01,3,5,4,5,"Good team dynamic, though communication between onshore and offshore squads could be smoother.",0.057
809,14,2026-09-01,4,3,3,4,"Good team dynamic, though communication between onshore and offshore squads could be smoother.",0.026
810,16,2026-09-01,4,4,4,5,Leadership provides tremendous career mentoring and clear promotion trajectory.,0.745
811,45,2026-09-01,3,4,4,3,"Good team dynamic, though communication between onshore and offshore squads could be smoother.",0.078
812,74,2026-09-01,2,5,3,4,Severe burnout from sustained 60+ hour work weeks without staffing support on high-priority delivery.,-0.824
813,4,2026-09-01,2,4,4,3,Frustrated by repeated delays in promotion cycle despite rating 5 performance in consecutive cycles.,-0.418
814,52,2026-09-01,4,4,4,5,Leadership provides tremendous career mentoring and clear promotion trajectory.,0.555
815,42,2026-09-01,3,4,4,3,"Good team dynamic, though communication between onshore and offshore squads could be smoother.",-0.134
816,45,2026-09-01,4,3,4,5,Leadership provides tremendous career mentoring and clear promotion trajectory.,0.72
817,47,2026-09-01,4,3,4,5,Great autonomy on solution architecture. Enjoy mentoring junior analysts on agentic workflows.,0.356
818,34,2026-09-01,4,3,4,3,Energized by our client cloud modernization engagement and collaborative team culture.,0.793
819,15,2026-09-01,3,4,3,2,"Good team dynamic, though communication between onshore and offshore squads could be smoother.",0.103
820,84,2026-09-01,3,5,4,3,Compensation aligns with industry averages. Waiting to see outcome of mid-year review cycle.,-0.014
821,24,2026-09-01,3,4,4,3,Standard project pacing. Client expectations are rigorous but manageable with proper staffing.,-0.001
822,53,2026-09-01,4,5,4,5,Leadership provides tremendous career mentoring and clear promotion trajectory.,0.73
823,6,2026-09-01,3,4,4,3,"Training resources on Azure and Gen AI are decent, hoping for more hands-on lab allocations.",-0.062
824,38,2026-09-01,4,4,4,5,Leadership provides tremendous career mentoring and clear promotion trajectory.,0.385
825,29,2026-09-01,2,5,4,3,Frustrated by repeated delays in promotion cycle despite rating 5 performance in consecutive cycles.,-0.759
826,50,2026-09-01,4,4,4,3,Leadership provides tremendous career mentoring and clear promotion trajectory.,0.852
827,74,2026-09-01,4,3,3,3,Standard project pacing. Client expectations are rigorous but manageable with proper staffing.,0.015
828,63,2026-09-01,3,5,4,3,"Good team dynamic, though communication between onshore and offshore squads could be smoother.",-0.096
829,32,2026-09-01,3,4,4,2,Compensation aligns with industry averages. Waiting to see outcome of mid-year review cycle.,-0.077
830,35,2026-09-01,4,4,3,4,"Good team dynamic, though communication between onshore and offshore squads could be smoother.",-0.002
831,80,2026-09-01,3,4,4,4,"Training resources on Azure and Gen AI are decent, hoping for more hands-on lab allocations.",-0.024
832,80,2026-09-01,2,5,3,3,Disillusioned with unrealistic client deadlines and total absence of work-life boundaries.,-0.565
833,49,2026-09-01,4,5,3,3,"Good team dynamic, though communication between onshore and offshore squads could be smoother.",-0.107
834,77,2026-09-01,4,5,4,3,The transition to modern data stack and AI tooling has been a huge boost to our delivery velocity.,0.875
835,81,2026-09-01,4,3,4,3,Leadership provides tremendous career mentoring and clear promotion trajectory.,0.718
836,42,2026-09-01,4,4,4,5,The transition to modern data stack and AI tooling has been a huge boost to our delivery velocity.,0.545
837,33,2026-09-01,3,4,2,4,Compa-ratio is noticeably below market benchmark while billable utilization is consistently above 95%.,-0.366
838,25,2026-09-01,3,4,4,3,"Training resources on Azure and Gen AI are decent, hoping for more hands-on lab allocations.",0.155
839,71,2026-09-01,4,5,4,3,The transition to modern data stack and AI tooling has been a huge boost to our delivery velocity.,0.756
840,65,2026-09-01,3,3,2,3,Frustrated by repeated delays in promotion cycle despite rating 5 performance in consecutive cycles.,-0.715
841,39,2026-09-01,3,4,4,3,Compensation aligns with industry averages. Waiting to see outcome of mid-year review cycle.,-0.099
842,16,2026-09-01,2,3,3,3,Severe burnout from sustained 60+ hour work weeks without staffing support on high-priority delivery.,-0.435
843,24,2026-09-01,4,5,5,4,"Very fair compensation, excellent recognition from my engagement partner, and healthy work balance.",0.486
844,54,2026-09-01,4,4,4,4,Energized by our client cloud modernization engagement and collaborative team culture.,0.813
845,67,2026-09-01,3,5,3,4,Compensation aligns with industry averages. Waiting to see outcome of mid-year review cycle.,0.093
846,82,2026-09-01,4,4,4,5,Great autonomy on solution architecture. Enjoy mentoring junior analysts on agentic workflows.,0.615
847,51,2026-09-01,2,4,3,2,Disillusioned with unrealistic client deadlines and total absence of work-life boundaries.,-0.781
848,45,2026-09-01,4,4,4,3,Leadership provides tremendous career mentoring and clear promotion trajectory.,0.487
849,1,2026-09-01,4,4,3,4,Compensation aligns with industry averages. Waiting to see outcome of mid-year review cycle.,-0.095
850,80,2026-09-01,4,3,4,5,"Very fair compensation, excellent recognition from my engagement partner, and healthy work balance.",0.645
851,16,2026-09-01,3,4,3,4,Compensation aligns with industry averages. Waiting to see outcome of mid-year review cycle.,0.068
852,55,2026-09-01,3,4,2,4,Severe burnout from sustained 60+ hour work weeks without staffing support on high-priority delivery.,-0.521
853,50,2026-09-01,3,3,3,5,Standard project pacing. Client expectations are rigorous but manageable with proper staffing.,-0.069
854,12,2026-09-01,3,3,4,3,Standard project pacing. Client expectations are rigorous but manageable with proper staffing.,0.108
855,81,2026-09-01,2,5,4,4,Lack of psychological safety and micromanager style since recent leadership re-alignment.,-0.5
856,9,2026-09-01,4,4,4,4,The transition to modern data stack and AI tooling has been a huge boost to our delivery velocity.,0.669
857,70,2026-09-01,3,4,3,3,"Good team dynamic, though communication between onshore and offshore squads could be smoother.",0.007
858,29,2026-09-01,3,3,4,3,Standard project pacing. Client expectations are rigorous but manageable with proper staffing.,0.224
859,63,2026-09-01,3,4,4,3,Standard project pacing. Client expectations are rigorous but manageable with proper staffing.,-0.147
860,4,2026-09-01,3,4,4,4,Standard project pacing. Client expectations are rigorous but manageable with proper staffing.,0.209
861,43,2026-09-01,3,4,3,3,Compensation aligns with industry averages. Waiting to see outcome of mid-year review cycle.,0.089
862,24,2026-09-01,4,5,3,4,"Training resources on Azure and Gen AI are decent, hoping for more hands-on lab allocations.",0.001
863,70,2026-09-01,4,4,3,5,"Training resources on Azure and Gen AI are decent, hoping for more hands-on lab allocations.",-0.146
864,58,2026-09-01,3,5,3,2,Severe burnout from sustained 60+ hour work weeks without staffing support on high-priority delivery.,-0.797
865,75,2026-09-01,3,4,4,3,Standard project pacing. Client expectations are rigorous but manageable with proper staffing.,0.066
866,20,2026-09-01,4,5,2,5,Disillusioned with unrealistic client deadlines and total absence of work-life boundaries.,-0.617
867,11,2026-09-01,3,5,3,2,"Training resources on Azure and Gen AI are decent, hoping for more hands-on lab allocations.",-0.023
868,50,2026-09-01,3,3,3,3,Standard project pacing. Client expectations are rigorous but manageable with proper staffing.,-0.118
869,83,2026-09-01,3,4,3,3,Compensation aligns with industry averages. Waiting to see outcome of mid-year review cycle.,0.128
870,76,2026-09-01,4,3,3,3,"Good team dynamic, though communication between onshore and offshore squads could be smoother.",-0.059
871,53,2026-09-01,3,3,3,4,"Training resources on Azure and Gen AI are decent, hoping for more hands-on lab allocations.",0.044
872,63,2026-09-01,3,3,3,3,Compensation aligns with industry averages. Waiting to see outcome of mid-year review cycle.,-0.015
873,62,2026-09-01,3,5,4,4,Standard project pacing. Client expectations are rigorous but manageable with proper staffing.,0.041
874,17,2026-09-01,4,4,4,5,Energized by our client cloud modernization engagement and collaborative team culture.,0.806
875,57,2026-09-01,3,3,5,4,"Training resources on Azure and Gen AI are decent, hoping for more hands-on lab allocations.",-0.004
876,23,2026-09-01,3,3,3,4,Compensation aligns with industry averages. Waiting to see outcome of mid-year review cycle.,-0.13
877,21,2026-09-01,3,4,4,3,Compensation aligns with industry averages. Waiting to see outcome of mid-year review cycle.,0.034
878,8,2026-09-01,4,3,4,4,Leadership provides tremendous career mentoring and clear promotion trajectory.,0.878
879,28,2026-09-01,4,4,4,5,Great autonomy on solution architecture. Enjoy mentoring junior analysts on agentic workflows.,0.85
880,49,2026-09-01,3,4,3,4,Compensation aligns with industry averages. Waiting to see outcome of mid-year review cycle.,0.231
881,40,2026-09-01,4,5,5,4,The transition to modern data stack and AI tooling has been a huge boost to our delivery velocity.,0.691
882,45,2026-09-01,2,3,3,3,Compa-ratio is noticeably below market benchmark while billable utilization is consistently above 95%.,-0.787
883,53,2026-09-01,4,3,3,4,"Good team dynamic, though communication between onshore and offshore squads could be smoother.",0.134
884,48,2026-09-01,4,4,3,5,"Good team dynamic, though communication between onshore and offshore squads could be smoother.",0.107
885,50,2026-09-01,4,3,4,3,Leadership provides tremendous career mentoring and clear promotion trajectory.,0.622
886,4,2026-09-01,2,3,3,4,Disillusioned with unrealistic client deadlines and total absence of work-life boundaries.,-0.454
887,82,2026-09-01,3,4,4,3,Compensation aligns with industry averages. Waiting to see outcome of mid-year review cycle.,-0.149
888,60,2026-09-01,4,5,4,5,Great autonomy on solution architecture. Enjoy mentoring junior analysts on agentic workflows.,0.654
889,32,2026-09-01,3,4,4,3,Compensation aligns with industry averages. Waiting to see outcome of mid-year review cycle.,0.04
890,43,2026-09-01,3,4,3,4,"Good team dynamic, though communication between onshore and offshore squads could be smoother.",0.034
891,4,2026-09-01,4,4,4,3,"Very fair compensation, excellent recognition from my engagement partner, and healthy work balance.",0.485
892,25,2026-09-01,3,5,3,3,"Good team dynamic, though communication between onshore and offshore squads could be smoother.",0.061
893,59,2026-09-01,4,4,4,3,Leadership provides tremendous career mentoring and clear promotion trajectory.,0.642
894,61,2026-09-01,3,4,3,3,Standard project pacing. Client expectations are rigorous but manageable with proper staffing.,0.07
895,58,2026-09-01,2,4,3,3,Compa-ratio is noticeably below market benchmark while billable utilization is consistently above 95%.,-0.607
896,9,2026-09-01,4,4,5,4,Great autonomy on solution architecture. Enjoy mentoring junior analysts on agentic workflows.,0.43
897,62,2026-09-01,4,4,3,4,Standard project pacing. Client expectations are rigorous but manageable with proper staffing.,-0.124
898,38,2026-09-01,3,4,3,3,Standard project pacing. Client expectations are rigorous but manageable with proper staffing.,0.055
899,2,2026-09-01,3,4,3,3,"Training resources on Azure and Gen AI are decent, hoping for more hands-on lab allocations.",-0.066
900,71,2026-09-01,3,3,4,4,Standard project pacing. Client expectations are rigorous but manageable with proper staffing.,0.116
901,8,2026-09-01,4,5,4,3,Energized by our client cloud modernization engagement and collaborative team culture.,0.45
902,35,2026-09-01,3,3,4,2,Compensation aligns with industry averages. Waiting to see outcome of mid-year review cycle.,-0.132
903,11,2026-09-01,3,3,4,4,Standard project pacing. Client expectations are rigorous but manageable with proper staffing.,0.026
904,47,2026-09-01,5,4,4,4,The transition to modern data stack and AI tooling has been a huge boost to our delivery velocity.,0.544
905,22,2026-09-01,3,3,4,4,"Training resources on Azure and Gen AI are decent, hoping for more hands-on lab allocations.",0.009
906,45,2026-09-01,4,4,3,3,"Training resources on Azure and Gen AI are decent, hoping for more hands-on lab allocations.",-0.014
907,70,2026-09-01,3,3,4,2,Compensation aligns with industry averages. Waiting to see outcome of mid-year review cycle.,-0.134
908,64,2026-09-01,4,3,3,2,Compensation aligns with industry averages. Waiting to see outcome of mid-year review cycle.,-0.055
909,39,2026-09-01,4,3,4,3,The transition to modern data stack and AI tooling has been a huge boost to our delivery velocity.,0.472
910,17,2026-09-01,4,4,4,3,Great autonomy on solution architecture. Enjoy mentoring junior analysts on agentic workflows.,0.438
911,22,2026-09-01,3,5,3,3,Standard project pacing. Client expectations are rigorous but manageable with proper staffing.,0.148
912,27,2026-09-01,3,3,3,4,Compa-ratio is noticeably below market benchmark while billable utilization is consistently above 95%.,-0.576
913,72,2026-09-01,3,3,4,4,Compensation aligns with industry averages. Waiting to see outcome of mid-year review cycle.,0.2
914,9,2026-09-01,4,4,4,4,"Very fair compensation, excellent recognition from my engagement partner, and healthy work balance.",0.37
915,48,2026-09-01,2,4,3,3,Frustrated by repeated delays in promotion cycle despite rating 5 performance in consecutive cycles.,-0.437
916,12,2026-09-01,5,3,3,5,"Good team dynamic, though communication between onshore and offshore squads could be smoother.",-0.1
917,66,2026-09-01,3,2,4,3,Standard project pacing. Client expectations are rigorous but manageable with proper staffing.,-0.089
918,79,2026-09-01,3,3,4,3,Standard project pacing. Client expectations are rigorous but manageable with proper staffing.,0.249
919,57,2026-09-01,5,3,5,4,Great autonomy on solution architecture. Enjoy mentoring junior analysts on agentic workflows.,0.437
920,79,2026-09-01,3,4,4,3,Compensation aligns with industry averages. Waiting to see outcome of mid-year review cycle.,-0.108
921,1,2026-09-01,4,3,5,4,Leadership provides tremendous career mentoring and clear promotion trajectory.,0.582
922,76,2026-09-01,4,3,4,5,Energized by our client cloud modernization engagement and collaborative team culture.,0.497
923,36,2026-09-01,3,4,4,4,"Training resources on Azure and Gen AI are decent, hoping for more hands-on lab allocations.",0.158
924,23,2026-09-01,3,4,4,3,Compensation aligns with industry averages. Waiting to see outcome of mid-year review cycle.,0.231
925,71,2026-09-01,4,4,3,4,"Good team dynamic, though communication between onshore and offshore squads could be smoother.",-0.106
926,29,2026-09-01,4,3,4,4,"Very fair compensation, excellent recognition from my engagement partner, and healthy work balance.",0.571
927,26,2026-09-01,4,3,5,2,Great autonomy on solution architecture. Enjoy mentoring junior analysts on agentic workflows.,0.754
928,77,2026-09-01,4,5,4,3,Energized by our client cloud modernization engagement and collaborative team culture.,0.889
929,4,2026-09-01,4,3,3,5,Compensation aligns with industry averages. Waiting to see outcome of mid-year review cycle.,-0.15
930,3,2026-09-01,4,3,4,4,Energized by our client cloud modernization engagement and collaborative team culture.,0.873
931,79,2026-09-01,4,3,4,5,Leadership provides tremendous career mentoring and clear promotion trajectory.,0.884
932,79,2026-09-01,3,4,4,4,"Good team dynamic, though communication between onshore and offshore squads could be smoother.",0.206
933,4,2026-09-01,4,3,4,5,The transition to modern data stack and AI tooling has been a huge boost to our delivery velocity.,0.588
934,20,2026-09-01,3,3,3,3,"Good team dynamic, though communication between onshore and offshore squads could be smoother.",0.059
935,45,2026-09-01,3,4,2,5,Frustrated by repeated delays in promotion cycle despite rating 5 performance in consecutive cycles.,-0.373
936,15,2026-09-01,5,5,3,5,"Good team dynamic, though communication between onshore and offshore squads could be smoother.",0.233
937,59,2026-09-01,4,5,5,4,Great autonomy on solution architecture. Enjoy mentoring junior analysts on agentic workflows.,0.793
938,28,2026-09-01,3,4,3,3,Compensation aligns with industry averages. Waiting to see outcome of mid-year review cycle.,-0.084
939,10,2026-09-01,2,3,3,3,Disillusioned with unrealistic client deadlines and total absence of work-life boundaries.,-0.412
940,53,2026-09-01,3,3,3,4,"Good team dynamic, though communication between onshore and offshore squads could be smoother.",-0.15
941,59,2026-09-01,4,4,3,4,Standard project pacing. Client expectations are rigorous but manageable with proper staffing.,0.205
942,44,2026-09-01,4,3,3,2,Compensation aligns with industry averages. Waiting to see outcome of mid-year review cycle.,0.099
943,79,2026-09-01,4,4,4,3,The transition to modern data stack and AI tooling has been a huge boost to our delivery velocity.,0.794
944,73,2026-09-01,5,3,4,3,"Very fair compensation, excellent recognition from my engagement partner, and healthy work balance.",0.438
945,33,2026-09-01,4,4,3,5,"Good team dynamic, though communication between onshore and offshore squads could be smoother.",-0.133
946,13,2026-09-01,3,4,4,3,"Good team dynamic, though communication between onshore and offshore squads could be smoother.",0.024
947,83,2026-09-01,3,3,3,3,Compensation aligns with industry averages. Waiting to see outcome of mid-year review cycle.,-0.075
948,13,2026-09-01,4,4,4,4,"Very fair compensation, excellent recognition from my engagement partner, and healthy work balance.",0.847
949,10,2026-09-01,3,4,3,3,Standard project pacing. Client expectations are rigorous but manageable with proper staffing.,0.136
950,27,2026-09-01,3,3,4,3,"Training resources on Azure and Gen AI are decent, hoping for more hands-on lab allocations.",0.125
951,19,2026-09-01,4,3,3,4,"Training resources on Azure and Gen AI are decent, hoping for more hands-on lab allocations.",0.25
952,67,2026-09-01,2,4,4,4,Severe burnout from sustained 60+ hour work weeks without staffing support on high-priority delivery.,-0.628
953,54,2026-09-01,3,3,4,3,Compensation aligns with industry averages. Waiting to see outcome of mid-year review cycle.,0.218
954,14,2026-09-01,4,3,3,4,Standard project pacing. Client expectations are rigorous but manageable with proper staffing.,0.101
955,16,2026-09-01,4,4,4,3,"Very fair compensation, excellent recognition from my engagement partner, and healthy work balance.",0.646
956,33,2026-09-01,3,2,5,3,Compensation aligns with industry averages. Waiting to see outcome of mid-year review cycle.,-0.053
957,72,2026-09-01,3,4,4,3,Standard project pacing. Client expectations are rigorous but manageable with proper staffing.,0.208
958,51,2026-09-01,2,3,1,4,Disillusioned with unrealistic client deadlines and total absence of work-life boundaries.,-0.482
959,44,2026-09-01,3,5,4,3,"Training resources on Azure and Gen AI are decent, hoping for more hands-on lab allocations.",0.183
960,35,2026-09-01,3,4,4,2,Compensation aligns with industry averages. Waiting to see outcome of mid-year review cycle.,-0.068
961,33,2026-09-01,3,5,4,3,Compensation aligns with industry averages. Waiting to see outcome of mid-year review cycle.,-0.14
962,74,2026-09-01,4,3,4,4,The transition to modern data stack and AI tooling has been a huge boost to our delivery velocity.,0.595
963,30,2026-09-01,3,4,5,3,"Good team dynamic, though communication between onshore and offshore squads could be smoother.",-0.059
964,38,2026-09-01,3,3,3,4,"Training resources on Azure and Gen AI are decent, hoping for more hands-on lab allocations.",0.098
965,42,2026-09-01,3,3,4,3,"Good team dynamic, though communication between onshore and offshore squads could be smoother.",0.227
966,11,2026-09-01,2,4,3,3,Lack of psychological safety and micromanager style since recent leadership re-alignment.,-0.812
967,42,2026-09-01,4,4,4,4,Energized by our client cloud modernization engagement and collaborative team culture.,0.69
968,59,2026-09-01,3,4,4,4,"Good team dynamic, though communication between onshore and offshore squads could be smoother.",0.156
969,9,2026-09-01,2,3,4,3,Severe burnout from sustained 60+ hour work weeks without staffing support on high-priority delivery.,-0.79
970,64,2026-09-01,3,3,3,3,"Training resources on Azure and Gen AI are decent, hoping for more hands-on lab allocations.",0.075
971,10,2026-09-01,3,4,2,3,Disillusioned with unrealistic client deadlines and total absence of work-life boundaries.,-0.618
972,83,2026-09-01,3,4,4,2,"Training resources on Azure and Gen AI are decent, hoping for more hands-on lab allocations.",0.137
973,77,2026-09-01,4,4,4,4,Energized by our client cloud modernization engagement and collaborative team culture.,0.62
974,64,2026-09-01,5,4,5,4,"Very fair compensation, excellent recognition from my engagement partner, and healthy work balance.",0.655
975,6,2026-09-01,4,5,5,5,Energized by our client cloud modernization engagement and collaborative team culture.,0.359
976,18,2026-09-01,4,4,4,5,Energized by our client cloud modernization engagement and collaborative team culture.,0.698
977,32,2026-09-01,4,4,3,3,"Training resources on Azure and Gen AI are decent, hoping for more hands-on lab allocations.",0.067
978,13,2026-09-01,3,4,4,3,"Training resources on Azure and Gen AI are decent, hoping for more hands-on lab allocations.",0.13
979,54,2026-09-01,3,4,4,3,"Training resources on Azure and Gen AI are decent, hoping for more hands-on lab allocations.",-0.016
980,53,2026-09-01,4,3,3,5,Standard project pacing. Client expectations are rigorous but manageable with proper staffing.,0.023
981,44,2026-09-01,4,4,4,3,The transition to modern data stack and AI tooling has been a huge boost to our delivery velocity.,0.532
982,20,2026-09-01,4,3,5,3,Great autonomy on solution architecture. Enjoy mentoring junior analysts on agentic workflows.,0.404
983,2,2026-09-01,3,3,3,3,Compensation aligns with industry averages. Waiting to see outcome of mid-year review cycle.,-0.072
984,62,2026-09-01,5,2,4,5,Energized by our client cloud modernization engagement and collaborative team culture.,0.435
985,41,2026-09-01,4,4,4,3,Leadership provides tremendous career mentoring and clear promotion trajectory.,0.56
986,37,2026-09-01,3,3,3,3,Severe burnout from sustained 60+ hour work weeks without staffing support on high-priority delivery.,-0.633
987,51,2026-09-01,3,3,3,3,"Training resources on Azure and Gen AI are decent, hoping for more hands-on lab allocations.",0.073
988,61,2026-09-01,3,5,4,4,"Training resources on Azure and Gen AI are decent, hoping for more hands-on lab allocations.",0.161
989,39,2026-09-01,3,3,4,3,"Training resources on Azure and Gen AI are decent, hoping for more hands-on lab allocations.",0.164
990,73,2026-09-01,3,4,4,3,Compensation aligns with industry averages. Waiting to see outcome of mid-year review cycle.,0.03
991,52,2026-09-01,3,3,3,4,Standard project pacing. Client expectations are rigorous but manageable with proper staffing.,0.176
992,30,2026-09-01,3,3,3,4,"Training resources on Azure and Gen AI are decent, hoping for more hands-on lab allocations.",0.083
993,37,2026-09-01,4,4,4,2,Great autonomy on solution architecture. Enjoy mentoring junior analysts on agentic workflows.,0.411
994,47,2026-09-01,3,4,4,3,"Good team dynamic, though communication between onshore and offshore squads could be smoother.",-0.117
995,40,2026-09-01,5,3,4,4,The transition to modern data stack and AI tooling has been a huge boost to our delivery velocity.,0.39
996,46,2026-09-01,2,5,2,3,Lack of psychological safety and micromanager style since recent leadership re-alignment.,-0.597
997,59,2026-09-01,3,5,4,3,"Training resources on Azure and Gen AI are decent, hoping for more hands-on lab allocations.",0.05
998,68,2026-09-01,3,5,4,3,"Good team dynamic, though communication between onshore and offshore squads could be smoother.",0.042
999,50,2026-09-01,3,3,4,3,"Training resources on Azure and Gen AI are decent, hoping for more hands-on lab allocations.",0.146
1000,4,2026-09-01,3,3,3,4,"Good team dynamic, though communication between onshore and offshore squads could be smoother.",0.104
1001,60,2026-09-01,3,3,5,2,"Training resources on Azure and Gen AI are decent, hoping for more hands-on lab allocations.",0.12
1002,80,2026-09-01,3,4,3,3,Compa-ratio is noticeably below market benchmark while billable utilization is consistently above 95%.,-0.785
1003,22,2026-09-01,3,5,4,3,"Good team dynamic, though communication between onshore and offshore squads could be smoother.",0.186
1004,34,2026-09-01,3,2,4,2,Compensation aligns with industry averages. Waiting to see outcome of mid-year review cycle.,-0.132
1005,45,2026-09-01,2,4,4,3,Disillusioned with unrealistic client deadlines and total absence of work-life boundaries.,-0.583
1006,41,2026-09-01,3,4,4,3,Standard project pacing. Client expectations are rigorous but manageable with proper staffing.,0.233
1007,20,2026-09-01,3,3,2,3,Compa-ratio is noticeably below market benchmark while billable utilization is consistently above 95%.,-0.546
1008,82,2026-09-01,4,4,4,3,Great autonomy on solution architecture. Enjoy mentoring junior analysts on agentic workflows.,0.837
1009,45,2026-09-01,4,3,4,3,Leadership provides tremendous career mentoring and clear promotion trajectory.,0.437
1010,58,2026-09-01,3,2,3,3,"Training resources on Azure and Gen AI are decent, hoping for more hands-on lab allocations.",-0.019
1011,44,2026-09-01,4,4,3,4,Standard project pacing. Client expectations are rigorous but manageable with proper staffing.,0.152
1012,19,2026-09-01,2,5,3,3,Disillusioned with unrealistic client deadlines and total absence of work-life boundaries.,-0.674
1013,41,2026-09-01,4,4,4,4,Great autonomy on solution architecture. Enjoy mentoring junior analysts on agentic workflows.,0.873
1014,7,2026-09-01,3,3,4,3,"Good team dynamic, though communication between onshore and offshore squads could be smoother.",0.022
1015,11,2026-09-01,4,3,4,5,Great autonomy on solution architecture. Enjoy mentoring junior analysts on agentic workflows.,0.775
1016,25,2026-09-01,3,3,3,3,Compensation aligns with industry averages. Waiting to see outcome of mid-year review cycle.,0.111
1017,26,2026-09-01,4,3,3,5,Compensation aligns with industry averages. Waiting to see outcome of mid-year review cycle.,-0.069
1018,67,2026-09-01,4,3,4,5,The transition to modern data stack and AI tooling has been a huge boost to our delivery velocity.,0.608
1019,49,2026-09-01,4,4,4,4,Great autonomy on solution architecture. Enjoy mentoring junior analysts on agentic workflows.,0.573
1020,26,2026-09-01,3,4,4,4,Standard project pacing. Client expectations are rigorous but manageable with proper staffing.,-0.115
1021,6,2026-09-01,3,3,4,3,"Good team dynamic, though communication between onshore and offshore squads could be smoother.",0.222
1022,64,2026-09-01,3,4,4,5,"Good team dynamic, though communication between onshore and offshore squads could be smoother.",-0.02
1023,66,2026-09-01,3,4,4,3,"Training resources on Azure and Gen AI are decent, hoping for more hands-on lab allocations.",0.127
1024,12,2026-09-01,3,3,3,3,"Training resources on Azure and Gen AI are decent, hoping for more hands-on lab allocations.",-0.021
1025,52,2026-09-01,4,4,4,3,"Very fair compensation, excellent recognition from my engagement partner, and healthy work balance.",0.436
1026,37,2026-09-01,3,5,5,4,Standard project pacing. Client expectations are rigorous but manageable with proper staffing.,0.14
1027,83,2026-09-01,2,4,4,4,Lack of psychological safety and micromanager style since recent leadership re-alignment.,-0.528
1028,50,2026-09-01,3,3,5,4,"Good team dynamic, though communication between onshore and offshore squads could be smoother.",0.053
1029,24,2026-09-01,4,3,4,3,Leadership provides tremendous career mentoring and clear promotion trajectory.,0.803
1030,3,2026-09-01,4,4,4,4,"Very fair compensation, excellent recognition from my engagement partner, and healthy work balance.",0.846
1031,13,2026-09-01,4,3,3,3,"Training resources on Azure and Gen AI are decent, hoping for more hands-on lab allocations.",-0.001
1032,64,2026-09-01,3,3,3,4,"Training resources on Azure and Gen AI are decent, hoping for more hands-on lab allocations.",0.209
1033,44,2026-09-01,3,3,4,3,Compensation aligns with industry averages. Waiting to see outcome of mid-year review cycle.,0.176
1034,71,2026-09-01,2,4,3,3,Compa-ratio is noticeably below market benchmark while billable utilization is consistently above 95%.,-0.325
1035,28,2026-09-01,4,4,4,3,The transition to modern data stack and AI tooling has been a huge boost to our delivery velocity.,0.588
1036,57,2026-09-01,3,4,4,4,Compensation aligns with industry averages. Waiting to see outcome of mid-year review cycle.,0.077
1037,77,2026-09-01,3,4,3,4,Compensation aligns with industry averages. Waiting to see outcome of mid-year review cycle.,0.118
1038,76,2026-09-01,4,4,3,3,Compensation aligns with industry averages. Waiting to see outcome of mid-year review cycle.,-0.005
1039,55,2026-09-01,3,3,3,4,Compensation aligns with industry averages. Waiting to see outcome of mid-year review cycle.,-0.113
1040,10,2026-09-01,4,3,4,4,"Very fair compensation, excellent recognition from my engagement partner, and healthy work balance.",0.431
1041,60,2026-09-01,4,5,5,3,"Very fair compensation, excellent recognition from my engagement partner, and healthy work balance.",0.824
1042,58,2026-09-01,3,5,4,3,Standard project pacing. Client expectations are rigorous but manageable with proper staffing.,-0.062
1043,41,2026-09-01,3,3,3,3,Disillusioned with unrealistic client deadlines and total absence of work-life boundaries.,-0.573
1044,73,2026-09-01,3,4,4,2,Standard project pacing. Client expectations are rigorous but manageable with proper staffing.,-0.02
1045,28,2026-09-01,4,4,3,4,"Training resources on Azure and Gen AI are decent, hoping for more hands-on lab allocations.",-0.081
1046,4,2026-09-01,4,4,4,5,Leadership provides tremendous career mentoring and clear promotion trajectory.,0.539
1047,61,2026-09-01,3,4,4,3,"Training resources on Azure and Gen AI are decent, hoping for more hands-on lab allocations.",-0.088
1048,84,2026-09-01,4,3,4,5,Leadership provides tremendous career mentoring and clear promotion trajectory.,0.61
1049,15,2026-09-01,3,3,3,3,Compensation aligns with industry averages. Waiting to see outcome of mid-year review cycle.,0.091
1050,55,2026-09-01,3,3,3,4,Standard project pacing. Client expectations are rigorous but manageable with proper staffing.,0.156
1051,66,2026-09-01,5,3,3,4,Compensation aligns with industry averages. Waiting to see outcome of mid-year review cycle.,0.226
1052,84,2026-09-01,4,4,4,4,Energized by our client cloud modernization engagement and collaborative team culture.,0.524
1053,35,2026-09-01,4,3,3,5,"Training resources on Azure and Gen AI are decent, hoping for more hands-on lab allocations.",-0.096
1054,43,2026-09-01,3,3,5,3,"Training resources on Azure and Gen AI are decent, hoping for more hands-on lab allocations.",0.131
1055,52,2026-09-01,4,5,4,4,Leadership provides tremendous career mentoring and clear promotion trajectory.,0.573
1056,16,2026-09-01,3,4,3,3,Compensation aligns with industry averages. Waiting to see outcome of mid-year review cycle.,0.189
1057,49,2026-09-01,3,4,3,4,Compensation aligns with industry averages. Waiting to see outcome of mid-year review cycle.,-0.086
1058,17,2026-09-01,5,4,3,3,"Good team dynamic, though communication between onshore and offshore squads could be smoother.",0.123
1059,62,2026-09-01,3,3,4,3,"Good team dynamic, though communication between onshore and offshore squads could be smoother.",-0.086
1060,20,2026-09-01,3,3,4,3,Standard project pacing. Client expectations are rigorous but manageable with proper staffing.,0.037
1061,64,2026-09-01,4,3,3,5,"Good team dynamic, though communication between onshore and offshore squads could be smoother.",0.103
1062,69,2026-09-01,4,4,4,3,"Very fair compensation, excellent recognition from my engagement partner, and healthy work balance.",0.693
1063,56,2026-09-01,3,3,5,4,Compensation aligns with industry averages. Waiting to see outcome of mid-year review cycle.,0.113
1064,14,2026-09-01,4,4,4,4,Leadership provides tremendous career mentoring and clear promotion trajectory.,0.679
1065,26,2026-09-01,3,4,5,3,Compensation aligns with industry averages. Waiting to see outcome of mid-year review cycle.,-0.102
1066,39,2026-09-01,3,4,3,3,Compa-ratio is noticeably below market benchmark while billable utilization is consistently above 95%.,-0.39
1067,45,2026-09-01,4,4,5,5,Energized by our client cloud modernization engagement and collaborative team culture.,0.804
1068,28,2026-09-01,3,4,4,3,Standard project pacing. Client expectations are rigorous but manageable with proper staffing.,0.195
1069,49,2026-09-01,4,5,4,3,Energized by our client cloud modernization engagement and collaborative team culture.,0.597
1070,49,2026-09-01,2,4,3,3,Frustrated by repeated delays in promotion cycle despite rating 5 performance in consecutive cycles.,-0.377
1071,21,2026-09-01,3,2,3,3,Disillusioned with unrealistic client deadlines and total absence of work-life boundaries.,-0.79
1072,37,2026-09-01,3,4,4,3,Compensation aligns with industry averages. Waiting to see outcome of mid-year review cycle.,0.021
1073,18,2026-09-01,3,5,4,3,Standard project pacing. Client expectations are rigorous but manageable with proper staffing.,0.121
1074,37,2026-09-01,2,4,4,3,Severe burnout from sustained 60+ hour work weeks without staffing support on high-priority delivery.,-0.81
1075,12,2026-09-01,2,4,3,2,Compa-ratio is noticeably below market benchmark while billable utilization is consistently above 95%.,-0.685
1076,40,2026-09-01,3,3,4,3,Standard project pacing. Client expectations are rigorous but manageable with proper staffing.,-0.085
1077,57,2026-09-01,3,3,3,3,Standard project pacing. Client expectations are rigorous but manageable with proper staffing.,0.035
1078,40,2026-09-01,3,5,3,3,Compensation aligns with industry averages. Waiting to see outcome of mid-year review cycle.,-0.086
1079,79,2026-09-01,3,3,4,3,"Good team dynamic, though communication between onshore and offshore squads could be smoother.",0.097
1080,66,2026-09-01,4,4,4,4,Energized by our client cloud modernization engagement and collaborative team culture.,0.704
1081,72,2026-09-01,4,4,4,3,Great autonomy on solution architecture. Enjoy mentoring junior analysts on agentic workflows.,0.455
1082,8,2026-09-01,3,4,3,4,Standard project pacing. Client expectations are rigorous but manageable with proper staffing.,0.118
1083,25,2026-09-01,4,4,4,4,The transition to modern data stack and AI tooling has been a huge boost to our delivery velocity.,0.816
1084,42,2026-09-01,5,4,4,3,The transition to modern data stack and AI tooling has been a huge boost to our delivery velocity.,0.755
1085,29,2026-09-01,3,4,4,3,Standard project pacing. Client expectations are rigorous but manageable with proper staffing.,-0.14
1086,79,2026-09-01,3,4,4,3,"Training resources on Azure and Gen AI are decent, hoping for more hands-on lab allocations.",-0.103
1087,64,2026-09-01,3,4,5,3,Standard project pacing. Client expectations are rigorous but manageable with proper staffing.,0.214
1088,25,2026-09-01,4,4,3,5,Standard project pacing. Client expectations are rigorous but manageable with proper staffing.,0.15
1089,58,2026-09-01,4,4,4,4,"Very fair compensation, excellent recognition from my engagement partner, and healthy work balance.",0.541
1090,44,2026-09-01,3,3,3,4,Severe burnout from sustained 60+ hour work weeks without staffing support on high-priority delivery.,-0.26
1091,25,2026-09-01,4,4,4,3,Leadership provides tremendous career mentoring and clear promotion trajectory.,0.866
1092,53,2026-09-01,4,4,4,5,Great autonomy on solution architecture. Enjoy mentoring junior analysts on agentic workflows.,0.655
1093,55,2026-09-01,4,4,5,3,"Very fair compensation, excellent recognition from my engagement partner, and healthy work balance.",0.595
1094,8,2026-09-01,4,4,4,3,Great autonomy on solution architecture. Enjoy mentoring junior analysts on agentic workflows.,0.499
1095,60,2026-09-01,4,4,4,4,Great autonomy on solution architecture. Enjoy mentoring junior analysts on agentic workflows.,0.487
1096,65,2026-09-01,4,4,4,5,Leadership provides tremendous career mentoring and clear promotion trajectory.,0.743
1097,1,2026-09-01,3,5,4,3,Standard project pacing. Client expectations are rigorous but manageable with proper staffing.,-0.019
1098,62,2026-09-01,3,5,4,4,"Training resources on Azure and Gen AI are decent, hoping for more hands-on lab allocations.",0.048
1099,40,2026-09-01,3,5,4,4,"Training resources on Azure and Gen AI are decent, hoping for more hands-on lab allocations.",0.104
1100,55,2026-09-01,4,3,3,3,Compa-ratio is noticeably below market benchmark while billable utilization is consistently above 95%.,-0.475
1101,21,2026-09-01,4,4,4,4,Great autonomy on solution architecture. Enjoy mentoring junior analysts on agentic workflows.,0.397
1102,42,2026-09-01,4,4,4,4,"Very fair compensation, excellent recognition from my engagement partner, and healthy work balance.",0.616
1103,10,2026-09-01,3,4,4,3,Compensation aligns with industry averages. Waiting to see outcome of mid-year review cycle.,0.218
1104,12,2026-09-01,4,5,3,3,Standard project pacing. Client expectations are rigorous but manageable with proper staffing.,0.133
1105,54,2026-09-01,4,3,4,4,Leadership provides tremendous career mentoring and clear promotion trajectory.,0.824
1106,65,2026-09-01,4,4,5,4,Great autonomy on solution architecture. Enjoy mentoring junior analysts on agentic workflows.,0.431
1107,63,2026-09-01,3,4,5,3,Standard project pacing. Client expectations are rigorous but manageable with proper staffing.,0.164
1108,5,2026-09-01,3,3,3,3,Disillusioned with unrealistic client deadlines and total absence of work-life boundaries.,-0.718
1109,56,2026-09-01,4,4,4,3,Leadership provides tremendous career mentoring and clear promotion trajectory.,0.535
1110,15,2026-09-01,3,5,3,3,Compensation aligns with industry averages. Waiting to see outcome of mid-year review cycle.,0.141
1111,68,2026-09-01,3,5,2,3,Disillusioned with unrealistic client deadlines and total absence of work-life boundaries.,-0.508
1112,18,2026-09-01,2,3,1,4,Frustrated by repeated delays in promotion cycle despite rating 5 performance in consecutive cycles.,-0.778
1113,42,2026-09-01,3,5,3,3,"Training resources on Azure and Gen AI are decent, hoping for more hands-on lab allocations.",0.159
1114,22,2026-09-01,3,4,4,3,Standard project pacing. Client expectations are rigorous but manageable with proper staffing.,0.022
1115,60,2026-09-01,3,3,4,3,Standard project pacing. Client expectations are rigorous but manageable with proper staffing.,-0.019
1116,54,2026-09-01,4,3,4,4,Energized by our client cloud modernization engagement and collaborative team culture.,0.745
1117,27,2026-09-01,2,4,3,4,Severe burnout from sustained 60+ hour work weeks without staffing support on high-priority delivery.,-0.727
1118,25,2026-09-01,3,3,4,3,"Good team dynamic, though communication between onshore and offshore squads could be smoother.",-0.085
1119,18,2026-09-01,4,3,4,4,Great autonomy on solution architecture. Enjoy mentoring junior analysts on agentic workflows.,0.549
1120,58,2026-09-01,4,4,4,3,Energized by our client cloud modernization engagement and collaborative team culture.,0.615
1121,53,2026-09-01,3,3,3,5,Disillusioned with unrealistic client deadlines and total absence of work-life boundaries.,-0.509
1122,54,2026-09-01,3,2,4,3,"Good team dynamic, though communication between onshore and offshore squads could be smoother.",0.014
1123,42,2026-09-01,3,3,5,4,Compensation aligns with industry averages. Waiting to see outcome of mid-year review cycle.,-0.077
1124,15,2026-09-01,2,4,3,2,Lack of psychological safety and micromanager style since recent leadership re-alignment.,-0.588
1125,55,2026-09-01,3,4,3,3,Standard project pacing. Client expectations are rigorous but manageable with proper staffing.,-0.117
1126,70,2026-09-01,3,3,3,4,"Training resources on Azure and Gen AI are decent, hoping for more hands-on lab allocations.",-0.01
1127,51,2026-09-01,3,3,3,3,Compensation aligns with industry averages. Waiting to see outcome of mid-year review cycle.,0.098
1128,20,2026-09-01,3,4,4,4,"Training resources on Azure and Gen AI are decent, hoping for more hands-on lab allocations.",0.195
1129,84,2026-09-01,4,4,4,3,Leadership provides tremendous career mentoring and clear promotion trajectory.,0.419
1130,57,2026-09-01,4,3,4,2,Great autonomy on solution architecture. Enjoy mentoring junior analysts on agentic workflows.,0.884
1131,34,2026-09-01,4,3,2,3,Disillusioned with unrealistic client deadlines and total absence of work-life boundaries.,-0.394
1132,27,2026-09-01,4,5,4,4,The transition to modern data stack and AI tooling has been a huge boost to our delivery velocity.,0.691
1133,14,2026-09-01,3,4,4,3,Standard project pacing. Client expectations are rigorous but manageable with proper staffing.,-0.025
1134,22,2026-09-01,3,3,4,5,Compensation aligns with industry averages. Waiting to see outcome of mid-year review cycle.,0.146
1135,36,2026-09-01,4,3,3,4,Compensation aligns with industry averages. Waiting to see outcome of mid-year review cycle.,0.082
1136,45,2026-09-01,4,3,4,5,The transition to modern data stack and AI tooling has been a huge boost to our delivery velocity.,0.895
1137,67,2026-09-01,4,4,4,4,Great autonomy on solution architecture. Enjoy mentoring junior analysts on agentic workflows.,0.626
1138,19,2026-09-01,4,4,4,3,"Very fair compensation, excellent recognition from my engagement partner, and healthy work balance.",0.839
1139,58,2026-09-01,3,3,4,3,Compensation aligns with industry averages. Waiting to see outcome of mid-year review cycle.,0.249
1140,6,2026-09-01,2,3,3,3,Disillusioned with unrealistic client deadlines and total absence of work-life boundaries.,-0.267
1141,12,2026-09-01,3,3,4,3,"Good team dynamic, though communication between onshore and offshore squads could be smoother.",0.076
1142,2,2026-09-01,4,4,4,3,The transition to modern data stack and AI tooling has been a huge boost to our delivery velocity.,0.518
1143,30,2026-09-01,3,4,3,3,Compensation aligns with industry averages. Waiting to see outcome of mid-year review cycle.,0.135
1144,63,2026-09-01,4,4,4,4,"Very fair compensation, excellent recognition from my engagement partner, and healthy work balance.",0.483
1145,51,2026-09-01,3,4,3,3,Frustrated by repeated delays in promotion cycle despite rating 5 performance in consecutive cycles.,-0.677
1146,54,2026-09-01,5,4,3,4,"Good team dynamic, though communication between onshore and offshore squads could be smoother.",-0.007
1147,40,2026-09-01,4,4,3,3,Standard project pacing. Client expectations are rigorous but manageable with proper staffing.,0.16
1148,73,2026-09-01,4,4,3,4,Standard project pacing. Client expectations are rigorous but manageable with proper staffing.,0.195
1149,33,2026-09-01,2,4,3,4,Compa-ratio is noticeably below market benchmark while billable utilization is consistently above 95%.,-0.342
1150,30,2026-09-01,3,4,3,4,Compensation aligns with industry averages. Waiting to see outcome of mid-year review cycle.,0.194
1151,34,2026-09-01,3,4,3,3,"Good team dynamic, though communication between onshore and offshore squads could be smoother.",0.045
1152,13,2026-09-01,3,4,3,3,"Good team dynamic, though communication between onshore and offshore squads could be smoother.",0.096
1153,40,2026-09-01,4,4,4,4,The transition to modern data stack and AI tooling has been a huge boost to our delivery velocity.,0.507
1154,18,2026-09-01,3,4,4,5,"Training resources on Azure and Gen AI are decent, hoping for more hands-on lab allocations.",-0.048
1155,36,2026-09-01,3,4,3,3,"Good team dynamic, though communication between onshore and offshore squads could be smoother.",0.115
1156,27,2026-09-01,4,4,3,4,"Training resources on Azure and Gen AI are decent, hoping for more hands-on lab allocations.",0.158
1157,55,2026-09-01,4,4,4,4,Energized by our client cloud modernization engagement and collaborative team culture.,0.596
1158,75,2026-09-01,4,2,4,5,Great autonomy on solution architecture. Enjoy mentoring junior analysts on agentic workflows.,0.844
1159,18,2026-09-01,3,5,4,2,"Good team dynamic, though communication between onshore and offshore squads could be smoother.",-0.068
1160,26,2026-09-01,3,4,4,3,"Good team dynamic, though communication between onshore and offshore squads could be smoother.",0.2
1161,72,2026-09-01,3,3,3,3,Standard project pacing. Client expectations are rigorous but manageable with proper staffing.,0.016
1162,59,2026-09-01,2,4,3,4,Disillusioned with unrealistic client deadlines and total absence of work-life boundaries.,-0.503
1163,11,2026-09-01,3,3,4,4,"Training resources on Azure and Gen AI are decent, hoping for more hands-on lab allocations.",0.021
1164,30,2026-09-01,2,4,3,4,Compa-ratio is noticeably below market benchmark while billable utilization is consistently above 95%.,-0.602
1165,36,2026-09-01,3,4,3,4,"Good team dynamic, though communication between onshore and offshore squads could be smoother.",-0.064
1166,27,2026-09-01,2,5,3,4,Compa-ratio is noticeably below market benchmark while billable utilization is consistently above 95%.,-0.826
1167,33,2026-09-01,5,4,4,4,The transition to modern data stack and AI tooling has been a huge boost to our delivery velocity.,0.478
1168,39,2026-09-01,5,4,3,3,"Good team dynamic, though communication between onshore and offshore squads could be smoother.",-0.124
1169,78,2026-09-01,4,4,4,3,"Very fair compensation, excellent recognition from my engagement partner, and healthy work balance.",0.731
1170,32,2026-09-01,3,2,3,4,Compensation aligns with industry averages. Waiting to see outcome of mid-year review cycle.,-0.068
1171,13,2026-09-01,4,3,3,3,Compensation aligns with industry averages. Waiting to see outcome of mid-year review cycle.,-0.051
1172,78,2026-09-01,3,4,3,5,"Training resources on Azure and Gen AI are decent, hoping for more hands-on lab allocations.",-0.145
1173,73,2026-09-01,3,5,3,3,Compensation aligns with industry averages. Waiting to see outcome of mid-year review cycle.,0.056
1174,50,2026-09-01,3,3,4,4,"Good team dynamic, though communication between onshore and offshore squads could be smoother.",0.131
1175,63,2026-09-01,2,3,3,3,Frustrated by repeated delays in promotion cycle despite rating 5 performance in consecutive cycles.,-0.371
1176,1,2026-09-01,3,5,4,3,"Good team dynamic, though communication between onshore and offshore squads could be smoother.",-0.113
1177,72,2026-09-01,3,5,3,4,Compensation aligns with industry averages. Waiting to see outcome of mid-year review cycle.,-0.095
1178,32,2026-09-01,4,4,3,4,"Training resources on Azure and Gen AI are decent, hoping for more hands-on lab allocations.",-0.035
1179,15,2026-09-01,4,4,5,4,The transition to modern data stack and AI tooling has been a huge boost to our delivery velocity.,0.441
1180,75,2026-09-01,3,4,4,2,"Good team dynamic, though communication between onshore and offshore squads could be smoother.",-0.031
1181,21,2026-09-01,4,4,4,3,"Very fair compensation, excellent recognition from my engagement partner, and healthy work balance.",0.628
1182,6,2026-09-01,3,4,3,3,Standard project pacing. Client expectations are rigorous but manageable with proper staffing.,0.208
1183,25,2026-09-01,3,3,3,4,Standard project pacing. Client expectations are rigorous but manageable with proper staffing.,0.246
1184,1,2026-09-01,3,4,3,4,Compensation aligns with industry averages. Waiting to see outcome of mid-year review cycle.,-0.067
1185,47,2026-09-01,4,4,5,3,The transition to modern data stack and AI tooling has been a huge boost to our delivery velocity.,0.727
1186,48,2026-09-01,3,3,3,3,Standard project pacing. Client expectations are rigorous but manageable with proper staffing.,0.146
1187,62,2026-09-01,4,4,3,4,"Good team dynamic, though communication between onshore and offshore squads could be smoother.",0.19
1188,82,2026-09-01,2,3,3,3,Severe burnout from sustained 60+ hour work weeks without staffing support on high-priority delivery.,-0.483
1189,6,2026-09-01,4,4,5,3,Energized by our client cloud modernization engagement and collaborative team culture.,0.838
1190,19,2026-09-01,3,3,4,5,"Training resources on Azure and Gen AI are decent, hoping for more hands-on lab allocations.",0.203
1191,22,2026-09-01,3,3,4,4,"Training resources on Azure and Gen AI are decent, hoping for more hands-on lab allocations.",0.229
1192,77,2026-09-01,3,5,5,4,Standard project pacing. Client expectations are rigorous but manageable with proper staffing.,0.073
1193,29,2026-09-01,3,5,3,3,Standard project pacing. Client expectations are rigorous but manageable with proper staffing.,0.184
1194,34,2026-09-01,3,4,4,3,Standard project pacing. Client expectations are rigorous but manageable with proper staffing.,-0.046
1195,55,2026-09-01,3,3,5,3,"Good team dynamic, though communication between onshore and offshore squads could be smoother.",0.139
1196,55,2026-09-01,3,4,4,4,"Good team dynamic, though communication between onshore and offshore squads could be smoother.",0.059
1197,43,2026-09-01,2,2,4,4,Severe burnout from sustained 60+ hour work weeks without staffing support on high-priority delivery.,-0.355
1198,40,2026-09-01,3,4,4,3,Compensation aligns with industry averages. Waiting to see outcome of mid-year review cycle.,0.243
1199,35,2026-09-01,2,4,2,3,Disillusioned with unrealistic client deadlines and total absence of work-life boundaries.,-0.276
1200,79,2026-09-01,3,4,2,2,Lack of psychological safety and micromanager style since recent leadership re-alignment.,-0.502
1201,75,2026-09-01,4,5,4,3,The transition to modern data stack and AI tooling has been a huge boost to our delivery velocity.,0.785
1202,38,2026-09-01,3,4,3,3,Severe burnout from sustained 60+ hour work weeks without staffing support on high-priority delivery.,-0.605
1203,78,2026-09-01,3,3,4,3,Standard project pacing. Client expectations are rigorous but manageable with proper staffing.,-0.135
1204,10,2026-09-01,3,3,5,3,"Good team dynamic, though communication between onshore and offshore squads could be smoother.",0.239
1205,74,2026-09-01,3,4,4,4,Compensation aligns with industry averages. Waiting to see outcome of mid-year review cycle.,-0.06
1206,2,2026-09-01,4,4,3,3,"Good team dynamic, though communication between onshore and offshore squads could be smoother.",0.015
1207,2,2026-09-01,3,3,4,3,Standard project pacing. Client expectations are rigorous but manageable with proper staffing.,-0.026
1208,78,2026-09-01,2,3,3,3,Severe burnout from sustained 60+ hour work weeks without staffing support on high-priority delivery.,-0.825
1209,55,2026-09-01,4,3,4,5,"Very fair compensation, excellent recognition from my engagement partner, and healthy work balance.",0.489
1210,1,2026-09-01,4,3,4,2,The transition to modern data stack and AI tooling has been a huge boost to our delivery velocity.,0.809
1211,60,2026-09-01,2,4,3,3,Compa-ratio is noticeably below market benchmark while billable utilization is consistently above 95%.,-0.634
1212,31,2026-09-01,3,5,3,4,Standard project pacing. Client expectations are rigorous but manageable with proper staffing.,0.069
1213,19,2026-09-01,5,4,5,5,Great autonomy on solution architecture. Enjoy mentoring junior analysts on agentic workflows.,0.835
1214,71,2026-09-01,2,3,4,3,Lack of psychological safety and micromanager style since recent leadership re-alignment.,-0.371
1215,63,2026-09-01,3,3,2,3,Lack of psychological safety and micromanager style since recent leadership re-alignment.,-0.635
1216,7,2026-09-01,4,3,3,3,Standard project pacing. Client expectations are rigorous but manageable with proper staffing.,-0.062
1217,57,2026-09-01,3,4,4,3,Compensation aligns with industry averages. Waiting to see outcome of mid-year review cycle.,-0.09
1218,56,2026-09-01,4,4,4,2,"Very fair compensation, excellent recognition from my engagement partner, and healthy work balance.",0.812
1219,18,2026-09-01,5,5,4,4,"Very fair compensation, excellent recognition from my engagement partner, and healthy work balance.",0.352
1220,43,2026-09-01,4,2,4,3,"Very fair compensation, excellent recognition from my engagement partner, and healthy work balance.",0.885
1221,61,2026-09-01,3,4,4,3,Standard project pacing. Client expectations are rigorous but manageable with proper staffing.,-0.061
1222,63,2026-09-01,4,3,4,4,Energized by our client cloud modernization engagement and collaborative team culture.,0.853
1223,75,2026-09-01,3,4,2,3,Compa-ratio is noticeably below market benchmark while billable utilization is consistently above 95%.,-0.422
1224,71,2026-09-01,4,4,4,3,Energized by our client cloud modernization engagement and collaborative team culture.,0.654
1225,25,2026-09-01,4,4,4,5,The transition to modern data stack and AI tooling has been a huge boost to our delivery velocity.,0.765
1226,39,2026-09-01,3,5,4,4,"Training resources on Azure and Gen AI are decent, hoping for more hands-on lab allocations.",-0.004
1227,24,2026-09-01,5,4,4,3,"Very fair compensation, excellent recognition from my engagement partner, and healthy work balance.",0.689
1228,48,2026-09-01,4,5,4,3,Leadership provides tremendous career mentoring and clear promotion trajectory.,0.649
1229,7,2026-09-01,4,3,3,3,"Good team dynamic, though communication between onshore and offshore squads could be smoother.",-0.095
1230,6,2026-09-01,3,3,3,3,Standard project pacing. Client expectations are rigorous but manageable with proper staffing.,0.222
1231,81,2026-09-01,3,4,4,4,Standard project pacing. Client expectations are rigorous but manageable with proper staffing.,0.176
1232,18,2026-09-01,3,5,4,4,Compensation aligns with industry averages. Waiting to see outcome of mid-year review cycle.,-0.075
1233,70,2026-09-01,3,4,4,3,Compensation aligns with industry averages. Waiting to see outcome of mid-year review cycle.,-0.086
1234,18,2026-09-01,3,4,4,3,"Training resources on Azure and Gen AI are decent, hoping for more hands-on lab allocations.",0.237
1235,23,2026-09-01,4,4,5,4,Great autonomy on solution architecture. Enjoy mentoring junior analysts on agentic workflows.,0.853
1236,31,2026-09-01,3,4,3,3,"Good team dynamic, though communication between onshore and offshore squads could be smoother.",-0.031
1237,59,2026-09-01,3,4,2,5,Compa-ratio is noticeably below market benchmark while billable utilization is consistently above 95%.,-0.334
1238,64,2026-09-01,3,5,3,4,"Training resources on Azure and Gen AI are decent, hoping for more hands-on lab allocations.",-0.017
1239,1,2026-09-01,3,4,3,3,"Good team dynamic, though communication between onshore and offshore squads could be smoother.",0.078
1240,39,2026-09-01,3,4,3,3,"Good team dynamic, though communication between onshore and offshore squads could be smoother.",0.15
1241,12,2026-09-01,5,5,4,4,The transition to modern data stack and AI tooling has been a huge boost to our delivery velocity.,0.458
1242,74,2026-09-01,3,4,4,4,"Training resources on Azure and Gen AI are decent, hoping for more hands-on lab allocations.",0.066
1243,71,2026-09-01,2,3,4,2,Severe burnout from sustained 60+ hour work weeks without staffing support on high-priority delivery.,-0.318
1244,7,2026-09-01,2,4,4,4,Disillusioned with unrealistic client deadlines and total absence of work-life boundaries.,-0.842
1245,56,2026-09-01,3,4,3,5,"Good team dynamic, though communication between onshore and offshore squads could be smoother.",0.006
1246,81,2026-09-01,3,4,3,3,Standard project pacing. Client expectations are rigorous but manageable with proper staffing.,-0.094
1247,70,2026-09-01,3,5,2,5,Compa-ratio is noticeably below market benchmark while billable utilization is consistently above 95%.,-0.356
1248,29,2026-09-01,2,5,2,4,Lack of psychological safety and micromanager style since recent leadership re-alignment.,-0.332
1249,2,2026-09-01,4,4,3,3,Compensation aligns with industry averages. Waiting to see outcome of mid-year review cycle.,-0.066
1250,71,2026-09-01,4,3,4,3,Energized by our client cloud modernization engagement and collaborative team culture.,0.793
1251,84,2026-09-01,3,3,3,3,"Good team dynamic, though communication between onshore and offshore squads could be smoother.",-0.059
1252,45,2026-09-01,3,5,4,3,"Training resources on Azure and Gen AI are decent, hoping for more hands-on lab allocations.",0.087
1253,40,2026-09-01,4,3,4,5,Leadership provides tremendous career mentoring and clear promotion trajectory.,0.684
1254,47,2026-09-01,3,4,4,4,Standard project pacing. Client expectations are rigorous but manageable with proper staffing.,-0.029
1255,63,2026-09-01,3,4,5,4,Compensation aligns with industry averages. Waiting to see outcome of mid-year review cycle.,0.108
1256,63,2026-09-01,5,4,4,5,Energized by our client cloud modernization engagement and collaborative team culture.,0.504
1257,2,2026-09-01,3,3,2,5,Lack of psychological safety and micromanager style since recent leadership re-alignment.,-0.265
1258,35,2026-09-01,4,5,4,3,The transition to modern data stack and AI tooling has been a huge boost to our delivery velocity.,0.436
1259,29,2026-09-01,3,4,4,4,"Good team dynamic, though communication between onshore and offshore squads could be smoother.",0.016
1260,80,2026-09-01,3,4,4,2,"Training resources on Azure and Gen AI are decent, hoping for more hands-on lab allocations.",0.201
1261,47,2026-09-01,4,4,5,3,Great autonomy on solution architecture. Enjoy mentoring junior analysts on agentic workflows.,0.862
1262,36,2026-09-01,3,3,3,3,Compensation aligns with industry averages. Waiting to see outcome of mid-year review cycle.,0.027
1263,10,2026-09-01,4,4,4,3,"Very fair compensation, excellent recognition from my engagement partner, and healthy work balance.",0.674
1264,78,2026-09-01,4,4,3,3,Standard project pacing. Client expectations are rigorous but manageable with proper staffing.,-0.027
1265,19,2026-09-01,3,3,3,3,Compensation aligns with industry averages. Waiting to see outcome of mid-year review cycle.,-0.011
1266,4,2026-09-01,3,4,4,3,"Training resources on Azure and Gen AI are decent, hoping for more hands-on lab allocations.",0.005
1267,13,2026-09-01,3,4,5,2,Compensation aligns with industry averages. Waiting to see outcome of mid-year review cycle.,0.042
1268,78,2026-09-01,2,3,4,3,Severe burnout from sustained 60+ hour work weeks without staffing support on high-priority delivery.,-0.634
1269,80,2026-09-01,3,3,2,3,Compa-ratio is noticeably below market benchmark while billable utilization is consistently above 95%.,-0.56
1270,29,2026-09-01,2,3,2,3,Frustrated by repeated delays in promotion cycle despite rating 5 performance in consecutive cycles.,-0.841
1271,56,2026-09-01,2,3,3,3,Severe burnout from sustained 60+ hour work weeks without staffing support on high-priority delivery.,-0.367
1272,41,2026-09-01,3,5,2,5,Frustrated by repeated delays in promotion cycle despite rating 5 performance in consecutive cycles.,-0.728
1273,81,2026-09-01,5,3,5,4,The transition to modern data stack and AI tooling has been a huge boost to our delivery velocity.,0.795
1274,73,2026-09-01,3,4,4,4,"Good team dynamic, though communication between onshore and offshore squads could be smoother.",0.008
1275,41,2026-09-01,4,3,3,3,Standard project pacing. Client expectations are rigorous but manageable with proper staffing.,0.09
1276,12,2026-09-01,3,4,4,3,"Training resources on Azure and Gen AI are decent, hoping for more hands-on lab allocations.",-0.125
1277,8,2026-09-01,3,3,4,3,Standard project pacing. Client expectations are rigorous but manageable with proper staffing.,0.048
1278,49,2026-09-01,5,4,4,3,Great autonomy on solution architecture. Enjoy mentoring junior analysts on agentic workflows.,0.785
1279,36,2026-09-01,4,3,3,2,"Good team dynamic, though communication between onshore and offshore squads could be smoother.",-0.016
1280,21,2026-09-01,4,2,3,3,Compensation aligns with industry averages. Waiting to see outcome of mid-year review cycle.,0.191
1281,78,2026-09-01,3,4,3,5,Lack of psychological safety and micromanager style since recent leadership re-alignment.,-0.393
1282,67,2026-09-01,4,4,4,3,The transition to modern data stack and AI tooling has been a huge boost to our delivery velocity.,0.765
1283,30,2026-09-01,3,4,4,2,"Training resources on Azure and Gen AI are decent, hoping for more hands-on lab allocations.",0.116
1284,6,2026-09-01,2,3,3,3,Disillusioned with unrealistic client deadlines and total absence of work-life boundaries.,-0.686
1285,83,2026-09-01,3,4,4,3,"Training resources on Azure and Gen AI are decent, hoping for more hands-on lab allocations.",0.104
1286,61,2026-09-01,5,4,4,5,"Very fair compensation, excellent recognition from my engagement partner, and healthy work balance.",0.361
1287,69,2026-09-01,2,5,3,4,Severe burnout from sustained 60+ hour work weeks without staffing support on high-priority delivery.,-0.625
1288,84,2026-09-01,4,4,4,3,Leadership provides tremendous career mentoring and clear promotion trajectory.,0.779
1289,52,2026-09-01,4,4,4,2,Great autonomy on solution architecture. Enjoy mentoring junior analysts on agentic workflows.,0.741
1290,12,2026-09-01,4,4,4,3,Energized by our client cloud modernization engagement and collaborative team culture.,0.371
1291,74,2026-09-01,4,4,4,3,Energized by our client cloud modernization engagement and collaborative team culture.,0.634
1292,80,2026-09-01,4,4,5,5,The transition to modern data stack and AI tooling has been a huge boost to our delivery velocity.,0.853
1293,42,2026-09-01,3,4,3,3,"Good team dynamic, though communication between onshore and offshore squads could be smoother.",-0.012
1294,14,2026-09-01,3,5,2,4,Disillusioned with unrealistic client deadlines and total absence of work-life boundaries.,-0.252
1295,3,2026-09-01,3,3,4,3,"Training resources on Azure and Gen AI are decent, hoping for more hands-on lab allocations.",0.085
1296,12,2026-09-01,3,3,3,3,Standard project pacing. Client expectations are rigorous but manageable with proper staffing.,-0.15
1297,35,2026-09-01,3,4,4,3,"Training resources on Azure and Gen AI are decent, hoping for more hands-on lab allocations.",-0.017
1298,25,2026-09-01,3,4,3,4,"Good team dynamic, though communication between onshore and offshore squads could be smoother.",0.192
1299,20,2026-09-01,4,4,4,4,The transition to modern data stack and AI tooling has been a huge boost to our delivery velocity.,0.529
1300,26,2026-09-01,2,5,2,3,Severe burnout from sustained 60+ hour work weeks without staffing support on high-priority delivery.,-0.584
1301,10,2026-09-01,3,5,3,4,Standard project pacing. Client expectations are rigorous but manageable with proper staffing.,0.009
1302,31,2026-09-01,4,5,4,3,Great autonomy on solution architecture. Enjoy mentoring junior analysts on agentic workflows.,0.743
1303,67,2026-09-01,3,4,3,3,"Training resources on Azure and Gen AI are decent, hoping for more hands-on lab allocations.",0.155
1304,13,2026-09-01,2,4,4,3,Severe burnout from sustained 60+ hour work weeks without staffing support on high-priority delivery.,-0.707
1305,32,2026-09-01,4,3,3,5,"Good team dynamic, though communication between onshore and offshore squads could be smoother.",-0.146
1306,7,2026-09-01,4,4,4,5,The transition to modern data stack and AI tooling has been a huge boost to our delivery velocity.,0.5
1307,19,2026-09-01,3,5,5,3,Standard project pacing. Client expectations are rigorous but manageable with proper staffing.,-0.123
1308,77,2026-09-01,4,4,4,3,The transition to modern data stack and AI tooling has been a huge boost to our delivery velocity.,0.816
1309,49,2026-09-01,4,4,3,3,"Good team dynamic, though communication between onshore and offshore squads could be smoother.",-0.059
1310,57,2026-09-01,5,4,4,4,The transition to modern data stack and AI tooling has been a huge boost to our delivery velocity.,0.875
1311,76,2026-09-01,3,2,3,3,"Good team dynamic, though communication between onshore and offshore squads could be smoother.",-0.037
1312,81,2026-09-01,4,4,4,5,Great autonomy on solution architecture. Enjoy mentoring junior analysts on agentic workflows.,0.461
1313,84,2026-09-01,4,4,5,4,Great autonomy on solution architecture. Enjoy mentoring junior analysts on agentic workflows.,0.395
1314,48,2026-09-01,2,2,4,3,Severe burnout from sustained 60+ hour work weeks without staffing support on high-priority delivery.,-0.292
1315,83,2026-09-01,3,5,4,3,Standard project pacing. Client expectations are rigorous but manageable with proper staffing.,-0.101
1316,48,2026-09-01,3,4,4,4,Compensation aligns with industry averages. Waiting to see outcome of mid-year review cycle.,0.103
1317,19,2026-09-01,2,3,3,4,Lack of psychological safety and micromanager style since recent leadership re-alignment.,-0.399
1318,34,2026-09-01,4,4,3,4,"Good team dynamic, though communication between onshore and offshore squads could be smoother.",0.065
1319,14,2026-09-01,3,4,4,3,"Training resources on Azure and Gen AI are decent, hoping for more hands-on lab allocations.",-0.077
1320,75,2026-09-01,4,3,4,4,Leadership provides tremendous career mentoring and clear promotion trajectory.,0.868
1321,60,2026-09-01,4,5,4,4,Leadership provides tremendous career mentoring and clear promotion trajectory.,0.778
1322,10,2026-09-01,3,4,5,4,Compensation aligns with industry averages. Waiting to see outcome of mid-year review cycle.,0.04
1323,69,2026-09-01,4,4,5,3,Leadership provides tremendous career mentoring and clear promotion trajectory.,0.476
1324,70,2026-09-01,4,3,3,3,Compensation aligns with industry averages. Waiting to see outcome of mid-year review cycle.,0.172
1325,20,2026-09-01,3,3,4,4,"Good team dynamic, though communication between onshore and offshore squads could be smoother.",0.237
1326,38,2026-09-01,2,4,3,4,Severe burnout from sustained 60+ hour work weeks without staffing support on high-priority delivery.,-0.278
1327,44,2026-09-01,2,5,3,4,Disillusioned with unrealistic client deadlines and total absence of work-life boundaries.,-0.405
1328,15,2026-09-01,3,4,3,3,"Good team dynamic, though communication between onshore and offshore squads could be smoother.",-0.089
1329,48,2026-09-01,4,4,5,4,"Very fair compensation, excellent recognition from my engagement partner, and healthy work balance.",0.443
1330,41,2026-09-01,3,4,4,5,"Good team dynamic, though communication between onshore and offshore squads could be smoother.",-0.128
1331,41,2026-09-01,3,3,4,3,Compensation aligns with industry averages. Waiting to see outcome of mid-year review cycle.,-0.068
1332,34,2026-09-01,3,4,3,3,"Training resources on Azure and Gen AI are decent, hoping for more hands-on lab allocations.",0.066
1333,44,2026-09-01,3,5,4,3,"Good team dynamic, though communication between onshore and offshore squads could be smoother.",0.185
1334,48,2026-09-01,3,4,4,4,Compensation aligns with industry averages. Waiting to see outcome of mid-year review cycle.,0.108
1335,72,2026-09-01,4,4,3,5,"Training resources on Azure and Gen AI are decent, hoping for more hands-on lab allocations.",-0.055
1336,55,2026-09-01,3,4,3,5,Standard project pacing. Client expectations are rigorous but manageable with proper staffing.,-0.109
1337,6,2026-09-01,4,4,4,4,Energized by our client cloud modernization engagement and collaborative team culture.,0.724
1338,61,2026-09-01,3,3,4,4,"Good team dynamic, though communication between onshore and offshore squads could be smoother.",0.088
1339,17,2026-09-01,3,4,3,3,Compensation aligns with industry averages. Waiting to see outcome of mid-year review cycle.,-0.129
1340,61,2026-09-01,2,4,4,3,Lack of psychological safety and micromanager style since recent leadership re-alignment.,-0.545
1341,77,2026-09-01,3,4,4,4,"Training resources on Azure and Gen AI are decent, hoping for more hands-on lab allocations.",0.223
1342,74,2026-09-01,2,4,4,3,Lack of psychological safety and micromanager style since recent leadership re-alignment.,-0.669
1343,50,2026-09-01,3,3,4,5,"Training resources on Azure and Gen AI are decent, hoping for more hands-on lab allocations.",0.122
1344,26,2026-09-01,3,3,4,3,Compensation aligns with industry averages. Waiting to see outcome of mid-year review cycle.,0.077
1345,32,2026-09-01,3,3,4,4,Compensation aligns with industry averages. Waiting to see outcome of mid-year review cycle.,0.198
1346,66,2026-09-01,3,5,4,3,Compensation aligns with industry averages. Waiting to see outcome of mid-year review cycle.,0.18
1347,84,2026-09-01,4,4,4,3,Energized by our client cloud modernization engagement and collaborative team culture.,0.87
1348,19,2026-09-01,4,5,5,5,Leadership provides tremendous career mentoring and clear promotion trajectory.,0.477
1349,50,2026-09-01,3,3,4,2,"Good team dynamic, though communication between onshore and offshore squads could be smoother.",0.15
1350,11,2026-09-01,3,3,3,3,Compensation aligns with industry averages. Waiting to see outcome of mid-year review cycle.,-0.127
1351,25,2026-09-01,4,3,3,3,"Good team dynamic, though communication between onshore and offshore squads could be smoother.",0.221
1352,44,2026-09-01,3,3,4,3,"Training resources on Azure and Gen AI are decent, hoping for more hands-on lab allocations.",-0.029
1353,50,2026-09-01,4,4,4,3,"Very fair compensation, excellent recognition from my engagement partner, and healthy work balance.",0.63
1354,68,2026-09-01,4,4,4,4,Great autonomy on solution architecture. Enjoy mentoring junior analysts on agentic workflows.,0.627
1355,9,2026-09-01,3,4,4,3,Compensation aligns with industry averages. Waiting to see outcome of mid-year review cycle.,-0.125
1356,53,2026-09-01,4,2,3,3,"Good team dynamic, though communication between onshore and offshore squads could be smoother.",0.063
1357,22,2026-09-01,2,3,4,3,Severe burnout from sustained 60+ hour work weeks without staffing support on high-priority delivery.,-0.761
1358,28,2026-09-01,4,4,5,3,Great autonomy on solution architecture. Enjoy mentoring junior analysts on agentic workflows.,0.836
1359,59,2026-09-01,2,4,2,3,Lack of psychological safety and micromanager style since recent leadership re-alignment.,-0.641
1360,78,2026-09-01,3,4,4,3,"Training resources on Azure and Gen AI are decent, hoping for more hands-on lab allocations.",0.081
1361,4,2026-09-01,3,2,3,3,"Good team dynamic, though communication between onshore and offshore squads could be smoother.",-0.143
1362,53,2026-09-01,3,5,4,3,"Good team dynamic, though communication between onshore and offshore squads could be smoother.",0.187
1363,71,2026-09-01,3,4,4,3,"Training resources on Azure and Gen AI are decent, hoping for more hands-on lab allocations.",0.058
1364,58,2026-09-01,4,5,4,3,"Very fair compensation, excellent recognition from my engagement partner, and healthy work balance.",0.743
1365,66,2026-09-01,3,3,4,3,Compensation aligns with industry averages. Waiting to see outcome of mid-year review cycle.,-0.134
1366,1,2026-09-01,3,5,2,5,Compa-ratio is noticeably below market benchmark while billable utilization is consistently above 95%.,-0.379
1367,71,2026-09-01,3,3,2,4,Severe burnout from sustained 60+ hour work weeks without staffing support on high-priority delivery.,-0.358
1368,62,2026-09-01,3,3,4,3,Standard project pacing. Client expectations are rigorous but manageable with proper staffing.,-0.057
1369,80,2026-09-01,3,4,3,3,Standard project pacing. Client expectations are rigorous but manageable with proper staffing.,0.018
1370,51,2026-09-01,3,4,4,3,Standard project pacing. Client expectations are rigorous but manageable with proper staffing.,0.193
1371,51,2026-09-01,4,4,3,5,Compensation aligns with industry averages. Waiting to see outcome of mid-year review cycle.,0.127
1372,3,2026-09-01,4,4,4,3,"Very fair compensation, excellent recognition from my engagement partner, and healthy work balance.",0.446
1373,59,2026-09-01,2,3,2,2,Lack of psychological safety and micromanager style since recent leadership re-alignment.,-0.389
1374,69,2026-09-01,4,3,4,4,Leadership provides tremendous career mentoring and clear promotion trajectory.,0.606
1375,38,2026-09-01,2,4,3,3,Lack of psychological safety and micromanager style since recent leadership re-alignment.,-0.526
1376,64,2026-09-01,4,5,4,3,The transition to modern data stack and AI tooling has been a huge boost to our delivery velocity.,0.53
1377,67,2026-09-01,4,3,4,3,Leadership provides tremendous career mentoring and clear promotion trajectory.,0.454
1378,63,2026-09-01,3,3,5,4,"Training resources on Azure and Gen AI are decent, hoping for more hands-on lab allocations.",-0.086
1379,54,2026-09-01,4,4,4,5,The transition to modern data stack and AI tooling has been a huge boost to our delivery velocity.,0.361
1380,64,2026-09-01,3,3,4,5,Compensation aligns with industry averages. Waiting to see outcome of mid-year review cycle.,-0.139
1381,15,2026-09-01,3,3,4,3,"Good team dynamic, though communication between onshore and offshore squads could be smoother.",0.014
1382,66,2026-09-01,4,4,3,3,"Good team dynamic, though communication between onshore and offshore squads could be smoother.",0.214
1383,52,2026-09-01,4,4,4,4,Leadership provides tremendous career mentoring and clear promotion trajectory.,0.352
1384,64,2026-09-01,5,5,4,3,The transition to modern data stack and AI tooling has been a huge boost to our delivery velocity.,0.653
1385,3,2026-09-01,3,3,4,2,"Training resources on Azure and Gen AI are decent, hoping for more hands-on lab allocations.",0.093
1386,57,2026-09-01,2,3,3,4,Frustrated by repeated delays in promotion cycle despite rating 5 performance in consecutive cycles.,-0.814
1387,79,2026-09-01,4,4,4,3,Energized by our client cloud modernization engagement and collaborative team culture.,0.829
1388,77,2026-09-01,3,5,4,5,"Training resources on Azure and Gen AI are decent, hoping for more hands-on lab allocations.",0.002
1389,47,2026-09-01,3,4,3,3,"Training resources on Azure and Gen AI are decent, hoping for more hands-on lab allocations.",0.077
1390,83,2026-09-01,2,4,2,3,Severe burnout from sustained 60+ hour work weeks without staffing support on high-priority delivery.,-0.67
1391,69,2026-09-01,3,3,4,3,"Good team dynamic, though communication between onshore and offshore squads could be smoother.",-0.076
1392,71,2026-09-01,3,5,3,4,Disillusioned with unrealistic client deadlines and total absence of work-life boundaries.,-0.428
1393,7,2026-09-01,3,5,3,3,Severe burnout from sustained 60+ hour work weeks without staffing support on high-priority delivery.,-0.429
1394,31,2026-09-01,5,4,5,4,Energized by our client cloud modernization engagement and collaborative team culture.,0.897
1395,22,2026-09-01,3,4,3,3,"Good team dynamic, though communication between onshore and offshore squads could be smoother.",0.127
1396,83,2026-09-01,4,5,4,3,Energized by our client cloud modernization engagement and collaborative team culture.,0.499
1397,24,2026-09-01,2,3,3,3,Severe burnout from sustained 60+ hour work weeks without staffing support on high-priority delivery.,-0.391
1398,31,2026-09-01,3,3,3,4,"Good team dynamic, though communication between onshore and offshore squads could be smoother.",-0.079
1399,35,2026-09-01,3,4,3,4,Standard project pacing. Client expectations are rigorous but manageable with proper staffing.,0.21
1400,2,2026-09-01,4,4,3,5,Standard project pacing. Client expectations are rigorous but manageable with proper staffing.,0.064
1401,83,2026-09-01,4,5,3,3,"Training resources on Azure and Gen AI are decent, hoping for more hands-on lab allocations.",0.106
1402,50,2026-09-01,4,3,5,4,Great autonomy on solution architecture. Enjoy mentoring junior analysts on agentic workflows.,0.514
1403,11,2026-09-01,4,4,4,3,Leadership provides tremendous career mentoring and clear promotion trajectory.,0.452
1404,9,2026-09-01,3,4,4,3,"Training resources on Azure and Gen AI are decent, hoping for more hands-on lab allocations.",0.028
1405,3,2026-09-01,4,3,4,3,Leadership provides tremendous career mentoring and clear promotion trajectory.,0.594
1406,84,2026-09-01,3,4,3,4,"Training resources on Azure and Gen AI are decent, hoping for more hands-on lab allocations.",0.174
1407,25,2026-09-01,3,2,3,3,Compensation aligns with industry averages. Waiting to see outcome of mid-year review cycle.,0.004
1408,66,2026-09-01,3,4,5,2,Standard project pacing. Client expectations are rigorous but manageable with proper staffing.,0.145
1409,74,2026-09-01,4,4,4,3,Energized by our client cloud modernization engagement and collaborative team culture.,0.673
1410,19,2026-09-01,4,4,5,2,"Very fair compensation, excellent recognition from my engagement partner, and healthy work balance.",0.881
1411,10,2026-09-01,4,3,3,5,Standard project pacing. Client expectations are rigorous but manageable with proper staffing.,0.107
1412,27,2026-09-01,3,5,3,5,"Good team dynamic, though communication between onshore and offshore squads could be smoother.",0.083
1413,14,2026-09-01,4,4,4,2,Leadership provides tremendous career mentoring and clear promotion trajectory.,0.575
1414,1,2026-09-01,4,3,4,3,Great autonomy on solution architecture. Enjoy mentoring junior analysts on agentic workflows.,0.726
1415,23,2026-09-01,4,3,5,3,"Very fair compensation, excellent recognition from my engagement partner, and healthy work balance.",0.798
1416,9,2026-09-01,4,3,4,3,Leadership provides tremendous career mentoring and clear promotion trajectory.,0.351
1417,52,2026-09-01,3,5,4,4,"Training resources on Azure and Gen AI are decent, hoping for more hands-on lab allocations.",0.111
1418,84,2026-09-01,3,4,3,3,Standard project pacing. Client expectations are rigorous but manageable with proper staffing.,0.123
1419,62,2026-09-01,3,3,3,3,Standard project pacing. Client expectations are rigorous but manageable with proper staffing.,-0.059
1420,55,2026-09-01,2,4,3,3,Severe burnout from sustained 60+ hour work weeks without staffing support on high-priority delivery.,-0.275
1421,79,2026-09-01,4,4,4,5,The transition to modern data stack and AI tooling has been a huge boost to our delivery velocity.,0.778
1422,80,2026-09-01,3,2,4,4,Compensation aligns with industry averages. Waiting to see outcome of mid-year review cycle.,0.08
1423,76,2026-09-01,4,3,4,5,"Very fair compensation, excellent recognition from my engagement partner, and healthy work balance.",0.701
1424,69,2026-09-01,3,5,4,3,Standard project pacing. Client expectations are rigorous but manageable with proper staffing.,0.071
1425,65,2026-09-01,3,4,3,2,Compensation aligns with industry averages. Waiting to see outcome of mid-year review cycle.,0.129
1426,77,2026-09-01,4,3,4,4,Great autonomy on solution architecture. Enjoy mentoring junior analysts on agentic workflows.,0.652
1427,71,2026-09-01,4,4,3,5,"Training resources on Azure and Gen AI are decent, hoping for more hands-on lab allocations.",0.249
1428,26,2026-09-01,3,5,5,5,"Good team dynamic, though communication between onshore and offshore squads could be smoother.",0.075
1429,67,2026-09-01,3,5,3,3,"Good team dynamic, though communication between onshore and offshore squads could be smoother.",0.229
1430,24,2026-09-01,4,5,3,3,Compensation aligns with industry averages. Waiting to see outcome of mid-year review cycle.,0.224
1431,56,2026-09-01,4,4,5,3,"Very fair compensation, excellent recognition from my engagement partner, and healthy work balance.",0.708
1432,68,2026-09-01,3,5,3,3,Disillusioned with unrealistic client deadlines and total absence of work-life boundaries.,-0.609
1433,69,2026-09-01,3,4,3,3,Severe burnout from sustained 60+ hour work weeks without staffing support on high-priority delivery.,-0.622
1434,79,2026-09-01,3,3,3,4,"Good team dynamic, though communication between onshore and offshore squads could be smoother.",-0.14
1435,39,2026-09-01,4,4,4,3,Great autonomy on solution architecture. Enjoy mentoring junior analysts on agentic workflows.,0.617
1436,18,2026-09-01,4,4,4,4,Great autonomy on solution architecture. Enjoy mentoring junior analysts on agentic workflows.,0.624
1437,17,2026-09-01,4,4,4,4,"Very fair compensation, excellent recognition from my engagement partner, and healthy work balance.",0.385
1438,28,2026-09-01,5,3,4,3,Energized by our client cloud modernization engagement and collaborative team culture.,0.669
1439,29,2026-09-01,4,3,4,3,Energized by our client cloud modernization engagement and collaborative team culture.,0.819
1440,4,2026-09-01,4,4,4,3,Energized by our client cloud modernization engagement and collaborative team culture.,0.799
1441,62,2026-09-01,2,4,2,3,Compa-ratio is noticeably below market benchmark while billable utilization is consistently above 95%.,-0.702
1442,52,2026-09-01,3,2,4,3,"Training resources on Azure and Gen AI are decent, hoping for more hands-on lab allocations.",0.162
1443,78,2026-09-01,3,3,5,3,"Good team dynamic, though communication between onshore and offshore squads could be smoother.",0.002
1444,73,2026-09-01,4,3,4,3,The transition to modern data stack and AI tooling has been a huge boost to our delivery velocity.,0.812
1445,4,2026-09-01,2,3,2,3,Frustrated by repeated delays in promotion cycle despite rating 5 performance in consecutive cycles.,-0.513
1446,9,2026-09-01,3,4,5,3,Standard project pacing. Client expectations are rigorous but manageable with proper staffing.,0.133
1447,71,2026-09-01,5,3,4,5,Great autonomy on solution architecture. Enjoy mentoring junior analysts on agentic workflows.,0.725
1448,55,2026-09-01,3,3,4,4,"Good team dynamic, though communication between onshore and offshore squads could be smoother.",-0.015
1449,49,2026-09-01,4,4,3,5,"Good team dynamic, though communication between onshore and offshore squads could be smoother.",0.135
1450,52,2026-09-01,3,4,4,4,Standard project pacing. Client expectations are rigorous but manageable with proper staffing.,0.02
1451,5,2026-09-01,3,2,3,4,"Training resources on Azure and Gen AI are decent, hoping for more hands-on lab allocations.",0.017
1452,24,2026-09-01,3,4,5,4,Compensation aligns with industry averages. Waiting to see outcome of mid-year review cycle.,-0.014
1453,18,2026-09-01,3,3,2,4,Disillusioned with unrealistic client deadlines and total absence of work-life boundaries.,-0.789
1454,44,2026-09-01,3,3,3,3,"Good team dynamic, though communication between onshore and offshore squads could be smoother.",-0.028
1455,54,2026-09-01,2,3,3,4,Frustrated by repeated delays in promotion cycle despite rating 5 performance in consecutive cycles.,-0.629
1456,25,2026-09-01,4,5,4,2,Leadership provides tremendous career mentoring and clear promotion trajectory.,0.451
1457,28,2026-09-01,4,4,4,4,Leadership provides tremendous career mentoring and clear promotion trajectory.,0.375
1458,60,2026-09-01,3,4,4,4,"Good team dynamic, though communication between onshore and offshore squads could be smoother.",0.166
1459,58,2026-09-01,4,4,4,4,Great autonomy on solution architecture. Enjoy mentoring junior analysts on agentic workflows.,0.625
1460,79,2026-09-01,4,4,3,4,Compensation aligns with industry averages. Waiting to see outcome of mid-year review cycle.,-0.109
1461,54,2026-09-01,4,4,4,4,"Very fair compensation, excellent recognition from my engagement partner, and healthy work balance.",0.514
1462,64,2026-09-01,3,4,4,4,"Training resources on Azure and Gen AI are decent, hoping for more hands-on lab allocations.",0.236
1463,49,2026-09-01,3,2,3,3,"Good team dynamic, though communication between onshore and offshore squads could be smoother.",-0.01
1464,5,2026-09-01,4,3,4,3,"Very fair compensation, excellent recognition from my engagement partner, and healthy work balance.",0.71
1465,73,2026-09-01,2,3,3,3,Compa-ratio is noticeably below market benchmark while billable utilization is consistently above 95%.,-0.371
1466,57,2026-09-01,3,4,4,3,"Good team dynamic, though communication between onshore and offshore squads could be smoother.",-0.146
1467,38,2026-09-01,4,2,3,4,"Training resources on Azure and Gen AI are decent, hoping for more hands-on lab allocations.",0.128
1468,23,2026-09-01,4,5,4,5,"Very fair compensation, excellent recognition from my engagement partner, and healthy work balance.",0.481
1469,79,2026-09-01,4,4,4,4,Leadership provides tremendous career mentoring and clear promotion trajectory.,0.5
1470,68,2026-09-01,3,3,4,3,"Training resources on Azure and Gen AI are decent, hoping for more hands-on lab allocations.",0.038
1471,13,2026-09-01,3,4,4,3,"Good team dynamic, though communication between onshore and offshore squads could be smoother.",0.182
1472,46,2026-09-01,4,4,3,3,Standard project pacing. Client expectations are rigorous but manageable with proper staffing.,-0.089
1473,10,2026-09-01,3,3,4,3,"Training resources on Azure and Gen AI are decent, hoping for more hands-on lab allocations.",0.142
1474,25,2026-09-01,3,3,4,3,"Good team dynamic, though communication between onshore and offshore squads could be smoother.",0.189
1475,64,2026-09-01,4,4,3,3,Standard project pacing. Client expectations are rigorous but manageable with proper staffing.,0.051
1476,18,2026-09-01,3,4,3,4,Standard project pacing. Client expectations are rigorous but manageable with proper staffing.,-0.082
1477,83,2026-09-01,5,4,4,4,The transition to modern data stack and AI tooling has been a huge boost to our delivery velocity.,0.849
1478,51,2026-09-01,4,4,4,3,The transition to modern data stack and AI tooling has been a huge boost to our delivery velocity.,0.799
1479,6,2026-09-01,4,3,3,4,Compensation aligns with industry averages. Waiting to see outcome of mid-year review cycle.,0.183
1480,59,2026-09-01,3,4,4,3,"Training resources on Azure and Gen AI are decent, hoping for more hands-on lab allocations.",0.072
1481,78,2026-09-01,3,4,4,3,Standard project pacing. Client expectations are rigorous but manageable with proper staffing.,0.236
1482,53,2026-09-01,2,3,2,4,Frustrated by repeated delays in promotion cycle despite rating 5 performance in consecutive cycles.,-0.47
1483,31,2026-09-01,2,5,4,4,Severe burnout from sustained 60+ hour work weeks without staffing support on high-priority delivery.,-0.28
1484,54,2026-09-01,4,3,3,4,Standard project pacing. Client expectations are rigorous but manageable with proper staffing.,0.192
1485,21,2026-09-01,4,4,3,4,"Training resources on Azure and Gen AI are decent, hoping for more hands-on lab allocations.",-0.036
1486,69,2026-09-01,2,5,4,3,Compa-ratio is noticeably below market benchmark while billable utilization is consistently above 95%.,-0.294
1487,69,2026-09-01,3,4,4,3,"Training resources on Azure and Gen AI are decent, hoping for more hands-on lab allocations.",0.158
1488,78,2026-09-01,4,5,5,4,Leadership provides tremendous career mentoring and clear promotion trajectory.,0.865
1489,38,2026-09-01,3,4,3,3,"Good team dynamic, though communication between onshore and offshore squads could be smoother.",0.22
1490,65,2026-09-01,5,5,4,5,The transition to modern data stack and AI tooling has been a huge boost to our delivery velocity.,0.698
1491,1,2026-09-01,5,3,3,4,"Training resources on Azure and Gen AI are decent, hoping for more hands-on lab allocations.",-0.091
1492,60,2026-09-01,3,4,3,3,Compensation aligns with industry averages. Waiting to see outcome of mid-year review cycle.,0.146
1493,61,2026-09-01,4,5,5,3,Energized by our client cloud modernization engagement and collaborative team culture.,0.886
1494,16,2026-09-01,3,4,4,4,"Training resources on Azure and Gen AI are decent, hoping for more hands-on lab allocations.",0.102
1495,14,2026-09-01,3,4,3,5,Compensation aligns with industry averages. Waiting to see outcome of mid-year review cycle.,0.042
1496,17,2026-09-01,3,3,3,3,Compensation aligns with industry averages. Waiting to see outcome of mid-year review cycle.,0.169
1497,1,2026-09-01,3,4,3,3,Standard project pacing. Client expectations are rigorous but manageable with proper staffing.,-0.034
1498,26,2026-09-01,3,3,3,4,"Good team dynamic, though communication between onshore and offshore squads could be smoother.",0.162
1499,45,2026-09-01,3,5,2,3,Severe burnout from sustained 60+ hour work weeks without staffing support on high-priority delivery.,-0.605
1500,64,2026-09-01,3,3,5,4,Standard project pacing. Client expectations are rigorous but manageable with proper staffing.,0.022
1501,10,2026-09-01,3,3,3,3,Compensation aligns with industry averages. Waiting to see outcome of mid-year review cycle.,0.152
1502,63,2026-09-01,3,4,4,3,"Good team dynamic, though communication between onshore and offshore squads could be smoother.",0.066
1503,54,2026-09-01,3,4,3,4,Compensation aligns with industry averages. Waiting to see outcome of mid-year review cycle.,0.107
1504,51,2026-09-01,4,4,4,4,The transition to modern data stack and AI tooling has been a huge boost to our delivery velocity.,0.585
1505,73,2026-09-01,3,4,4,3,Standard project pacing. Client expectations are rigorous but manageable with proper staffing.,0.104
1506,57,2026-09-01,4,4,4,4,The transition to modern data stack and AI tooling has been a huge boost to our delivery velocity.,0.718
1507,77,2026-09-01,3,4,5,4,Standard project pacing. Client expectations are rigorous but manageable with proper staffing.,0.107
1508,45,2026-09-01,3,4,3,5,"Good team dynamic, though communication between onshore and offshore squads could be smoother.",0.202
1509,8,2026-09-01,3,4,4,3,"Good team dynamic, though communication between onshore and offshore squads could be smoother.",0.088
1510,46,2026-09-01,2,5,3,3,Disillusioned with unrealistic client deadlines and total absence of work-life boundaries.,-0.649
1511,27,2026-09-01,3,3,3,2,Disillusioned with unrealistic client deadlines and total absence of work-life boundaries.,-0.422
1512,4,2026-09-01,3,3,5,4,"Training resources on Azure and Gen AI are decent, hoping for more hands-on lab allocations.",0.173
1513,4,2026-09-01,5,4,3,3,"Good team dynamic, though communication between onshore and offshore squads could be smoother.",0.06
1514,64,2026-09-01,2,4,3,3,Compa-ratio is noticeably below market benchmark while billable utilization is consistently above 95%.,-0.634
1515,45,2026-09-01,3,3,5,4,"Good team dynamic, though communication between onshore and offshore squads could be smoother.",0.241
1516,30,2026-09-01,4,5,4,5,Leadership provides tremendous career mentoring and clear promotion trajectory.,0.868
1517,10,2026-09-01,4,4,4,4,"Very fair compensation, excellent recognition from my engagement partner, and healthy work balance.",0.67
1518,40,2026-09-01,4,4,4,3,"Very fair compensation, excellent recognition from my engagement partner, and healthy work balance.",0.705
1519,31,2026-09-01,3,4,4,4,"Training resources on Azure and Gen AI are decent, hoping for more hands-on lab allocations.",0.247
1520,59,2026-09-01,3,5,4,3,"Training resources on Azure and Gen AI are decent, hoping for more hands-on lab allocations.",0.202
1521,70,2026-09-01,3,4,5,3,Compensation aligns with industry averages. Waiting to see outcome of mid-year review cycle.,0.175
1522,81,2026-09-01,4,3,3,3,"Good team dynamic, though communication between onshore and offshore squads could be smoother.",-0.08
1523,69,2026-09-01,4,3,4,3,Leadership provides tremendous career mentoring and clear promotion trajectory.,0.779
1524,63,2026-09-01,5,4,3,5,Compensation aligns with industry averages. Waiting to see outcome of mid-year review cycle.,0.111
1525,74,2026-09-01,3,3,4,3,Compensation aligns with industry averages. Waiting to see outcome of mid-year review cycle.,-0.026
1526,72,2026-09-01,3,4,4,2,Compensation aligns with industry averages. Waiting to see outcome of mid-year review cycle.,0.155
1527,75,2026-09-01,3,5,4,4,Standard project pacing. Client expectations are rigorous but manageable with proper staffing.,0.162
1528,84,2026-09-01,4,3,4,5,Leadership provides tremendous career mentoring and clear promotion trajectory.,0.746
1529,27,2026-09-01,4,3,4,3,Great autonomy on solution architecture. Enjoy mentoring junior analysts on agentic workflows.,0.802
1530,37,2026-09-01,1,4,3,3,Lack of psychological safety and micromanager style since recent leadership re-alignment.,-0.601
1531,38,2026-09-01,3,5,4,3,Compensation aligns with industry averages. Waiting to see outcome of mid-year review cycle.,0.08
1532,20,2026-09-01,3,2,3,3,"Good team dynamic, though communication between onshore and offshore squads could be smoother.",-0.044
1533,26,2026-09-01,3,3,4,3,Compensation aligns with industry averages. Waiting to see outcome of mid-year review cycle.,-0.059
1534,11,2026-09-01,3,4,3,4,"Training resources on Azure and Gen AI are decent, hoping for more hands-on lab allocations.",0.18
1535,36,2026-09-01,4,4,3,3,"Training resources on Azure and Gen AI are decent, hoping for more hands-on lab allocations.",0.091
1536,57,2026-09-01,4,4,4,3,Great autonomy on solution architecture. Enjoy mentoring junior analysts on agentic workflows.,0.693
1537,66,2026-09-01,3,3,4,3,Compensation aligns with industry averages. Waiting to see outcome of mid-year review cycle.,-0.027
1538,38,2026-09-01,4,4,3,4,Frustrated by repeated delays in promotion cycle despite rating 5 performance in consecutive cycles.,-0.448
1539,27,2026-09-01,2,5,3,3,Compa-ratio is noticeably below market benchmark while billable utilization is consistently above 95%.,-0.415
1540,38,2026-09-01,4,5,4,3,Leadership provides tremendous career mentoring and clear promotion trajectory.,0.509
1541,22,2026-09-01,2,3,3,3,Lack of psychological safety and micromanager style since recent leadership re-alignment.,-0.698
1542,46,2026-09-01,3,4,4,3,"Training resources on Azure and Gen AI are decent, hoping for more hands-on lab allocations.",-0.102
1543,29,2026-09-01,3,4,4,5,"Training resources on Azure and Gen AI are decent, hoping for more hands-on lab allocations.",0.105
1544,61,2026-09-01,4,4,4,4,The transition to modern data stack and AI tooling has been a huge boost to our delivery velocity.,0.661
1545,49,2026-09-01,3,4,3,5,Frustrated by repeated delays in promotion cycle despite rating 5 performance in consecutive cycles.,-0.345
1546,47,2026-09-01,3,5,5,3,"Training resources on Azure and Gen AI are decent, hoping for more hands-on lab allocations.",0.239
1547,3,2026-09-01,3,4,3,3,Standard project pacing. Client expectations are rigorous but manageable with proper staffing.,0.047
1548,19,2026-09-01,4,3,4,4,Great autonomy on solution architecture. Enjoy mentoring junior analysts on agentic workflows.,0.563
1549,64,2026-09-01,4,4,4,3,Leadership provides tremendous career mentoring and clear promotion trajectory.,0.831
1550,81,2026-09-01,3,3,4,2,Standard project pacing. Client expectations are rigorous but manageable with proper staffing.,0.1
1551,84,2026-09-01,3,4,3,3,"Training resources on Azure and Gen AI are decent, hoping for more hands-on lab allocations.",-0.098
1552,39,2026-09-01,4,4,4,3,Energized by our client cloud modernization engagement and collaborative team culture.,0.81
1553,18,2026-09-01,4,5,4,3,The transition to modern data stack and AI tooling has been a huge boost to our delivery velocity.,0.655
1554,19,2026-09-01,3,4,4,5,"Good team dynamic, though communication between onshore and offshore squads could be smoother.",0.245
1555,47,2026-09-01,3,4,2,4,Frustrated by repeated delays in promotion cycle despite rating 5 performance in consecutive cycles.,-0.574
1556,14,2026-09-01,2,4,4,2,Lack of psychological safety and micromanager style since recent leadership re-alignment.,-0.36
1557,71,2026-09-01,3,3,3,3,Compensation aligns with industry averages. Waiting to see outcome of mid-year review cycle.,0.219
1558,82,2026-09-01,4,4,4,3,Great autonomy on solution architecture. Enjoy mentoring junior analysts on agentic workflows.,0.693
1559,75,2026-09-01,2,3,3,4,Frustrated by repeated delays in promotion cycle despite rating 5 performance in consecutive cycles.,-0.351
1560,6,2026-09-01,4,4,4,5,Great autonomy on solution architecture. Enjoy mentoring junior analysts on agentic workflows.,0.762
1561,33,2026-09-01,4,4,4,4,The transition to modern data stack and AI tooling has been a huge boost to our delivery velocity.,0.781
1562,20,2026-09-01,4,4,5,3,Leadership provides tremendous career mentoring and clear promotion trajectory.,0.708
1563,13,2026-09-01,4,3,3,5,"Training resources on Azure and Gen AI are decent, hoping for more hands-on lab allocations.",0.234
1564,37,2026-09-01,3,4,4,3,"Training resources on Azure and Gen AI are decent, hoping for more hands-on lab allocations.",0.113
1565,79,2026-09-01,2,5,2,3,Severe burnout from sustained 60+ hour work weeks without staffing support on high-priority delivery.,-0.719
1566,38,2026-09-01,3,3,4,4,"Good team dynamic, though communication between onshore and offshore squads could be smoother.",-0.018
1567,27,2026-09-01,4,3,4,3,Great autonomy on solution architecture. Enjoy mentoring junior analysts on agentic workflows.,0.858
1568,3,2026-09-01,3,4,1,3,Compa-ratio is noticeably below market benchmark while billable utilization is consistently above 95%.,-0.75
1569,18,2026-09-01,2,4,5,2,Frustrated by repeated delays in promotion cycle despite rating 5 performance in consecutive cycles.,-0.515
1570,43,2026-09-01,4,4,3,2,Standard project pacing. Client expectations are rigorous but manageable with proper staffing.,0.099
1571,52,2026-09-01,3,4,4,3,"Good team dynamic, though communication between onshore and offshore squads could be smoother.",0.126
1572,2,2026-09-01,4,4,4,4,Leadership provides tremendous career mentoring and clear promotion trajectory.,0.851
1573,32,2026-09-01,2,3,3,4,Severe burnout from sustained 60+ hour work weeks without staffing support on high-priority delivery.,-0.554
1574,59,2026-09-01,2,4,4,3,Disillusioned with unrealistic client deadlines and total absence of work-life boundaries.,-0.333
1575,68,2026-09-01,3,5,4,3,Standard project pacing. Client expectations are rigorous but manageable with proper staffing.,0.211
1576,73,2026-09-01,3,3,4,5,Compensation aligns with industry averages. Waiting to see outcome of mid-year review cycle.,0.124
1577,71,2026-09-01,3,3,4,4,Compensation aligns with industry averages. Waiting to see outcome of mid-year review cycle.,-0.052
1578,78,2026-09-01,5,4,5,4,"Very fair compensation, excellent recognition from my engagement partner, and healthy work balance.",0.488
1579,25,2026-09-01,2,2,3,3,Lack of psychological safety and micromanager style since recent leadership re-alignment.,-0.364
1580,64,2026-09-01,4,4,3,5,Standard project pacing. Client expectations are rigorous but manageable with proper staffing.,-0.133
1581,44,2026-09-01,3,4,3,4,Lack of psychological safety and micromanager style since recent leadership re-alignment.,-0.465
1582,42,2026-09-01,3,3,5,3,"Good team dynamic, though communication between onshore and offshore squads could be smoother.",-0.085
1583,67,2026-09-01,2,4,4,3,Disillusioned with unrealistic client deadlines and total absence of work-life boundaries.,-0.356
1584,26,2026-09-01,3,4,4,3,Standard project pacing. Client expectations are rigorous but manageable with proper staffing.,0.174
1585,29,2026-09-01,3,5,4,3,Standard project pacing. Client expectations are rigorous but manageable with proper staffing.,0.16
1586,54,2026-09-01,4,3,4,5,The transition to modern data stack and AI tooling has been a huge boost to our delivery velocity.,0.738
1587,61,2026-09-01,3,2,3,3,"Good team dynamic, though communication between onshore and offshore squads could be smoother.",0.181
1588,12,2026-09-01,3,3,3,3,"Good team dynamic, though communication between onshore and offshore squads could be smoother.",0.105
1589,63,2026-09-01,3,3,3,4,"Training resources on Azure and Gen AI are decent, hoping for more hands-on lab allocations.",0.177
1590,56,2026-09-01,2,5,4,3,Compa-ratio is noticeably below market benchmark while billable utilization is consistently above 95%.,-0.408
1591,17,2026-09-01,3,3,4,2,Compensation aligns with industry averages. Waiting to see outcome of mid-year review cycle.,-0.075
1592,82,2026-09-01,4,3,4,4,Great autonomy on solution architecture. Enjoy mentoring junior analysts on agentic workflows.,0.814
1593,34,2026-09-01,3,4,4,3,Compensation aligns with industry averages. Waiting to see outcome of mid-year review cycle.,0.173
1594,21,2026-09-01,3,3,3,3,"Good team dynamic, though communication between onshore and offshore squads could be smoother.",0.002
1595,76,2026-09-01,3,4,3,3,Compa-ratio is noticeably below market benchmark while billable utilization is consistently above 95%.,-0.361
1596,5,2026-09-01,4,3,4,4,"Very fair compensation, excellent recognition from my engagement partner, and healthy work balance.",0.688
1597,16,2026-09-01,3,4,3,4,"Good team dynamic, though communication between onshore and offshore squads could be smoother.",0.25
1598,8,2026-09-01,4,4,3,5,"Good team dynamic, though communication between onshore and offshore squads could be smoother.",0.063
1599,37,2026-09-01,3,5,3,3,Standard project pacing. Client expectations are rigorous but manageable with proper staffing.,0.057
1600,31,2026-09-01,4,5,4,4,"Very fair compensation, excellent recognition from my engagement partner, and healthy work balance.",0.817
1601,56,2026-09-01,3,3,4,3,Standard project pacing. Client expectations are rigorous but manageable with proper staffing.,0.064
1602,70,2026-09-01,4,4,2,4,Frustrated by repeated delays in promotion cycle despite rating 5 performance in consecutive cycles.,-0.441
1603,58,2026-09-01,3,3,3,3,"Training resources on Azure and Gen AI are decent, hoping for more hands-on lab allocations.",0.013
1604,32,2026-09-01,3,5,4,4,"Good team dynamic, though communication between onshore and offshore squads could be smoother.",0.044
1605,52,2026-09-01,4,5,4,3,"Very fair compensation, excellent recognition from my engagement partner, and healthy work balance.",0.877
1606,23,2026-09-01,3,3,5,4,"Good team dynamic, though communication between onshore and offshore squads could be smoother.",0.087
1607,27,2026-09-01,3,3,5,3,Compensation aligns with industry averages. Waiting to see outcome of mid-year review cycle.,-0.042
1608,40,2026-09-01,3,4,3,5,Standard project pacing. Client expectations are rigorous but manageable with proper staffing.,0.009
1609,76,2026-09-01,4,3,4,4,"Very fair compensation, excellent recognition from my engagement partner, and healthy work balance.",0.375
1610,27,2026-09-01,3,3,4,3,Standard project pacing. Client expectations are rigorous but manageable with proper staffing.,0.054
1611,83,2026-09-01,3,4,4,3,"Training resources on Azure and Gen AI are decent, hoping for more hands-on lab allocations.",0.011
1612,75,2026-09-01,4,5,4,4,"Very fair compensation, excellent recognition from my engagement partner, and healthy work balance.",0.502
1613,31,2026-09-01,4,4,4,4,Energized by our client cloud modernization engagement and collaborative team culture.,0.572
1614,62,2026-09-01,3,2,3,5,Disillusioned with unrealistic client deadlines and total absence of work-life boundaries.,-0.774
1615,51,2026-09-01,3,3,4,4,Compensation aligns with industry averages. Waiting to see outcome of mid-year review cycle.,0.014
1616,19,2026-09-01,4,3,5,2,The transition to modern data stack and AI tooling has been a huge boost to our delivery velocity.,0.549
1617,7,2026-09-01,4,3,4,3,Energized by our client cloud modernization engagement and collaborative team culture.,0.729
1618,59,2026-09-01,3,3,5,3,Standard project pacing. Client expectations are rigorous but manageable with proper staffing.,0.02
1619,65,2026-09-01,3,3,3,5,Standard project pacing. Client expectations are rigorous but manageable with proper staffing.,0.202
1620,11,2026-09-01,3,4,4,4,Standard project pacing. Client expectations are rigorous but manageable with proper staffing.,0.236
1621,68,2026-09-01,2,4,4,4,Severe burnout from sustained 60+ hour work weeks without staffing support on high-priority delivery.,-0.506
1622,75,2026-09-01,2,4,3,3,Lack of psychological safety and micromanager style since recent leadership re-alignment.,-0.412
1623,70,2026-09-01,3,4,4,3,Compensation aligns with industry averages. Waiting to see outcome of mid-year review cycle.,-0.023
1624,61,2026-09-01,4,4,4,5,"Very fair compensation, excellent recognition from my engagement partner, and healthy work balance.",0.855
1625,44,2026-09-01,2,5,3,4,Lack of psychological safety and micromanager style since recent leadership re-alignment.,-0.424
1626,31,2026-09-01,3,3,3,3,Standard project pacing. Client expectations are rigorous but manageable with proper staffing.,-0.075
1627,39,2026-09-01,3,3,3,3,Standard project pacing. Client expectations are rigorous but manageable with proper staffing.,-0.125
1628,17,2026-09-01,4,2,3,3,"Good team dynamic, though communication between onshore and offshore squads could be smoother.",0.171
1629,10,2026-09-01,4,5,5,4,"Very fair compensation, excellent recognition from my engagement partner, and healthy work balance.",0.736
1630,38,2026-09-01,4,4,4,3,"Very fair compensation, excellent recognition from my engagement partner, and healthy work balance.",0.793
1631,67,2026-09-01,4,4,3,5,Severe burnout from sustained 60+ hour work weeks without staffing support on high-priority delivery.,-0.539
1632,62,2026-09-01,3,5,4,4,Standard project pacing. Client expectations are rigorous but manageable with proper staffing.,0.062
1633,11,2026-09-01,4,3,4,5,Energized by our client cloud modernization engagement and collaborative team culture.,0.584
1634,66,2026-09-01,3,4,4,3,"Training resources on Azure and Gen AI are decent, hoping for more hands-on lab allocations.",0.233
1635,50,2026-09-01,2,4,4,4,Compa-ratio is noticeably below market benchmark while billable utilization is consistently above 95%.,-0.814
1636,51,2026-09-01,3,4,3,3,Compensation aligns with industry averages. Waiting to see outcome of mid-year review cycle.,0.152
1637,3,2026-09-01,5,4,5,5,Energized by our client cloud modernization engagement and collaborative team culture.,0.817
1638,65,2026-09-01,3,5,1,3,Frustrated by repeated delays in promotion cycle despite rating 5 performance in consecutive cycles.,-0.314
1639,47,2026-09-01,4,1,3,3,Compensation aligns with industry averages. Waiting to see outcome of mid-year review cycle.,0.031
1640,64,2026-09-01,3,4,3,3,Compensation aligns with industry averages. Waiting to see outcome of mid-year review cycle.,0.096
1641,64,2026-09-01,4,3,3,4,"Training resources on Azure and Gen AI are decent, hoping for more hands-on lab allocations.",-0.022
1642,80,2026-09-01,2,4,4,3,Severe burnout from sustained 60+ hour work weeks without staffing support on high-priority delivery.,-0.402
1643,64,2026-09-01,2,3,3,3,Compa-ratio is noticeably below market benchmark while billable utilization is consistently above 95%.,-0.548
1644,61,2026-09-01,4,4,3,3,Compensation aligns with industry averages. Waiting to see outcome of mid-year review cycle.,0.079
1645,9,2026-09-01,2,5,4,3,Severe burnout from sustained 60+ hour work weeks without staffing support on high-priority delivery.,-0.601
1646,71,2026-09-01,4,4,3,3,Standard project pacing. Client expectations are rigorous but manageable with proper staffing.,0.186
1647,67,2026-09-01,4,3,3,3,"Training resources on Azure and Gen AI are decent, hoping for more hands-on lab allocations.",0.128
1648,40,2026-09-01,5,3,3,4,Compensation aligns with industry averages. Waiting to see outcome of mid-year review cycle.,0.206
1649,19,2026-09-01,3,4,3,3,Standard project pacing. Client expectations are rigorous but manageable with proper staffing.,0.096
1650,57,2026-09-01,3,5,4,3,"Training resources on Azure and Gen AI are decent, hoping for more hands-on lab allocations.",0.106
1651,48,2026-09-01,4,4,4,4,"Very fair compensation, excellent recognition from my engagement partner, and healthy work balance.",0.862
1652,59,2026-09-01,4,4,5,4,Energized by our client cloud modernization engagement and collaborative team culture.,0.387
1653,40,2026-09-01,5,4,3,5,"Training resources on Azure and Gen AI are decent, hoping for more hands-on lab allocations.",0.22
1654,55,2026-09-01,3,4,4,4,"Training resources on Azure and Gen AI are decent, hoping for more hands-on lab allocations.",0.179
1655,19,2026-09-01,5,3,4,4,Energized by our client cloud modernization engagement and collaborative team culture.,0.75
1656,34,2026-09-01,3,4,4,3,"Training resources on Azure and Gen AI are decent, hoping for more hands-on lab allocations.",0.193
1657,37,2026-09-01,3,3,4,3,Standard project pacing. Client expectations are rigorous but manageable with proper staffing.,-0.093
1658,25,2026-09-01,4,5,5,5,Leadership provides tremendous career mentoring and clear promotion trajectory.,0.636
1659,1,2026-09-01,3,4,3,2,Compensation aligns with industry averages. Waiting to see outcome of mid-year review cycle.,-0.039
1660,28,2026-09-01,3,4,3,3,"Training resources on Azure and Gen AI are decent, hoping for more hands-on lab allocations.",-0.137
1661,47,2026-09-01,5,3,5,5,"Very fair compensation, excellent recognition from my engagement partner, and healthy work balance.",0.416
1662,76,2026-09-01,4,4,4,3,"Very fair compensation, excellent recognition from my engagement partner, and healthy work balance.",0.575
1663,28,2026-09-01,2,4,2,3,Severe burnout from sustained 60+ hour work weeks without staffing support on high-priority delivery.,-0.393
1664,39,2026-09-01,3,3,3,3,"Training resources on Azure and Gen AI are decent, hoping for more hands-on lab allocations.",-0.129
1665,14,2026-09-01,2,4,4,3,Lack of psychological safety and micromanager style since recent leadership re-alignment.,-0.31
1666,1,2026-09-01,3,4,4,3,"Good team dynamic, though communication between onshore and offshore squads could be smoother.",-0.03
1667,9,2026-09-01,3,5,5,3,Standard project pacing. Client expectations are rigorous but manageable with proper staffing.,0.135
1668,74,2026-09-01,4,3,3,4,"Training resources on Azure and Gen AI are decent, hoping for more hands-on lab allocations.",-0.001
1669,67,2026-09-01,3,5,3,3,"Training resources on Azure and Gen AI are decent, hoping for more hands-on lab allocations.",0.048
1670,81,2026-09-01,3,4,4,3,Compensation aligns with industry averages. Waiting to see outcome of mid-year review cycle.,-0.047
1671,70,2026-09-01,4,3,3,3,Compensation aligns with industry averages. Waiting to see outcome of mid-year review cycle.,0.068
1672,56,2026-09-01,2,4,3,3,Frustrated by repeated delays in promotion cycle despite rating 5 performance in consecutive cycles.,-0.457
1673,84,2026-09-01,2,3,3,3,Compa-ratio is noticeably below market benchmark while billable utilization is consistently above 95%.,-0.584
1674,38,2026-09-01,4,4,5,3,Energized by our client cloud modernization engagement and collaborative team culture.,0.669
1675,35,2026-09-01,4,3,4,3,Great autonomy on solution architecture. Enjoy mentoring junior analysts on agentic workflows.,0.383
1676,2,2026-09-01,4,2,3,4,Frustrated by repeated delays in promotion cycle despite rating 5 performance in consecutive cycles.,-0.421
1677,78,2026-09-01,4,4,3,4,"Training resources on Azure and Gen AI are decent, hoping for more hands-on lab allocations.",-0.079
1678,6,2026-09-01,4,5,5,3,Great autonomy on solution architecture. Enjoy mentoring junior analysts on agentic workflows.,0.352
1679,60,2026-09-01,4,5,4,5,Leadership provides tremendous career mentoring and clear promotion trajectory.,0.693
1680,6,2026-09-01,3,3,5,4,Standard project pacing. Client expectations are rigorous but manageable with proper staffing.,0.121
1681,69,2026-09-01,2,3,3,4,Disillusioned with unrealistic client deadlines and total absence of work-life boundaries.,-0.461
1682,61,2026-09-01,4,2,4,4,The transition to modern data stack and AI tooling has been a huge boost to our delivery velocity.,0.815
1683,8,2026-09-01,3,3,5,3,"Training resources on Azure and Gen AI are decent, hoping for more hands-on lab allocations.",0.04
1684,75,2026-09-01,4,5,5,5,Great autonomy on solution architecture. Enjoy mentoring junior analysts on agentic workflows.,0.372
1685,1,2026-09-01,3,3,3,5,Disillusioned with unrealistic client deadlines and total absence of work-life boundaries.,-0.678
1686,61,2026-09-01,4,3,4,4,Energized by our client cloud modernization engagement and collaborative team culture.,0.782
1687,80,2026-09-01,3,3,3,3,Standard project pacing. Client expectations are rigorous but manageable with proper staffing.,-0.006
1688,55,2026-09-01,4,4,4,3,"Very fair compensation, excellent recognition from my engagement partner, and healthy work balance.",0.546
1689,27,2026-09-01,3,4,3,2,"Training resources on Azure and Gen AI are decent, hoping for more hands-on lab allocations.",-0.006
1690,50,2026-09-01,4,4,4,4,"Very fair compensation, excellent recognition from my engagement partner, and healthy work balance.",0.639
1691,8,2026-09-01,3,3,4,3,"Good team dynamic, though communication between onshore and offshore squads could be smoother.",0.106
1692,10,2026-09-01,4,3,3,5,"Training resources on Azure and Gen AI are decent, hoping for more hands-on lab allocations.",-0.125
1693,13,2026-09-01,3,4,4,4,"Good team dynamic, though communication between onshore and offshore squads could be smoother.",0.138
1694,27,2026-09-01,3,1,4,4,Standard project pacing. Client expectations are rigorous but manageable with proper staffing.,0.246
1695,13,2026-09-01,4,4,3,3,"Good team dynamic, though communication between onshore and offshore squads could be smoother.",0.19
1696,75,2026-09-01,3,4,5,3,"Good team dynamic, though communication between onshore and offshore squads could be smoother.",0.059
1697,68,2026-09-01,3,5,4,4,Standard project pacing. Client expectations are rigorous but manageable with proper staffing.,-0.149
1698,18,2026-09-01,4,5,4,3,Leadership provides tremendous career mentoring and clear promotion trajectory.,0.763
1699,56,2026-09-01,3,3,4,3,Compensation aligns with industry averages. Waiting to see outcome of mid-year review cycle.,-0.129
1700,79,2026-09-01,3,3,3,4,Frustrated by repeated delays in promotion cycle despite rating 5 performance in consecutive cycles.,-0.521
1701,36,2026-09-01,3,4,5,3,Standard project pacing. Client expectations are rigorous but manageable with proper staffing.,0.001
1702,23,2026-09-01,3,5,4,3,Compensation aligns with industry averages. Waiting to see outcome of mid-year review cycle.,0.221
1703,56,2026-09-01,2,4,4,3,Frustrated by repeated delays in promotion cycle despite rating 5 performance in consecutive cycles.,-0.614
1704,35,2026-09-01,3,4,3,3,Compensation aligns with industry averages. Waiting to see outcome of mid-year review cycle.,0.154
1705,18,2026-09-01,4,4,4,3,"Very fair compensation, excellent recognition from my engagement partner, and healthy work balance.",0.808
1706,32,2026-09-01,4,4,4,2,Energized by our client cloud modernization engagement and collaborative team culture.,0.846
1707,80,2026-09-01,5,5,4,3,Great autonomy on solution architecture. Enjoy mentoring junior analysts on agentic workflows.,0.637
1708,43,2026-09-01,3,4,4,4,Compensation aligns with industry averages. Waiting to see outcome of mid-year review cycle.,0.189
1709,54,2026-09-01,3,3,4,3,"Training resources on Azure and Gen AI are decent, hoping for more hands-on lab allocations.",0.102
1710,66,2026-09-01,3,4,4,3,"Training resources on Azure and Gen AI are decent, hoping for more hands-on lab allocations.",-0.061
1711,9,2026-09-01,4,4,4,3,Great autonomy on solution architecture. Enjoy mentoring junior analysts on agentic workflows.,0.557
1712,28,2026-09-01,3,4,4,4,Standard project pacing. Client expectations are rigorous but manageable with proper staffing.,0.178
1713,29,2026-09-01,3,2,4,3,"Good team dynamic, though communication between onshore and offshore squads could be smoother.",0.119
1714,54,2026-09-01,3,3,3,3,"Good team dynamic, though communication between onshore and offshore squads could be smoother.",0.157
1715,50,2026-09-01,3,3,3,3,Severe burnout from sustained 60+ hour work weeks without staffing support on high-priority delivery.,-0.814
1716,12,2026-09-01,2,4,3,2,Frustrated by repeated delays in promotion cycle despite rating 5 performance in consecutive cycles.,-0.838
1717,54,2026-09-01,3,3,2,5,Compa-ratio is noticeably below market benchmark while billable utilization is consistently above 95%.,-0.738
1718,17,2026-09-01,3,4,4,2,Compensation aligns with industry averages. Waiting to see outcome of mid-year review cycle.,0.062
1719,55,2026-09-01,3,4,3,3,Standard project pacing. Client expectations are rigorous but manageable with proper staffing.,0.213
1720,80,2026-09-01,3,4,3,3,Standard project pacing. Client expectations are rigorous but manageable with proper staffing.,0.173
1721,3,2026-09-01,5,3,4,4,"Very fair compensation, excellent recognition from my engagement partner, and healthy work balance.",0.578
1722,17,2026-09-01,3,4,4,2,"Good team dynamic, though communication between onshore and offshore squads could be smoother.",0.152
1723,38,2026-09-01,4,3,3,3,Standard project pacing. Client expectations are rigorous but manageable with proper staffing.,-0.083
1724,29,2026-09-01,5,3,4,4,Leadership provides tremendous career mentoring and clear promotion trajectory.,0.817
1725,49,2026-09-01,3,5,3,2,Severe burnout from sustained 60+ hour work weeks without staffing support on high-priority delivery.,-0.487
1726,74,2026-09-01,4,4,3,3,Compensation aligns with industry averages. Waiting to see outcome of mid-year review cycle.,-0.095
1727,5,2026-09-01,3,4,4,4,"Good team dynamic, though communication between onshore and offshore squads could be smoother.",-0.137
1728,37,2026-09-01,4,4,4,4,Energized by our client cloud modernization engagement and collaborative team culture.,0.569
1729,56,2026-09-01,3,3,3,3,"Training resources on Azure and Gen AI are decent, hoping for more hands-on lab allocations.",0.058
1730,7,2026-09-01,4,3,4,4,Energized by our client cloud modernization engagement and collaborative team culture.,0.704
1731,77,2026-09-01,4,4,4,4,Great autonomy on solution architecture. Enjoy mentoring junior analysts on agentic workflows.,0.557
1732,16,2026-09-01,3,3,3,3,"Good team dynamic, though communication between onshore and offshore squads could be smoother.",-0.143
1733,14,2026-09-01,4,3,4,5,Great autonomy on solution architecture. Enjoy mentoring junior analysts on agentic workflows.,0.449
1734,35,2026-09-01,4,3,4,4,Leadership provides tremendous career mentoring and clear promotion trajectory.,0.73
1735,47,2026-09-01,2,4,2,3,Disillusioned with unrealistic client deadlines and total absence of work-life boundaries.,-0.837
1736,40,2026-09-01,4,3,5,4,Energized by our client cloud modernization engagement and collaborative team culture.,0.722
1737,28,2026-09-01,3,4,4,3,Standard project pacing. Client expectations are rigorous but manageable with proper staffing.,0.089
1738,82,2026-09-01,4,3,4,4,The transition to modern data stack and AI tooling has been a huge boost to our delivery velocity.,0.53
1739,68,2026-09-01,2,4,2,3,Frustrated by repeated delays in promotion cycle despite rating 5 performance in consecutive cycles.,-0.749
1740,18,2026-09-01,3,2,3,3,Standard project pacing. Client expectations are rigorous but manageable with proper staffing.,-0.05
1741,3,2026-09-01,3,4,5,5,"Good team dynamic, though communication between onshore and offshore squads could be smoother.",-0.008
1742,17,2026-09-01,3,3,3,3,"Training resources on Azure and Gen AI are decent, hoping for more hands-on lab allocations.",0.171
1743,29,2026-09-01,3,4,4,5,"Training resources on Azure and Gen AI are decent, hoping for more hands-on lab allocations.",0.018
1744,43,2026-09-01,3,4,3,3,Standard project pacing. Client expectations are rigorous but manageable with proper staffing.,0.035
1745,62,2026-09-01,4,4,4,3,Great autonomy on solution architecture. Enjoy mentoring junior analysts on agentic workflows.,0.434
1746,39,2026-09-01,3,5,3,3,"Good team dynamic, though communication between onshore and offshore squads could be smoother.",0.116
1747,30,2026-09-01,2,4,4,3,Frustrated by repeated delays in promotion cycle despite rating 5 performance in consecutive cycles.,-0.543
1748,29,2026-09-01,4,3,4,4,Energized by our client cloud modernization engagement and collaborative team culture.,0.372
1749,76,2026-09-01,3,3,3,3,"Good team dynamic, though communication between onshore and offshore squads could be smoother.",0.015
1750,9,2026-09-01,3,4,4,2,"Good team dynamic, though communication between onshore and offshore squads could be smoother.",0.244
1751,24,2026-09-01,3,4,3,4,Standard project pacing. Client expectations are rigorous but manageable with proper staffing.,0.148
1752,69,2026-09-01,3,4,4,3,"Good team dynamic, though communication between onshore and offshore squads could be smoother.",0.043
1753,72,2026-09-01,2,4,3,3,Lack of psychological safety and micromanager style since recent leadership re-alignment.,-0.703
1754,72,2026-09-01,3,3,4,2,"Training resources on Azure and Gen AI are decent, hoping for more hands-on lab allocations.",-0.148
1755,38,2026-09-01,4,5,3,3,Compensation aligns with industry averages. Waiting to see outcome of mid-year review cycle.,0.222
1756,39,2026-09-01,2,4,5,3,Compa-ratio is noticeably below market benchmark while billable utilization is consistently above 95%.,-0.32
1757,21,2026-09-01,4,4,4,3,The transition to modern data stack and AI tooling has been a huge boost to our delivery velocity.,0.44
1758,61,2026-09-01,4,4,5,3,Great autonomy on solution architecture. Enjoy mentoring junior analysts on agentic workflows.,0.749
1759,33,2026-09-01,3,4,4,3,Standard project pacing. Client expectations are rigorous but manageable with proper staffing.,-0.107
1760,55,2026-09-01,3,3,4,3,"Training resources on Azure and Gen AI are decent, hoping for more hands-on lab allocations.",0.012
1761,25,2026-09-01,3,4,4,3,"Training resources on Azure and Gen AI are decent, hoping for more hands-on lab allocations.",0.15
1762,63,2026-09-01,3,4,4,3,Compensation aligns with industry averages. Waiting to see outcome of mid-year review cycle.,0.069
1763,1,2026-09-01,3,5,3,3,Compa-ratio is noticeably below market benchmark while billable utilization is consistently above 95%.,-0.529
1764,44,2026-09-01,5,3,4,4,Great autonomy on solution architecture. Enjoy mentoring junior analysts on agentic workflows.,0.644
1765,1,2026-09-01,4,4,4,3,Leadership provides tremendous career mentoring and clear promotion trajectory.,0.883
1766,1,2026-09-01,3,2,3,3,Standard project pacing. Client expectations are rigorous but manageable with proper staffing.,0.226
1767,77,2026-09-01,2,3,2,3,Disillusioned with unrealistic client deadlines and total absence of work-life boundaries.,-0.71
1768,13,2026-09-01,4,4,4,3,Energized by our client cloud modernization engagement and collaborative team culture.,0.601
1769,51,2026-09-01,4,4,4,2,The transition to modern data stack and AI tooling has been a huge boost to our delivery velocity.,0.863
1770,20,2026-09-01,3,3,4,3,Compensation aligns with industry averages. Waiting to see outcome of mid-year review cycle.,0.092
1771,56,2026-09-01,3,4,3,4,"Training resources on Azure and Gen AI are decent, hoping for more hands-on lab allocations.",0.215
1772,10,2026-09-01,3,4,4,4,Compensation aligns with industry averages. Waiting to see outcome of mid-year review cycle.,-0.048
1773,57,2026-09-01,3,3,4,3,Standard project pacing. Client expectations are rigorous but manageable with proper staffing.,0.023
1774,14,2026-09-01,4,4,4,4,Energized by our client cloud modernization engagement and collaborative team culture.,0.545
1775,57,2026-09-01,3,5,2,3,Frustrated by repeated delays in promotion cycle despite rating 5 performance in consecutive cycles.,-0.81
1776,17,2026-09-01,3,5,3,4,Compensation aligns with industry averages. Waiting to see outcome of mid-year review cycle.,-0.118
1777,40,2026-09-01,4,4,3,5,Severe burnout from sustained 60+ hour work weeks without staffing support on high-priority delivery.,-0.306
1778,20,2026-09-01,4,3,4,4,The transition to modern data stack and AI tooling has been a huge boost to our delivery velocity.,0.573
1779,42,2026-09-01,3,4,3,2,"Training resources on Azure and Gen AI are decent, hoping for more hands-on lab allocations.",0.143
1780,82,2026-09-01,3,4,4,3,Compensation aligns with industry averages. Waiting to see outcome of mid-year review cycle.,0.183
1781,29,2026-09-01,4,4,4,3,The transition to modern data stack and AI tooling has been a huge boost to our delivery velocity.,0.814
1782,37,2026-09-01,4,3,4,3,Great autonomy on solution architecture. Enjoy mentoring junior analysts on agentic workflows.,0.77
1783,2,2026-09-01,3,4,4,3,"Good team dynamic, though communication between onshore and offshore squads could be smoother.",0.098
1784,66,2026-09-01,4,5,4,3,Leadership provides tremendous career mentoring and clear promotion trajectory.,0.755
1785,5,2026-09-01,2,4,4,3,Frustrated by repeated delays in promotion cycle despite rating 5 performance in consecutive cycles.,-0.25
1786,34,2026-09-01,3,4,3,3,"Good team dynamic, though communication between onshore and offshore squads could be smoother.",-0.139
1787,68,2026-09-01,3,4,3,4,Compensation aligns with industry averages. Waiting to see outcome of mid-year review cycle.,0.094
1788,24,2026-09-01,3,3,3,2,Severe burnout from sustained 60+ hour work weeks without staffing support on high-priority delivery.,-0.47
1789,12,2026-09-01,4,4,4,4,Leadership provides tremendous career mentoring and clear promotion trajectory.,0.38
1790,54,2026-09-01,4,3,4,4,Leadership provides tremendous career mentoring and clear promotion trajectory.,0.515
1791,23,2026-09-01,4,2,4,5,Energized by our client cloud modernization engagement and collaborative team culture.,0.657
1792,36,2026-09-01,4,4,3,5,"Training resources on Azure and Gen AI are decent, hoping for more hands-on lab allocations.",-0.03
1793,47,2026-09-01,3,4,2,3,Severe burnout from sustained 60+ hour work weeks without staffing support on high-priority delivery.,-0.252
1794,32,2026-09-01,2,4,4,2,Lack of psychological safety and micromanager style since recent leadership re-alignment.,-0.801
1795,53,2026-09-01,4,4,3,5,"Good team dynamic, though communication between onshore and offshore squads could be smoother.",0.12
1796,42,2026-09-01,4,3,5,4,Energized by our client cloud modernization engagement and collaborative team culture.,0.475
1797,20,2026-09-01,2,4,4,3,Severe burnout from sustained 60+ hour work weeks without staffing support on high-priority delivery.,-0.707
1798,44,2026-09-01,4,4,3,4,Standard project pacing. Client expectations are rigorous but manageable with proper staffing.,-0.092
1799,35,2026-09-01,3,3,5,5,"Good team dynamic, though communication between onshore and offshore squads could be smoother.",0.106
1800,72,2026-09-01,4,3,3,3,"Good team dynamic, though communication between onshore and offshore squads could be smoother.",0.066
1801,31,2026-09-01,3,4,4,3,Compensation aligns with industry averages. Waiting to see outcome of mid-year review cycle.,-0.121
1802,1,2026-09-01,3,4,5,3,"Training resources on Azure and Gen AI are decent, hoping for more hands-on lab allocations.",0.192
1803,70,2026-09-01,3,3,3,2,Severe burnout from sustained 60+ hour work weeks without staffing support on high-priority delivery.,-0.672
1804,22,2026-09-01,3,3,4,4,Standard project pacing. Client expectations are rigorous but manageable with proper staffing.,-0.113
1805,47,2026-09-01,3,4,3,3,"Training resources on Azure and Gen AI are decent, hoping for more hands-on lab allocations.",-0.068
1806,53,2026-09-01,4,4,4,3,Leadership provides tremendous career mentoring and clear promotion trajectory.,0.447
1807,69,2026-09-01,2,5,3,4,Lack of psychological safety and micromanager style since recent leadership re-alignment.,-0.448
1808,16,2026-09-01,3,4,4,4,Compensation aligns with industry averages. Waiting to see outcome of mid-year review cycle.,0.055
1809,39,2026-09-01,3,3,3,3,Severe burnout from sustained 60+ hour work weeks without staffing support on high-priority delivery.,-0.398
1810,8,2026-09-01,3,4,3,4,Frustrated by repeated delays in promotion cycle despite rating 5 performance in consecutive cycles.,-0.537
1811,66,2026-09-01,4,4,5,3,"Very fair compensation, excellent recognition from my engagement partner, and healthy work balance.",0.774
1812,6,2026-09-01,5,3,3,4,Compensation aligns with industry averages. Waiting to see outcome of mid-year review cycle.,0.156
1813,63,2026-09-01,4,5,3,3,Compensation aligns with industry averages. Waiting to see outcome of mid-year review cycle.,0.023
1814,9,2026-09-01,4,4,4,3,The transition to modern data stack and AI tooling has been a huge boost to our delivery velocity.,0.448
1815,40,2026-09-01,4,4,4,3,Great autonomy on solution architecture. Enjoy mentoring junior analysts on agentic workflows.,0.643
1816,21,2026-09-01,3,4,2,2,Frustrated by repeated delays in promotion cycle despite rating 5 performance in consecutive cycles.,-0.446
1817,31,2026-09-01,3,4,4,3,"Training resources on Azure and Gen AI are decent, hoping for more hands-on lab allocations.",0.238
1818,26,2026-09-01,3,5,3,3,Standard project pacing. Client expectations are rigorous but manageable with proper staffing.,-0.119
1819,42,2026-09-01,3,2,3,4,"Training resources on Azure and Gen AI are decent, hoping for more hands-on lab allocations.",0.006
1820,51,2026-09-01,3,3,4,3,"Training resources on Azure and Gen AI are decent, hoping for more hands-on lab allocations.",0.236
1821,48,2026-09-01,4,4,4,3,Energized by our client cloud modernization engagement and collaborative team culture.,0.716
1822,66,2026-09-01,3,4,3,3,Standard project pacing. Client expectations are rigorous but manageable with proper staffing.,0.042
1823,29,2026-09-01,4,4,4,4,Great autonomy on solution architecture. Enjoy mentoring junior analysts on agentic workflows.,0.887
1824,31,2026-09-01,4,4,4,3,"Very fair compensation, excellent recognition from my engagement partner, and healthy work balance.",0.604
1825,13,2026-09-01,3,3,3,4,Standard project pacing. Client expectations are rigorous but manageable with proper staffing.,0.02
1826,28,2026-09-01,5,3,5,5,Leadership provides tremendous career mentoring and clear promotion trajectory.,0.552
1827,54,2026-09-01,2,4,4,3,Disillusioned with unrealistic client deadlines and total absence of work-life boundaries.,-0.302
1828,27,2026-09-01,4,3,4,4,Leadership provides tremendous career mentoring and clear promotion trajectory.,0.609
1829,41,2026-09-01,3,4,2,4,Lack of psychological safety and micromanager style since recent leadership re-alignment.,-0.603
1830,54,2026-09-01,4,4,5,4,Energized by our client cloud modernization engagement and collaborative team culture.,0.413
1831,45,2026-09-01,2,5,3,3,Lack of psychological safety and micromanager style since recent leadership re-alignment.,-0.807
1832,27,2026-09-01,3,3,4,3,"Good team dynamic, though communication between onshore and offshore squads could be smoother.",-0.039
1833,13,2026-09-01,3,4,3,3,"Good team dynamic, though communication between onshore and offshore squads could be smoother.",0.111
1834,29,2026-09-01,4,4,4,5,"Very fair compensation, excellent recognition from my engagement partner, and healthy work balance.",0.629
1835,80,2026-09-01,3,4,3,3,Lack of psychological safety and micromanager style since recent leadership re-alignment.,-0.734
1836,44,2026-09-01,3,4,4,4,"Good team dynamic, though communication between onshore and offshore squads could be smoother.",-0.113
1837,10,2026-09-01,4,4,3,4,Standard project pacing. Client expectations are rigorous but manageable with proper staffing.,-0.083
1838,31,2026-09-01,3,5,4,3,Compensation aligns with industry averages. Waiting to see outcome of mid-year review cycle.,-0.07
1839,3,2026-09-01,3,3,4,3,Compensation aligns with industry averages. Waiting to see outcome of mid-year review cycle.,-0.105
1840,53,2026-09-01,3,4,4,4,"Good team dynamic, though communication between onshore and offshore squads could be smoother.",0.04
1841,21,2026-09-01,3,4,4,3,Standard project pacing. Client expectations are rigorous but manageable with proper staffing.,-0.01
1842,64,2026-09-01,4,4,3,4,"Training resources on Azure and Gen AI are decent, hoping for more hands-on lab allocations.",0.237
1843,45,2026-09-01,3,3,4,4,"Good team dynamic, though communication between onshore and offshore squads could be smoother.",0.172
1844,28,2026-09-01,2,4,4,4,Severe burnout from sustained 60+ hour work weeks without staffing support on high-priority delivery.,-0.59
1845,14,2026-09-01,3,4,2,3,Severe burnout from sustained 60+ hour work weeks without staffing support on high-priority delivery.,-0.723
1846,83,2026-09-01,4,4,4,4,Energized by our client cloud modernization engagement and collaborative team culture.,0.441
1847,33,2026-09-01,3,3,4,3,Standard project pacing. Client expectations are rigorous but manageable with proper staffing.,-0.047
1848,70,2026-09-01,2,4,3,5,Compa-ratio is noticeably below market benchmark while billable utilization is consistently above 95%.,-0.714
1849,27,2026-09-01,4,3,4,3,The transition to modern data stack and AI tooling has been a huge boost to our delivery velocity.,0.717
1850,53,2026-09-01,4,5,4,5,Great autonomy on solution architecture. Enjoy mentoring junior analysts on agentic workflows.,0.887
1851,54,2026-09-01,4,3,4,3,Energized by our client cloud modernization engagement and collaborative team culture.,0.808
1852,8,2026-09-01,3,4,3,2,Standard project pacing. Client expectations are rigorous but manageable with proper staffing.,0.012
1853,18,2026-09-01,2,4,3,4,Lack of psychological safety and micromanager style since recent leadership re-alignment.,-0.758
1854,28,2026-09-01,5,4,3,3,"Good team dynamic, though communication between onshore and offshore squads could be smoother.",0.082
1855,54,2026-09-01,3,5,4,3,"Training resources on Azure and Gen AI are decent, hoping for more hands-on lab allocations.",-0.044
1856,81,2026-09-01,4,3,4,4,Leadership provides tremendous career mentoring and clear promotion trajectory.,0.743
1857,57,2026-09-01,3,4,3,4,"Good team dynamic, though communication between onshore and offshore squads could be smoother.",0.213
1858,53,2026-09-01,4,5,4,5,"Very fair compensation, excellent recognition from my engagement partner, and healthy work balance.",0.572
1859,33,2026-09-01,3,4,3,4,"Good team dynamic, though communication between onshore and offshore squads could be smoother.",-0.142
1860,40,2026-09-01,3,3,3,3,Compensation aligns with industry averages. Waiting to see outcome of mid-year review cycle.,-0.098
1861,23,2026-09-01,3,5,4,3,Compensation aligns with industry averages. Waiting to see outcome of mid-year review cycle.,-0.001
1862,38,2026-09-01,4,4,4,4,Energized by our client cloud modernization engagement and collaborative team culture.,0.497
1863,79,2026-09-01,3,5,4,3,"Training resources on Azure and Gen AI are decent, hoping for more hands-on lab allocations.",0.11
1864,7,2026-09-01,3,3,4,3,Compensation aligns with industry averages. Waiting to see outcome of mid-year review cycle.,0.207
1865,32,2026-09-01,3,4,4,3,"Good team dynamic, though communication between onshore and offshore squads could be smoother.",0.084
1866,19,2026-09-01,3,3,4,4,Compensation aligns with industry averages. Waiting to see outcome of mid-year review cycle.,-0.09
1867,8,2026-09-01,4,4,4,4,Great autonomy on solution architecture. Enjoy mentoring junior analysts on agentic workflows.,0.433
1868,46,2026-09-01,3,4,3,3,"Good team dynamic, though communication between onshore and offshore squads could be smoother.",0.008
1869,59,2026-09-01,5,4,4,5,The transition to modern data stack and AI tooling has been a huge boost to our delivery velocity.,0.54
1870,71,2026-09-01,4,4,3,4,"Good team dynamic, though communication between onshore and offshore squads could be smoother.",0.052
1871,56,2026-09-01,3,5,4,4,Compensation aligns with industry averages. Waiting to see outcome of mid-year review cycle.,-0.108
1872,65,2026-09-01,4,3,4,3,Energized by our client cloud modernization engagement and collaborative team culture.,0.704
1873,47,2026-09-01,3,5,4,4,Standard project pacing. Client expectations are rigorous but manageable with proper staffing.,0.073
1874,77,2026-09-01,4,4,4,3,The transition to modern data stack and AI tooling has been a huge boost to our delivery velocity.,0.464
1875,53,2026-09-01,3,4,4,4,Standard project pacing. Client expectations are rigorous but manageable with proper staffing.,-0.11
1876,75,2026-09-01,4,3,4,4,Leadership provides tremendous career mentoring and clear promotion trajectory.,0.835
1877,70,2026-09-01,3,3,4,3,Standard project pacing. Client expectations are rigorous but manageable with proper staffing.,0.009
1878,34,2026-09-01,3,4,3,3,"Training resources on Azure and Gen AI are decent, hoping for more hands-on lab allocations.",0.147
1879,3,2026-09-01,3,4,4,4,Compensation aligns with industry averages. Waiting to see outcome of mid-year review cycle.,0.132
1880,81,2026-09-01,2,4,3,3,Disillusioned with unrealistic client deadlines and total absence of work-life boundaries.,-0.586
1881,32,2026-09-01,3,4,3,4,Frustrated by repeated delays in promotion cycle despite rating 5 performance in consecutive cycles.,-0.313
1882,36,2026-09-01,5,4,4,5,Great autonomy on solution architecture. Enjoy mentoring junior analysts on agentic workflows.,0.85
1883,50,2026-09-01,3,3,3,4,Standard project pacing. Client expectations are rigorous but manageable with proper staffing.,0.107
1884,50,2026-09-01,3,3,4,3,"Good team dynamic, though communication between onshore and offshore squads could be smoother.",0.105
1885,44,2026-09-01,4,3,5,5,Leadership provides tremendous career mentoring and clear promotion trajectory.,0.688
1886,22,2026-09-01,3,4,4,3,"Training resources on Azure and Gen AI are decent, hoping for more hands-on lab allocations.",0.056
1887,57,2026-09-01,4,3,4,4,Great autonomy on solution architecture. Enjoy mentoring junior analysts on agentic workflows.,0.76
1888,41,2026-09-01,3,5,4,3,Standard project pacing. Client expectations are rigorous but manageable with proper staffing.,0.248
1889,31,2026-09-01,3,5,3,5,"Training resources on Azure and Gen AI are decent, hoping for more hands-on lab allocations.",0.226
1890,75,2026-09-01,3,4,5,3,"Training resources on Azure and Gen AI are decent, hoping for more hands-on lab allocations.",0.119
1891,80,2026-09-01,4,3,4,5,"Very fair compensation, excellent recognition from my engagement partner, and healthy work balance.",0.502
1892,40,2026-09-01,3,4,5,4,"Training resources on Azure and Gen AI are decent, hoping for more hands-on lab allocations.",0.144
1893,2,2026-09-01,4,4,4,2,Great autonomy on solution architecture. Enjoy mentoring junior analysts on agentic workflows.,0.546
1894,67,2026-09-01,4,3,4,3,Energized by our client cloud modernization engagement and collaborative team culture.,0.779
1895,30,2026-09-01,4,3,4,3,Great autonomy on solution architecture. Enjoy mentoring junior analysts on agentic workflows.,0.774
1896,42,2026-09-01,3,4,4,4,Standard project pacing. Client expectations are rigorous but manageable with proper staffing.,0.247
1897,53,2026-09-01,3,4,3,3,"Training resources on Azure and Gen AI are decent, hoping for more hands-on lab allocations.",0.006
1898,29,2026-09-01,4,4,5,3,"Very fair compensation, excellent recognition from my engagement partner, and healthy work balance.",0.51
1899,46,2026-09-01,4,3,5,4,Leadership provides tremendous career mentoring and clear promotion trajectory.,0.889
1900,25,2026-09-01,4,3,3,5,Lack of psychological safety and micromanager style since recent leadership re-alignment.,-0.3
1901,40,2026-09-01,3,4,5,4,"Good team dynamic, though communication between onshore and offshore squads could be smoother.",-0.136
1902,22,2026-09-01,4,4,5,5,"Very fair compensation, excellent recognition from my engagement partner, and healthy work balance.",0.811
1903,48,2026-09-01,3,3,4,4,Standard project pacing. Client expectations are rigorous but manageable with proper staffing.,-0.031
1904,71,2026-09-01,4,3,4,3,The transition to modern data stack and AI tooling has been a huge boost to our delivery velocity.,0.798
1905,73,2026-09-01,3,3,5,4,Standard project pacing. Client expectations are rigorous but manageable with proper staffing.,0.188
1906,19,2026-09-01,3,2,3,3,Compensation aligns with industry averages. Waiting to see outcome of mid-year review cycle.,-0.047
1907,8,2026-09-01,3,3,3,3,"Good team dynamic, though communication between onshore and offshore squads could be smoother.",0.239
1908,37,2026-09-01,4,3,5,3,"Very fair compensation, excellent recognition from my engagement partner, and healthy work balance.",0.864
1909,15,2026-09-01,3,4,4,3,Standard project pacing. Client expectations are rigorous but manageable with proper staffing.,-0.117
1910,26,2026-09-01,3,4,3,3,Standard project pacing. Client expectations are rigorous but manageable with proper staffing.,0.079
1911,17,2026-09-01,4,3,4,2,"Very fair compensation, excellent recognition from my engagement partner, and healthy work balance.",0.854
1912,37,2026-09-01,3,4,4,4,"Good team dynamic, though communication between onshore and offshore squads could be smoother.",0.022
1913,39,2026-09-01,5,4,4,4,"Very fair compensation, excellent recognition from my engagement partner, and healthy work balance.",0.801
1914,2,2026-09-01,2,3,3,3,Disillusioned with unrealistic client deadlines and total absence of work-life boundaries.,-0.425
1915,58,2026-09-01,2,4,4,4,Frustrated by repeated delays in promotion cycle despite rating 5 performance in consecutive cycles.,-0.521
1916,66,2026-09-01,4,4,5,3,Energized by our client cloud modernization engagement and collaborative team culture.,0.655
1917,24,2026-09-01,4,4,4,4,Leadership provides tremendous career mentoring and clear promotion trajectory.,0.44
1918,63,2026-09-01,3,2,4,3,Standard project pacing. Client expectations are rigorous but manageable with proper staffing.,-0.138
1919,21,2026-09-01,3,4,3,4,Severe burnout from sustained 60+ hour work weeks without staffing support on high-priority delivery.,-0.581
1920,62,2026-09-01,4,4,4,5,"Very fair compensation, excellent recognition from my engagement partner, and healthy work balance.",0.537
1921,30,2026-09-01,4,4,4,4,Leadership provides tremendous career mentoring and clear promotion trajectory.,0.501
1922,78,2026-09-01,4,4,4,3,"Very fair compensation, excellent recognition from my engagement partner, and healthy work balance.",0.827
1923,17,2026-09-01,3,4,4,4,Standard project pacing. Client expectations are rigorous but manageable with proper staffing.,0.187
1924,4,2026-09-01,2,3,2,4,Compa-ratio is noticeably below market benchmark while billable utilization is consistently above 95%.,-0.467
1925,70,2026-09-01,2,5,4,3,Compa-ratio is noticeably below market benchmark while billable utilization is consistently above 95%.,-0.714
1926,62,2026-09-01,4,3,3,3,Standard project pacing. Client expectations are rigorous but manageable with proper staffing.,-0.053
1927,25,2026-09-01,3,4,3,4,"Training resources on Azure and Gen AI are decent, hoping for more hands-on lab allocations.",-0.134
1928,47,2026-09-01,4,4,5,3,Energized by our client cloud modernization engagement and collaborative team culture.,0.726
1929,39,2026-09-01,3,3,5,4,Standard project pacing. Client expectations are rigorous but manageable with proper staffing.,-0.092
1930,83,2026-09-01,2,4,4,4,Severe burnout from sustained 60+ hour work weeks without staffing support on high-priority delivery.,-0.797
1931,45,2026-09-01,4,4,5,4,Energized by our client cloud modernization engagement and collaborative team culture.,0.724
1932,52,2026-09-01,4,5,5,4,Leadership provides tremendous career mentoring and clear promotion trajectory.,0.793
1933,59,2026-09-01,4,4,4,3,"Very fair compensation, excellent recognition from my engagement partner, and healthy work balance.",0.415
1934,4,2026-09-01,3,3,3,3,"Good team dynamic, though communication between onshore and offshore squads could be smoother.",-0.095
1935,7,2026-09-01,4,3,4,5,The transition to modern data stack and AI tooling has been a huge boost to our delivery velocity.,0.533
1936,63,2026-09-01,3,4,4,3,Standard project pacing. Client expectations are rigorous but manageable with proper staffing.,0.068
1937,34,2026-09-01,4,5,4,4,Energized by our client cloud modernization engagement and collaborative team culture.,0.388
1938,26,2026-09-01,4,4,3,3,"Good team dynamic, though communication between onshore and offshore squads could be smoother.",0.243
1939,13,2026-09-01,3,3,3,4,Standard project pacing. Client expectations are rigorous but manageable with proper staffing.,0.135
1940,36,2026-09-01,3,4,4,4,"Training resources on Azure and Gen AI are decent, hoping for more hands-on lab allocations.",0.043
1941,12,2026-09-01,2,4,4,4,Compa-ratio is noticeably below market benchmark while billable utilization is consistently above 95%.,-0.279
1942,44,2026-09-01,3,3,3,3,Compensation aligns with industry averages. Waiting to see outcome of mid-year review cycle.,0.247
1943,64,2026-09-01,4,4,4,5,Leadership provides tremendous career mentoring and clear promotion trajectory.,0.517
1944,14,2026-09-01,3,3,3,3,"Good team dynamic, though communication between onshore and offshore squads could be smoother.",0.231
1945,11,2026-09-01,4,4,4,4,The transition to modern data stack and AI tooling has been a huge boost to our delivery velocity.,0.896
1946,84,2026-09-01,3,4,4,3,"Good team dynamic, though communication between onshore and offshore squads could be smoother.",0.139
1947,71,2026-09-01,4,5,4,3,Energized by our client cloud modernization engagement and collaborative team culture.,0.527
1948,27,2026-09-01,5,5,4,4,Energized by our client cloud modernization engagement and collaborative team culture.,0.784
1949,43,2026-09-01,3,3,4,3,"Good team dynamic, though communication between onshore and offshore squads could be smoother.",0.103
1950,40,2026-09-01,3,4,3,4,"Training resources on Azure and Gen AI are decent, hoping for more hands-on lab allocations.",-0.013
1951,7,2026-09-01,4,3,4,4,Energized by our client cloud modernization engagement and collaborative team culture.,0.621
1952,28,2026-09-01,3,4,3,3,Compensation aligns with industry averages. Waiting to see outcome of mid-year review cycle.,0.045
1953,3,2026-09-01,3,5,3,3,Standard project pacing. Client expectations are rigorous but manageable with proper staffing.,-0.018
1954,81,2026-09-01,2,4,3,2,Severe burnout from sustained 60+ hour work weeks without staffing support on high-priority delivery.,-0.343
1955,80,2026-09-01,2,4,4,3,Frustrated by repeated delays in promotion cycle despite rating 5 performance in consecutive cycles.,-0.362
1956,5,2026-09-01,4,3,5,4,Energized by our client cloud modernization engagement and collaborative team culture.,0.511
1957,16,2026-09-01,3,4,4,4,Compensation aligns with industry averages. Waiting to see outcome of mid-year review cycle.,0.049
1958,47,2026-09-01,3,4,3,3,"Training resources on Azure and Gen AI are decent, hoping for more hands-on lab allocations.",-0.142
1959,56,2026-09-01,4,4,3,3,"Good team dynamic, though communication between onshore and offshore squads could be smoother.",-0.033
1960,43,2026-09-01,4,5,5,5,The transition to modern data stack and AI tooling has been a huge boost to our delivery velocity.,0.389
1961,81,2026-09-01,3,5,4,3,"Good team dynamic, though communication between onshore and offshore squads could be smoother.",-0.149
1962,14,2026-09-01,4,3,3,3,Standard project pacing. Client expectations are rigorous but manageable with proper staffing.,-0.041
1963,64,2026-09-01,4,4,5,4,Leadership provides tremendous career mentoring and clear promotion trajectory.,0.801
1964,38,2026-09-01,3,4,4,3,Standard project pacing. Client expectations are rigorous but manageable with proper staffing.,-0.09
1965,45,2026-09-01,4,5,2,3,Severe burnout from sustained 60+ hour work weeks without staffing support on high-priority delivery.,-0.422
1966,6,2026-09-01,3,4,4,3,"Good team dynamic, though communication between onshore and offshore squads could be smoother.",-0.116
1967,6,2026-09-01,3,4,3,4,Standard project pacing. Client expectations are rigorous but manageable with proper staffing.,-0.141
1968,34,2026-09-01,3,4,3,3,Disillusioned with unrealistic client deadlines and total absence of work-life boundaries.,-0.318
1969,66,2026-09-01,3,4,4,4,"Good team dynamic, though communication between onshore and offshore squads could be smoother.",0.047
1970,81,2026-09-01,3,3,2,5,Lack of psychological safety and micromanager style since recent leadership re-alignment.,-0.717
1971,12,2026-09-01,3,4,4,4,Standard project pacing. Client expectations are rigorous but manageable with proper staffing.,-0.103
1972,11,2026-09-01,4,3,3,5,"Training resources on Azure and Gen AI are decent, hoping for more hands-on lab allocations.",-0.081
1973,56,2026-09-01,3,3,3,3,"Training resources on Azure and Gen AI are decent, hoping for more hands-on lab allocations.",-0.077
1974,21,2026-09-01,3,4,3,4,Severe burnout from sustained 60+ hour work weeks without staffing support on high-priority delivery.,-0.722
1975,18,2026-09-01,4,3,4,3,"Very fair compensation, excellent recognition from my engagement partner, and healthy work balance.",0.724
1976,19,2026-09-01,2,4,3,3,Compa-ratio is noticeably below market benchmark while billable utilization is consistently above 95%.,-0.78
1977,67,2026-09-01,4,4,4,4,Great autonomy on solution architecture. Enjoy mentoring junior analysts on agentic workflows.,0.847
1978,29,2026-09-01,4,3,3,4,"Training resources on Azure and Gen AI are decent, hoping for more hands-on lab allocations.",0.037
1979,81,2026-09-01,3,4,3,3,Compensation aligns with industry averages. Waiting to see outcome of mid-year review cycle.,0.058
1980,15,2026-09-01,4,4,4,3,Great autonomy on solution architecture. Enjoy mentoring junior analysts on agentic workflows.,0.552
1981,54,2026-09-01,4,3,4,3,"Very fair compensation, excellent recognition from my engagement partner, and healthy work balance.",0.556
1982,68,2026-09-01,3,5,3,3,Standard project pacing. Client expectations are rigorous but manageable with proper staffing.,0.187
1983,25,2026-09-01,3,3,5,3,"Good team dynamic, though communication between onshore and offshore squads could be smoother.",-0.116
1984,12,2026-09-01,3,5,3,3,Standard project pacing. Client expectations are rigorous but manageable with proper staffing.,-0.115
1985,68,2026-09-01,3,4,4,3,"Training resources on Azure and Gen AI are decent, hoping for more hands-on lab allocations.",0.134
1986,64,2026-09-01,4,5,4,3,"Very fair compensation, excellent recognition from my engagement partner, and healthy work balance.",0.492
1987,5,2026-09-01,4,3,4,3,Leadership provides tremendous career mentoring and clear promotion trajectory.,0.592
1988,17,2026-09-01,3,4,5,3,Standard project pacing. Client expectations are rigorous but manageable with proper staffing.,0.022
1989,11,2026-09-01,3,4,3,4,"Good team dynamic, though communication between onshore and offshore squads could be smoother.",0.182
1990,24,2026-09-01,3,4,4,3,"Good team dynamic, though communication between onshore and offshore squads could be smoother.",0.032
1991,45,2026-09-01,3,4,4,3,"Training resources on Azure and Gen AI are decent, hoping for more hands-on lab allocations.",0.194
1992,21,2026-09-01,2,3,3,3,Frustrated by repeated delays in promotion cycle despite rating 5 performance in consecutive cycles.,-0.668
1993,27,2026-09-01,3,4,3,5,"Training resources on Azure and Gen AI are decent, hoping for more hands-on lab allocations.",0.054
1994,55,2026-09-01,3,4,3,3,"Training resources on Azure and Gen AI are decent, hoping for more hands-on lab allocations.",0.104
1995,29,2026-09-01,4,3,4,5,Leadership provides tremendous career mentoring and clear promotion trajectory.,0.81
1996,61,2026-09-01,3,4,4,4,"Good team dynamic, though communication between onshore and offshore squads could be smoother.",0.059
1997,17,2026-09-01,4,4,4,3,"Very fair compensation, excellent recognition from my engagement partner, and healthy work balance.",0.549
1998,46,2026-09-01,4,3,4,4,Energized by our client cloud modernization engagement and collaborative team culture.,0.39
1999,53,2026-09-01,2,3,3,3,Severe burnout from sustained 60+ hour work weeks without staffing support on high-priority delivery.,-0.502
2000,67,2026-09-01,3,5,3,4,Compensation aligns with industry averages. Waiting to see outcome of mid-year review cycle.,0.037
2001,34,2026-09-01,3,4,4,4,Standard project pacing. Client expectations are rigorous but manageable with proper staffing.,0.113
2002,68,2026-09-01,2,5,2,4,Disillusioned with unrealistic client deadlines and total absence of work-life boundaries.,-0.578
2003,66,2026-09-01,3,3,4,3,"Good team dynamic, though communication between onshore and offshore squads could be smoother.",-0.117
2004,34,2026-09-01,4,4,4,4,"Very fair compensation, excellent recognition from my engagement partner, and healthy work balance.",0.488
2005,37,2026-09-01,3,2,5,2,"Good team dynamic, though communication between onshore and offshore squads could be smoother.",-0.059
2006,19,2026-09-01,4,4,4,3,"Very fair compensation, excellent recognition from my engagement partner, and healthy work balance.",0.605
2007,48,2026-09-01,3,4,4,4,Compensation aligns with industry averages. Waiting to see outcome of mid-year review cycle.,0.101
2008,29,2026-09-01,5,5,4,5,The transition to modern data stack and AI tooling has been a huge boost to our delivery velocity.,0.776
2009,35,2026-09-01,5,5,5,5,Leadership provides tremendous career mentoring and clear promotion trajectory.,0.82
2010,65,2026-09-01,4,2,3,4,"Training resources on Azure and Gen AI are decent, hoping for more hands-on lab allocations.",0.015
2011,5,2026-09-01,4,4,3,5,"Good team dynamic, though communication between onshore and offshore squads could be smoother.",-0.102
2012,47,2026-09-01,3,3,3,4,Compensation aligns with industry averages. Waiting to see outcome of mid-year review cycle.,0.176
2013,64,2026-09-01,4,3,4,3,"Very fair compensation, excellent recognition from my engagement partner, and healthy work balance.",0.712
2014,5,2026-09-01,2,5,3,4,Frustrated by repeated delays in promotion cycle despite rating 5 performance in consecutive cycles.,-0.411
2015,37,2026-09-01,3,4,4,3,Compensation aligns with industry averages. Waiting to see outcome of mid-year review cycle.,0.216
2016,12,2026-09-01,4,3,4,4,Leadership provides tremendous career mentoring and clear promotion trajectory.,0.566
2017,42,2026-09-01,3,5,3,3,Compensation aligns with industry averages. Waiting to see outcome of mid-year review cycle.,-0.001
2018,2,2026-09-01,3,4,2,3,Lack of psychological safety and micromanager style since recent leadership re-alignment.,-0.464
2019,81,2026-09-01,3,5,2,4,Frustrated by repeated delays in promotion cycle despite rating 5 performance in consecutive cycles.,-0.408
2020,44,2026-09-01,4,4,4,5,Leadership provides tremendous career mentoring and clear promotion trajectory.,0.487
2021,70,2026-09-01,3,4,4,3,Standard project pacing. Client expectations are rigorous but manageable with proper staffing.,-0.112
2022,37,2026-09-01,4,4,4,5,The transition to modern data stack and AI tooling has been a huge boost to our delivery velocity.,0.439
2023,36,2026-09-01,3,5,4,3,Standard project pacing. Client expectations are rigorous but manageable with proper staffing.,-0.044
2024,42,2026-09-01,2,4,3,4,Severe burnout from sustained 60+ hour work weeks without staffing support on high-priority delivery.,-0.487
2025,30,2026-09-01,3,4,5,3,Standard project pacing. Client expectations are rigorous but manageable with proper staffing.,-0.046
2026,65,2026-09-01,3,4,4,3,Standard project pacing. Client expectations are rigorous but manageable with proper staffing.,0.15
2027,48,2026-09-01,4,4,3,4,Compensation aligns with industry averages. Waiting to see outcome of mid-year review cycle.,0.151
2028,24,2026-09-01,4,4,4,4,The transition to modern data stack and AI tooling has been a huge boost to our delivery velocity.,0.501
2029,29,2026-09-01,3,4,4,4,"Good team dynamic, though communication between onshore and offshore squads could be smoother.",0.029
2030,47,2026-09-01,4,5,4,4,The transition to modern data stack and AI tooling has been a huge boost to our delivery velocity.,0.557
2031,15,2026-09-01,4,4,5,3,The transition to modern data stack and AI tooling has been a huge boost to our delivery velocity.,0.707
2032,54,2026-09-01,4,5,4,3,Leadership provides tremendous career mentoring and clear promotion trajectory.,0.597
2033,47,2026-09-01,3,4,4,3,Standard project pacing. Client expectations are rigorous but manageable with proper staffing.,0.022
2034,31,2026-09-01,3,4,4,3,"Training resources on Azure and Gen AI are decent, hoping for more hands-on lab allocations.",0.053
2035,56,2026-09-01,3,4,4,3,Standard project pacing. Client expectations are rigorous but manageable with proper staffing.,-0.035
2036,28,2026-09-01,5,4,3,4,Standard project pacing. Client expectations are rigorous but manageable with proper staffing.,0.212
2037,67,2026-09-01,4,4,3,4,"Training resources on Azure and Gen AI are decent, hoping for more hands-on lab allocations.",-0.044
2038,84,2026-09-01,2,4,4,4,Compa-ratio is noticeably below market benchmark while billable utilization is consistently above 95%.,-0.57
2039,37,2026-09-01,3,3,3,3,"Good team dynamic, though communication between onshore and offshore squads could be smoother.",-0.136
2040,10,2026-09-01,3,4,4,3,Standard project pacing. Client expectations are rigorous but manageable with proper staffing.,-0.139
2041,34,2026-09-01,4,4,4,5,Leadership provides tremendous career mentoring and clear promotion trajectory.,0.681
2042,67,2026-09-01,3,3,4,4,"Good team dynamic, though communication between onshore and offshore squads could be smoother.",-0.081
2043,55,2026-09-01,4,5,4,3,The transition to modern data stack and AI tooling has been a huge boost to our delivery velocity.,0.383
2044,19,2026-09-01,5,3,4,4,Energized by our client cloud modernization engagement and collaborative team culture.,0.457
2045,60,2026-09-01,3,4,4,3,Standard project pacing. Client expectations are rigorous but manageable with proper staffing.,-0.064
2046,70,2026-09-01,4,4,4,2,Leadership provides tremendous career mentoring and clear promotion trajectory.,0.631
2047,28,2026-09-01,2,4,2,3,Frustrated by repeated delays in promotion cycle despite rating 5 performance in consecutive cycles.,-0.549
2048,9,2026-09-01,3,4,4,4,Standard project pacing. Client expectations are rigorous but manageable with proper staffing.,-0.062
2049,65,2026-09-01,4,5,3,3,"Training resources on Azure and Gen AI are decent, hoping for more hands-on lab allocations.",0.194
2050,67,2026-09-01,3,4,4,3,Standard project pacing. Client expectations are rigorous but manageable with proper staffing.,0.056
2051,17,2026-09-01,3,4,4,3,Standard project pacing. Client expectations are rigorous but manageable with proper staffing.,0.201
2052,61,2026-09-01,3,4,4,4,"Good team dynamic, though communication between onshore and offshore squads could be smoother.",-0.103
2053,44,2026-09-01,3,4,5,4,Standard project pacing. Client expectations are rigorous but manageable with proper staffing.,0.145
2054,35,2026-09-01,2,3,2,3,Compa-ratio is noticeably below market benchmark while billable utilization is consistently above 95%.,-0.582
2055,73,2026-09-01,3,4,4,3,"Good team dynamic, though communication between onshore and offshore squads could be smoother.",0.007
2056,55,2026-09-01,5,3,5,5,Energized by our client cloud modernization engagement and collaborative team culture.,0.677
2057,24,2026-09-01,2,3,3,3,Compa-ratio is noticeably below market benchmark while billable utilization is consistently above 95%.,-0.329
2058,43,2026-09-01,2,4,2,4,Frustrated by repeated delays in promotion cycle despite rating 5 performance in consecutive cycles.,-0.337
2059,70,2026-09-01,3,5,3,3,"Good team dynamic, though communication between onshore and offshore squads could be smoother.",0.141
2060,8,2026-09-01,3,4,3,5,"Training resources on Azure and Gen AI are decent, hoping for more hands-on lab allocations.",-0.148
2061,77,2026-09-01,3,4,4,3,"Training resources on Azure and Gen AI are decent, hoping for more hands-on lab allocations.",-0.092
2062,38,2026-09-01,5,4,4,4,The transition to modern data stack and AI tooling has been a huge boost to our delivery velocity.,0.444
2063,62,2026-09-01,3,4,3,3,Compensation aligns with industry averages. Waiting to see outcome of mid-year review cycle.,-0.035
2064,76,2026-09-01,4,4,4,3,Leadership provides tremendous career mentoring and clear promotion trajectory.,0.457
2065,51,2026-09-01,3,3,4,3,"Training resources on Azure and Gen AI are decent, hoping for more hands-on lab allocations.",0.157
2066,8,2026-09-01,2,5,5,3,Lack of psychological safety and micromanager style since recent leadership re-alignment.,-0.454
2067,13,2026-09-01,3,3,4,3,Standard project pacing. Client expectations are rigorous but manageable with proper staffing.,-0.029
2068,56,2026-09-01,3,3,3,4,"Training resources on Azure and Gen AI are decent, hoping for more hands-on lab allocations.",0.163
2069,1,2026-09-01,3,4,3,5,Compensation aligns with industry averages. Waiting to see outcome of mid-year review cycle.,-0.095
2070,53,2026-09-01,3,4,4,4,"Training resources on Azure and Gen AI are decent, hoping for more hands-on lab allocations.",-0.028
2071,46,2026-09-01,4,3,4,2,Leadership provides tremendous career mentoring and clear promotion trajectory.,0.806
2072,74,2026-09-01,4,4,4,3,Leadership provides tremendous career mentoring and clear promotion trajectory.,0.549
2073,46,2026-09-01,3,4,4,3,Compensation aligns with industry averages. Waiting to see outcome of mid-year review cycle.,-0.102
2074,15,2026-09-01,4,3,4,3,Leadership provides tremendous career mentoring and clear promotion trajectory.,0.378
2075,83,2026-09-01,3,4,3,3,"Training resources on Azure and Gen AI are decent, hoping for more hands-on lab allocations.",-0.101
2076,80,2026-09-01,3,3,4,3,Compensation aligns with industry averages. Waiting to see outcome of mid-year review cycle.,0.131
2077,67,2026-09-01,4,3,4,3,Leadership provides tremendous career mentoring and clear promotion trajectory.,0.709
2078,22,2026-09-01,3,4,3,3,"Good team dynamic, though communication between onshore and offshore squads could be smoother.",0.145
2079,52,2026-09-01,4,3,4,3,Energized by our client cloud modernization engagement and collaborative team culture.,0.589
2080,73,2026-09-01,3,3,4,3,"Training resources on Azure and Gen AI are decent, hoping for more hands-on lab allocations.",0.215
2081,71,2026-09-01,3,4,3,4,Disillusioned with unrealistic client deadlines and total absence of work-life boundaries.,-0.615
2082,33,2026-09-01,3,4,3,4,"Training resources on Azure and Gen AI are decent, hoping for more hands-on lab allocations.",0.177
2083,37,2026-09-01,2,4,4,3,Lack of psychological safety and micromanager style since recent leadership re-alignment.,-0.813
2084,13,2026-09-01,3,4,4,3,Compensation aligns with industry averages. Waiting to see outcome of mid-year review cycle.,0.05
2085,75,2026-09-01,3,4,3,4,"Training resources on Azure and Gen AI are decent, hoping for more hands-on lab allocations.",-0.068
2086,7,2026-09-01,2,4,4,4,Severe burnout from sustained 60+ hour work weeks without staffing support on high-priority delivery.,-0.38
2087,12,2026-09-01,4,3,5,2,Great autonomy on solution architecture. Enjoy mentoring junior analysts on agentic workflows.,0.523
2088,14,2026-09-01,4,5,4,4,"Very fair compensation, excellent recognition from my engagement partner, and healthy work balance.",0.69
2089,80,2026-09-01,4,2,4,3,"Very fair compensation, excellent recognition from my engagement partner, and healthy work balance.",0.588
2090,50,2026-09-01,4,4,4,5,"Very fair compensation, excellent recognition from my engagement partner, and healthy work balance.",0.87
2091,30,2026-09-01,4,4,4,4,Great autonomy on solution architecture. Enjoy mentoring junior analysts on agentic workflows.,0.407
2092,74,2026-09-01,3,4,4,3,"Training resources on Azure and Gen AI are decent, hoping for more hands-on lab allocations.",0.039
2093,36,2026-09-01,3,4,4,4,"Training resources on Azure and Gen AI are decent, hoping for more hands-on lab allocations.",0.168
2094,4,2026-09-01,3,4,3,4,Standard project pacing. Client expectations are rigorous but manageable with proper staffing.,-0.056
2095,38,2026-09-01,3,5,5,4,"Training resources on Azure and Gen AI are decent, hoping for more hands-on lab allocations.",0.01
2096,10,2026-09-01,4,4,4,3,Great autonomy on solution architecture. Enjoy mentoring junior analysts on agentic workflows.,0.628
2097,46,2026-09-01,4,4,4,2,Energized by our client cloud modernization engagement and collaborative team culture.,0.448
2098,65,2026-09-01,3,4,5,3,"Training resources on Azure and Gen AI are decent, hoping for more hands-on lab allocations.",0.195
2099,21,2026-09-01,3,3,3,3,Compensation aligns with industry averages. Waiting to see outcome of mid-year review cycle.,-0.097
2100,11,2026-09-01,3,3,5,4,Compensation aligns with industry averages. Waiting to see outcome of mid-year review cycle.,-0.116
2101,57,2026-09-01,2,3,3,3,Compa-ratio is noticeably below market benchmark while billable utilization is consistently above 95%.,-0.316
2102,71,2026-09-01,3,3,4,3,Compensation aligns with industry averages. Waiting to see outcome of mid-year review cycle.,-0.066
2103,34,2026-09-01,4,4,4,3,The transition to modern data stack and AI tooling has been a huge boost to our delivery velocity.,0.443
2104,14,2026-09-01,4,5,3,5,Compensation aligns with industry averages. Waiting to see outcome of mid-year review cycle.,0.039
2105,44,2026-09-01,4,4,4,3,"Very fair compensation, excellent recognition from my engagement partner, and healthy work balance.",0.476
2106,45,2026-09-01,3,3,3,4,Standard project pacing. Client expectations are rigorous but manageable with proper staffing.,0.056
2107,81,2026-09-01,4,4,4,4,Energized by our client cloud modernization engagement and collaborative team culture.,0.538
2108,8,2026-09-01,3,4,3,3,Standard project pacing. Client expectations are rigorous but manageable with proper staffing.,-0.025
2109,54,2026-09-01,4,3,4,5,Great autonomy on solution architecture. Enjoy mentoring junior analysts on agentic workflows.,0.655
2110,28,2026-09-01,4,3,5,4,The transition to modern data stack and AI tooling has been a huge boost to our delivery velocity.,0.453
2111,11,2026-09-01,4,4,3,4,"Training resources on Azure and Gen AI are decent, hoping for more hands-on lab allocations.",0.088
2112,71,2026-09-01,3,4,3,4,Compensation aligns with industry averages. Waiting to see outcome of mid-year review cycle.,0.24
2113,20,2026-09-01,4,3,4,2,"Very fair compensation, excellent recognition from my engagement partner, and healthy work balance.",0.565
2114,10,2026-09-01,4,4,5,4,Energized by our client cloud modernization engagement and collaborative team culture.,0.408
2115,46,2026-09-01,4,4,4,4,"Very fair compensation, excellent recognition from my engagement partner, and healthy work balance.",0.48
2116,20,2026-09-01,4,4,4,3,Great autonomy on solution architecture. Enjoy mentoring junior analysts on agentic workflows.,0.812
2117,25,2026-09-01,4,5,4,3,Leadership provides tremendous career mentoring and clear promotion trajectory.,0.589
2118,84,2026-09-01,4,3,4,4,Great autonomy on solution architecture. Enjoy mentoring junior analysts on agentic workflows.,0.853
2119,76,2026-09-01,3,4,2,3,Compa-ratio is noticeably below market benchmark while billable utilization is consistently above 95%.,-0.704
2120,27,2026-09-01,4,4,3,3,Frustrated by repeated delays in promotion cycle despite rating 5 performance in consecutive cycles.,-0.618
2121,12,2026-09-01,3,3,5,2,Compensation aligns with industry averages. Waiting to see outcome of mid-year review cycle.,0.171
2122,55,2026-09-01,4,3,3,4,"Good team dynamic, though communication between onshore and offshore squads could be smoother.",0.031
2123,19,2026-09-01,3,3,3,4,"Training resources on Azure and Gen AI are decent, hoping for more hands-on lab allocations.",0.084
2124,81,2026-09-01,3,5,4,4,"Training resources on Azure and Gen AI are decent, hoping for more hands-on lab allocations.",0.205
2125,9,2026-09-01,3,5,3,2,"Good team dynamic, though communication between onshore and offshore squads could be smoother.",-0.057
2126,74,2026-09-01,3,4,4,3,"Training resources on Azure and Gen AI are decent, hoping for more hands-on lab allocations.",-0.05
2127,52,2026-09-01,3,4,5,2,"Good team dynamic, though communication between onshore and offshore squads could be smoother.",-0.07
2128,69,2026-09-01,5,3,5,4,Leadership provides tremendous career mentoring and clear promotion trajectory.,0.719
2129,54,2026-09-01,3,4,3,3,Standard project pacing. Client expectations are rigorous but manageable with proper staffing.,0.064
2130,64,2026-09-01,3,4,4,3,Standard project pacing. Client expectations are rigorous but manageable with proper staffing.,0.154
2131,66,2026-09-01,3,5,4,4,Compensation aligns with industry averages. Waiting to see outcome of mid-year review cycle.,-0.003
2132,75,2026-09-01,3,4,4,4,"Training resources on Azure and Gen AI are decent, hoping for more hands-on lab allocations.",0.062
2133,55,2026-09-01,3,4,4,3,Standard project pacing. Client expectations are rigorous but manageable with proper staffing.,0.242
2134,49,2026-09-01,4,5,4,3,The transition to modern data stack and AI tooling has been a huge boost to our delivery velocity.,0.453
2135,21,2026-09-01,4,3,3,3,"Training resources on Azure and Gen AI are decent, hoping for more hands-on lab allocations.",0.015
2136,50,2026-09-01,4,3,4,2,The transition to modern data stack and AI tooling has been a huge boost to our delivery velocity.,0.846
2137,49,2026-09-01,3,3,4,4,Standard project pacing. Client expectations are rigorous but manageable with proper staffing.,0.033
2138,41,2026-09-01,3,3,3,4,Compensation aligns with industry averages. Waiting to see outcome of mid-year review cycle.,0.185
2139,42,2026-09-01,4,4,4,4,Great autonomy on solution architecture. Enjoy mentoring junior analysts on agentic workflows.,0.794
2140,61,2026-09-01,3,3,3,3,Frustrated by repeated delays in promotion cycle despite rating 5 performance in consecutive cycles.,-0.379
2141,48,2026-09-01,3,3,3,3,"Good team dynamic, though communication between onshore and offshore squads could be smoother.",-0.051
2142,23,2026-09-01,4,4,3,4,Compensation aligns with industry averages. Waiting to see outcome of mid-year review cycle.,0.054
2143,39,2026-09-01,3,4,3,3,"Good team dynamic, though communication between onshore and offshore squads could be smoother.",-0.145
2144,51,2026-09-01,4,3,4,5,Energized by our client cloud modernization engagement and collaborative team culture.,0.466
2145,11,2026-09-01,4,3,5,3,Energized by our client cloud modernization engagement and collaborative team culture.,0.745
2146,35,2026-09-01,4,3,4,2,Great autonomy on solution architecture. Enjoy mentoring junior analysts on agentic workflows.,0.771
2147,54,2026-09-01,2,4,2,3,Disillusioned with unrealistic client deadlines and total absence of work-life boundaries.,-0.649
2148,81,2026-09-01,4,4,4,3,The transition to modern data stack and AI tooling has been a huge boost to our delivery velocity.,0.379
2149,71,2026-09-01,3,4,3,4,"Training resources on Azure and Gen AI are decent, hoping for more hands-on lab allocations.",0.165
2150,23,2026-09-01,4,4,4,4,Leadership provides tremendous career mentoring and clear promotion trajectory.,0.396
2151,82,2026-09-01,5,5,5,5,Energized by our client cloud modernization engagement and collaborative team culture.,0.869
2152,2,2026-09-01,3,3,3,4,"Training resources on Azure and Gen AI are decent, hoping for more hands-on lab allocations.",0.01
2153,26,2026-09-01,3,3,4,4,"Training resources on Azure and Gen AI are decent, hoping for more hands-on lab allocations.",0.042
2154,31,2026-09-01,2,4,5,3,Frustrated by repeated delays in promotion cycle despite rating 5 performance in consecutive cycles.,-0.567
2155,19,2026-09-01,3,3,4,3,Standard project pacing. Client expectations are rigorous but manageable with proper staffing.,-0.076
2156,4,2026-09-01,3,4,4,3,"Training resources on Azure and Gen AI are decent, hoping for more hands-on lab allocations.",-0.085
2157,21,2026-09-01,4,4,4,4,Great autonomy on solution architecture. Enjoy mentoring junior analysts on agentic workflows.,0.356
2158,31,2026-09-01,4,3,4,4,The transition to modern data stack and AI tooling has been a huge boost to our delivery velocity.,0.626
2159,83,2026-09-01,4,4,4,3,Energized by our client cloud modernization engagement and collaborative team culture.,0.432
2160,34,2026-09-01,2,3,3,3,Frustrated by repeated delays in promotion cycle despite rating 5 performance in consecutive cycles.,-0.526
2161,65,2026-09-01,5,4,4,5,The transition to modern data stack and AI tooling has been a huge boost to our delivery velocity.,0.745
2162,77,2026-09-01,3,4,4,3,"Training resources on Azure and Gen AI are decent, hoping for more hands-on lab allocations.",0.071
2163,78,2026-09-01,3,5,4,3,"Training resources on Azure and Gen AI are decent, hoping for more hands-on lab allocations.",0.016
2164,13,2026-09-01,5,3,5,4,The transition to modern data stack and AI tooling has been a huge boost to our delivery velocity.,0.556
2165,51,2026-09-01,4,3,3,3,"Good team dynamic, though communication between onshore and offshore squads could be smoother.",0.024
2166,45,2026-09-01,5,4,4,4,Great autonomy on solution architecture. Enjoy mentoring junior analysts on agentic workflows.,0.514
2167,46,2026-09-01,2,5,4,3,Disillusioned with unrealistic client deadlines and total absence of work-life boundaries.,-0.823
2168,37,2026-09-01,3,5,2,3,Frustrated by repeated delays in promotion cycle despite rating 5 performance in consecutive cycles.,-0.509
2169,33,2026-09-01,3,4,4,2,Compensation aligns with industry averages. Waiting to see outcome of mid-year review cycle.,-0.103
2170,43,2026-09-01,4,4,4,3,Leadership provides tremendous career mentoring and clear promotion trajectory.,0.612
2171,18,2026-09-01,2,3,1,3,Lack of psychological safety and micromanager style since recent leadership re-alignment.,-0.574
2172,83,2026-09-01,3,3,4,3,"Training resources on Azure and Gen AI are decent, hoping for more hands-on lab allocations.",0.057
2173,54,2026-09-01,3,4,3,4,"Good team dynamic, though communication between onshore and offshore squads could be smoother.",-0.045
2174,40,2026-09-01,4,4,4,4,Leadership provides tremendous career mentoring and clear promotion trajectory.,0.76
2175,71,2026-09-01,3,3,4,4,Standard project pacing. Client expectations are rigorous but manageable with proper staffing.,0.228
2176,47,2026-09-01,4,4,3,5,Compensation aligns with industry averages. Waiting to see outcome of mid-year review cycle.,-0.147
2177,35,2026-09-01,4,4,5,4,Energized by our client cloud modernization engagement and collaborative team culture.,0.829
2178,60,2026-09-01,5,3,5,5,Leadership provides tremendous career mentoring and clear promotion trajectory.,0.492
2179,13,2026-09-01,3,4,4,3,Standard project pacing. Client expectations are rigorous but manageable with proper staffing.,0.085
2180,50,2026-09-01,3,3,4,3,Compensation aligns with industry averages. Waiting to see outcome of mid-year review cycle.,0.07
2181,13,2026-09-01,5,4,3,5,Standard project pacing. Client expectations are rigorous but manageable with proper staffing.,0.115
2182,68,2026-09-01,3,3,3,3,Compensation aligns with industry averages. Waiting to see outcome of mid-year review cycle.,0.185
2183,5,2026-09-01,3,4,3,3,"Training resources on Azure and Gen AI are decent, hoping for more hands-on lab allocations.",-0.076
2184,58,2026-09-01,2,4,2,3,Lack of psychological safety and micromanager style since recent leadership re-alignment.,-0.801
2185,32,2026-09-01,3,4,4,3,Compensation aligns with industry averages. Waiting to see outcome of mid-year review cycle.,0.197
2186,49,2026-09-01,3,4,4,4,"Training resources on Azure and Gen AI are decent, hoping for more hands-on lab allocations.",0.066
2187,42,2026-09-01,4,5,5,3,The transition to modern data stack and AI tooling has been a huge boost to our delivery velocity.,0.594
2188,49,2026-09-01,3,3,3,4,Standard project pacing. Client expectations are rigorous but manageable with proper staffing.,-0.032
2189,13,2026-09-01,3,4,2,3,Compa-ratio is noticeably below market benchmark while billable utilization is consistently above 95%.,-0.607
2190,10,2026-09-01,3,4,5,2,"Good team dynamic, though communication between onshore and offshore squads could be smoother.",0.222
2191,22,2026-09-01,4,4,4,3,Energized by our client cloud modernization engagement and collaborative team culture.,0.811
2192,17,2026-09-01,3,4,4,4,"Good team dynamic, though communication between onshore and offshore squads could be smoother.",0.185
2193,20,2026-09-01,3,5,4,4,Compensation aligns with industry averages. Waiting to see outcome of mid-year review cycle.,-0.039
2194,56,2026-09-01,2,4,2,2,Severe burnout from sustained 60+ hour work weeks without staffing support on high-priority delivery.,-0.819
2195,53,2026-09-01,4,4,3,4,"Good team dynamic, though communication between onshore and offshore squads could be smoother.",0.079
2196,31,2026-09-01,3,3,3,3,"Good team dynamic, though communication between onshore and offshore squads could be smoother.",0.031
2197,65,2026-09-01,2,4,3,3,Compa-ratio is noticeably below market benchmark while billable utilization is consistently above 95%.,-0.706
2198,35,2026-09-01,4,4,3,3,Compensation aligns with industry averages. Waiting to see outcome of mid-year review cycle.,0.093
2199,19,2026-09-01,3,4,3,3,"Training resources on Azure and Gen AI are decent, hoping for more hands-on lab allocations.",0.097
2200,48,2026-09-01,3,4,3,3,"Good team dynamic, though communication between onshore and offshore squads could be smoother.",0.026
2201,73,2026-09-01,3,4,4,4,Standard project pacing. Client expectations are rigorous but manageable with proper staffing.,-0.079
2202,33,2026-09-01,3,4,3,3,"Good team dynamic, though communication between onshore and offshore squads could be smoother.",0.035
2203,46,2026-09-01,3,4,3,3,Severe burnout from sustained 60+ hour work weeks without staffing support on high-priority delivery.,-0.443
2204,72,2026-09-01,4,3,4,3,Leadership provides tremendous career mentoring and clear promotion trajectory.,0.383
2205,29,2026-09-01,3,4,5,2,"Good team dynamic, though communication between onshore and offshore squads could be smoother.",0.052
2206,65,2026-09-01,4,3,4,3,The transition to modern data stack and AI tooling has been a huge boost to our delivery velocity.,0.663
2207,71,2026-09-01,3,4,3,5,"Good team dynamic, though communication between onshore and offshore squads could be smoother.",-0.038
2208,57,2026-09-01,5,3,3,4,"Good team dynamic, though communication between onshore and offshore squads could be smoother.",-0.11
2209,35,2026-09-01,2,3,4,3,Frustrated by repeated delays in promotion cycle despite rating 5 performance in consecutive cycles.,-0.362
2210,63,2026-09-01,3,3,3,3,Disillusioned with unrealistic client deadlines and total absence of work-life boundaries.,-0.472
2211,28,2026-09-01,3,4,3,3,"Training resources on Azure and Gen AI are decent, hoping for more hands-on lab allocations.",0.001
2212,14,2026-09-01,3,5,5,3,Standard project pacing. Client expectations are rigorous but manageable with proper staffing.,-0.006
2213,37,2026-09-01,2,3,3,3,Compa-ratio is noticeably below market benchmark while billable utilization is consistently above 95%.,-0.804
2214,8,2026-09-01,2,4,4,3,Disillusioned with unrealistic client deadlines and total absence of work-life boundaries.,-0.308
2215,30,2026-09-01,3,3,4,4,Compensation aligns with industry averages. Waiting to see outcome of mid-year review cycle.,0.212
2216,25,2026-09-01,5,5,5,2,The transition to modern data stack and AI tooling has been a huge boost to our delivery velocity.,0.42
2217,57,2026-09-01,3,3,4,3,"Good team dynamic, though communication between onshore and offshore squads could be smoother.",0.045
2218,44,2026-09-01,4,3,5,3,Energized by our client cloud modernization engagement and collaborative team culture.,0.51
2219,37,2026-09-01,4,4,4,3,The transition to modern data stack and AI tooling has been a huge boost to our delivery velocity.,0.898
2220,8,2026-09-01,5,4,4,4,Energized by our client cloud modernization engagement and collaborative team culture.,0.707
2221,81,2026-09-01,4,5,3,4,Standard project pacing. Client expectations are rigorous but manageable with proper staffing.,-0.028
2222,66,2026-09-01,3,3,4,3,Compensation aligns with industry averages. Waiting to see outcome of mid-year review cycle.,-0.038
2223,50,2026-09-01,4,4,4,4,The transition to modern data stack and AI tooling has been a huge boost to our delivery velocity.,0.817
2224,35,2026-09-01,3,3,2,3,Disillusioned with unrealistic client deadlines and total absence of work-life boundaries.,-0.637
2225,31,2026-09-01,3,4,3,4,Compensation aligns with industry averages. Waiting to see outcome of mid-year review cycle.,0.039
2226,68,2026-09-01,4,4,3,5,Compa-ratio is noticeably below market benchmark while billable utilization is consistently above 95%.,-0.817
2227,21,2026-09-01,4,3,5,3,Energized by our client cloud modernization engagement and collaborative team culture.,0.616
2228,73,2026-09-01,4,4,4,3,Great autonomy on solution architecture. Enjoy mentoring junior analysts on agentic workflows.,0.751
2229,14,2026-09-01,4,3,5,5,"Very fair compensation, excellent recognition from my engagement partner, and healthy work balance.",0.542
2230,78,2026-09-01,4,4,4,5,The transition to modern data stack and AI tooling has been a huge boost to our delivery velocity.,0.572
2231,81,2026-09-01,3,4,3,3,Frustrated by repeated delays in promotion cycle despite rating 5 performance in consecutive cycles.,-0.484
2232,65,2026-09-01,5,4,4,5,Great autonomy on solution architecture. Enjoy mentoring junior analysts on agentic workflows.,0.4
2233,47,2026-09-01,3,3,3,3,Compensation aligns with industry averages. Waiting to see outcome of mid-year review cycle.,0.17
2234,22,2026-09-01,3,5,4,2,Compensation aligns with industry averages. Waiting to see outcome of mid-year review cycle.,-0.006
2235,5,2026-09-01,4,4,4,4,Great autonomy on solution architecture. Enjoy mentoring junior analysts on agentic workflows.,0.511
2236,72,2026-09-01,4,4,4,5,Leadership provides tremendous career mentoring and clear promotion trajectory.,0.81
2237,75,2026-09-01,3,3,4,3,"Training resources on Azure and Gen AI are decent, hoping for more hands-on lab allocations.",0.137
2238,33,2026-09-01,3,4,4,3,"Good team dynamic, though communication between onshore and offshore squads could be smoother.",-0.056
2239,5,2026-09-01,3,4,4,4,Standard project pacing. Client expectations are rigorous but manageable with proper staffing.,-0.137
2240,50,2026-09-01,3,3,4,4,"Good team dynamic, though communication between onshore and offshore squads could be smoother.",-0.021
2241,68,2026-09-01,3,4,3,3,Compensation aligns with industry averages. Waiting to see outcome of mid-year review cycle.,-0.085
2242,35,2026-09-01,4,3,4,5,Energized by our client cloud modernization engagement and collaborative team culture.,0.453
2243,7,2026-09-01,4,2,3,4,Compensation aligns with industry averages. Waiting to see outcome of mid-year review cycle.,0.013
2244,42,2026-09-01,4,4,4,3,The transition to modern data stack and AI tooling has been a huge boost to our delivery velocity.,0.635
2245,57,2026-09-01,3,4,4,3,Standard project pacing. Client expectations are rigorous but manageable with proper staffing.,0.068
2246,81,2026-09-01,3,3,3,3,"Good team dynamic, though communication between onshore and offshore squads could be smoother.",-0.127
2247,56,2026-09-01,3,3,3,4,Frustrated by repeated delays in promotion cycle despite rating 5 performance in consecutive cycles.,-0.705
2248,48,2026-09-01,3,3,4,5,Compensation aligns with industry averages. Waiting to see outcome of mid-year review cycle.,-0.028
2249,18,2026-09-01,3,3,3,3,"Training resources on Azure and Gen AI are decent, hoping for more hands-on lab allocations.",-0.141
2250,22,2026-09-01,4,4,4,3,Leadership provides tremendous career mentoring and clear promotion trajectory.,0.622
2251,57,2026-09-01,3,3,3,3,"Training resources on Azure and Gen AI are decent, hoping for more hands-on lab allocations.",-0.044
2252,46,2026-09-01,3,3,3,3,"Good team dynamic, though communication between onshore and offshore squads could be smoother.",0.018
2253,3,2026-09-01,3,4,2,3,Lack of psychological safety and micromanager style since recent leadership re-alignment.,-0.542
2254,1,2026-09-01,5,4,4,4,Energized by our client cloud modernization engagement and collaborative team culture.,0.78
2255,71,2026-09-01,4,3,4,3,Energized by our client cloud modernization engagement and collaborative team culture.,0.468
2256,52,2026-09-01,3,5,3,3,Standard project pacing. Client expectations are rigorous but manageable with proper staffing.,-0.144
2257,6,2026-09-01,3,5,4,3,Standard project pacing. Client expectations are rigorous but manageable with proper staffing.,0.223
2258,39,2026-09-01,4,4,4,4,Leadership provides tremendous career mentoring and clear promotion trajectory.,0.548
2259,9,2026-09-01,3,3,4,3,Compensation aligns with industry averages. Waiting to see outcome of mid-year review cycle.,0.123
2260,36,2026-09-01,4,4,5,4,The transition to modern data stack and AI tooling has been a huge boost to our delivery velocity.,0.455
2261,41,2026-09-01,4,2,4,4,The transition to modern data stack and AI tooling has been a huge boost to our delivery velocity.,0.697
2262,61,2026-09-01,4,4,4,3,Energized by our client cloud modernization engagement and collaborative team culture.,0.777
2263,83,2026-09-01,4,4,4,4,Great autonomy on solution architecture. Enjoy mentoring junior analysts on agentic workflows.,0.456
2264,14,2026-09-01,3,2,3,4,Disillusioned with unrealistic client deadlines and total absence of work-life boundaries.,-0.643
2265,50,2026-09-01,5,4,4,4,Energized by our client cloud modernization engagement and collaborative team culture.,0.45
2266,52,2026-09-01,3,5,4,4,Compensation aligns with industry averages. Waiting to see outcome of mid-year review cycle.,-0.061
2267,23,2026-09-01,3,4,4,3,"Good team dynamic, though communication between onshore and offshore squads could be smoother.",-0.066
2268,33,2026-09-01,3,4,3,5,"Training resources on Azure and Gen AI are decent, hoping for more hands-on lab allocations.",0.087
2269,24,2026-09-01,2,3,3,3,Lack of psychological safety and micromanager style since recent leadership re-alignment.,-0.642
2270,59,2026-09-01,3,4,4,3,Standard project pacing. Client expectations are rigorous but manageable with proper staffing.,-0.143
2271,68,2026-09-01,3,3,4,3,"Good team dynamic, though communication between onshore and offshore squads could be smoother.",-0.114
2272,53,2026-09-01,3,3,3,4,"Good team dynamic, though communication between onshore and offshore squads could be smoother.",0.122
2273,42,2026-09-01,4,4,4,4,Leadership provides tremendous career mentoring and clear promotion trajectory.,0.817
2274,63,2026-09-01,4,3,4,4,Leadership provides tremendous career mentoring and clear promotion trajectory.,0.651
2275,48,2026-09-01,3,4,4,3,"Training resources on Azure and Gen AI are decent, hoping for more hands-on lab allocations.",0.179
2276,11,2026-09-01,4,4,4,4,"Very fair compensation, excellent recognition from my engagement partner, and healthy work balance.",0.711
2277,22,2026-09-01,3,3,4,4,Standard project pacing. Client expectations are rigorous but manageable with proper staffing.,0.03
2278,46,2026-09-01,3,4,3,5,Compensation aligns with industry averages. Waiting to see outcome of mid-year review cycle.,0.065
2279,51,2026-09-01,4,4,5,4,The transition to modern data stack and AI tooling has been a huge boost to our delivery velocity.,0.534
2280,25,2026-09-01,3,4,4,3,Compensation aligns with industry averages. Waiting to see outcome of mid-year review cycle.,-0.147
2281,67,2026-09-01,2,5,2,3,Frustrated by repeated delays in promotion cycle despite rating 5 performance in consecutive cycles.,-0.82
2282,39,2026-09-01,2,3,3,3,Compa-ratio is noticeably below market benchmark while billable utilization is consistently above 95%.,-0.845
2283,6,2026-09-01,3,3,3,3,Compensation aligns with industry averages. Waiting to see outcome of mid-year review cycle.,-0.1
2284,35,2026-09-01,3,4,4,3,"Training resources on Azure and Gen AI are decent, hoping for more hands-on lab allocations.",0.065
2285,25,2026-09-01,2,3,4,3,Frustrated by repeated delays in promotion cycle despite rating 5 performance in consecutive cycles.,-0.377
2286,79,2026-09-01,3,5,4,4,Standard project pacing. Client expectations are rigorous but manageable with proper staffing.,-0.063
2287,15,2026-09-01,4,5,4,4,The transition to modern data stack and AI tooling has been a huge boost to our delivery velocity.,0.71
2288,67,2026-09-01,3,4,3,3,"Good team dynamic, though communication between onshore and offshore squads could be smoother.",0.225
2289,36,2026-09-01,4,3,4,5,The transition to modern data stack and AI tooling has been a huge boost to our delivery velocity.,0.768
2290,23,2026-09-01,3,4,3,3,Standard project pacing. Client expectations are rigorous but manageable with proper staffing.,0.123
2291,77,2026-09-01,3,4,5,3,Standard project pacing. Client expectations are rigorous but manageable with proper staffing.,0.025
2292,63,2026-09-01,4,3,5,5,"Very fair compensation, excellent recognition from my engagement partner, and healthy work balance.",0.633
2293,40,2026-09-01,3,4,3,3,"Good team dynamic, though communication between onshore and offshore squads could be smoother.",0.246
2294,30,2026-09-01,3,3,3,3,"Training resources on Azure and Gen AI are decent, hoping for more hands-on lab allocations.",0.109
2295,10,2026-09-01,4,3,4,5,"Very fair compensation, excellent recognition from my engagement partner, and healthy work balance.",0.809
2296,77,2026-09-01,4,5,4,4,The transition to modern data stack and AI tooling has been a huge boost to our delivery velocity.,0.777
2297,10,2026-09-01,4,3,4,3,Leadership provides tremendous career mentoring and clear promotion trajectory.,0.754
2298,3,2026-09-01,3,5,4,3,Standard project pacing. Client expectations are rigorous but manageable with proper staffing.,-0.047
2299,5,2026-09-01,4,3,4,3,Great autonomy on solution architecture. Enjoy mentoring junior analysts on agentic workflows.,0.673
2300,81,2026-09-01,1,3,3,3,Severe burnout from sustained 60+ hour work weeks without staffing support on high-priority delivery.,-0.533
2301,49,2026-09-01,4,4,4,4,Great autonomy on solution architecture. Enjoy mentoring junior analysts on agentic workflows.,0.396
2302,9,2026-09-01,4,4,3,5,Frustrated by repeated delays in promotion cycle despite rating 5 performance in consecutive cycles.,-0.848
2303,7,2026-09-01,3,4,3,4,Standard project pacing. Client expectations are rigorous but manageable with proper staffing.,0.194
2304,15,2026-09-01,4,4,3,3,Compensation aligns with industry averages. Waiting to see outcome of mid-year review cycle.,-0.134
2305,47,2026-09-01,3,4,2,3,Severe burnout from sustained 60+ hour work weeks without staffing support on high-priority delivery.,-0.704
2306,71,2026-09-01,3,4,4,3,"Good team dynamic, though communication between onshore and offshore squads could be smoother.",-0.055
2307,20,2026-09-01,3,5,3,3,"Good team dynamic, though communication between onshore and offshore squads could be smoother.",0.138
2308,62,2026-09-01,5,5,4,5,"Very fair compensation, excellent recognition from my engagement partner, and healthy work balance.",0.831
2309,27,2026-09-01,4,3,4,4,The transition to modern data stack and AI tooling has been a huge boost to our delivery velocity.,0.876
2310,2,2026-09-01,3,3,4,3,"Training resources on Azure and Gen AI are decent, hoping for more hands-on lab allocations.",0.029
2311,51,2026-09-01,4,5,4,3,The transition to modern data stack and AI tooling has been a huge boost to our delivery velocity.,0.753
2312,40,2026-09-01,2,4,2,4,Compa-ratio is noticeably below market benchmark while billable utilization is consistently above 95%.,-0.49
2313,24,2026-09-01,3,3,4,4,Compensation aligns with industry averages. Waiting to see outcome of mid-year review cycle.,-0.109
2314,33,2026-09-01,3,3,2,3,Disillusioned with unrealistic client deadlines and total absence of work-life boundaries.,-0.807
2315,18,2026-09-01,4,4,3,4,"Good team dynamic, though communication between onshore and offshore squads could be smoother.",-0.13
2316,13,2026-09-01,3,4,5,2,"Good team dynamic, though communication between onshore and offshore squads could be smoother.",-0.119
2317,46,2026-09-01,3,3,4,3,Standard project pacing. Client expectations are rigorous but manageable with proper staffing.,0.205
2318,58,2026-09-01,4,4,4,4,Great autonomy on solution architecture. Enjoy mentoring junior analysts on agentic workflows.,0.897
2319,10,2026-09-01,3,4,3,3,"Training resources on Azure and Gen AI are decent, hoping for more hands-on lab allocations.",-0.096
2320,81,2026-09-01,4,3,4,4,Energized by our client cloud modernization engagement and collaborative team culture.,0.647
2321,31,2026-09-01,3,4,3,4,Frustrated by repeated delays in promotion cycle despite rating 5 performance in consecutive cycles.,-0.28
2322,21,2026-09-01,3,3,4,3,"Training resources on Azure and Gen AI are decent, hoping for more hands-on lab allocations.",-0.108
2323,14,2026-09-01,4,4,4,3,The transition to modern data stack and AI tooling has been a huge boost to our delivery velocity.,0.808
2324,5,2026-09-01,2,4,3,3,Frustrated by repeated delays in promotion cycle despite rating 5 performance in consecutive cycles.,-0.555
2325,4,2026-09-01,4,3,4,3,Leadership provides tremendous career mentoring and clear promotion trajectory.,0.437
2326,68,2026-09-01,3,5,5,2,Standard project pacing. Client expectations are rigorous but manageable with proper staffing.,0.088
2327,27,2026-09-01,4,5,4,3,Energized by our client cloud modernization engagement and collaborative team culture.,0.396
2328,7,2026-09-01,4,3,4,4,Energized by our client cloud modernization engagement and collaborative team culture.,0.782
2329,83,2026-09-01,3,4,3,3,Standard project pacing. Client expectations are rigorous but manageable with proper staffing.,0.113
2330,76,2026-09-01,4,3,4,3,Leadership provides tremendous career mentoring and clear promotion trajectory.,0.849
2331,39,2026-09-01,3,4,4,4,"Training resources on Azure and Gen AI are decent, hoping for more hands-on lab allocations.",0.189
2332,3,2026-09-01,4,4,4,3,The transition to modern data stack and AI tooling has been a huge boost to our delivery velocity.,0.471
2333,82,2026-09-01,2,4,2,3,Severe burnout from sustained 60+ hour work weeks without staffing support on high-priority delivery.,-0.732
2334,56,2026-09-01,4,4,4,4,Energized by our client cloud modernization engagement and collaborative team culture.,0.639
2335,20,2026-09-01,4,2,3,3,"Training resources on Azure and Gen AI are decent, hoping for more hands-on lab allocations.",0.017
2336,51,2026-09-01,2,5,3,4,Frustrated by repeated delays in promotion cycle despite rating 5 performance in consecutive cycles.,-0.501
2337,1,2026-09-01,3,4,4,4,Standard project pacing. Client expectations are rigorous but manageable with proper staffing.,0.175
2338,9,2026-09-01,3,3,4,3,"Training resources on Azure and Gen AI are decent, hoping for more hands-on lab allocations.",0.045
2339,40,2026-09-01,4,4,4,4,Great autonomy on solution architecture. Enjoy mentoring junior analysts on agentic workflows.,0.651
2340,36,2026-09-01,5,5,4,3,The transition to modern data stack and AI tooling has been a huge boost to our delivery velocity.,0.802
2341,27,2026-09-01,4,4,4,4,Great autonomy on solution architecture. Enjoy mentoring junior analysts on agentic workflows.,0.716
2342,78,2026-09-01,3,3,4,5,Standard project pacing. Client expectations are rigorous but manageable with proper staffing.,-0.13
2343,71,2026-09-01,3,4,3,3,Severe burnout from sustained 60+ hour work weeks without staffing support on high-priority delivery.,-0.834
2344,28,2026-09-01,5,3,5,4,The transition to modern data stack and AI tooling has been a huge boost to our delivery velocity.,0.558
2345,38,2026-09-01,3,3,4,2,Standard project pacing. Client expectations are rigorous but manageable with proper staffing.,0.087
2346,34,2026-09-01,5,3,5,4,Leadership provides tremendous career mentoring and clear promotion trajectory.,0.482
2347,63,2026-09-01,4,3,3,3,"Good team dynamic, though communication between onshore and offshore squads could be smoother.",0.039
2348,64,2026-09-01,4,4,4,5,The transition to modern data stack and AI tooling has been a huge boost to our delivery velocity.,0.492
2349,47,2026-09-01,5,3,4,5,Leadership provides tremendous career mentoring and clear promotion trajectory.,0.877
2350,4,2026-09-01,4,4,4,3,"Very fair compensation, excellent recognition from my engagement partner, and healthy work balance.",0.426
2351,54,2026-09-01,2,3,3,3,Lack of psychological safety and micromanager style since recent leadership re-alignment.,-0.55
2352,12,2026-09-01,3,4,3,4,Compensation aligns with industry averages. Waiting to see outcome of mid-year review cycle.,-0.091
2353,53,2026-09-01,4,4,3,5,"Good team dynamic, though communication between onshore and offshore squads could be smoother.",0.067
2354,68,2026-09-01,4,3,4,3,The transition to modern data stack and AI tooling has been a huge boost to our delivery velocity.,0.793
2355,2,2026-09-01,3,2,3,3,Disillusioned with unrealistic client deadlines and total absence of work-life boundaries.,-0.446
2356,15,2026-09-01,4,5,3,5,Compensation aligns with industry averages. Waiting to see outcome of mid-year review cycle.,-0.121
2357,26,2026-09-01,4,3,4,3,Energized by our client cloud modernization engagement and collaborative team culture.,0.724
2358,10,2026-09-01,3,5,3,4,"Training resources on Azure and Gen AI are decent, hoping for more hands-on lab allocations.",-0.13
2359,54,2026-09-01,3,4,4,3,"Good team dynamic, though communication between onshore and offshore squads could be smoother.",0.222
2360,30,2026-09-01,3,3,4,3,"Training resources on Azure and Gen AI are decent, hoping for more hands-on lab allocations.",0.195
2361,8,2026-09-01,4,3,3,3,"Training resources on Azure and Gen AI are decent, hoping for more hands-on lab allocations.",0.194
2362,73,2026-09-01,3,5,4,3,Standard project pacing. Client expectations are rigorous but manageable with proper staffing.,-0.111
2363,26,2026-09-01,4,3,3,4,"Training resources on Azure and Gen AI are decent, hoping for more hands-on lab allocations.",0.156
2364,62,2026-09-01,3,3,5,4,"Good team dynamic, though communication between onshore and offshore squads could be smoother.",0.076
2365,46,2026-09-01,2,4,3,2,Compa-ratio is noticeably below market benchmark while billable utilization is consistently above 95%.,-0.454
2366,11,2026-09-01,4,3,5,3,Energized by our client cloud modernization engagement and collaborative team culture.,0.516
2367,75,2026-09-01,4,4,4,3,Energized by our client cloud modernization engagement and collaborative team culture.,0.38
2368,19,2026-09-01,5,4,3,4,Compensation aligns with industry averages. Waiting to see outcome of mid-year review cycle.,0.1
2369,8,2026-09-01,4,2,3,4,Compensation aligns with industry averages. Waiting to see outcome of mid-year review cycle.,0.153
2370,70,2026-09-01,3,4,4,5,Compensation aligns with industry averages. Waiting to see outcome of mid-year review cycle.,-0.065
2371,79,2026-09-01,5,3,4,4,"Very fair compensation, excellent recognition from my engagement partner, and healthy work balance.",0.631
2372,2,2026-09-01,4,3,2,3,Severe burnout from sustained 60+ hour work weeks without staffing support on high-priority delivery.,-0.636
2373,14,2026-09-01,3,2,3,3,Standard project pacing. Client expectations are rigorous but manageable with proper staffing.,0.216
2374,74,2026-09-01,3,4,5,4,Standard project pacing. Client expectations are rigorous but manageable with proper staffing.,0.106
2375,16,2026-09-01,4,4,4,4,Great autonomy on solution architecture. Enjoy mentoring junior analysts on agentic workflows.,0.479
2376,84,2026-09-01,3,4,3,3,"Good team dynamic, though communication between onshore and offshore squads could be smoother.",-0.053
2377,36,2026-09-01,3,4,3,3,"Training resources on Azure and Gen AI are decent, hoping for more hands-on lab allocations.",0.085
2378,4,2026-09-01,4,3,4,3,Leadership provides tremendous career mentoring and clear promotion trajectory.,0.63
2379,24,2026-09-01,3,5,3,3,"Training resources on Azure and Gen AI are decent, hoping for more hands-on lab allocations.",0.012
2380,61,2026-09-01,4,4,4,2,Great autonomy on solution architecture. Enjoy mentoring junior analysts on agentic workflows.,0.777
2381,20,2026-09-01,3,5,4,5,Compensation aligns with industry averages. Waiting to see outcome of mid-year review cycle.,-0.149
2382,16,2026-09-01,3,4,3,3,Compa-ratio is noticeably below market benchmark while billable utilization is consistently above 95%.,-0.29
2383,34,2026-09-01,2,3,4,3,Lack of psychological safety and micromanager style since recent leadership re-alignment.,-0.519
2384,63,2026-09-01,4,4,4,3,Great autonomy on solution architecture. Enjoy mentoring junior analysts on agentic workflows.,0.856
2385,13,2026-09-01,4,3,4,5,Great autonomy on solution architecture. Enjoy mentoring junior analysts on agentic workflows.,0.355
2386,52,2026-09-01,3,2,3,3,"Training resources on Azure and Gen AI are decent, hoping for more hands-on lab allocations.",0.084
2387,61,2026-09-01,4,5,4,3,Great autonomy on solution architecture. Enjoy mentoring junior analysts on agentic workflows.,0.886
2388,74,2026-09-01,4,3,4,3,"Very fair compensation, excellent recognition from my engagement partner, and healthy work balance.",0.439
2389,22,2026-09-01,4,5,2,4,Frustrated by repeated delays in promotion cycle despite rating 5 performance in consecutive cycles.,-0.595
2390,67,2026-09-01,2,3,4,2,Disillusioned with unrealistic client deadlines and total absence of work-life boundaries.,-0.52
2391,4,2026-09-01,3,3,4,4,Compensation aligns with industry averages. Waiting to see outcome of mid-year review cycle.,0.089
2392,46,2026-09-01,4,4,4,4,Leadership provides tremendous career mentoring and clear promotion trajectory.,0.839
2393,64,2026-09-01,2,3,2,3,Disillusioned with unrealistic client deadlines and total absence of work-life boundaries.,-0.28
2394,53,2026-09-01,4,3,4,3,The transition to modern data stack and AI tooling has been a huge boost to our delivery velocity.,0.424
2395,25,2026-09-01,3,3,4,4,Standard project pacing. Client expectations are rigorous but manageable with proper staffing.,-0.025
2396,61,2026-09-01,3,4,3,4,"Good team dynamic, though communication between onshore and offshore squads could be smoother.",-0.057
2397,13,2026-09-01,3,4,2,3,Frustrated by repeated delays in promotion cycle despite rating 5 performance in consecutive cycles.,-0.468
2398,64,2026-09-01,4,4,4,3,Great autonomy on solution architecture. Enjoy mentoring junior analysts on agentic workflows.,0.57
2399,60,2026-09-01,4,5,3,3,"Training resources on Azure and Gen AI are decent, hoping for more hands-on lab allocations.",-0.146
2400,64,2026-09-01,4,4,4,4,Energized by our client cloud modernization engagement and collaborative team culture.,0.399
2401,70,2026-09-01,3,3,3,5,"Good team dynamic, though communication between onshore and offshore squads could be smoother.",0.04
2402,11,2026-09-01,4,3,4,3,"Very fair compensation, excellent recognition from my engagement partner, and healthy work balance.",0.364
2403,73,2026-09-01,3,3,4,3,Standard project pacing. Client expectations are rigorous but manageable with proper staffing.,0.11
2404,33,2026-09-01,3,4,3,3,Standard project pacing. Client expectations are rigorous but manageable with proper staffing.,0.025
2405,70,2026-09-01,2,4,2,3,Lack of psychological safety and micromanager style since recent leadership re-alignment.,-0.718
2406,37,2026-09-01,3,4,4,3,"Good team dynamic, though communication between onshore and offshore squads could be smoother.",-0.062
2407,63,2026-09-01,2,5,3,4,Compa-ratio is noticeably below market benchmark while billable utilization is consistently above 95%.,-0.656
2408,57,2026-09-01,4,5,3,4,"Good team dynamic, though communication between onshore and offshore squads could be smoother.",-0.04
2409,58,2026-09-01,4,4,4,5,Great autonomy on solution architecture. Enjoy mentoring junior analysts on agentic workflows.,0.852
2410,48,2026-09-01,3,5,3,5,Standard project pacing. Client expectations are rigorous but manageable with proper staffing.,0.106
2411,78,2026-09-01,4,3,4,2,Leadership provides tremendous career mentoring and clear promotion trajectory.,0.769
2412,47,2026-09-01,3,5,3,3,Compensation aligns with industry averages. Waiting to see outcome of mid-year review cycle.,-0.094
2413,40,2026-09-01,3,5,2,4,Disillusioned with unrealistic client deadlines and total absence of work-life boundaries.,-0.404
2414,48,2026-09-01,3,3,2,4,Frustrated by repeated delays in promotion cycle despite rating 5 performance in consecutive cycles.,-0.659
2415,16,2026-09-01,2,4,3,2,Compa-ratio is noticeably below market benchmark while billable utilization is consistently above 95%.,-0.502
2416,22,2026-09-01,3,4,4,3,Compensation aligns with industry averages. Waiting to see outcome of mid-year review cycle.,-0.068
2417,56,2026-09-01,3,4,3,4,Standard project pacing. Client expectations are rigorous but manageable with proper staffing.,0.039
2418,75,2026-09-01,4,4,4,5,Leadership provides tremendous career mentoring and clear promotion trajectory.,0.402
2419,55,2026-09-01,4,4,4,4,Great autonomy on solution architecture. Enjoy mentoring junior analysts on agentic workflows.,0.502
2420,7,2026-09-01,3,4,4,5,"Training resources on Azure and Gen AI are decent, hoping for more hands-on lab allocations.",-0.125
2421,48,2026-09-01,3,3,4,4,"Training resources on Azure and Gen AI are decent, hoping for more hands-on lab allocations.",0.167
2422,61,2026-09-01,4,5,4,3,Energized by our client cloud modernization engagement and collaborative team culture.,0.85
2423,4,2026-09-01,4,4,4,2,"Very fair compensation, excellent recognition from my engagement partner, and healthy work balance.",0.518
2424,66,2026-09-01,3,3,4,3,"Training resources on Azure and Gen AI are decent, hoping for more hands-on lab allocations.",-0.006
2425,3,2026-09-01,3,4,3,3,Compensation aligns with industry averages. Waiting to see outcome of mid-year review cycle.,-0.039
2426,83,2026-09-01,3,4,4,4,"Training resources on Azure and Gen AI are decent, hoping for more hands-on lab allocations.",0.24
2427,23,2026-09-01,5,4,4,4,Energized by our client cloud modernization engagement and collaborative team culture.,0.445
2428,20,2026-09-01,4,3,3,4,"Training resources on Azure and Gen AI are decent, hoping for more hands-on lab allocations.",0.106
2429,4,2026-09-01,4,4,3,4,Standard project pacing. Client expectations are rigorous but manageable with proper staffing.,0.232
2430,66,2026-09-01,4,3,5,3,Leadership provides tremendous career mentoring and clear promotion trajectory.,0.887
2431,12,2026-09-01,3,3,4,3,Standard project pacing. Client expectations are rigorous but manageable with proper staffing.,0.121
2432,83,2026-09-01,3,4,3,3,Standard project pacing. Client expectations are rigorous but manageable with proper staffing.,0.107
2433,84,2026-09-01,4,2,3,3,"Training resources on Azure and Gen AI are decent, hoping for more hands-on lab allocations.",0.029
2434,42,2026-09-01,2,4,2,4,Compa-ratio is noticeably below market benchmark while billable utilization is consistently above 95%.,-0.618
2435,65,2026-09-01,3,4,4,3,Standard project pacing. Client expectations are rigorous but manageable with proper staffing.,-0.038
2436,47,2026-09-01,3,4,4,3,Compensation aligns with industry averages. Waiting to see outcome of mid-year review cycle.,-0.077
2437,58,2026-09-01,2,3,4,3,Frustrated by repeated delays in promotion cycle despite rating 5 performance in consecutive cycles.,-0.707
2438,63,2026-09-01,4,3,4,5,"Very fair compensation, excellent recognition from my engagement partner, and healthy work balance.",0.822
2439,18,2026-09-01,3,3,3,2,"Training resources on Azure and Gen AI are decent, hoping for more hands-on lab allocations.",-0.089
2440,8,2026-09-01,2,3,5,2,Compa-ratio is noticeably below market benchmark while billable utilization is consistently above 95%.,-0.591
2441,41,2026-09-01,2,3,3,3,Frustrated by repeated delays in promotion cycle despite rating 5 performance in consecutive cycles.,-0.558
2442,17,2026-09-01,4,4,4,5,The transition to modern data stack and AI tooling has been a huge boost to our delivery velocity.,0.751
2443,43,2026-09-01,3,3,3,5,Standard project pacing. Client expectations are rigorous but manageable with proper staffing.,0.161
2444,45,2026-09-01,3,3,4,3,"Training resources on Azure and Gen AI are decent, hoping for more hands-on lab allocations.",0.089
2445,76,2026-09-01,4,3,3,4,"Good team dynamic, though communication between onshore and offshore squads could be smoother.",0.165
2446,48,2026-09-01,3,3,3,4,Compensation aligns with industry averages. Waiting to see outcome of mid-year review cycle.,-0.058
2447,47,2026-09-01,3,5,4,4,"Training resources on Azure and Gen AI are decent, hoping for more hands-on lab allocations.",0.128
2448,65,2026-09-01,5,4,3,4,Compensation aligns with industry averages. Waiting to see outcome of mid-year review cycle.,-0.021
2449,45,2026-09-01,4,2,4,5,Energized by our client cloud modernization engagement and collaborative team culture.,0.662
2450,31,2026-09-01,3,4,3,4,"Good team dynamic, though communication between onshore and offshore squads could be smoother.",-0.058
2451,29,2026-09-01,3,4,3,4,Compensation aligns with industry averages. Waiting to see outcome of mid-year review cycle.,-0.083
2452,56,2026-09-01,3,3,3,3,Disillusioned with unrealistic client deadlines and total absence of work-life boundaries.,-0.528
2453,11,2026-09-01,3,3,4,3,Standard project pacing. Client expectations are rigorous but manageable with proper staffing.,0.048
2454,64,2026-09-01,3,3,2,2,Compa-ratio is noticeably below market benchmark while billable utilization is consistently above 95%.,-0.529
2455,75,2026-09-01,2,4,3,4,Severe burnout from sustained 60+ hour work weeks without staffing support on high-priority delivery.,-0.684
2456,42,2026-09-01,3,5,4,3,"Training resources on Azure and Gen AI are decent, hoping for more hands-on lab allocations.",-0.058
2457,65,2026-09-01,3,3,3,3,"Training resources on Azure and Gen AI are decent, hoping for more hands-on lab allocations.",-0.015
2458,14,2026-09-01,2,2,3,4,Severe burnout from sustained 60+ hour work weeks without staffing support on high-priority delivery.,-0.816
2459,10,2026-09-01,4,4,4,3,Leadership provides tremendous career mentoring and clear promotion trajectory.,0.652
2460,71,2026-09-01,3,3,3,5,Frustrated by repeated delays in promotion cycle despite rating 5 performance in consecutive cycles.,-0.427
2461,21,2026-09-01,3,3,4,2,Standard project pacing. Client expectations are rigorous but manageable with proper staffing.,0.045
2462,35,2026-09-01,3,4,3,4,Compensation aligns with industry averages. Waiting to see outcome of mid-year review cycle.,0.031
2463,56,2026-09-01,4,4,4,1,Leadership provides tremendous career mentoring and clear promotion trajectory.,0.448
2464,24,2026-09-01,3,4,3,2,Standard project pacing. Client expectations are rigorous but manageable with proper staffing.,0.046
2465,14,2026-09-01,4,3,3,3,"Training resources on Azure and Gen AI are decent, hoping for more hands-on lab allocations.",-0.011
2466,59,2026-09-01,3,3,3,4,Standard project pacing. Client expectations are rigorous but manageable with proper staffing.,0.217
2467,77,2026-09-01,3,4,3,3,"Good team dynamic, though communication between onshore and offshore squads could be smoother.",0.194
2468,59,2026-09-01,3,3,4,3,Standard project pacing. Client expectations are rigorous but manageable with proper staffing.,-0.131
2469,74,2026-09-01,3,4,3,3,Standard project pacing. Client expectations are rigorous but manageable with proper staffing.,-0.127
2470,45,2026-09-01,5,4,3,5,"Good team dynamic, though communication between onshore and offshore squads could be smoother.",0.131
2471,40,2026-09-01,3,4,4,4,Standard project pacing. Client expectations are rigorous but manageable with proper staffing.,0.01
2472,9,2026-09-01,2,2,3,4,Compa-ratio is noticeably below market benchmark while billable utilization is consistently above 95%.,-0.783
2473,70,2026-09-01,3,4,5,3,Compensation aligns with industry averages. Waiting to see outcome of mid-year review cycle.,0.012
2474,80,2026-09-01,4,3,3,5,Standard project pacing. Client expectations are rigorous but manageable with proper staffing.,0.213
2475,9,2026-09-01,5,5,4,4,Leadership provides tremendous career mentoring and clear promotion trajectory.,0.379
2476,82,2026-09-01,3,3,4,3,Compensation aligns with industry averages. Waiting to see outcome of mid-year review cycle.,0.238
2477,62,2026-09-01,4,4,4,5,The transition to modern data stack and AI tooling has been a huge boost to our delivery velocity.,0.821
2478,15,2026-09-01,3,4,3,3,Compensation aligns with industry averages. Waiting to see outcome of mid-year review cycle.,-0.088
2479,35,2026-09-01,4,4,4,5,Great autonomy on solution architecture. Enjoy mentoring junior analysts on agentic workflows.,0.355
2480,4,2026-09-01,3,5,3,4,Standard project pacing. Client expectations are rigorous but manageable with proper staffing.,-0.039
2481,7,2026-09-01,1,4,3,3,Severe burnout from sustained 60+ hour work weeks without staffing support on high-priority delivery.,-0.318
2482,28,2026-09-01,3,4,4,3,Standard project pacing. Client expectations are rigorous but manageable with proper staffing.,0.111
2483,46,2026-09-01,3,2,4,3,Compensation aligns with industry averages. Waiting to see outcome of mid-year review cycle.,-0.017
2484,34,2026-09-01,3,4,2,2,Lack of psychological safety and micromanager style since recent leadership re-alignment.,-0.623
2485,8,2026-09-01,4,4,5,3,Leadership provides tremendous career mentoring and clear promotion trajectory.,0.727
2486,56,2026-09-01,4,4,4,3,The transition to modern data stack and AI tooling has been a huge boost to our delivery velocity.,0.464
2487,72,2026-09-01,4,5,3,4,Compensation aligns with industry averages. Waiting to see outcome of mid-year review cycle.,0.187
2488,75,2026-09-01,3,4,3,4,"Good team dynamic, though communication between onshore and offshore squads could be smoother.",-0.036
2489,48,2026-09-01,3,3,5,3,Compensation aligns with industry averages. Waiting to see outcome of mid-year review cycle.,0.165
2490,10,2026-09-01,4,4,3,5,"Good team dynamic, though communication between onshore and offshore squads could be smoother.",-0.058
2491,83,2026-09-01,4,2,4,5,Energized by our client cloud modernization engagement and collaborative team culture.,0.751
2492,81,2026-09-01,3,3,4,4,Compensation aligns with industry averages. Waiting to see outcome of mid-year review cycle.,-0.111
2493,82,2026-09-01,3,3,3,4,Disillusioned with unrealistic client deadlines and total absence of work-life boundaries.,-0.745
2494,73,2026-09-01,3,4,4,3,"Training resources on Azure and Gen AI are decent, hoping for more hands-on lab allocations.",0.045
2495,13,2026-09-01,4,3,4,4,Energized by our client cloud modernization engagement and collaborative team culture.,0.752
2496,19,2026-09-01,3,2,4,4,"Good team dynamic, though communication between onshore and offshore squads could be smoother.",0.018
2497,62,2026-09-01,4,4,4,3,Leadership provides tremendous career mentoring and clear promotion trajectory.,0.788
2498,1,2026-09-01,2,3,4,4,Disillusioned with unrealistic client deadlines and total absence of work-life boundaries.,-0.731
2499,28,2026-09-01,4,4,4,4,Leadership provides tremendous career mentoring and clear promotion trajectory.,0.648
2500,37,2026-09-01,3,3,4,3,Standard project pacing. Client expectations are rigorous but manageable with proper staffing.,0.036
2501,48,2026-09-01,4,5,3,2,"Good team dynamic, though communication between onshore and offshore squads could be smoother.",0.147
2502,25,2026-09-01,2,4,3,3,Lack of psychological safety and micromanager style since recent leadership re-alignment.,-0.431
2503,23,2026-09-01,4,4,4,3,The transition to modern data stack and AI tooling has been a huge boost to our delivery velocity.,0.586
2504,5,2026-09-01,3,5,3,3,Compensation aligns with industry averages. Waiting to see outcome of mid-year review cycle.,-0.132
2505,28,2026-09-01,3,5,3,3,Compensation aligns with industry averages. Waiting to see outcome of mid-year review cycle.,0.14
2506,44,2026-09-01,3,3,4,4,Standard project pacing. Client expectations are rigorous but manageable with proper staffing.,0.241
2507,47,2026-09-01,3,4,3,4,Standard project pacing. Client expectations are rigorous but manageable with proper staffing.,0.043
2508,2,2026-09-01,5,4,4,4,Energized by our client cloud modernization engagement and collaborative team culture.,0.679
2509,63,2026-09-01,3,3,3,3,Compensation aligns with industry averages. Waiting to see outcome of mid-year review cycle.,-0.121
2510,13,2026-09-01,3,3,4,3,"Training resources on Azure and Gen AI are decent, hoping for more hands-on lab allocations.",-0.004
2511,66,2026-09-01,4,4,4,4,Leadership provides tremendous career mentoring and clear promotion trajectory.,0.582
2512,70,2026-09-01,4,3,4,3,The transition to modern data stack and AI tooling has been a huge boost to our delivery velocity.,0.814
2513,53,2026-09-01,3,2,2,4,Disillusioned with unrealistic client deadlines and total absence of work-life boundaries.,-0.322
2514,69,2026-09-01,3,3,4,3,"Good team dynamic, though communication between onshore and offshore squads could be smoother.",-0.062
2515,83,2026-09-01,3,2,4,2,"Training resources on Azure and Gen AI are decent, hoping for more hands-on lab allocations.",0.248
2516,46,2026-09-01,2,4,4,3,Frustrated by repeated delays in promotion cycle despite rating 5 performance in consecutive cycles.,-0.27
2517,78,2026-09-01,4,4,4,4,Great autonomy on solution architecture. Enjoy mentoring junior analysts on agentic workflows.,0.702
2518,14,2026-09-01,2,4,4,3,Frustrated by repeated delays in promotion cycle despite rating 5 performance in consecutive cycles.,-0.325
2519,41,2026-09-01,3,4,3,3,"Good team dynamic, though communication between onshore and offshore squads could be smoother.",0.08
2520,18,2026-09-01,4,4,4,3,Leadership provides tremendous career mentoring and clear promotion trajectory.,0.365
2521,64,2026-09-01,4,5,3,3,"Good team dynamic, though communication between onshore and offshore squads could be smoother.",0.249
2522,43,2026-09-01,4,3,3,3,"Training resources on Azure and Gen AI are decent, hoping for more hands-on lab allocations.",0.034
2523,73,2026-09-01,3,3,4,3,"Training resources on Azure and Gen AI are decent, hoping for more hands-on lab allocations.",0.043
2524,2,2026-09-01,3,5,3,2,Standard project pacing. Client expectations are rigorous but manageable with proper staffing.,0.102
2525,29,2026-09-01,3,4,2,4,Lack of psychological safety and micromanager style since recent leadership re-alignment.,-0.659
2526,43,2026-09-01,3,3,4,3,"Training resources on Azure and Gen AI are decent, hoping for more hands-on lab allocations.",-0.075
2527,64,2026-09-01,3,3,3,3,"Good team dynamic, though communication between onshore and offshore squads could be smoother.",0.072
2528,11,2026-09-01,3,5,4,3,Standard project pacing. Client expectations are rigorous but manageable with proper staffing.,-0.079
2529,69,2026-09-01,2,5,2,3,Compa-ratio is noticeably below market benchmark while billable utilization is consistently above 95%.,-0.446
2530,56,2026-09-01,4,4,3,3,"Good team dynamic, though communication between onshore and offshore squads could be smoother.",-0.142
2531,54,2026-09-01,4,3,4,4,"Very fair compensation, excellent recognition from my engagement partner, and healthy work balance.",0.418
2532,3,2026-09-01,4,4,4,4,Great autonomy on solution architecture. Enjoy mentoring junior analysts on agentic workflows.,0.753
2533,62,2026-09-01,4,4,4,4,Energized by our client cloud modernization engagement and collaborative team culture.,0.772
2534,71,2026-09-01,4,5,4,3,Energized by our client cloud modernization engagement and collaborative team culture.,0.642
2535,6,2026-09-01,3,4,4,3,"Training resources on Azure and Gen AI are decent, hoping for more hands-on lab allocations.",0.034
2536,70,2026-09-01,3,3,4,3,Compensation aligns with industry averages. Waiting to see outcome of mid-year review cycle.,-0.119
2537,25,2026-09-01,4,3,3,4,Standard project pacing. Client expectations are rigorous but manageable with proper staffing.,-0.083
2538,65,2026-09-01,3,3,4,2,Standard project pacing. Client expectations are rigorous but manageable with proper staffing.,0.117
2539,70,2026-09-01,4,4,4,4,Great autonomy on solution architecture. Enjoy mentoring junior analysts on agentic workflows.,0.57
2540,30,2026-09-01,4,4,4,3,The transition to modern data stack and AI tooling has been a huge boost to our delivery velocity.,0.879
2541,28,2026-09-01,4,4,3,5,"Training resources on Azure and Gen AI are decent, hoping for more hands-on lab allocations.",-0.006
2542,1,2026-09-01,3,3,4,4,"Good team dynamic, though communication between onshore and offshore squads could be smoother.",0.217
2543,74,2026-09-01,3,4,3,4,Compa-ratio is noticeably below market benchmark while billable utilization is consistently above 95%.,-0.35
2544,28,2026-09-01,3,3,3,3,Standard project pacing. Client expectations are rigorous but manageable with proper staffing.,-0.018
2545,14,2026-09-01,4,4,4,4,Energized by our client cloud modernization engagement and collaborative team culture.,0.384
2546,3,2026-09-01,2,4,3,3,Disillusioned with unrealistic client deadlines and total absence of work-life boundaries.,-0.474
2547,28,2026-09-01,3,4,4,3,"Training resources on Azure and Gen AI are decent, hoping for more hands-on lab allocations.",0.003
2548,31,2026-09-01,3,4,4,3,Compensation aligns with industry averages. Waiting to see outcome of mid-year review cycle.,0.016
2549,62,2026-09-01,3,4,4,4,Compensation aligns with industry averages. Waiting to see outcome of mid-year review cycle.,0.186
2550,51,2026-09-01,4,2,5,4,Leadership provides tremendous career mentoring and clear promotion trajectory.,0.488
2551,38,2026-09-01,3,4,3,4,Compensation aligns with industry averages. Waiting to see outcome of mid-year review cycle.,0.191
2552,84,2026-09-01,4,4,3,3,"Training resources on Azure and Gen AI are decent, hoping for more hands-on lab allocations.",-0.068
2553,78,2026-09-01,4,5,3,3,Standard project pacing. Client expectations are rigorous but manageable with proper staffing.,-0.076
2554,31,2026-09-01,3,3,3,3,Severe burnout from sustained 60+ hour work weeks without staffing support on high-priority delivery.,-0.815
2555,83,2026-09-01,2,4,3,4,Severe burnout from sustained 60+ hour work weeks without staffing support on high-priority delivery.,-0.834
2556,75,2026-09-01,3,2,5,3,Compensation aligns with industry averages. Waiting to see outcome of mid-year review cycle.,0.154
2557,65,2026-09-01,3,3,2,4,Severe burnout from sustained 60+ hour work weeks without staffing support on high-priority delivery.,-0.746
2558,33,2026-09-01,3,4,4,3,Standard project pacing. Client expectations are rigorous but manageable with proper staffing.,-0.046
2559,4,2026-09-01,3,5,3,4,Standard project pacing. Client expectations are rigorous but manageable with proper staffing.,0.156
2560,78,2026-09-01,2,3,2,3,Lack of psychological safety and micromanager style since recent leadership re-alignment.,-0.401
2561,56,2026-09-01,4,4,5,4,"Very fair compensation, excellent recognition from my engagement partner, and healthy work balance.",0.55
2562,60,2026-09-01,3,5,5,3,"Good team dynamic, though communication between onshore and offshore squads could be smoother.",0.202
2563,16,2026-09-01,4,4,4,3,Great autonomy on solution architecture. Enjoy mentoring junior analysts on agentic workflows.,0.826
2564,44,2026-09-01,4,4,3,3,"Good team dynamic, though communication between onshore and offshore squads could be smoother.",-0.134
2565,8,2026-09-01,3,4,3,3,"Training resources on Azure and Gen AI are decent, hoping for more hands-on lab allocations.",0.142
2566,48,2026-09-01,4,2,4,4,Leadership provides tremendous career mentoring and clear promotion trajectory.,0.651
2567,49,2026-09-01,5,4,4,4,The transition to modern data stack and AI tooling has been a huge boost to our delivery velocity.,0.595
2568,76,2026-09-01,3,4,3,3,Compensation aligns with industry averages. Waiting to see outcome of mid-year review cycle.,0.056
2569,61,2026-09-01,3,4,4,4,"Training resources on Azure and Gen AI are decent, hoping for more hands-on lab allocations.",-0.093
2570,69,2026-09-01,4,4,5,3,Energized by our client cloud modernization engagement and collaborative team culture.,0.538
2571,10,2026-09-01,5,4,5,5,"Very fair compensation, excellent recognition from my engagement partner, and healthy work balance.",0.822
2572,32,2026-09-01,4,2,3,5,"Training resources on Azure and Gen AI are decent, hoping for more hands-on lab allocations.",0.074
2573,35,2026-09-01,3,5,2,3,Frustrated by repeated delays in promotion cycle despite rating 5 performance in consecutive cycles.,-0.73
2574,27,2026-09-01,3,4,4,3,"Training resources on Azure and Gen AI are decent, hoping for more hands-on lab allocations.",0.047
2575,3,2026-09-01,4,5,4,5,"Very fair compensation, excellent recognition from my engagement partner, and healthy work balance.",0.461
2576,26,2026-09-01,5,3,4,5,The transition to modern data stack and AI tooling has been a huge boost to our delivery velocity.,0.783
2577,80,2026-09-01,4,3,3,4,Standard project pacing. Client expectations are rigorous but manageable with proper staffing.,0.073
2578,12,2026-09-01,4,3,4,3,Great autonomy on solution architecture. Enjoy mentoring junior analysts on agentic workflows.,0.757
2579,14,2026-09-01,3,4,5,2,"Training resources on Azure and Gen AI are decent, hoping for more hands-on lab allocations.",0.212
2580,2,2026-09-01,3,4,4,3,Compensation aligns with industry averages. Waiting to see outcome of mid-year review cycle.,-0.081
2581,80,2026-09-01,4,4,4,4,Energized by our client cloud modernization engagement and collaborative team culture.,0.543
2582,19,2026-09-01,4,3,4,3,"Very fair compensation, excellent recognition from my engagement partner, and healthy work balance.",0.843
2583,17,2026-09-01,5,4,4,4,Great autonomy on solution architecture. Enjoy mentoring junior analysts on agentic workflows.,0.469
2584,5,2026-09-01,4,5,3,4,"Training resources on Azure and Gen AI are decent, hoping for more hands-on lab allocations.",0.243
2585,32,2026-09-01,4,3,3,4,Compensation aligns with industry averages. Waiting to see outcome of mid-year review cycle.,0.052
2586,32,2026-09-01,3,4,4,3,"Training resources on Azure and Gen AI are decent, hoping for more hands-on lab allocations.",0.154
2587,54,2026-09-01,4,5,3,3,"Training resources on Azure and Gen AI are decent, hoping for more hands-on lab allocations.",0.153
2588,31,2026-09-01,3,4,4,4,Standard project pacing. Client expectations are rigorous but manageable with proper staffing.,0.216
2589,8,2026-09-01,3,2,5,4,Standard project pacing. Client expectations are rigorous but manageable with proper staffing.,-0.021
2590,12,2026-09-01,4,4,3,3,Compensation aligns with industry averages. Waiting to see outcome of mid-year review cycle.,0.244
2591,32,2026-09-01,4,4,2,4,Compa-ratio is noticeably below market benchmark while billable utilization is consistently above 95%.,-0.408
2592,61,2026-09-01,4,5,3,5,Standard project pacing. Client expectations are rigorous but manageable with proper staffing.,0.011
2593,75,2026-09-01,4,4,4,3,The transition to modern data stack and AI tooling has been a huge boost to our delivery velocity.,0.666
2594,19,2026-09-01,4,4,4,3,"Very fair compensation, excellent recognition from my engagement partner, and healthy work balance.",0.489
2595,76,2026-09-01,3,4,4,3,Compensation aligns with industry averages. Waiting to see outcome of mid-year review cycle.,0.131
2596,62,2026-09-01,3,4,4,3,Standard project pacing. Client expectations are rigorous but manageable with proper staffing.,-0.005
2597,66,2026-09-01,3,4,4,3,"Good team dynamic, though communication between onshore and offshore squads could be smoother.",0.243
2598,74,2026-09-01,4,3,5,4,Great autonomy on solution architecture. Enjoy mentoring junior analysts on agentic workflows.,0.822
2599,17,2026-09-01,3,5,4,3,Compensation aligns with industry averages. Waiting to see outcome of mid-year review cycle.,-0.129
2600,32,2026-09-01,4,3,4,3,"Very fair compensation, excellent recognition from my engagement partner, and healthy work balance.",0.728
2601,9,2026-09-01,3,4,3,3,Disillusioned with unrealistic client deadlines and total absence of work-life boundaries.,-0.294
2602,48,2026-09-01,4,4,4,5,Leadership provides tremendous career mentoring and clear promotion trajectory.,0.662
2603,65,2026-09-01,4,3,4,4,Great autonomy on solution architecture. Enjoy mentoring junior analysts on agentic workflows.,0.44
2604,73,2026-09-01,2,4,3,3,Compa-ratio is noticeably below market benchmark while billable utilization is consistently above 95%.,-0.514
2605,18,2026-09-01,4,4,5,2,Energized by our client cloud modernization engagement and collaborative team culture.,0.651
2606,74,2026-09-01,3,4,4,3,"Training resources on Azure and Gen AI are decent, hoping for more hands-on lab allocations.",0.225
2607,76,2026-09-01,3,4,4,4,Compensation aligns with industry averages. Waiting to see outcome of mid-year review cycle.,-0.115
2608,3,2026-09-01,3,4,3,4,"Good team dynamic, though communication between onshore and offshore squads could be smoother.",0.048
2609,22,2026-09-01,4,4,3,5,"Good team dynamic, though communication between onshore and offshore squads could be smoother.",0.069
2610,21,2026-09-01,4,4,4,4,The transition to modern data stack and AI tooling has been a huge boost to our delivery velocity.,0.731
2611,37,2026-09-01,2,4,3,4,Compa-ratio is noticeably below market benchmark while billable utilization is consistently above 95%.,-0.285
2612,47,2026-09-01,4,3,3,3,"Good team dynamic, though communication between onshore and offshore squads could be smoother.",-0.051
2613,32,2026-09-01,4,4,4,5,Great autonomy on solution architecture. Enjoy mentoring junior analysts on agentic workflows.,0.558
2614,26,2026-09-01,3,3,4,4,"Training resources on Azure and Gen AI are decent, hoping for more hands-on lab allocations.",-0.068
2615,66,2026-09-01,4,3,5,3,Leadership provides tremendous career mentoring and clear promotion trajectory.,0.765
2616,26,2026-09-01,4,4,3,3,Standard project pacing. Client expectations are rigorous but manageable with proper staffing.,0.192
2617,76,2026-09-01,4,3,5,3,The transition to modern data stack and AI tooling has been a huge boost to our delivery velocity.,0.781
2618,34,2026-09-01,4,3,4,5,Leadership provides tremendous career mentoring and clear promotion trajectory.,0.467
2619,65,2026-09-01,3,4,3,4,Compensation aligns with industry averages. Waiting to see outcome of mid-year review cycle.,0.219
2620,33,2026-09-01,4,4,3,5,"Training resources on Azure and Gen AI are decent, hoping for more hands-on lab allocations.",-0.064
2621,38,2026-09-01,5,4,4,3,The transition to modern data stack and AI tooling has been a huge boost to our delivery velocity.,0.743
2622,67,2026-09-01,3,3,3,4,Compensation aligns with industry averages. Waiting to see outcome of mid-year review cycle.,0.14
2623,42,2026-09-01,2,5,4,3,Severe burnout from sustained 60+ hour work weeks without staffing support on high-priority delivery.,-0.74
2624,19,2026-09-01,4,4,3,3,"Good team dynamic, though communication between onshore and offshore squads could be smoother.",0.086
2625,18,2026-09-01,3,4,4,4,"Training resources on Azure and Gen AI are decent, hoping for more hands-on lab allocations.",0.078
2626,9,2026-09-01,3,4,4,4,"Training resources on Azure and Gen AI are decent, hoping for more hands-on lab allocations.",0.025
2627,71,2026-09-01,3,5,3,4,"Training resources on Azure and Gen AI are decent, hoping for more hands-on lab allocations.",-0.138
2628,8,2026-09-01,4,4,4,4,Energized by our client cloud modernization engagement and collaborative team culture.,0.557
2629,80,2026-09-01,3,4,4,3,Compensation aligns with industry averages. Waiting to see outcome of mid-year review cycle.,0.187
2630,39,2026-09-01,3,4,3,5,"Training resources on Azure and Gen AI are decent, hoping for more hands-on lab allocations.",0.21
2631,71,2026-09-01,4,4,5,3,Energized by our client cloud modernization engagement and collaborative team culture.,0.87
2632,19,2026-09-01,4,5,5,3,Great autonomy on solution architecture. Enjoy mentoring junior analysts on agentic workflows.,0.542
2633,79,2026-09-01,5,4,4,5,Energized by our client cloud modernization engagement and collaborative team culture.,0.675
2634,10,2026-09-01,4,5,4,3,The transition to modern data stack and AI tooling has been a huge boost to our delivery velocity.,0.553
2635,84,2026-09-01,2,4,2,3,Severe burnout from sustained 60+ hour work weeks without staffing support on high-priority delivery.,-0.561
2636,48,2026-09-01,4,3,4,3,The transition to modern data stack and AI tooling has been a huge boost to our delivery velocity.,0.408
2637,40,2026-09-01,4,5,5,5,The transition to modern data stack and AI tooling has been a huge boost to our delivery velocity.,0.696
2638,1,2026-09-01,3,4,4,3,Standard project pacing. Client expectations are rigorous but manageable with proper staffing.,0.056
2639,18,2026-09-01,3,3,4,3,Compensation aligns with industry averages. Waiting to see outcome of mid-year review cycle.,0.029
2640,3,2026-09-01,4,3,4,5,"Very fair compensation, excellent recognition from my engagement partner, and healthy work balance.",0.876
2641,4,2026-09-01,3,3,3,3,Compensation aligns with industry averages. Waiting to see outcome of mid-year review cycle.,0.155
2642,24,2026-09-01,4,5,4,5,"Very fair compensation, excellent recognition from my engagement partner, and healthy work balance.",0.377
2643,82,2026-09-01,3,4,3,2,"Good team dynamic, though communication between onshore and offshore squads could be smoother.",0.198
2644,79,2026-09-01,3,3,3,3,"Training resources on Azure and Gen AI are decent, hoping for more hands-on lab allocations.",0.052
2645,33,2026-09-01,3,5,4,2,Standard project pacing. Client expectations are rigorous but manageable with proper staffing.,-0.02
2646,12,2026-09-01,3,3,2,4,Frustrated by repeated delays in promotion cycle despite rating 5 performance in consecutive cycles.,-0.305
2647,35,2026-09-01,5,3,3,5,"Good team dynamic, though communication between onshore and offshore squads could be smoother.",0.04
2648,12,2026-09-01,4,3,2,5,Disillusioned with unrealistic client deadlines and total absence of work-life boundaries.,-0.704
2649,13,2026-09-01,4,4,4,2,Energized by our client cloud modernization engagement and collaborative team culture.,0.771
2650,2,2026-09-01,4,5,4,5,Leadership provides tremendous career mentoring and clear promotion trajectory.,0.617
2651,23,2026-09-01,4,4,4,3,The transition to modern data stack and AI tooling has been a huge boost to our delivery velocity.,0.736
2652,17,2026-09-01,2,2,4,3,Lack of psychological safety and micromanager style since recent leadership re-alignment.,-0.654
2653,63,2026-09-01,3,3,4,3,"Training resources on Azure and Gen AI are decent, hoping for more hands-on lab allocations.",-0.142
2654,32,2026-09-01,4,3,4,4,"Very fair compensation, excellent recognition from my engagement partner, and healthy work balance.",0.853
2655,69,2026-09-01,3,3,3,3,"Training resources on Azure and Gen AI are decent, hoping for more hands-on lab allocations.",0.04
2656,83,2026-09-01,3,4,3,3,"Training resources on Azure and Gen AI are decent, hoping for more hands-on lab allocations.",0.177
2657,26,2026-09-01,4,4,4,4,Energized by our client cloud modernization engagement and collaborative team culture.,0.71
2658,71,2026-09-01,4,4,4,5,Leadership provides tremendous career mentoring and clear promotion trajectory.,0.725
2659,71,2026-09-01,3,3,4,3,Compensation aligns with industry averages. Waiting to see outcome of mid-year review cycle.,0.146
2660,83,2026-09-01,3,2,4,2,"Training resources on Azure and Gen AI are decent, hoping for more hands-on lab allocations.",-0.07
2661,40,2026-09-01,4,3,4,4,Leadership provides tremendous career mentoring and clear promotion trajectory.,0.896
2662,11,2026-09-01,4,4,4,4,The transition to modern data stack and AI tooling has been a huge boost to our delivery velocity.,0.796
2663,39,2026-09-01,4,3,3,3,"Training resources on Azure and Gen AI are decent, hoping for more hands-on lab allocations.",-0.013
2664,45,2026-09-01,3,4,4,3,Standard project pacing. Client expectations are rigorous but manageable with proper staffing.,-0.089
2665,58,2026-09-01,3,4,4,4,"Good team dynamic, though communication between onshore and offshore squads could be smoother.",0.236
2666,31,2026-09-01,3,2,4,3,Standard project pacing. Client expectations are rigorous but manageable with proper staffing.,0.22
2667,73,2026-09-01,4,5,4,4,Great autonomy on solution architecture. Enjoy mentoring junior analysts on agentic workflows.,0.708
2668,4,2026-09-01,4,4,4,5,The transition to modern data stack and AI tooling has been a huge boost to our delivery velocity.,0.546
2669,76,2026-09-01,3,3,4,4,"Training resources on Azure and Gen AI are decent, hoping for more hands-on lab allocations.",0.13
2670,32,2026-09-01,2,3,3,3,Disillusioned with unrealistic client deadlines and total absence of work-life boundaries.,-0.272
2671,30,2026-09-01,4,5,5,5,The transition to modern data stack and AI tooling has been a huge boost to our delivery velocity.,0.819
2672,4,2026-09-01,4,3,4,4,"Very fair compensation, excellent recognition from my engagement partner, and healthy work balance.",0.608
2673,83,2026-09-01,4,3,3,5,"Training resources on Azure and Gen AI are decent, hoping for more hands-on lab allocations.",-0.074
2674,69,2026-09-01,4,3,3,3,"Good team dynamic, though communication between onshore and offshore squads could be smoother.",-0.049
2675,39,2026-09-01,4,4,4,3,Leadership provides tremendous career mentoring and clear promotion trajectory.,0.733
2676,62,2026-09-01,5,4,4,4,The transition to modern data stack and AI tooling has been a huge boost to our delivery velocity.,0.363
2677,10,2026-09-01,2,4,4,3,Lack of psychological safety and micromanager style since recent leadership re-alignment.,-0.79
2678,63,2026-09-01,3,4,4,3,"Training resources on Azure and Gen AI are decent, hoping for more hands-on lab allocations.",-0.036
2679,46,2026-09-01,4,4,4,3,"Very fair compensation, excellent recognition from my engagement partner, and healthy work balance.",0.64
2680,28,2026-09-01,2,3,4,3,Lack of psychological safety and micromanager style since recent leadership re-alignment.,-0.286
2681,54,2026-09-01,4,3,4,3,Leadership provides tremendous career mentoring and clear promotion trajectory.,0.844
2682,76,2026-09-01,4,4,4,5,Energized by our client cloud modernization engagement and collaborative team culture.,0.887
2683,58,2026-09-01,4,4,3,4,"Good team dynamic, though communication between onshore and offshore squads could be smoother.",-0.018
2684,49,2026-09-01,3,3,3,4,Standard project pacing. Client expectations are rigorous but manageable with proper staffing.,0.1
2685,2,2026-09-01,3,3,3,4,Standard project pacing. Client expectations are rigorous but manageable with proper staffing.,0.003
2686,32,2026-09-01,4,5,4,5,The transition to modern data stack and AI tooling has been a huge boost to our delivery velocity.,0.461
2687,46,2026-09-01,2,5,2,3,Disillusioned with unrealistic client deadlines and total absence of work-life boundaries.,-0.608
2688,19,2026-09-01,3,4,4,4,Standard project pacing. Client expectations are rigorous but manageable with proper staffing.,-0.018
2689,40,2026-09-01,4,3,4,3,Leadership provides tremendous career mentoring and clear promotion trajectory.,0.824
2690,3,2026-09-01,4,4,3,2,"Good team dynamic, though communication between onshore and offshore squads could be smoother.",0.102
2691,18,2026-09-01,4,3,4,3,The transition to modern data stack and AI tooling has been a huge boost to our delivery velocity.,0.751
2692,3,2026-09-01,4,3,3,4,Compensation aligns with industry averages. Waiting to see outcome of mid-year review cycle.,-0.004
2693,38,2026-09-01,3,4,4,3,"Good team dynamic, though communication between onshore and offshore squads could be smoother.",0.038
2694,17,2026-09-01,3,5,3,3,Severe burnout from sustained 60+ hour work weeks without staffing support on high-priority delivery.,-0.255
2695,43,2026-09-01,3,3,4,3,Compensation aligns with industry averages. Waiting to see outcome of mid-year review cycle.,0.128
2696,16,2026-09-01,3,4,4,4,Compensation aligns with industry averages. Waiting to see outcome of mid-year review cycle.,-0.128
2697,15,2026-09-01,3,4,4,3,"Training resources on Azure and Gen AI are decent, hoping for more hands-on lab allocations.",0.087
2698,7,2026-09-01,3,3,3,3,Standard project pacing. Client expectations are rigorous but manageable with proper staffing.,-0.114
2699,83,2026-09-01,4,4,4,4,The transition to modern data stack and AI tooling has been a huge boost to our delivery velocity.,0.757
2700,51,2026-09-01,4,4,5,3,Great autonomy on solution architecture. Enjoy mentoring junior analysts on agentic workflows.,0.423
2701,11,2026-09-01,4,4,4,4,The transition to modern data stack and AI tooling has been a huge boost to our delivery velocity.,0.463
2702,60,2026-09-01,4,4,4,3,"Very fair compensation, excellent recognition from my engagement partner, and healthy work balance.",0.877
2703,33,2026-09-01,5,4,5,5,Leadership provides tremendous career mentoring and clear promotion trajectory.,0.85
2704,21,2026-09-01,3,5,4,3,Standard project pacing. Client expectations are rigorous but manageable with proper staffing.,0.151
2705,66,2026-09-01,3,4,4,4,Standard project pacing. Client expectations are rigorous but manageable with proper staffing.,0.098
2706,14,2026-09-01,3,5,3,3,"Training resources on Azure and Gen AI are decent, hoping for more hands-on lab allocations.",0.038
2707,25,2026-09-01,3,4,4,3,"Good team dynamic, though communication between onshore and offshore squads could be smoother.",0.061
2708,19,2026-09-01,4,3,3,5,"Good team dynamic, though communication between onshore and offshore squads could be smoother.",-0.077
2709,64,2026-09-01,3,2,4,3,Compensation aligns with industry averages. Waiting to see outcome of mid-year review cycle.,0.232
2710,77,2026-09-01,3,3,4,3,"Training resources on Azure and Gen AI are decent, hoping for more hands-on lab allocations.",0.225
2711,31,2026-09-01,3,4,3,3,"Training resources on Azure and Gen AI are decent, hoping for more hands-on lab allocations.",-0.114
2712,9,2026-09-01,3,4,4,4,Compensation aligns with industry averages. Waiting to see outcome of mid-year review cycle.,0.085
2713,33,2026-09-01,4,4,4,4,Energized by our client cloud modernization engagement and collaborative team culture.,0.8
2714,19,2026-09-01,3,4,3,4,"Good team dynamic, though communication between onshore and offshore squads could be smoother.",-0.03
2715,1,2026-09-01,3,3,4,3,Compensation aligns with industry averages. Waiting to see outcome of mid-year review cycle.,-0.137
2716,28,2026-09-01,3,4,4,3,Standard project pacing. Client expectations are rigorous but manageable with proper staffing.,-0.057
2717,81,2026-09-01,3,4,3,4,Frustrated by repeated delays in promotion cycle despite rating 5 performance in consecutive cycles.,-0.791
2718,84,2026-09-01,3,2,2,5,Frustrated by repeated delays in promotion cycle despite rating 5 performance in consecutive cycles.,-0.533
2719,42,2026-09-01,4,4,5,2,Energized by our client cloud modernization engagement and collaborative team culture.,0.592
2720,4,2026-09-01,4,5,4,3,"Very fair compensation, excellent recognition from my engagement partner, and healthy work balance.",0.806
2721,5,2026-09-01,4,3,4,3,Energized by our client cloud modernization engagement and collaborative team culture.,0.813
2722,61,2026-09-01,4,4,4,4,Energized by our client cloud modernization engagement and collaborative team culture.,0.488
2723,60,2026-09-01,4,4,4,4,"Very fair compensation, excellent recognition from my engagement partner, and healthy work balance.",0.465
2724,41,2026-09-01,4,3,4,3,Great autonomy on solution architecture. Enjoy mentoring junior analysts on agentic workflows.,0.706
2725,26,2026-09-01,4,4,3,4,Compensation aligns with industry averages. Waiting to see outcome of mid-year review cycle.,-0.101
2726,84,2026-09-01,4,5,4,3,Energized by our client cloud modernization engagement and collaborative team culture.,0.665
2727,79,2026-09-01,3,3,3,4,"Training resources on Azure and Gen AI are decent, hoping for more hands-on lab allocations.",0.016
2728,74,2026-09-01,4,4,4,3,Energized by our client cloud modernization engagement and collaborative team culture.,0.726
2729,20,2026-09-01,3,4,4,3,Compensation aligns with industry averages. Waiting to see outcome of mid-year review cycle.,0.035
2730,2,2026-09-01,3,3,3,4,Frustrated by repeated delays in promotion cycle despite rating 5 performance in consecutive cycles.,-0.751
2731,73,2026-09-01,3,4,4,3,Compensation aligns with industry averages. Waiting to see outcome of mid-year review cycle.,0.068
2732,40,2026-09-01,4,5,3,3,Compensation aligns with industry averages. Waiting to see outcome of mid-year review cycle.,0.177
2733,80,2026-09-01,3,2,3,3,"Training resources on Azure and Gen AI are decent, hoping for more hands-on lab allocations.",0.148
2734,71,2026-09-01,3,4,3,4,Compensation aligns with industry averages. Waiting to see outcome of mid-year review cycle.,-0.038
2735,19,2026-09-01,2,4,3,3,Frustrated by repeated delays in promotion cycle despite rating 5 performance in consecutive cycles.,-0.393
2736,3,2026-09-01,4,3,4,3,Energized by our client cloud modernization engagement and collaborative team culture.,0.859
2737,16,2026-09-01,3,4,3,5,Lack of psychological safety and micromanager style since recent leadership re-alignment.,-0.391
2738,37,2026-09-01,3,4,4,3,"Training resources on Azure and Gen AI are decent, hoping for more hands-on lab allocations.",-0.011
2739,14,2026-09-01,3,3,4,3,Compensation aligns with industry averages. Waiting to see outcome of mid-year review cycle.,0.123
2740,82,2026-09-01,4,4,4,3,"Very fair compensation, excellent recognition from my engagement partner, and healthy work balance.",0.646
2741,19,2026-09-01,4,5,4,3,"Very fair compensation, excellent recognition from my engagement partner, and healthy work balance.",0.803
2742,73,2026-09-01,2,3,2,2,Lack of psychological safety and micromanager style since recent leadership re-alignment.,-0.765
2743,60,2026-09-01,4,5,4,3,"Very fair compensation, excellent recognition from my engagement partner, and healthy work balance.",0.736
2744,1,2026-09-01,4,5,4,4,Energized by our client cloud modernization engagement and collaborative team culture.,0.455
2745,53,2026-09-01,4,5,4,5,"Very fair compensation, excellent recognition from my engagement partner, and healthy work balance.",0.732
2746,10,2026-09-01,3,5,4,3,"Good team dynamic, though communication between onshore and offshore squads could be smoother.",-0.005
2747,35,2026-09-01,4,3,4,4,Energized by our client cloud modernization engagement and collaborative team culture.,0.53
2748,1,2026-09-01,4,3,3,5,Standard project pacing. Client expectations are rigorous but manageable with proper staffing.,-0.079
2749,29,2026-09-01,4,5,3,5,Compensation aligns with industry averages. Waiting to see outcome of mid-year review cycle.,-0.15
2750,35,2026-09-01,4,3,4,3,Energized by our client cloud modernization engagement and collaborative team culture.,0.413
2751,39,2026-09-01,3,3,3,5,"Good team dynamic, though communication between onshore and offshore squads could be smoother.",0.054
2752,67,2026-09-01,4,5,3,3,Compensation aligns with industry averages. Waiting to see outcome of mid-year review cycle.,-0.135
2753,2,2026-09-01,3,4,3,4,Compensation aligns with industry averages. Waiting to see outcome of mid-year review cycle.,0.142
2754,54,2026-09-01,4,5,4,5,"Very fair compensation, excellent recognition from my engagement partner, and healthy work balance.",0.72
2755,64,2026-09-01,3,4,3,3,Standard project pacing. Client expectations are rigorous but manageable with proper staffing.,0.014
2756,46,2026-09-01,3,4,4,3,"Training resources on Azure and Gen AI are decent, hoping for more hands-on lab allocations.",0.195
2757,52,2026-09-01,5,4,3,5,"Good team dynamic, though communication between onshore and offshore squads could be smoother.",0.201
2758,14,2026-09-01,3,5,4,4,Standard project pacing. Client expectations are rigorous but manageable with proper staffing.,-0.096
2759,36,2026-09-01,2,4,3,3,Frustrated by repeated delays in promotion cycle despite rating 5 performance in consecutive cycles.,-0.307
2760,78,2026-09-01,4,3,3,4,Standard project pacing. Client expectations are rigorous but manageable with proper staffing.,0.184
2761,84,2026-09-01,4,4,4,5,The transition to modern data stack and AI tooling has been a huge boost to our delivery velocity.,0.38
2762,48,2026-09-01,5,4,3,5,"Training resources on Azure and Gen AI are decent, hoping for more hands-on lab allocations.",0.17
2763,28,2026-09-01,4,4,3,3,Compensation aligns with industry averages. Waiting to see outcome of mid-year review cycle.,-0.038
2764,2,2026-09-01,3,5,4,3,Compensation aligns with industry averages. Waiting to see outcome of mid-year review cycle.,0.023
2765,3,2026-09-01,3,4,4,4,"Good team dynamic, though communication between onshore and offshore squads could be smoother.",0.244
2766,16,2026-09-01,3,3,2,4,Lack of psychological safety and micromanager style since recent leadership re-alignment.,-0.271
2767,4,2026-09-01,3,4,4,4,Standard project pacing. Client expectations are rigorous but manageable with proper staffing.,-0.085
2768,14,2026-09-01,4,3,4,3,Leadership provides tremendous career mentoring and clear promotion trajectory.,0.592
2769,16,2026-09-01,3,3,4,3,Standard project pacing. Client expectations are rigorous but manageable with proper staffing.,0.169
2770,24,2026-09-01,3,5,4,4,Standard project pacing. Client expectations are rigorous but manageable with proper staffing.,0.199
2771,32,2026-09-01,3,5,5,4,"Good team dynamic, though communication between onshore and offshore squads could be smoother.",0.205
2772,10,2026-09-01,3,4,4,4,"Good team dynamic, though communication between onshore and offshore squads could be smoother.",-0.053
2773,6,2026-09-01,3,3,3,4,"Good team dynamic, though communication between onshore and offshore squads could be smoother.",0.005
2774,10,2026-09-01,5,4,4,4,Energized by our client cloud modernization engagement and collaborative team culture.,0.769
2775,10,2026-09-01,3,3,4,5,"Good team dynamic, though communication between onshore and offshore squads could be smoother.",-0.087
2776,14,2026-09-01,4,4,3,4,Standard project pacing. Client expectations are rigorous but manageable with proper staffing.,0.244
2777,28,2026-09-01,3,4,3,5,Compensation aligns with industry averages. Waiting to see outcome of mid-year review cycle.,-0.046
2778,83,2026-09-01,3,4,3,3,"Good team dynamic, though communication between onshore and offshore squads could be smoother.",0.19
2779,18,2026-09-01,4,3,4,5,Great autonomy on solution architecture. Enjoy mentoring junior analysts on agentic workflows.,0.624
2780,70,2026-09-01,3,4,4,3,"Training resources on Azure and Gen AI are decent, hoping for more hands-on lab allocations.",-0.111
2781,77,2026-09-01,3,5,4,3,Standard project pacing. Client expectations are rigorous but manageable with proper staffing.,0.224
2782,46,2026-09-01,3,4,3,3,Compensation aligns with industry averages. Waiting to see outcome of mid-year review cycle.,0.068
2783,24,2026-09-01,3,4,4,3,"Training resources on Azure and Gen AI are decent, hoping for more hands-on lab allocations.",0.151
2784,17,2026-09-01,4,4,4,4,Energized by our client cloud modernization engagement and collaborative team culture.,0.534
2785,23,2026-09-01,3,3,4,4,"Training resources on Azure and Gen AI are decent, hoping for more hands-on lab allocations.",-0.02
2786,2,2026-09-01,3,3,3,3,Standard project pacing. Client expectations are rigorous but manageable with proper staffing.,0.002
2787,46,2026-09-01,3,4,3,4,"Training resources on Azure and Gen AI are decent, hoping for more hands-on lab allocations.",0.117
2788,39,2026-09-01,3,3,4,2,Compensation aligns with industry averages. Waiting to see outcome of mid-year review cycle.,-0.148
2789,49,2026-09-01,3,4,3,4,Frustrated by repeated delays in promotion cycle despite rating 5 performance in consecutive cycles.,-0.314
2790,42,2026-09-01,2,5,2,3,Severe burnout from sustained 60+ hour work weeks without staffing support on high-priority delivery.,-0.358
2791,4,2026-09-01,4,3,4,5,Energized by our client cloud modernization engagement and collaborative team culture.,0.596
2792,10,2026-09-01,3,3,4,4,Standard project pacing. Client expectations are rigorous but manageable with proper staffing.,-0.002
2793,52,2026-09-01,4,4,4,4,"Very fair compensation, excellent recognition from my engagement partner, and healthy work balance.",0.602
2794,4,2026-09-01,3,5,4,3,"Training resources on Azure and Gen AI are decent, hoping for more hands-on lab allocations.",0.088
2795,83,2026-09-01,3,4,4,2,"Good team dynamic, though communication between onshore and offshore squads could be smoother.",0.241
2796,47,2026-09-01,4,4,3,2,Standard project pacing. Client expectations are rigorous but manageable with proper staffing.,0.187
2797,12,2026-09-01,3,4,2,4,Severe burnout from sustained 60+ hour work weeks without staffing support on high-priority delivery.,-0.33
2798,82,2026-09-01,3,4,4,2,"Good team dynamic, though communication between onshore and offshore squads could be smoother.",0.091
2799,34,2026-09-01,3,2,3,3,"Training resources on Azure and Gen AI are decent, hoping for more hands-on lab allocations.",-0.131
2800,2,2026-09-01,3,4,3,4,Standard project pacing. Client expectations are rigorous but manageable with proper staffing.,-0.081
2801,19,2026-09-01,4,3,3,4,Compensation aligns with industry averages. Waiting to see outcome of mid-year review cycle.,-0.061
2802,30,2026-09-01,3,4,4,4,Compensation aligns with industry averages. Waiting to see outcome of mid-year review cycle.,0.006
2803,54,2026-09-01,3,4,5,3,Standard project pacing. Client expectations are rigorous but manageable with proper staffing.,-0.105
2804,42,2026-09-01,3,3,5,3,Compensation aligns with industry averages. Waiting to see outcome of mid-year review cycle.,0.055
2805,15,2026-09-01,4,4,4,5,Energized by our client cloud modernization engagement and collaborative team culture.,0.812
2806,16,2026-09-01,2,2,3,3,Severe burnout from sustained 60+ hour work weeks without staffing support on high-priority delivery.,-0.822
2807,5,2026-09-01,3,5,5,5,Compensation aligns with industry averages. Waiting to see outcome of mid-year review cycle.,0.137
2808,28,2026-09-01,4,3,4,2,The transition to modern data stack and AI tooling has been a huge boost to our delivery velocity.,0.688
2809,35,2026-09-01,3,3,2,3,Compa-ratio is noticeably below market benchmark while billable utilization is consistently above 95%.,-0.454
2810,76,2026-09-01,2,4,4,4,Lack of psychological safety and micromanager style since recent leadership re-alignment.,-0.829
2811,16,2026-09-01,4,3,4,5,Great autonomy on solution architecture. Enjoy mentoring junior analysts on agentic workflows.,0.53
2812,58,2026-09-01,3,4,4,3,Standard project pacing. Client expectations are rigorous but manageable with proper staffing.,-0.123
2813,25,2026-09-01,3,4,4,3,Compensation aligns with industry averages. Waiting to see outcome of mid-year review cycle.,-0.124
2814,77,2026-09-01,4,3,4,3,Great autonomy on solution architecture. Enjoy mentoring junior analysts on agentic workflows.,0.571
2815,42,2026-09-01,3,3,3,3,"Training resources on Azure and Gen AI are decent, hoping for more hands-on lab allocations.",0.221
2816,8,2026-09-01,3,4,4,4,"Good team dynamic, though communication between onshore and offshore squads could be smoother.",0.076
2817,20,2026-09-01,4,4,5,3,Great autonomy on solution architecture. Enjoy mentoring junior analysts on agentic workflows.,0.744
2818,64,2026-09-01,3,5,4,4,"Training resources on Azure and Gen AI are decent, hoping for more hands-on lab allocations.",0.009
2819,22,2026-09-01,4,5,4,4,The transition to modern data stack and AI tooling has been a huge boost to our delivery velocity.,0.764
2820,57,2026-09-01,5,5,3,4,Compensation aligns with industry averages. Waiting to see outcome of mid-year review cycle.,0.087
2821,81,2026-09-01,4,4,3,5,"Training resources on Azure and Gen AI are decent, hoping for more hands-on lab allocations.",0.033
2822,78,2026-09-01,3,4,4,2,Compensation aligns with industry averages. Waiting to see outcome of mid-year review cycle.,0.093
2823,40,2026-09-01,3,3,3,3,"Training resources on Azure and Gen AI are decent, hoping for more hands-on lab allocations.",0.205
2824,13,2026-09-01,2,5,2,3,Compa-ratio is noticeably below market benchmark while billable utilization is consistently above 95%.,-0.567
2825,23,2026-09-01,4,3,3,4,Standard project pacing. Client expectations are rigorous but manageable with proper staffing.,0.233
2826,67,2026-09-01,4,5,4,3,Leadership provides tremendous career mentoring and clear promotion trajectory.,0.58
2827,33,2026-09-01,4,4,4,4,"Very fair compensation, excellent recognition from my engagement partner, and healthy work balance.",0.567
2828,19,2026-09-01,3,4,4,3,Compensation aligns with industry averages. Waiting to see outcome of mid-year review cycle.,0.002
2829,47,2026-09-01,3,3,3,3,Compa-ratio is noticeably below market benchmark while billable utilization is consistently above 95%.,-0.651
2830,5,2026-09-01,3,3,3,2,Standard project pacing. Client expectations are rigorous but manageable with proper staffing.,0.045
2831,74,2026-09-01,3,4,4,3,Standard project pacing. Client expectations are rigorous but manageable with proper staffing.,0.195
2832,21,2026-09-01,3,5,3,4,Standard project pacing. Client expectations are rigorous but manageable with proper staffing.,-0.011
2833,9,2026-09-01,4,4,5,3,The transition to modern data stack and AI tooling has been a huge boost to our delivery velocity.,0.469
2834,2,2026-09-01,4,4,4,3,"Very fair compensation, excellent recognition from my engagement partner, and healthy work balance.",0.647
2835,2,2026-09-01,2,4,4,3,Severe burnout from sustained 60+ hour work weeks without staffing support on high-priority delivery.,-0.407
2836,34,2026-09-01,4,4,3,2,Frustrated by repeated delays in promotion cycle despite rating 5 performance in consecutive cycles.,-0.346
2837,62,2026-09-01,4,4,4,3,Leadership provides tremendous career mentoring and clear promotion trajectory.,0.652
2838,64,2026-09-01,3,4,4,3,"Good team dynamic, though communication between onshore and offshore squads could be smoother.",0.22
2839,54,2026-09-01,3,3,5,4,Standard project pacing. Client expectations are rigorous but manageable with proper staffing.,0.13
2840,23,2026-09-01,5,4,4,4,Energized by our client cloud modernization engagement and collaborative team culture.,0.547
2841,34,2026-09-01,4,4,5,4,Leadership provides tremendous career mentoring and clear promotion trajectory.,0.501
2842,62,2026-09-01,3,4,3,5,"Training resources on Azure and Gen AI are decent, hoping for more hands-on lab allocations.",0.185
2843,54,2026-09-01,4,4,4,3,"Very fair compensation, excellent recognition from my engagement partner, and healthy work balance.",0.63
2844,79,2026-09-01,3,3,3,3,"Training resources on Azure and Gen AI are decent, hoping for more hands-on lab allocations.",-0.097
2845,14,2026-09-01,3,2,5,3,"Training resources on Azure and Gen AI are decent, hoping for more hands-on lab allocations.",0.009
2846,26,2026-09-01,4,1,4,3,Great autonomy on solution architecture. Enjoy mentoring junior analysts on agentic workflows.,0.41
2847,80,2026-09-01,3,4,3,4,Compensation aligns with industry averages. Waiting to see outcome of mid-year review cycle.,-0.005
2848,3,2026-09-01,2,3,4,2,Frustrated by repeated delays in promotion cycle despite rating 5 performance in consecutive cycles.,-0.477
2849,71,2026-09-01,4,5,3,4,"Training resources on Azure and Gen AI are decent, hoping for more hands-on lab allocations.",0.099
2850,42,2026-09-01,5,4,4,3,"Very fair compensation, excellent recognition from my engagement partner, and healthy work balance.",0.722
2851,83,2026-09-01,3,4,4,4,Standard project pacing. Client expectations are rigorous but manageable with proper staffing.,0.005
2852,33,2026-09-01,4,3,4,4,The transition to modern data stack and AI tooling has been a huge boost to our delivery velocity.,0.688
2853,23,2026-09-01,4,4,4,3,"Very fair compensation, excellent recognition from my engagement partner, and healthy work balance.",0.354
2854,13,2026-09-01,3,4,3,3,Standard project pacing. Client expectations are rigorous but manageable with proper staffing.,0.158
2855,13,2026-09-01,3,4,4,3,"Good team dynamic, though communication between onshore and offshore squads could be smoother.",0.069
2856,26,2026-09-01,3,5,2,2,Severe burnout from sustained 60+ hour work weeks without staffing support on high-priority delivery.,-0.634
2857,14,2026-09-01,4,2,4,4,The transition to modern data stack and AI tooling has been a huge boost to our delivery velocity.,0.757
2858,34,2026-09-01,5,3,4,5,Great autonomy on solution architecture. Enjoy mentoring junior analysts on agentic workflows.,0.692
2859,33,2026-09-01,2,4,4,3,Severe burnout from sustained 60+ hour work weeks without staffing support on high-priority delivery.,-0.432
2860,16,2026-09-01,3,3,4,3,"Good team dynamic, though communication between onshore and offshore squads could be smoother.",-0.126
2861,69,2026-09-01,4,4,3,5,"Good team dynamic, though communication between onshore and offshore squads could be smoother.",-0.117
2862,28,2026-09-01,4,5,3,4,Compensation aligns with industry averages. Waiting to see outcome of mid-year review cycle.,0.174
2863,27,2026-09-01,3,4,4,4,Standard project pacing. Client expectations are rigorous but manageable with proper staffing.,-0.122
2864,24,2026-09-01,2,3,2,3,Frustrated by repeated delays in promotion cycle despite rating 5 performance in consecutive cycles.,-0.546
2865,48,2026-09-01,4,4,4,4,Energized by our client cloud modernization engagement and collaborative team culture.,0.625
2866,23,2026-09-01,3,4,4,3,"Training resources on Azure and Gen AI are decent, hoping for more hands-on lab allocations.",-0.069
2867,49,2026-09-01,3,4,4,3,Compensation aligns with industry averages. Waiting to see outcome of mid-year review cycle.,-0.019
2868,18,2026-09-01,4,5,4,4,Leadership provides tremendous career mentoring and clear promotion trajectory.,0.459
2869,63,2026-09-01,4,3,4,3,The transition to modern data stack and AI tooling has been a huge boost to our delivery velocity.,0.824
2870,58,2026-09-01,5,5,4,5,Leadership provides tremendous career mentoring and clear promotion trajectory.,0.819
2871,50,2026-09-01,3,4,3,4,"Training resources on Azure and Gen AI are decent, hoping for more hands-on lab allocations.",0.01
2872,34,2026-09-01,2,3,3,4,Frustrated by repeated delays in promotion cycle despite rating 5 performance in consecutive cycles.,-0.688
2873,24,2026-09-01,4,5,5,3,The transition to modern data stack and AI tooling has been a huge boost to our delivery velocity.,0.468
2874,52,2026-09-01,4,3,5,3,Great autonomy on solution architecture. Enjoy mentoring junior analysts on agentic workflows.,0.837
2875,4,2026-09-01,3,4,3,5,Lack of psychological safety and micromanager style since recent leadership re-alignment.,-0.325
2876,11,2026-09-01,4,4,3,3,"Training resources on Azure and Gen AI are decent, hoping for more hands-on lab allocations.",-0.014
2877,16,2026-09-01,3,2,4,4,Compensation aligns with industry averages. Waiting to see outcome of mid-year review cycle.,0.083
2878,51,2026-09-01,3,3,3,3,"Good team dynamic, though communication between onshore and offshore squads could be smoother.",-0.056
2879,8,2026-09-01,4,3,4,3,Leadership provides tremendous career mentoring and clear promotion trajectory.,0.755
2880,43,2026-09-01,3,4,4,4,"Good team dynamic, though communication between onshore and offshore squads could be smoother.",-0.108
2881,69,2026-09-01,2,3,4,4,Severe burnout from sustained 60+ hour work weeks without staffing support on high-priority delivery.,-0.53
2882,83,2026-09-01,3,3,4,4,"Good team dynamic, though communication between onshore and offshore squads could be smoother.",0.11
2883,56,2026-09-01,3,4,4,3,Compensation aligns with industry averages. Waiting to see outcome of mid-year review cycle.,-0.024
2884,81,2026-09-01,4,5,3,4,"Good team dynamic, though communication between onshore and offshore squads could be smoother.",0.131
2885,10,2026-09-01,3,5,3,4,Frustrated by repeated delays in promotion cycle despite rating 5 performance in consecutive cycles.,-0.383
2886,65,2026-09-01,3,4,4,4,Standard project pacing. Client expectations are rigorous but manageable with proper staffing.,0.104
2887,34,2026-09-01,4,3,3,4,Compensation aligns with industry averages. Waiting to see outcome of mid-year review cycle.,0.095
2888,25,2026-09-01,4,3,4,3,Energized by our client cloud modernization engagement and collaborative team culture.,0.361
2889,7,2026-09-01,4,3,4,4,The transition to modern data stack and AI tooling has been a huge boost to our delivery velocity.,0.796
2890,47,2026-09-01,4,3,3,5,Frustrated by repeated delays in promotion cycle despite rating 5 performance in consecutive cycles.,-0.289
2891,44,2026-09-01,4,4,4,5,"Very fair compensation, excellent recognition from my engagement partner, and healthy work balance.",0.854
2892,65,2026-09-01,3,4,4,3,"Training resources on Azure and Gen AI are decent, hoping for more hands-on lab allocations.",0.041
2893,4,2026-09-01,3,4,4,3,Standard project pacing. Client expectations are rigorous but manageable with proper staffing.,0.155
2894,66,2026-09-01,1,4,2,3,Frustrated by repeated delays in promotion cycle despite rating 5 performance in consecutive cycles.,-0.39
2895,16,2026-09-01,3,3,2,4,Lack of psychological safety and micromanager style since recent leadership re-alignment.,-0.462
2896,72,2026-09-01,3,4,4,4,"Training resources on Azure and Gen AI are decent, hoping for more hands-on lab allocations.",0.111
2897,27,2026-09-01,3,5,3,3,Standard project pacing. Client expectations are rigorous but manageable with proper staffing.,0.024
2898,70,2026-09-01,3,5,4,4,Compensation aligns with industry averages. Waiting to see outcome of mid-year review cycle.,0.082
2899,55,2026-09-01,2,5,2,3,Disillusioned with unrealistic client deadlines and total absence of work-life boundaries.,-0.416
2900,41,2026-09-01,3,5,3,3,"Good team dynamic, though communication between onshore and offshore squads could be smoother.",0.019
2901,66,2026-09-01,3,5,5,3,Standard project pacing. Client expectations are rigorous but manageable with proper staffing.,0.019
2902,20,2026-09-01,4,3,4,3,Great autonomy on solution architecture. Enjoy mentoring junior analysts on agentic workflows.,0.632
2903,37,2026-09-01,3,4,3,4,Compensation aligns with industry averages. Waiting to see outcome of mid-year review cycle.,-0.064
2904,82,2026-09-01,3,4,3,3,"Good team dynamic, though communication between onshore and offshore squads could be smoother.",0.038
2905,83,2026-09-01,3,4,4,4,Frustrated by repeated delays in promotion cycle despite rating 5 performance in consecutive cycles.,-0.52
2906,69,2026-09-01,2,4,2,2,Lack of psychological safety and micromanager style since recent leadership re-alignment.,-0.596
2907,38,2026-09-01,3,5,4,3,"Training resources on Azure and Gen AI are decent, hoping for more hands-on lab allocations.",-0.036
2908,7,2026-09-01,4,3,3,3,Compensation aligns with industry averages. Waiting to see outcome of mid-year review cycle.,0.043
2909,64,2026-09-01,2,3,3,5,Frustrated by repeated delays in promotion cycle despite rating 5 performance in consecutive cycles.,-0.805
2910,35,2026-09-01,4,5,4,3,"Very fair compensation, excellent recognition from my engagement partner, and healthy work balance.",0.384
2911,40,2026-09-01,3,3,4,3,Compensation aligns with industry averages. Waiting to see outcome of mid-year review cycle.,0.188
2912,29,2026-09-01,5,5,5,5,The transition to modern data stack and AI tooling has been a huge boost to our delivery velocity.,0.846
2913,74,2026-09-01,4,4,4,4,"Very fair compensation, excellent recognition from my engagement partner, and healthy work balance.",0.735
2914,80,2026-09-01,4,4,4,3,Leadership provides tremendous career mentoring and clear promotion trajectory.,0.652
2915,21,2026-09-01,4,4,3,5,"Training resources on Azure and Gen AI are decent, hoping for more hands-on lab allocations.",-0.148
2916,71,2026-09-01,4,1,4,3,Energized by our client cloud modernization engagement and collaborative team culture.,0.643
2917,72,2026-09-01,4,4,3,4,"Training resources on Azure and Gen AI are decent, hoping for more hands-on lab allocations.",0.111
2918,4,2026-09-01,4,5,5,3,Leadership provides tremendous career mentoring and clear promotion trajectory.,0.719
2919,78,2026-09-01,4,5,5,5,Leadership provides tremendous career mentoring and clear promotion trajectory.,0.722
2920,83,2026-09-01,3,5,3,4,Compensation aligns with industry averages. Waiting to see outcome of mid-year review cycle.,0.206
2921,63,2026-09-01,4,5,4,3,Energized by our client cloud modernization engagement and collaborative team culture.,0.493
2922,68,2026-09-01,4,3,3,3,"Good team dynamic, though communication between onshore and offshore squads could be smoother.",0.135
2923,76,2026-09-01,3,4,2,3,Severe burnout from sustained 60+ hour work weeks without staffing support on high-priority delivery.,-0.73
2924,22,2026-09-01,4,4,4,3,Great autonomy on solution architecture. Enjoy mentoring junior analysts on agentic workflows.,0.481
2925,60,2026-09-01,3,3,4,3,"Training resources on Azure and Gen AI are decent, hoping for more hands-on lab allocations.",0.188
2926,23,2026-09-01,4,3,4,4,Great autonomy on solution architecture. Enjoy mentoring junior analysts on agentic workflows.,0.845
2927,66,2026-09-01,4,4,5,4,The transition to modern data stack and AI tooling has been a huge boost to our delivery velocity.,0.86
2928,35,2026-09-01,4,4,4,4,Great autonomy on solution architecture. Enjoy mentoring junior analysts on agentic workflows.,0.722
2929,71,2026-09-01,4,3,4,5,Great autonomy on solution architecture. Enjoy mentoring junior analysts on agentic workflows.,0.411
2930,12,2026-09-01,4,5,3,4,Standard project pacing. Client expectations are rigorous but manageable with proper staffing.,-0.123
2931,82,2026-09-01,3,5,4,4,Standard project pacing. Client expectations are rigorous but manageable with proper staffing.,0.165
2932,46,2026-09-01,4,4,3,5,Disillusioned with unrealistic client deadlines and total absence of work-life boundaries.,-0.697
2933,3,2026-09-01,4,4,5,5,The transition to modern data stack and AI tooling has been a huge boost to our delivery velocity.,0.872
2934,32,2026-09-01,5,4,4,5,Great autonomy on solution architecture. Enjoy mentoring junior analysts on agentic workflows.,0.639
2935,20,2026-09-01,4,3,4,3,Great autonomy on solution architecture. Enjoy mentoring junior analysts on agentic workflows.,0.742
2936,47,2026-09-01,3,4,5,3,"Training resources on Azure and Gen AI are decent, hoping for more hands-on lab allocations.",-0.021
2937,9,2026-09-01,3,3,3,3,Frustrated by repeated delays in promotion cycle despite rating 5 performance in consecutive cycles.,-0.711
2938,54,2026-09-01,3,5,3,3,"Training resources on Azure and Gen AI are decent, hoping for more hands-on lab allocations.",0.157
2939,9,2026-09-01,3,4,5,3,Compensation aligns with industry averages. Waiting to see outcome of mid-year review cycle.,0.124
2940,37,2026-09-01,4,5,4,4,"Very fair compensation, excellent recognition from my engagement partner, and healthy work balance.",0.35
2941,37,2026-09-01,3,4,4,3,Compensation aligns with industry averages. Waiting to see outcome of mid-year review cycle.,0.046
2942,11,2026-09-01,4,4,4,3,Energized by our client cloud modernization engagement and collaborative team culture.,0.784
2943,25,2026-09-01,4,4,4,4,"Very fair compensation, excellent recognition from my engagement partner, and healthy work balance.",0.804
2944,7,2026-09-01,2,4,4,3,Disillusioned with unrealistic client deadlines and total absence of work-life boundaries.,-0.576
2945,40,2026-09-01,3,5,4,4,"Training resources on Azure and Gen AI are decent, hoping for more hands-on lab allocations.",-0.062
2946,18,2026-09-01,4,4,2,4,Frustrated by repeated delays in promotion cycle despite rating 5 performance in consecutive cycles.,-0.407
2947,3,2026-09-01,4,3,4,3,Leadership provides tremendous career mentoring and clear promotion trajectory.,0.596
2948,69,2026-09-01,3,4,3,4,"Training resources on Azure and Gen AI are decent, hoping for more hands-on lab allocations.",0.13
2949,79,2026-09-01,3,4,4,3,"Training resources on Azure and Gen AI are decent, hoping for more hands-on lab allocations.",0.071
2950,59,2026-09-01,4,3,4,2,Leadership provides tremendous career mentoring and clear promotion trajectory.,0.828
2951,39,2026-09-01,4,3,4,5,Great autonomy on solution architecture. Enjoy mentoring junior analysts on agentic workflows.,0.523
2952,79,2026-09-01,3,5,4,4,"Good team dynamic, though communication between onshore and offshore squads could be smoother.",0.25
2953,38,2026-09-01,3,4,3,4,Standard project pacing. Client expectations are rigorous but manageable with proper staffing.,0.003
2954,72,2026-09-01,3,3,4,3,Compensation aligns with industry averages. Waiting to see outcome of mid-year review cycle.,0.141
2955,29,2026-09-01,3,4,4,3,Standard project pacing. Client expectations are rigorous but manageable with proper staffing.,-0.067
2956,72,2026-09-01,3,3,3,4,Compensation aligns with industry averages. Waiting to see outcome of mid-year review cycle.,0.182
2957,54,2026-09-01,3,3,2,5,Lack of psychological safety and micromanager style since recent leadership re-alignment.,-0.525
2958,59,2026-09-01,4,5,2,5,Compa-ratio is noticeably below market benchmark while billable utilization is consistently above 95%.,-0.631
2959,75,2026-09-01,3,4,3,3,Compensation aligns with industry averages. Waiting to see outcome of mid-year review cycle.,-0.092
2960,65,2026-09-01,4,4,5,3,Energized by our client cloud modernization engagement and collaborative team culture.,0.867
2961,23,2026-09-01,2,4,3,3,Severe burnout from sustained 60+ hour work weeks without staffing support on high-priority delivery.,-0.701
2962,80,2026-09-01,3,3,3,4,Standard project pacing. Client expectations are rigorous but manageable with proper staffing.,-0.094
2963,33,2026-09-01,2,3,3,3,Lack of psychological safety and micromanager style since recent leadership re-alignment.,-0.598
2964,38,2026-09-01,4,4,3,3,"Training resources on Azure and Gen AI are decent, hoping for more hands-on lab allocations.",0.092
2965,77,2026-09-01,4,3,4,4,Energized by our client cloud modernization engagement and collaborative team culture.,0.547
2966,46,2026-09-01,4,3,3,5,Standard project pacing. Client expectations are rigorous but manageable with proper staffing.,0.05
2967,44,2026-09-01,4,4,4,3,Leadership provides tremendous career mentoring and clear promotion trajectory.,0.649
2968,60,2026-09-01,2,4,3,3,Frustrated by repeated delays in promotion cycle despite rating 5 performance in consecutive cycles.,-0.823
2969,31,2026-09-01,4,4,4,3,Energized by our client cloud modernization engagement and collaborative team culture.,0.51
2970,63,2026-09-01,4,3,3,3,Standard project pacing. Client expectations are rigorous but manageable with proper staffing.,-0.133
2971,15,2026-09-01,3,4,2,4,Frustrated by repeated delays in promotion cycle despite rating 5 performance in consecutive cycles.,-0.479
2972,52,2026-09-01,4,3,5,3,"Very fair compensation, excellent recognition from my engagement partner, and healthy work balance.",0.894
2973,52,2026-09-01,4,4,4,4,Energized by our client cloud modernization engagement and collaborative team culture.,0.747
2974,39,2026-09-01,3,5,3,3,Compensation aligns with industry averages. Waiting to see outcome of mid-year review cycle.,0.073
2975,14,2026-09-01,5,4,5,5,Leadership provides tremendous career mentoring and clear promotion trajectory.,0.76
2976,73,2026-09-01,4,4,3,3,Compensation aligns with industry averages. Waiting to see outcome of mid-year review cycle.,0.055
2977,29,2026-09-01,3,3,3,3,Compensation aligns with industry averages. Waiting to see outcome of mid-year review cycle.,0.234
2978,64,2026-09-01,3,3,4,3,Compensation aligns with industry averages. Waiting to see outcome of mid-year review cycle.,0.226
2979,45,2026-09-01,3,4,4,4,"Good team dynamic, though communication between onshore and offshore squads could be smoother.",-0.049
2980,48,2026-09-01,3,4,3,4,"Training resources on Azure and Gen AI are decent, hoping for more hands-on lab allocations.",0.076
2981,22,2026-09-01,4,2,3,4,Compensation aligns with industry averages. Waiting to see outcome of mid-year review cycle.,-0.058
2982,23,2026-09-01,3,4,3,5,"Good team dynamic, though communication between onshore and offshore squads could be smoother.",0.165
2983,40,2026-09-01,3,3,2,3,Disillusioned with unrealistic client deadlines and total absence of work-life boundaries.,-0.698
2984,57,2026-09-01,4,5,3,3,Compensation aligns with industry averages. Waiting to see outcome of mid-year review cycle.,0.128
2985,43,2026-09-01,4,3,5,5,Great autonomy on solution architecture. Enjoy mentoring junior analysts on agentic workflows.,0.619
2986,61,2026-09-01,3,3,2,3,Severe burnout from sustained 60+ hour work weeks without staffing support on high-priority delivery.,-0.321
2987,66,2026-09-01,3,4,4,3,"Good team dynamic, though communication between onshore and offshore squads could be smoother.",-0.078
2988,76,2026-09-01,4,3,3,4,Standard project pacing. Client expectations are rigorous but manageable with proper staffing.,0.066
2989,42,2026-09-01,5,4,4,5,The transition to modern data stack and AI tooling has been a huge boost to our delivery velocity.,0.517
2990,67,2026-09-01,2,3,3,3,Lack of psychological safety and micromanager style since recent leadership re-alignment.,-0.663
2991,68,2026-09-01,4,3,3,3,Standard project pacing. Client expectations are rigorous but manageable with proper staffing.,-0.138
2992,19,2026-09-01,3,3,4,4,Compensation aligns with industry averages. Waiting to see outcome of mid-year review cycle.,-0.096
2993,8,2026-09-01,4,3,4,3,Leadership provides tremendous career mentoring and clear promotion trajectory.,0.696
2994,7,2026-09-01,3,3,3,4,"Good team dynamic, though communication between onshore and offshore squads could be smoother.",-0.086
2995,33,2026-09-01,4,4,4,3,Energized by our client cloud modernization engagement and collaborative team culture.,0.674
2996,77,2026-09-01,3,2,4,3,"Good team dynamic, though communication between onshore and offshore squads could be smoother.",0.093
2997,13,2026-09-01,3,2,4,4,"Training resources on Azure and Gen AI are decent, hoping for more hands-on lab allocations.",-0.009
2998,79,2026-09-01,3,4,3,3,Compensation aligns with industry averages. Waiting to see outcome of mid-year review cycle.,-0.108
2999,32,2026-09-01,4,4,5,5,The transition to modern data stack and AI tooling has been a huge boost to our delivery velocity.,0.484
3000,29,2026-09-01,2,3,2,3,Frustrated by repeated delays in promotion cycle despite rating 5 performance in consecutive cycles.,-0.496
3001,56,2026-09-01,4,4,3,3,"Good team dynamic, though communication between onshore and offshore squads could be smoother.",-0.095
3002,38,2026-09-01,3,4,5,3,"Training resources on Azure and Gen AI are decent, hoping for more hands-on lab allocations.",-0.116
3003,83,2026-09-01,3,4,4,3,"Training resources on Azure and Gen AI are decent, hoping for more hands-on lab allocations.",0.083
3004,80,2026-09-01,3,4,5,3,Compensation aligns with industry averages. Waiting to see outcome of mid-year review cycle.,-0.08
3005,67,2026-09-01,2,5,4,3,Compa-ratio is noticeably below market benchmark while billable utilization is consistently above 95%.,-0.824
3006,11,2026-09-01,2,3,3,3,Disillusioned with unrealistic client deadlines and total absence of work-life boundaries.,-0.627
3007,15,2026-09-01,4,4,4,4,Leadership provides tremendous career mentoring and clear promotion trajectory.,0.774
3008,40,2026-09-01,3,4,5,2,Standard project pacing. Client expectations are rigorous but manageable with proper staffing.,0.072
3009,55,2026-09-01,4,4,4,4,Energized by our client cloud modernization engagement and collaborative team culture.,0.705
3010,41,2026-09-01,2,5,4,3,Frustrated by repeated delays in promotion cycle despite rating 5 performance in consecutive cycles.,-0.734
3011,50,2026-09-01,4,3,3,4,"Good team dynamic, though communication between onshore and offshore squads could be smoother.",0.147
3012,40,2026-09-01,3,5,3,4,"Good team dynamic, though communication between onshore and offshore squads could be smoother.",-0.055
3013,44,2026-09-01,3,4,4,4,"Training resources on Azure and Gen AI are decent, hoping for more hands-on lab allocations.",0.081
3014,67,2026-09-01,3,4,5,3,"Training resources on Azure and Gen AI are decent, hoping for more hands-on lab allocations.",-0.092
3015,51,2026-09-01,4,2,4,3,Energized by our client cloud modernization engagement and collaborative team culture.,0.764
3016,82,2026-09-01,4,4,3,5,Standard project pacing. Client expectations are rigorous but manageable with proper staffing.,-0.037
3017,31,2026-09-01,3,3,4,2,"Training resources on Azure and Gen AI are decent, hoping for more hands-on lab allocations.",0.173
3018,38,2026-09-01,3,2,3,2,Compensation aligns with industry averages. Waiting to see outcome of mid-year review cycle.,-0.055
3019,55,2026-09-01,5,3,4,5,Energized by our client cloud modernization engagement and collaborative team culture.,0.641
3020,8,2026-09-01,4,4,3,5,Standard project pacing. Client expectations are rigorous but manageable with proper staffing.,0.008
3021,16,2026-09-01,3,4,3,4,"Good team dynamic, though communication between onshore and offshore squads could be smoother.",0.096
3022,65,2026-09-01,4,4,3,3,Compensation aligns with industry averages. Waiting to see outcome of mid-year review cycle.,0.09
3023,35,2026-09-01,3,4,4,3,Standard project pacing. Client expectations are rigorous but manageable with proper staffing.,0.246
3024,84,2026-09-01,4,4,4,3,Leadership provides tremendous career mentoring and clear promotion trajectory.,0.832
3025,22,2026-09-01,3,4,4,3,Standard project pacing. Client expectations are rigorous but manageable with proper staffing.,0.033
3026,35,2026-09-01,4,5,5,2,Great autonomy on solution architecture. Enjoy mentoring junior analysts on agentic workflows.,0.582
3027,58,2026-09-01,3,5,4,3,"Training resources on Azure and Gen AI are decent, hoping for more hands-on lab allocations.",0.09
3028,31,2026-09-01,3,4,4,4,"Good team dynamic, though communication between onshore and offshore squads could be smoother.",0.171
3029,51,2026-09-01,3,3,4,4,Compensation aligns with industry averages. Waiting to see outcome of mid-year review cycle.,-0.087
3030,13,2026-09-01,4,4,3,5,Standard project pacing. Client expectations are rigorous but manageable with proper staffing.,0.148
3031,47,2026-09-01,3,4,4,3,Standard project pacing. Client expectations are rigorous but manageable with proper staffing.,0.113
3032,84,2026-09-01,2,4,3,3,Frustrated by repeated delays in promotion cycle despite rating 5 performance in consecutive cycles.,-0.668
3033,14,2026-09-01,3,3,2,5,Lack of psychological safety and micromanager style since recent leadership re-alignment.,-0.456
3034,36,2026-09-01,3,4,3,3,"Good team dynamic, though communication between onshore and offshore squads could be smoother.",0.112
3035,67,2026-09-01,3,5,2,4,Compa-ratio is noticeably below market benchmark while billable utilization is consistently above 95%.,-0.58
3036,4,2026-09-01,4,4,5,5,"Very fair compensation, excellent recognition from my engagement partner, and healthy work balance.",0.738
3037,56,2026-09-01,3,5,4,3,Compensation aligns with industry averages. Waiting to see outcome of mid-year review cycle.,0.204
3038,42,2026-09-01,3,3,5,4,"Good team dynamic, though communication between onshore and offshore squads could be smoother.",0.068
3039,72,2026-09-01,4,4,4,4,"Very fair compensation, excellent recognition from my engagement partner, and healthy work balance.",0.368
3040,80,2026-09-01,3,3,4,3,Standard project pacing. Client expectations are rigorous but manageable with proper staffing.,-0.027
3041,82,2026-09-01,4,4,4,3,Great autonomy on solution architecture. Enjoy mentoring junior analysts on agentic workflows.,0.674
3042,14,2026-09-01,4,3,3,5,"Training resources on Azure and Gen AI are decent, hoping for more hands-on lab allocations.",0.13
3043,60,2026-09-01,4,4,3,5,Standard project pacing. Client expectations are rigorous but manageable with proper staffing.,0.245
3044,27,2026-09-01,3,5,5,3,Compensation aligns with industry averages. Waiting to see outcome of mid-year review cycle.,0.003
3045,6,2026-09-01,4,4,4,4,Great autonomy on solution architecture. Enjoy mentoring junior analysts on agentic workflows.,0.457
3046,77,2026-09-01,3,4,3,4,"Good team dynamic, though communication between onshore and offshore squads could be smoother.",0.144
3047,8,2026-09-01,3,3,3,3,"Training resources on Azure and Gen AI are decent, hoping for more hands-on lab allocations.",0.109
3048,83,2026-09-01,3,4,3,3,Compensation aligns with industry averages. Waiting to see outcome of mid-year review cycle.,-0.079
3049,40,2026-09-01,4,4,4,3,"Very fair compensation, excellent recognition from my engagement partner, and healthy work balance.",0.878
3050,22,2026-09-01,3,3,4,4,Standard project pacing. Client expectations are rigorous but manageable with proper staffing.,0.015
3051,5,2026-09-01,4,5,4,5,Energized by our client cloud modernization engagement and collaborative team culture.,0.633
3052,38,2026-09-01,4,4,3,5,Standard project pacing. Client expectations are rigorous but manageable with proper staffing.,-0.009
3053,8,2026-09-01,3,4,3,4,Standard project pacing. Client expectations are rigorous but manageable with proper staffing.,0.005
3054,75,2026-09-01,3,4,3,4,"Training resources on Azure and Gen AI are decent, hoping for more hands-on lab allocations.",-0.028
3055,21,2026-09-01,3,4,5,5,Compensation aligns with industry averages. Waiting to see outcome of mid-year review cycle.,0.086
3056,7,2026-09-01,3,4,4,2,Compensation aligns with industry averages. Waiting to see outcome of mid-year review cycle.,-0.118
3057,74,2026-09-01,3,4,2,2,Lack of psychological safety and micromanager style since recent leadership re-alignment.,-0.31
3058,55,2026-09-01,3,4,4,3,Standard project pacing. Client expectations are rigorous but manageable with proper staffing.,-0.145
3059,18,2026-09-01,3,4,4,3,"Training resources on Azure and Gen AI are decent, hoping for more hands-on lab allocations.",0.04
3060,79,2026-09-01,3,4,2,4,Compa-ratio is noticeably below market benchmark while billable utilization is consistently above 95%.,-0.795
3061,55,2026-09-01,3,2,3,3,Compensation aligns with industry averages. Waiting to see outcome of mid-year review cycle.,0.13
3062,19,2026-09-01,4,3,3,3,Compensation aligns with industry averages. Waiting to see outcome of mid-year review cycle.,0.02
3063,3,2026-09-01,3,5,4,3,"Training resources on Azure and Gen AI are decent, hoping for more hands-on lab allocations.",-0.054
3064,23,2026-09-01,5,2,4,4,"Very fair compensation, excellent recognition from my engagement partner, and healthy work balance.",0.61
3065,1,2026-09-01,4,5,3,5,Standard project pacing. Client expectations are rigorous but manageable with proper staffing.,-0.136
3066,61,2026-09-01,4,4,4,4,Energized by our client cloud modernization engagement and collaborative team culture.,0.836
3067,46,2026-09-01,4,4,3,5,Standard project pacing. Client expectations are rigorous but manageable with proper staffing.,-0.061
3068,52,2026-09-01,4,4,4,5,"Very fair compensation, excellent recognition from my engagement partner, and healthy work balance.",0.513
3069,63,2026-09-01,3,3,4,3,Compensation aligns with industry averages. Waiting to see outcome of mid-year review cycle.,-0.124
3070,38,2026-09-01,2,3,5,3,Lack of psychological safety and micromanager style since recent leadership re-alignment.,-0.826
3071,64,2026-09-01,4,3,4,3,"Very fair compensation, excellent recognition from my engagement partner, and healthy work balance.",0.498
3072,67,2026-09-01,3,3,3,3,"Good team dynamic, though communication between onshore and offshore squads could be smoother.",0.152
3073,68,2026-09-01,3,3,2,3,Lack of psychological safety and micromanager style since recent leadership re-alignment.,-0.457
3074,30,2026-09-01,3,4,4,3,"Training resources on Azure and Gen AI are decent, hoping for more hands-on lab allocations.",-0.134
3075,45,2026-09-01,3,4,3,4,Standard project pacing. Client expectations are rigorous but manageable with proper staffing.,0.162
3076,84,2026-09-01,3,4,4,2,Compensation aligns with industry averages. Waiting to see outcome of mid-year review cycle.,0.012
3077,19,2026-09-01,3,3,4,4,Standard project pacing. Client expectations are rigorous but manageable with proper staffing.,-0.001
3078,18,2026-09-01,4,4,2,5,Frustrated by repeated delays in promotion cycle despite rating 5 performance in consecutive cycles.,-0.824
3079,10,2026-09-01,3,3,3,3,Standard project pacing. Client expectations are rigorous but manageable with proper staffing.,-0.046
3080,74,2026-09-01,4,4,4,3,Energized by our client cloud modernization engagement and collaborative team culture.,0.505
3081,71,2026-09-01,3,3,4,3,"Training resources on Azure and Gen AI are decent, hoping for more hands-on lab allocations.",0.149
3082,74,2026-09-01,5,4,4,4,"Very fair compensation, excellent recognition from my engagement partner, and healthy work balance.",0.766
3083,61,2026-09-01,4,4,4,5,Great autonomy on solution architecture. Enjoy mentoring junior analysts on agentic workflows.,0.599
3084,7,2026-09-01,3,5,4,3,Standard project pacing. Client expectations are rigorous but manageable with proper staffing.,0.107
3085,55,2026-09-01,3,4,3,3,"Training resources on Azure and Gen AI are decent, hoping for more hands-on lab allocations.",0.035
3086,48,2026-09-01,4,5,4,2,"Very fair compensation, excellent recognition from my engagement partner, and healthy work balance.",0.613
3087,8,2026-09-01,4,4,3,4,"Training resources on Azure and Gen AI are decent, hoping for more hands-on lab allocations.",-0.111
3088,74,2026-09-01,3,3,2,4,Compa-ratio is noticeably below market benchmark while billable utilization is consistently above 95%.,-0.513
3089,12,2026-09-01,4,4,5,4,Leadership provides tremendous career mentoring and clear promotion trajectory.,0.463
3090,50,2026-09-01,3,3,3,3,Standard project pacing. Client expectations are rigorous but manageable with proper staffing.,-0.064
3091,77,2026-09-01,3,3,3,4,Severe burnout from sustained 60+ hour work weeks without staffing support on high-priority delivery.,-0.397
3092,84,2026-09-01,4,3,4,3,The transition to modern data stack and AI tooling has been a huge boost to our delivery velocity.,0.586
3093,80,2026-09-01,4,4,4,3,"Very fair compensation, excellent recognition from my engagement partner, and healthy work balance.",0.638
3094,15,2026-09-01,5,5,5,5,Energized by our client cloud modernization engagement and collaborative team culture.,0.776
3095,73,2026-09-01,3,2,4,3,"Good team dynamic, though communication between onshore and offshore squads could be smoother.",-0.011
3096,71,2026-09-01,4,5,4,3,The transition to modern data stack and AI tooling has been a huge boost to our delivery velocity.,0.546
3097,59,2026-09-01,4,4,4,3,"Very fair compensation, excellent recognition from my engagement partner, and healthy work balance.",0.529
3098,26,2026-09-01,4,3,4,2,Great autonomy on solution architecture. Enjoy mentoring junior analysts on agentic workflows.,0.828
3099,73,2026-09-01,3,3,5,3,Standard project pacing. Client expectations are rigorous but manageable with proper staffing.,-0.09
3100,66,2026-09-01,3,4,3,3,Frustrated by repeated delays in promotion cycle despite rating 5 performance in consecutive cycles.,-0.539
3101,21,2026-09-01,4,3,5,4,"Very fair compensation, excellent recognition from my engagement partner, and healthy work balance.",0.779
3102,30,2026-09-01,3,4,3,4,Compensation aligns with industry averages. Waiting to see outcome of mid-year review cycle.,-0.061
3103,28,2026-09-01,3,3,4,2,Compensation aligns with industry averages. Waiting to see outcome of mid-year review cycle.,0.033
3104,70,2026-09-01,3,3,4,4,"Training resources on Azure and Gen AI are decent, hoping for more hands-on lab allocations.",0.087
3105,53,2026-09-01,3,4,4,4,Standard project pacing. Client expectations are rigorous but manageable with proper staffing.,0.188
3106,71,2026-09-01,4,4,4,4,Great autonomy on solution architecture. Enjoy mentoring junior analysts on agentic workflows.,0.51
3107,84,2026-09-01,3,4,5,4,"Training resources on Azure and Gen AI are decent, hoping for more hands-on lab allocations.",0.183
3108,52,2026-09-01,3,4,4,3,"Training resources on Azure and Gen AI are decent, hoping for more hands-on lab allocations.",0.138
3109,71,2026-09-01,4,3,4,4,"Very fair compensation, excellent recognition from my engagement partner, and healthy work balance.",0.459
3110,43,2026-09-01,4,4,4,3,Great autonomy on solution architecture. Enjoy mentoring junior analysts on agentic workflows.,0.853
3111,43,2026-09-01,4,2,4,3,Energized by our client cloud modernization engagement and collaborative team culture.,0.835
3112,11,2026-09-01,3,4,4,3,Compensation aligns with industry averages. Waiting to see outcome of mid-year review cycle.,-0.025
3113,75,2026-09-01,4,4,4,5,The transition to modern data stack and AI tooling has been a huge boost to our delivery velocity.,0.758
3114,75,2026-09-01,3,4,4,5,"Good team dynamic, though communication between onshore and offshore squads could be smoother.",-0.037
3115,73,2026-09-01,4,2,3,3,"Training resources on Azure and Gen AI are decent, hoping for more hands-on lab allocations.",0.232
3116,9,2026-09-01,3,4,4,5,"Training resources on Azure and Gen AI are decent, hoping for more hands-on lab allocations.",-0.092
3117,82,2026-09-01,3,4,4,3,"Good team dynamic, though communication between onshore and offshore squads could be smoother.",-0.041
3118,51,2026-09-01,4,3,3,4,Standard project pacing. Client expectations are rigorous but manageable with proper staffing.,0.038
3119,67,2026-09-01,3,4,3,2,"Good team dynamic, though communication between onshore and offshore squads could be smoother.",0.015
3120,1,2026-09-01,3,4,4,4,Standard project pacing. Client expectations are rigorous but manageable with proper staffing.,0.065
3121,26,2026-09-01,4,4,3,5,"Training resources on Azure and Gen AI are decent, hoping for more hands-on lab allocations.",0.192
3122,59,2026-09-01,4,3,5,3,Leadership provides tremendous career mentoring and clear promotion trajectory.,0.825
3123,30,2026-09-01,4,4,4,3,Energized by our client cloud modernization engagement and collaborative team culture.,0.813
3124,54,2026-09-01,4,4,4,3,Leadership provides tremendous career mentoring and clear promotion trajectory.,0.352
3125,82,2026-09-01,4,3,4,3,Leadership provides tremendous career mentoring and clear promotion trajectory.,0.877
3126,49,2026-09-01,4,5,3,5,Compensation aligns with industry averages. Waiting to see outcome of mid-year review cycle.,-0.058
3127,62,2026-09-01,3,3,5,3,Standard project pacing. Client expectations are rigorous but manageable with proper staffing.,0.022
3128,21,2026-09-01,4,5,4,3,Energized by our client cloud modernization engagement and collaborative team culture.,0.452
3129,64,2026-09-01,4,4,4,5,Leadership provides tremendous career mentoring and clear promotion trajectory.,0.721
3130,17,2026-09-01,4,4,3,5,"Training resources on Azure and Gen AI are decent, hoping for more hands-on lab allocations.",0.227
3131,73,2026-09-01,4,3,4,3,Energized by our client cloud modernization engagement and collaborative team culture.,0.777
3132,20,2026-09-01,3,3,4,3,Compensation aligns with industry averages. Waiting to see outcome of mid-year review cycle.,0.07
3133,18,2026-09-01,3,4,4,3,Compensation aligns with industry averages. Waiting to see outcome of mid-year review cycle.,0.02
3134,60,2026-09-01,3,4,4,3,"Good team dynamic, though communication between onshore and offshore squads could be smoother.",0.235
3135,3,2026-09-01,4,4,3,3,"Good team dynamic, though communication between onshore and offshore squads could be smoother.",0.13
3136,64,2026-09-01,5,4,4,5,Energized by our client cloud modernization engagement and collaborative team culture.,0.644
3137,56,2026-09-01,4,3,4,3,Great autonomy on solution architecture. Enjoy mentoring junior analysts on agentic workflows.,0.769
3138,31,2026-09-01,2,5,4,3,Frustrated by repeated delays in promotion cycle despite rating 5 performance in consecutive cycles.,-0.514
3139,3,2026-09-01,3,5,5,2,Standard project pacing. Client expectations are rigorous but manageable with proper staffing.,0.086
3140,10,2026-09-01,3,4,4,4,"Training resources on Azure and Gen AI are decent, hoping for more hands-on lab allocations.",-0.007
3141,73,2026-09-01,3,4,4,3,Frustrated by repeated delays in promotion cycle despite rating 5 performance in consecutive cycles.,-0.524
3142,21,2026-09-01,1,3,2,4,Compa-ratio is noticeably below market benchmark while billable utilization is consistently above 95%.,-0.277
3143,76,2026-09-01,4,4,3,4,Compensation aligns with industry averages. Waiting to see outcome of mid-year review cycle.,0.181
3144,12,2026-09-01,3,4,4,3,"Training resources on Azure and Gen AI are decent, hoping for more hands-on lab allocations.",-0.039
3145,1,2026-09-01,3,3,3,3,Compensation aligns with industry averages. Waiting to see outcome of mid-year review cycle.,-0.007
3146,71,2026-09-01,4,5,5,4,The transition to modern data stack and AI tooling has been a huge boost to our delivery velocity.,0.591
3147,37,2026-09-01,3,4,2,2,Compa-ratio is noticeably below market benchmark while billable utilization is consistently above 95%.,-0.326
3148,30,2026-09-01,3,4,2,3,Frustrated by repeated delays in promotion cycle despite rating 5 performance in consecutive cycles.,-0.708
3149,3,2026-09-01,5,5,5,3,Great autonomy on solution architecture. Enjoy mentoring junior analysts on agentic workflows.,0.577
3150,54,2026-09-01,3,3,4,3,Compensation aligns with industry averages. Waiting to see outcome of mid-year review cycle.,0.086
3151,10,2026-09-01,3,5,4,3,"Good team dynamic, though communication between onshore and offshore squads could be smoother.",-0.044
3152,12,2026-09-01,3,5,4,3,"Training resources on Azure and Gen AI are decent, hoping for more hands-on lab allocations.",-0.021
3153,82,2026-09-01,3,4,4,4,Compensation aligns with industry averages. Waiting to see outcome of mid-year review cycle.,0.241
3154,59,2026-09-01,4,4,4,3,Energized by our client cloud modernization engagement and collaborative team culture.,0.892
3155,22,2026-09-01,3,4,4,4,"Good team dynamic, though communication between onshore and offshore squads could be smoother.",0.132
3156,36,2026-09-01,3,3,4,3,Compensation aligns with industry averages. Waiting to see outcome of mid-year review cycle.,-0.125
3157,1,2026-09-01,4,3,3,5,Frustrated by repeated delays in promotion cycle despite rating 5 performance in consecutive cycles.,-0.766
3158,42,2026-09-01,3,3,3,3,"Good team dynamic, though communication between onshore and offshore squads could be smoother.",-0.068
3159,25,2026-09-01,4,4,4,3,Energized by our client cloud modernization engagement and collaborative team culture.,0.89
3160,81,2026-09-01,4,3,3,3,Standard project pacing. Client expectations are rigorous but manageable with proper staffing.,-0.132
3161,14,2026-09-01,5,3,3,3,"Training resources on Azure and Gen AI are decent, hoping for more hands-on lab allocations.",0.052
3162,72,2026-09-01,4,5,4,3,The transition to modern data stack and AI tooling has been a huge boost to our delivery velocity.,0.684
3163,31,2026-09-01,4,3,4,3,Great autonomy on solution architecture. Enjoy mentoring junior analysts on agentic workflows.,0.802
3164,28,2026-09-01,4,4,4,4,Leadership provides tremendous career mentoring and clear promotion trajectory.,0.403
3165,26,2026-09-01,2,2,3,3,Frustrated by repeated delays in promotion cycle despite rating 5 performance in consecutive cycles.,-0.262
3166,24,2026-09-01,4,4,4,4,Energized by our client cloud modernization engagement and collaborative team culture.,0.415
3167,82,2026-09-01,3,3,4,3,Compensation aligns with industry averages. Waiting to see outcome of mid-year review cycle.,-0.047
3168,9,2026-09-01,5,4,5,5,Great autonomy on solution architecture. Enjoy mentoring junior analysts on agentic workflows.,0.456
3169,73,2026-09-01,5,4,4,5,The transition to modern data stack and AI tooling has been a huge boost to our delivery velocity.,0.519
3170,41,2026-09-01,3,3,4,2,Compensation aligns with industry averages. Waiting to see outcome of mid-year review cycle.,-0.012
3171,28,2026-09-01,4,3,4,5,"Very fair compensation, excellent recognition from my engagement partner, and healthy work balance.",0.826
3172,62,2026-09-01,4,4,3,3,"Training resources on Azure and Gen AI are decent, hoping for more hands-on lab allocations.",0.224
3173,40,2026-09-01,3,3,4,4,Standard project pacing. Client expectations are rigorous but manageable with proper staffing.,0.199
3174,17,2026-09-01,4,4,3,2,Standard project pacing. Client expectations are rigorous but manageable with proper staffing.,0.045
3175,73,2026-09-01,2,4,4,3,Severe burnout from sustained 60+ hour work weeks without staffing support on high-priority delivery.,-0.381
3176,23,2026-09-01,3,4,3,3,Lack of psychological safety and micromanager style since recent leadership re-alignment.,-0.657
3177,37,2026-09-01,4,4,4,2,"Very fair compensation, excellent recognition from my engagement partner, and healthy work balance.",0.395
3178,33,2026-09-01,3,3,4,3,Standard project pacing. Client expectations are rigorous but manageable with proper staffing.,-0.109
3179,63,2026-09-01,3,3,4,4,"Good team dynamic, though communication between onshore and offshore squads could be smoother.",0.154
3180,44,2026-09-01,4,3,3,4,Standard project pacing. Client expectations are rigorous but manageable with proper staffing.,-0.093
3181,65,2026-09-01,3,3,5,3,Standard project pacing. Client expectations are rigorous but manageable with proper staffing.,0.154
3182,27,2026-09-01,3,4,4,3,"Good team dynamic, though communication between onshore and offshore squads could be smoother.",-0.121
3183,84,2026-09-01,5,4,3,5,Standard project pacing. Client expectations are rigorous but manageable with proper staffing.,0.071
3184,24,2026-09-01,4,3,4,3,"Very fair compensation, excellent recognition from my engagement partner, and healthy work balance.",0.773
3185,80,2026-09-01,4,5,4,3,Energized by our client cloud modernization engagement and collaborative team culture.,0.639
3186,11,2026-09-01,5,4,4,3,Great autonomy on solution architecture. Enjoy mentoring junior analysts on agentic workflows.,0.41
3187,3,2026-09-01,4,4,5,4,Leadership provides tremendous career mentoring and clear promotion trajectory.,0.445
3188,55,2026-09-01,3,3,4,4,Standard project pacing. Client expectations are rigorous but manageable with proper staffing.,0.024
3189,51,2026-09-01,4,4,4,5,Leadership provides tremendous career mentoring and clear promotion trajectory.,0.609
3190,64,2026-09-01,4,3,4,4,"Very fair compensation, excellent recognition from my engagement partner, and healthy work balance.",0.756
3191,38,2026-09-01,4,4,4,5,Energized by our client cloud modernization engagement and collaborative team culture.,0.622
3192,63,2026-09-01,4,4,3,2,Frustrated by repeated delays in promotion cycle despite rating 5 performance in consecutive cycles.,-0.352
3193,3,2026-09-01,4,3,2,4,Severe burnout from sustained 60+ hour work weeks without staffing support on high-priority delivery.,-0.343
3194,65,2026-09-01,3,5,4,4,Compensation aligns with industry averages. Waiting to see outcome of mid-year review cycle.,-0.115
3195,22,2026-09-01,4,3,3,5,Compensation aligns with industry averages. Waiting to see outcome of mid-year review cycle.,-0.043
3196,11,2026-09-01,3,4,2,5,Disillusioned with unrealistic client deadlines and total absence of work-life boundaries.,-0.661
3197,7,2026-09-01,3,4,3,3,"Good team dynamic, though communication between onshore and offshore squads could be smoother.",-0.113
3198,47,2026-09-01,3,5,3,3,Compa-ratio is noticeably below market benchmark while billable utilization is consistently above 95%.,-0.601
3199,49,2026-09-01,4,4,3,5,Compensation aligns with industry averages. Waiting to see outcome of mid-year review cycle.,0.24
3200,48,2026-09-01,4,4,4,5,The transition to modern data stack and AI tooling has been a huge boost to our delivery velocity.,0.811
3201,25,2026-09-01,3,4,4,3,Compensation aligns with industry averages. Waiting to see outcome of mid-year review cycle.,-0.13
3202,82,2026-09-01,4,4,4,3,Leadership provides tremendous career mentoring and clear promotion trajectory.,0.453
3203,83,2026-09-01,3,4,4,3,Standard project pacing. Client expectations are rigorous but manageable with proper staffing.,0.084
3204,61,2026-09-01,3,4,5,3,Compensation aligns with industry averages. Waiting to see outcome of mid-year review cycle.,0.044
3205,75,2026-09-01,3,4,4,3,"Training resources on Azure and Gen AI are decent, hoping for more hands-on lab allocations.",-0.097
3206,44,2026-09-01,4,4,3,4,Standard project pacing. Client expectations are rigorous but manageable with proper staffing.,0.048
3207,51,2026-09-01,3,3,3,3,Compa-ratio is noticeably below market benchmark while billable utilization is consistently above 95%.,-0.811
3208,54,2026-09-01,3,4,4,2,"Good team dynamic, though communication between onshore and offshore squads could be smoother.",0.177
3209,74,2026-09-01,2,4,3,4,Lack of psychological safety and micromanager style since recent leadership re-alignment.,-0.399
3210,30,2026-09-01,3,4,5,2,Compensation aligns with industry averages. Waiting to see outcome of mid-year review cycle.,0.24
3211,37,2026-09-01,3,4,4,4,Standard project pacing. Client expectations are rigorous but manageable with proper staffing.,0.204
3212,27,2026-09-01,3,4,4,4,"Training resources on Azure and Gen AI are decent, hoping for more hands-on lab allocations.",-0.149
3213,23,2026-09-01,4,3,4,3,Leadership provides tremendous career mentoring and clear promotion trajectory.,0.521
3214,74,2026-09-01,4,4,4,5,The transition to modern data stack and AI tooling has been a huge boost to our delivery velocity.,0.53
3215,31,2026-09-01,3,4,4,3,Compensation aligns with industry averages. Waiting to see outcome of mid-year review cycle.,0.159
3216,1,2026-09-01,4,2,4,4,Great autonomy on solution architecture. Enjoy mentoring junior analysts on agentic workflows.,0.534
3217,42,2026-09-01,4,4,4,3,Great autonomy on solution architecture. Enjoy mentoring junior analysts on agentic workflows.,0.819
3218,15,2026-09-01,4,3,4,5,The transition to modern data stack and AI tooling has been a huge boost to our delivery velocity.,0.484
3219,56,2026-09-01,3,4,3,3,Severe burnout from sustained 60+ hour work weeks without staffing support on high-priority delivery.,-0.728
3220,9,2026-09-01,5,5,3,5,"Training resources on Azure and Gen AI are decent, hoping for more hands-on lab allocations.",0.133
3221,41,2026-09-01,1,3,2,4,Frustrated by repeated delays in promotion cycle despite rating 5 performance in consecutive cycles.,-0.456
3222,21,2026-09-01,3,3,4,3,Compensation aligns with industry averages. Waiting to see outcome of mid-year review cycle.,0.051
3223,70,2026-09-01,3,4,4,3,"Training resources on Azure and Gen AI are decent, hoping for more hands-on lab allocations.",-0.031
3224,32,2026-09-01,3,3,3,3,Standard project pacing. Client expectations are rigorous but manageable with proper staffing.,0.168
3225,75,2026-09-01,4,4,4,3,"Very fair compensation, excellent recognition from my engagement partner, and healthy work balance.",0.832
3226,79,2026-09-01,3,3,4,4,Standard project pacing. Client expectations are rigorous but manageable with proper staffing.,-0.134
3227,76,2026-09-01,4,2,4,3,The transition to modern data stack and AI tooling has been a huge boost to our delivery velocity.,0.728
3228,56,2026-09-01,4,4,4,4,Energized by our client cloud modernization engagement and collaborative team culture.,0.761
3229,3,2026-09-01,3,3,4,3,"Good team dynamic, though communication between onshore and offshore squads could be smoother.",-0.08
3230,81,2026-09-01,4,4,4,3,The transition to modern data stack and AI tooling has been a huge boost to our delivery velocity.,0.657
3231,77,2026-09-01,4,4,4,3,Great autonomy on solution architecture. Enjoy mentoring junior analysts on agentic workflows.,0.77
3232,38,2026-09-01,3,4,4,3,"Good team dynamic, though communication between onshore and offshore squads could be smoother.",0.249
3233,23,2026-09-01,4,4,4,3,The transition to modern data stack and AI tooling has been a huge boost to our delivery velocity.,0.463
3234,61,2026-09-01,2,4,1,2,Frustrated by repeated delays in promotion cycle despite rating 5 performance in consecutive cycles.,-0.339
3235,32,2026-09-01,3,5,3,4,"Good team dynamic, though communication between onshore and offshore squads could be smoother.",0.026
3236,30,2026-09-01,4,3,4,5,The transition to modern data stack and AI tooling has been a huge boost to our delivery velocity.,0.527
3237,33,2026-09-01,2,4,4,3,Disillusioned with unrealistic client deadlines and total absence of work-life boundaries.,-0.638
3238,58,2026-09-01,3,4,4,3,Compensation aligns with industry averages. Waiting to see outcome of mid-year review cycle.,0.13
3239,21,2026-09-01,4,5,4,3,Great autonomy on solution architecture. Enjoy mentoring junior analysts on agentic workflows.,0.535
3240,11,2026-09-01,3,4,4,5,"Good team dynamic, though communication between onshore and offshore squads could be smoother.",0.174
3241,48,2026-09-01,2,4,4,4,Disillusioned with unrealistic client deadlines and total absence of work-life boundaries.,-0.79
3242,14,2026-09-01,3,4,4,3,Standard project pacing. Client expectations are rigorous but manageable with proper staffing.,0.065
3243,12,2026-09-01,4,5,4,4,"Very fair compensation, excellent recognition from my engagement partner, and healthy work balance.",0.644
3244,73,2026-09-01,4,4,4,4,"Very fair compensation, excellent recognition from my engagement partner, and healthy work balance.",0.865
3245,58,2026-09-01,4,4,5,4,Great autonomy on solution architecture. Enjoy mentoring junior analysts on agentic workflows.,0.476
3246,59,2026-09-01,4,4,5,3,Leadership provides tremendous career mentoring and clear promotion trajectory.,0.747
3247,18,2026-09-01,3,3,4,3,Standard project pacing. Client expectations are rigorous but manageable with proper staffing.,0.226
3248,59,2026-09-01,3,3,3,3,Standard project pacing. Client expectations are rigorous but manageable with proper staffing.,-0.017
3249,63,2026-09-01,3,2,3,3,"Training resources on Azure and Gen AI are decent, hoping for more hands-on lab allocations.",0.02
3250,75,2026-09-01,4,4,5,2,Leadership provides tremendous career mentoring and clear promotion trajectory.,0.464
3251,32,2026-09-01,3,4,4,2,"Good team dynamic, though communication between onshore and offshore squads could be smoother.",-0.142
3252,34,2026-09-01,2,4,4,3,Lack of psychological safety and micromanager style since recent leadership re-alignment.,-0.534
3253,5,2026-09-01,3,3,3,3,"Good team dynamic, though communication between onshore and offshore squads could be smoother.",0.145
3254,52,2026-09-01,3,3,4,3,"Training resources on Azure and Gen AI are decent, hoping for more hands-on lab allocations.",0.163
3255,49,2026-09-01,4,2,4,2,Leadership provides tremendous career mentoring and clear promotion trajectory.,0.886
3256,6,2026-09-01,4,3,4,3,"Very fair compensation, excellent recognition from my engagement partner, and healthy work balance.",0.384
3257,72,2026-09-01,3,4,4,4,"Training resources on Azure and Gen AI are decent, hoping for more hands-on lab allocations.",-0.143
3258,8,2026-09-01,3,5,4,3,"Good team dynamic, though communication between onshore and offshore squads could be smoother.",-0.1
3259,64,2026-09-01,4,5,4,3,"Very fair compensation, excellent recognition from my engagement partner, and healthy work balance.",0.471
3260,81,2026-09-01,3,3,4,3,Standard project pacing. Client expectations are rigorous but manageable with proper staffing.,-0.014
3261,14,2026-09-01,3,3,4,5,"Good team dynamic, though communication between onshore and offshore squads could be smoother.",0.082
3262,13,2026-09-01,2,4,4,3,Severe burnout from sustained 60+ hour work weeks without staffing support on high-priority delivery.,-0.495
3263,6,2026-09-01,3,3,3,3,"Good team dynamic, though communication between onshore and offshore squads could be smoother.",0.108
3264,84,2026-09-01,4,4,4,2,The transition to modern data stack and AI tooling has been a huge boost to our delivery velocity.,0.424
3265,29,2026-09-01,4,3,4,3,Leadership provides tremendous career mentoring and clear promotion trajectory.,0.413
3266,44,2026-09-01,2,3,2,4,Severe burnout from sustained 60+ hour work weeks without staffing support on high-priority delivery.,-0.496
3267,63,2026-09-01,3,5,3,4,"Training resources on Azure and Gen AI are decent, hoping for more hands-on lab allocations.",0.221
3268,34,2026-09-01,3,3,4,3,Standard project pacing. Client expectations are rigorous but manageable with proper staffing.,-0.096
3269,78,2026-09-01,4,3,4,3,The transition to modern data stack and AI tooling has been a huge boost to our delivery velocity.,0.863
3270,60,2026-09-01,3,4,2,3,Compa-ratio is noticeably below market benchmark while billable utilization is consistently above 95%.,-0.732
3271,16,2026-09-01,4,5,4,4,Leadership provides tremendous career mentoring and clear promotion trajectory.,0.858
3272,77,2026-09-01,3,3,3,3,"Good team dynamic, though communication between onshore and offshore squads could be smoother.",0.186
3273,5,2026-09-01,3,3,3,4,"Training resources on Azure and Gen AI are decent, hoping for more hands-on lab allocations.",0.227
3274,21,2026-09-01,5,3,4,4,"Very fair compensation, excellent recognition from my engagement partner, and healthy work balance.",0.878
3275,45,2026-09-01,4,4,5,4,Great autonomy on solution architecture. Enjoy mentoring junior analysts on agentic workflows.,0.719
3276,84,2026-09-01,4,3,4,5,Great autonomy on solution architecture. Enjoy mentoring junior analysts on agentic workflows.,0.499
3277,36,2026-09-01,4,5,3,3,Compensation aligns with industry averages. Waiting to see outcome of mid-year review cycle.,0.205
3278,74,2026-09-01,4,3,4,3,The transition to modern data stack and AI tooling has been a huge boost to our delivery velocity.,0.512
3279,17,2026-09-01,3,3,3,4,"Good team dynamic, though communication between onshore and offshore squads could be smoother.",-0.109
3280,68,2026-09-01,4,3,4,2,Energized by our client cloud modernization engagement and collaborative team culture.,0.879
3281,81,2026-09-01,3,5,4,3,Compensation aligns with industry averages. Waiting to see outcome of mid-year review cycle.,0.083
3282,48,2026-09-01,3,3,4,3,Compensation aligns with industry averages. Waiting to see outcome of mid-year review cycle.,0.198
3283,14,2026-09-01,3,4,3,3,Compa-ratio is noticeably below market benchmark while billable utilization is consistently above 95%.,-0.256
3284,15,2026-09-01,4,5,4,3,The transition to modern data stack and AI tooling has been a huge boost to our delivery velocity.,0.492
3285,44,2026-09-01,3,3,2,3,Compa-ratio is noticeably below market benchmark while billable utilization is consistently above 95%.,-0.717
3286,11,2026-09-01,5,5,4,5,Leadership provides tremendous career mentoring and clear promotion trajectory.,0.385
3287,52,2026-09-01,4,3,4,4,The transition to modern data stack and AI tooling has been a huge boost to our delivery velocity.,0.868
3288,60,2026-09-01,4,3,5,4,Leadership provides tremendous career mentoring and clear promotion trajectory.,0.794
3289,78,2026-09-01,4,5,4,4,Leadership provides tremendous career mentoring and clear promotion trajectory.,0.533
3290,16,2026-09-01,4,3,5,4,"Very fair compensation, excellent recognition from my engagement partner, and healthy work balance.",0.551
3291,49,2026-09-01,2,4,2,4,Severe burnout from sustained 60+ hour work weeks without staffing support on high-priority delivery.,-0.441
3292,64,2026-09-01,2,3,4,3,Frustrated by repeated delays in promotion cycle despite rating 5 performance in consecutive cycles.,-0.648
3293,56,2026-09-01,2,4,4,4,Frustrated by repeated delays in promotion cycle despite rating 5 performance in consecutive cycles.,-0.352
3294,26,2026-09-01,5,4,5,5,The transition to modern data stack and AI tooling has been a huge boost to our delivery velocity.,0.809
3295,82,2026-09-01,1,4,2,3,Disillusioned with unrealistic client deadlines and total absence of work-life boundaries.,-0.794
3296,71,2026-09-01,3,4,4,3,"Training resources on Azure and Gen AI are decent, hoping for more hands-on lab allocations.",0.212
3297,43,2026-09-01,3,5,4,4,Compensation aligns with industry averages. Waiting to see outcome of mid-year review cycle.,0.022
3298,23,2026-09-01,3,4,2,4,Lack of psychological safety and micromanager style since recent leadership re-alignment.,-0.752
3299,21,2026-09-01,4,5,2,3,Disillusioned with unrealistic client deadlines and total absence of work-life boundaries.,-0.814
3300,60,2026-09-01,4,3,3,4,"Training resources on Azure and Gen AI are decent, hoping for more hands-on lab allocations.",0.184
3301,23,2026-09-01,3,4,3,3,Standard project pacing. Client expectations are rigorous but manageable with proper staffing.,0.194
3302,6,2026-09-01,3,4,4,3,"Good team dynamic, though communication between onshore and offshore squads could be smoother.",-0.099
3303,16,2026-09-01,2,3,3,3,Lack of psychological safety and micromanager style since recent leadership re-alignment.,-0.657
3304,31,2026-09-01,3,3,3,4,"Good team dynamic, though communication between onshore and offshore squads could be smoother.",0.223
3305,66,2026-09-01,4,5,5,2,Leadership provides tremendous career mentoring and clear promotion trajectory.,0.692
3306,61,2026-09-01,3,4,4,3,Standard project pacing. Client expectations are rigorous but manageable with proper staffing.,-0.073
3307,17,2026-09-01,4,4,4,4,Leadership provides tremendous career mentoring and clear promotion trajectory.,0.697
3308,52,2026-09-01,4,4,4,4,The transition to modern data stack and AI tooling has been a huge boost to our delivery velocity.,0.808
3309,24,2026-09-01,4,5,3,4,Standard project pacing. Client expectations are rigorous but manageable with proper staffing.,0.069
3310,62,2026-09-01,2,4,4,3,Severe burnout from sustained 60+ hour work weeks without staffing support on high-priority delivery.,-0.571
3311,16,2026-09-01,2,4,3,3,Disillusioned with unrealistic client deadlines and total absence of work-life boundaries.,-0.497
3312,22,2026-09-01,2,4,4,4,Disillusioned with unrealistic client deadlines and total absence of work-life boundaries.,-0.555
3313,53,2026-09-01,4,4,3,5,Standard project pacing. Client expectations are rigorous but manageable with proper staffing.,-0.043
3314,27,2026-09-01,3,4,2,2,Frustrated by repeated delays in promotion cycle despite rating 5 performance in consecutive cycles.,-0.326
3315,57,2026-09-01,3,4,5,3,Compensation aligns with industry averages. Waiting to see outcome of mid-year review cycle.,-0.037
3316,71,2026-09-01,2,4,4,4,Severe burnout from sustained 60+ hour work weeks without staffing support on high-priority delivery.,-0.408
3317,10,2026-09-01,5,4,4,5,Leadership provides tremendous career mentoring and clear promotion trajectory.,0.353
3318,73,2026-09-01,4,5,4,5,The transition to modern data stack and AI tooling has been a huge boost to our delivery velocity.,0.597
3319,64,2026-09-01,3,4,5,4,Standard project pacing. Client expectations are rigorous but manageable with proper staffing.,0.113
3320,77,2026-09-01,3,3,4,3,Standard project pacing. Client expectations are rigorous but manageable with proper staffing.,0.021
3321,57,2026-09-01,3,5,3,3,Standard project pacing. Client expectations are rigorous but manageable with proper staffing.,0.128
3322,4,2026-09-01,3,3,3,3,"Training resources on Azure and Gen AI are decent, hoping for more hands-on lab allocations.",-0.003
3323,26,2026-09-01,2,4,3,4,Lack of psychological safety and micromanager style since recent leadership re-alignment.,-0.364
3324,46,2026-09-01,3,4,4,3,Compensation aligns with industry averages. Waiting to see outcome of mid-year review cycle.,-0.111
3325,66,2026-09-01,4,4,5,3,Leadership provides tremendous career mentoring and clear promotion trajectory.,0.376
3326,34,2026-09-01,4,3,4,3,Leadership provides tremendous career mentoring and clear promotion trajectory.,0.651
3327,11,2026-09-01,4,4,4,4,Great autonomy on solution architecture. Enjoy mentoring junior analysts on agentic workflows.,0.893
3328,26,2026-09-01,3,5,2,3,Severe burnout from sustained 60+ hour work weeks without staffing support on high-priority delivery.,-0.829
3329,28,2026-09-01,2,4,2,3,Disillusioned with unrealistic client deadlines and total absence of work-life boundaries.,-0.498
3330,78,2026-09-01,3,4,3,3,Compensation aligns with industry averages. Waiting to see outcome of mid-year review cycle.,-0.122
3331,61,2026-09-01,4,4,5,3,Leadership provides tremendous career mentoring and clear promotion trajectory.,0.798
3332,16,2026-09-01,4,3,5,5,Great autonomy on solution architecture. Enjoy mentoring junior analysts on agentic workflows.,0.353
3333,22,2026-09-01,3,4,4,2,"Good team dynamic, though communication between onshore and offshore squads could be smoother.",-0.092
3334,21,2026-09-01,4,3,4,3,Leadership provides tremendous career mentoring and clear promotion trajectory.,0.746
3335,27,2026-09-01,4,5,2,3,Frustrated by repeated delays in promotion cycle despite rating 5 performance in consecutive cycles.,-0.523
3336,10,2026-09-01,4,4,4,4,Great autonomy on solution architecture. Enjoy mentoring junior analysts on agentic workflows.,0.564
3337,80,2026-09-01,3,5,3,3,"Good team dynamic, though communication between onshore and offshore squads could be smoother.",0.216
3338,45,2026-09-01,3,3,3,3,"Training resources on Azure and Gen AI are decent, hoping for more hands-on lab allocations.",-0.054
3339,84,2026-09-01,4,4,5,5,Great autonomy on solution architecture. Enjoy mentoring junior analysts on agentic workflows.,0.604
3340,69,2026-09-01,3,4,5,4,Standard project pacing. Client expectations are rigorous but manageable with proper staffing.,0.114
3341,61,2026-09-01,3,3,5,3,Compensation aligns with industry averages. Waiting to see outcome of mid-year review cycle.,0.163
3342,40,2026-09-01,5,4,4,5,"Very fair compensation, excellent recognition from my engagement partner, and healthy work balance.",0.456
3343,30,2026-09-01,2,4,2,3,Frustrated by repeated delays in promotion cycle despite rating 5 performance in consecutive cycles.,-0.808
3344,43,2026-09-01,3,4,2,4,Frustrated by repeated delays in promotion cycle despite rating 5 performance in consecutive cycles.,-0.76
3345,16,2026-09-01,3,4,4,3,"Training resources on Azure and Gen AI are decent, hoping for more hands-on lab allocations.",-0.08
3346,74,2026-09-01,3,3,4,3,Standard project pacing. Client expectations are rigorous but manageable with proper staffing.,-0.092
3347,64,2026-09-01,3,4,4,3,Compensation aligns with industry averages. Waiting to see outcome of mid-year review cycle.,0.067
3348,26,2026-09-01,4,4,4,3,Energized by our client cloud modernization engagement and collaborative team culture.,0.743
3349,75,2026-09-01,3,4,3,3,Standard project pacing. Client expectations are rigorous but manageable with proper staffing.,0.234
3350,11,2026-09-01,4,4,4,5,"Very fair compensation, excellent recognition from my engagement partner, and healthy work balance.",0.362
3351,55,2026-09-01,3,5,3,3,Standard project pacing. Client expectations are rigorous but manageable with proper staffing.,0.077
3352,6,2026-09-01,4,4,3,4,Compensation aligns with industry averages. Waiting to see outcome of mid-year review cycle.,0.236
3353,35,2026-09-01,4,3,5,4,Leadership provides tremendous career mentoring and clear promotion trajectory.,0.885
3354,16,2026-09-01,4,4,4,3,"Very fair compensation, excellent recognition from my engagement partner, and healthy work balance.",0.381
3355,40,2026-09-01,2,5,2,3,Compa-ratio is noticeably below market benchmark while billable utilization is consistently above 95%.,-0.753
3356,25,2026-09-01,3,3,3,3,Standard project pacing. Client expectations are rigorous but manageable with proper staffing.,0.038
3357,3,2026-09-01,4,3,3,4,"Training resources on Azure and Gen AI are decent, hoping for more hands-on lab allocations.",-0.142
3358,33,2026-09-01,4,4,4,4,"Very fair compensation, excellent recognition from my engagement partner, and healthy work balance.",0.547
3359,1,2026-09-01,4,4,3,3,Compensation aligns with industry averages. Waiting to see outcome of mid-year review cycle.,-0.022
3360,45,2026-09-01,3,5,3,3,Standard project pacing. Client expectations are rigorous but manageable with proper staffing.,0.25
3361,22,2026-09-01,3,4,4,4,Compensation aligns with industry averages. Waiting to see outcome of mid-year review cycle.,-0.068
3362,8,2026-09-01,2,4,3,4,Severe burnout from sustained 60+ hour work weeks without staffing support on high-priority delivery.,-0.784
3363,42,2026-09-01,4,4,4,4,The transition to modern data stack and AI tooling has been a huge boost to our delivery velocity.,0.662
3364,59,2026-09-01,3,5,3,3,"Training resources on Azure and Gen AI are decent, hoping for more hands-on lab allocations.",-0.146
3365,36,2026-09-01,3,3,3,3,"Good team dynamic, though communication between onshore and offshore squads could be smoother.",0.152
3366,61,2026-09-01,3,4,3,4,Standard project pacing. Client expectations are rigorous but manageable with proper staffing.,0.051
3367,64,2026-09-01,3,3,3,4,Compensation aligns with industry averages. Waiting to see outcome of mid-year review cycle.,0.217
3368,45,2026-09-01,3,3,3,4,Disillusioned with unrealistic client deadlines and total absence of work-life boundaries.,-0.806
3369,60,2026-09-01,3,4,5,3,"Training resources on Azure and Gen AI are decent, hoping for more hands-on lab allocations.",-0.081
3370,80,2026-09-01,5,4,4,5,The transition to modern data stack and AI tooling has been a huge boost to our delivery velocity.,0.804
3371,50,2026-09-01,3,5,4,4,Compensation aligns with industry averages. Waiting to see outcome of mid-year review cycle.,-0.027
3372,46,2026-09-01,2,4,2,4,Frustrated by repeated delays in promotion cycle despite rating 5 performance in consecutive cycles.,-0.641
3373,71,2026-09-01,4,5,5,4,Energized by our client cloud modernization engagement and collaborative team culture.,0.857
3374,40,2026-09-01,3,4,3,3,Standard project pacing. Client expectations are rigorous but manageable with proper staffing.,-0.004
3375,46,2026-09-01,4,5,4,5,"Very fair compensation, excellent recognition from my engagement partner, and healthy work balance.",0.644
3376,44,2026-09-01,3,3,5,4,"Good team dynamic, though communication between onshore and offshore squads could be smoother.",0.224
3377,57,2026-09-01,3,4,3,4,Standard project pacing. Client expectations are rigorous but manageable with proper staffing.,0.108
3378,5,2026-09-01,1,4,2,2,Compa-ratio is noticeably below market benchmark while billable utilization is consistently above 95%.,-0.442
3379,69,2026-09-01,3,4,4,2,Standard project pacing. Client expectations are rigorous but manageable with proper staffing.,0.059
3380,6,2026-09-01,2,4,3,4,Frustrated by repeated delays in promotion cycle despite rating 5 performance in consecutive cycles.,-0.576
3381,20,2026-09-01,3,5,3,3,"Training resources on Azure and Gen AI are decent, hoping for more hands-on lab allocations.",-0.025
3382,50,2026-09-01,3,4,3,3,"Good team dynamic, though communication between onshore and offshore squads could be smoother.",-0.14
3383,31,2026-09-01,2,4,4,3,Disillusioned with unrealistic client deadlines and total absence of work-life boundaries.,-0.757
3384,83,2026-09-01,4,5,5,3,Leadership provides tremendous career mentoring and clear promotion trajectory.,0.741
3385,22,2026-09-01,4,3,3,5,"Good team dynamic, though communication between onshore and offshore squads could be smoother.",0.031
3386,19,2026-09-01,3,3,3,3,"Training resources on Azure and Gen AI are decent, hoping for more hands-on lab allocations.",-0.045
3387,80,2026-09-01,3,3,2,5,Severe burnout from sustained 60+ hour work weeks without staffing support on high-priority delivery.,-0.659
3388,41,2026-09-01,2,2,4,3,Severe burnout from sustained 60+ hour work weeks without staffing support on high-priority delivery.,-0.251
3389,18,2026-09-01,3,4,4,3,Standard project pacing. Client expectations are rigorous but manageable with proper staffing.,-0.14
3390,62,2026-09-01,3,4,2,3,Severe burnout from sustained 60+ hour work weeks without staffing support on high-priority delivery.,-0.345
3391,27,2026-09-01,3,4,4,4,Compensation aligns with industry averages. Waiting to see outcome of mid-year review cycle.,0.084
3392,72,2026-09-01,4,4,4,3,The transition to modern data stack and AI tooling has been a huge boost to our delivery velocity.,0.696
3393,21,2026-09-01,3,3,4,4,"Good team dynamic, though communication between onshore and offshore squads could be smoother.",0.195
3394,15,2026-09-01,3,5,3,5,"Good team dynamic, though communication between onshore and offshore squads could be smoother.",0.037
3395,30,2026-09-01,3,5,4,3,Compensation aligns with industry averages. Waiting to see outcome of mid-year review cycle.,-0.135
3396,6,2026-09-01,4,3,4,3,Leadership provides tremendous career mentoring and clear promotion trajectory.,0.836
3397,12,2026-09-01,4,3,3,4,"Good team dynamic, though communication between onshore and offshore squads could be smoother.",-0.074
3398,66,2026-09-01,3,4,2,3,Lack of psychological safety and micromanager style since recent leadership re-alignment.,-0.692
3399,24,2026-09-01,3,4,4,2,"Training resources on Azure and Gen AI are decent, hoping for more hands-on lab allocations.",0.164
3400,27,2026-09-01,3,2,3,3,Compensation aligns with industry averages. Waiting to see outcome of mid-year review cycle.,0.125
3401,14,2026-09-01,5,5,5,5,Energized by our client cloud modernization engagement and collaborative team culture.,0.51
3402,79,2026-09-01,3,4,4,4,Compensation aligns with industry averages. Waiting to see outcome of mid-year review cycle.,-0.092
3403,3,2026-09-01,4,4,4,3,"Very fair compensation, excellent recognition from my engagement partner, and healthy work balance.",0.73
3404,52,2026-09-01,3,4,3,3,"Training resources on Azure and Gen AI are decent, hoping for more hands-on lab allocations.",-0.012
3405,31,2026-09-01,3,3,4,3,Compensation aligns with industry averages. Waiting to see outcome of mid-year review cycle.,-0.129
3406,55,2026-09-01,4,3,4,5,Leadership provides tremendous career mentoring and clear promotion trajectory.,0.589
3407,58,2026-09-01,3,4,4,3,"Training resources on Azure and Gen AI are decent, hoping for more hands-on lab allocations.",-0.114
3408,61,2026-09-01,4,4,4,3,Great autonomy on solution architecture. Enjoy mentoring junior analysts on agentic workflows.,0.861
3409,12,2026-09-01,4,3,3,4,Compensation aligns with industry averages. Waiting to see outcome of mid-year review cycle.,-0.073
3410,5,2026-09-01,3,4,4,3,Standard project pacing. Client expectations are rigorous but manageable with proper staffing.,0.085
3411,70,2026-09-01,3,4,3,4,"Good team dynamic, though communication between onshore and offshore squads could be smoother.",0.012
3412,25,2026-09-01,5,4,3,4,"Training resources on Azure and Gen AI are decent, hoping for more hands-on lab allocations.",-0.022
3413,76,2026-09-01,4,3,3,5,"Good team dynamic, though communication between onshore and offshore squads could be smoother.",0.023
3414,47,2026-09-01,4,4,4,5,Energized by our client cloud modernization engagement and collaborative team culture.,0.355
3415,38,2026-09-01,3,2,4,3,Compensation aligns with industry averages. Waiting to see outcome of mid-year review cycle.,-0.068
3416,62,2026-09-01,2,3,4,3,Severe burnout from sustained 60+ hour work weeks without staffing support on high-priority delivery.,-0.549
3417,8,2026-09-01,3,4,4,4,Compensation aligns with industry averages. Waiting to see outcome of mid-year review cycle.,0.13
3418,65,2026-09-01,3,4,2,5,Frustrated by repeated delays in promotion cycle despite rating 5 performance in consecutive cycles.,-0.421
3419,61,2026-09-01,4,3,4,3,Energized by our client cloud modernization engagement and collaborative team culture.,0.701
3420,35,2026-09-01,3,4,4,4,"Training resources on Azure and Gen AI are decent, hoping for more hands-on lab allocations.",-0.034
3421,22,2026-09-01,3,4,4,3,"Good team dynamic, though communication between onshore and offshore squads could be smoother.",0.119
3422,30,2026-09-01,3,4,3,3,Standard project pacing. Client expectations are rigorous but manageable with proper staffing.,0.12
3423,59,2026-09-01,3,5,5,2,"Good team dynamic, though communication between onshore and offshore squads could be smoother.",-0.048
3424,6,2026-09-01,3,5,4,4,"Training resources on Azure and Gen AI are decent, hoping for more hands-on lab allocations.",-0.026
3425,48,2026-09-01,4,3,4,4,"Very fair compensation, excellent recognition from my engagement partner, and healthy work balance.",0.683
3426,3,2026-09-01,3,4,4,3,"Good team dynamic, though communication between onshore and offshore squads could be smoother.",0.15
3427,20,2026-09-01,3,3,2,4,Lack of psychological safety and micromanager style since recent leadership re-alignment.,-0.382
3428,28,2026-09-01,4,3,3,3,"Training resources on Azure and Gen AI are decent, hoping for more hands-on lab allocations.",-0.135
3429,63,2026-09-01,3,3,2,3,Compa-ratio is noticeably below market benchmark while billable utilization is consistently above 95%.,-0.482
3430,66,2026-09-01,3,4,2,4,Severe burnout from sustained 60+ hour work weeks without staffing support on high-priority delivery.,-0.618
3431,53,2026-09-01,2,4,3,4,Disillusioned with unrealistic client deadlines and total absence of work-life boundaries.,-0.448
3432,24,2026-09-01,3,3,4,3,"Good team dynamic, though communication between onshore and offshore squads could be smoother.",-0.03
3433,16,2026-09-01,3,4,4,4,"Good team dynamic, though communication between onshore and offshore squads could be smoother.",0.063
3434,32,2026-09-01,4,4,4,3,Energized by our client cloud modernization engagement and collaborative team culture.,0.483
3435,67,2026-09-01,2,4,4,3,Frustrated by repeated delays in promotion cycle despite rating 5 performance in consecutive cycles.,-0.806
3436,29,2026-09-01,3,4,3,3,"Good team dynamic, though communication between onshore and offshore squads could be smoother.",0.223
3437,55,2026-09-01,4,4,4,5,The transition to modern data stack and AI tooling has been a huge boost to our delivery velocity.,0.492
3438,3,2026-09-01,3,4,4,4,"Training resources on Azure and Gen AI are decent, hoping for more hands-on lab allocations.",0.08
3439,46,2026-09-01,3,5,3,2,Standard project pacing. Client expectations are rigorous but manageable with proper staffing.,-0.075
3440,11,2026-09-01,4,3,4,4,The transition to modern data stack and AI tooling has been a huge boost to our delivery velocity.,0.823
3441,18,2026-09-01,4,4,4,3,Leadership provides tremendous career mentoring and clear promotion trajectory.,0.352
3442,62,2026-09-01,4,4,4,3,Energized by our client cloud modernization engagement and collaborative team culture.,0.708
3443,45,2026-09-01,3,5,3,3,Standard project pacing. Client expectations are rigorous but manageable with proper staffing.,0.086
3444,57,2026-09-01,4,4,4,2,The transition to modern data stack and AI tooling has been a huge boost to our delivery velocity.,0.714
3445,10,2026-09-01,5,3,4,3,The transition to modern data stack and AI tooling has been a huge boost to our delivery velocity.,0.552
3446,9,2026-09-01,3,3,3,4,"Good team dynamic, though communication between onshore and offshore squads could be smoother.",-0.149
3447,18,2026-09-01,3,3,5,4,"Good team dynamic, though communication between onshore and offshore squads could be smoother.",0.106
3448,3,2026-09-01,4,4,3,3,"Training resources on Azure and Gen AI are decent, hoping for more hands-on lab allocations.",0.156
3449,4,2026-09-01,3,3,4,3,Compensation aligns with industry averages. Waiting to see outcome of mid-year review cycle.,0.03
3450,23,2026-09-01,4,4,4,4,Great autonomy on solution architecture. Enjoy mentoring junior analysts on agentic workflows.,0.868
3451,51,2026-09-01,5,4,3,5,Compensation aligns with industry averages. Waiting to see outcome of mid-year review cycle.,0.186
3452,72,2026-09-01,3,5,3,3,Standard project pacing. Client expectations are rigorous but manageable with proper staffing.,-0.014
3453,61,2026-09-01,4,3,4,4,"Very fair compensation, excellent recognition from my engagement partner, and healthy work balance.",0.527
3454,27,2026-09-01,4,4,4,5,The transition to modern data stack and AI tooling has been a huge boost to our delivery velocity.,0.862
3455,3,2026-09-01,4,5,5,5,Energized by our client cloud modernization engagement and collaborative team culture.,0.376
3456,4,2026-09-01,3,4,4,3,Standard project pacing. Client expectations are rigorous but manageable with proper staffing.,0.111
3457,6,2026-09-01,3,4,3,3,Standard project pacing. Client expectations are rigorous but manageable with proper staffing.,-0.141
3458,2,2026-09-01,3,4,4,4,"Good team dynamic, though communication between onshore and offshore squads could be smoother.",0.113
3459,72,2026-09-01,3,4,4,3,Compensation aligns with industry averages. Waiting to see outcome of mid-year review cycle.,-0.149
3460,71,2026-09-01,3,4,4,3,Compensation aligns with industry averages. Waiting to see outcome of mid-year review cycle.,0.193
3461,14,2026-09-01,4,3,4,4,Great autonomy on solution architecture. Enjoy mentoring junior analysts on agentic workflows.,0.876
3462,16,2026-09-01,3,4,3,3,Compensation aligns with industry averages. Waiting to see outcome of mid-year review cycle.,0.104
3463,7,2026-09-01,3,3,4,3,Compensation aligns with industry averages. Waiting to see outcome of mid-year review cycle.,0.023
3464,23,2026-09-01,4,5,3,4,"Good team dynamic, though communication between onshore and offshore squads could be smoother.",0.155
3465,67,2026-09-01,4,4,4,3,"Very fair compensation, excellent recognition from my engagement partner, and healthy work balance.",0.637
3466,15,2026-09-01,3,4,4,3,"Good team dynamic, though communication between onshore and offshore squads could be smoother.",0.09
3467,12,2026-09-01,4,4,3,3,"Training resources on Azure and Gen AI are decent, hoping for more hands-on lab allocations.",0.224
3468,20,2026-09-01,4,5,4,4,The transition to modern data stack and AI tooling has been a huge boost to our delivery velocity.,0.76
3469,40,2026-09-01,4,5,4,4,The transition to modern data stack and AI tooling has been a huge boost to our delivery velocity.,0.877
3470,35,2026-09-01,3,4,4,3,"Good team dynamic, though communication between onshore and offshore squads could be smoother.",-0.025
3471,16,2026-09-01,3,3,3,3,"Good team dynamic, though communication between onshore and offshore squads could be smoother.",0.037
3472,34,2026-09-01,2,3,3,4,Compa-ratio is noticeably below market benchmark while billable utilization is consistently above 95%.,-0.26
3473,77,2026-09-01,4,5,5,4,"Very fair compensation, excellent recognition from my engagement partner, and healthy work balance.",0.426
3474,52,2026-09-01,3,4,3,3,Compensation aligns with industry averages. Waiting to see outcome of mid-year review cycle.,0.005
3475,46,2026-09-01,3,5,2,3,Disillusioned with unrealistic client deadlines and total absence of work-life boundaries.,-0.55
3476,61,2026-09-01,3,4,3,4,"Training resources on Azure and Gen AI are decent, hoping for more hands-on lab allocations.",0.035
3477,45,2026-09-01,3,4,4,3,Standard project pacing. Client expectations are rigorous but manageable with proper staffing.,0.038
3478,23,2026-09-01,3,3,3,4,"Training resources on Azure and Gen AI are decent, hoping for more hands-on lab allocations.",0.143
3479,60,2026-09-01,5,3,4,3,Energized by our client cloud modernization engagement and collaborative team culture.,0.899
3480,53,2026-09-01,3,3,4,3,Compensation aligns with industry averages. Waiting to see outcome of mid-year review cycle.,-0.019
3481,69,2026-09-01,2,4,3,3,Severe burnout from sustained 60+ hour work weeks without staffing support on high-priority delivery.,-0.405
3482,22,2026-09-01,3,3,2,4,Disillusioned with unrealistic client deadlines and total absence of work-life boundaries.,-0.679
3483,22,2026-09-01,3,4,4,3,"Training resources on Azure and Gen AI are decent, hoping for more hands-on lab allocations.",-0.086
3484,74,2026-09-01,3,4,4,3,"Good team dynamic, though communication between onshore and offshore squads could be smoother.",0.108
3485,37,2026-09-01,4,4,2,2,Frustrated by repeated delays in promotion cycle despite rating 5 performance in consecutive cycles.,-0.549
3486,23,2026-09-01,3,3,4,3,Standard project pacing. Client expectations are rigorous but manageable with proper staffing.,-0.03
3487,56,2026-09-01,3,3,4,3,"Good team dynamic, though communication between onshore and offshore squads could be smoother.",0.208
3488,44,2026-09-01,2,3,3,3,Compa-ratio is noticeably below market benchmark while billable utilization is consistently above 95%.,-0.33
3489,6,2026-09-01,3,5,2,5,Disillusioned with unrealistic client deadlines and total absence of work-life boundaries.,-0.541
3490,36,2026-09-01,5,4,3,3,Compensation aligns with industry averages. Waiting to see outcome of mid-year review cycle.,0.058
3491,17,2026-09-01,5,3,4,4,Energized by our client cloud modernization engagement and collaborative team culture.,0.693
3492,9,2026-09-01,4,4,2,4,Compa-ratio is noticeably below market benchmark while billable utilization is consistently above 95%.,-0.62
3493,64,2026-09-01,3,4,4,4,Compensation aligns with industry averages. Waiting to see outcome of mid-year review cycle.,0.108
3494,72,2026-09-01,3,3,4,4,Compensation aligns with industry averages. Waiting to see outcome of mid-year review cycle.,0.037
3495,31,2026-09-01,3,3,5,2,"Good team dynamic, though communication between onshore and offshore squads could be smoother.",-0.117
3496,4,2026-09-01,3,3,4,3,Compensation aligns with industry averages. Waiting to see outcome of mid-year review cycle.,0.181
3497,72,2026-09-01,4,4,2,3,Compa-ratio is noticeably below market benchmark while billable utilization is consistently above 95%.,-0.463
3498,63,2026-09-01,2,3,1,3,Lack of psychological safety and micromanager style since recent leadership re-alignment.,-0.816
3499,73,2026-09-01,3,4,4,2,"Good team dynamic, though communication between onshore and offshore squads could be smoother.",-0.027
3500,51,2026-09-01,3,4,4,4,"Training resources on Azure and Gen AI are decent, hoping for more hands-on lab allocations.",-0.134
3501,74,2026-09-01,3,4,4,4,"Training resources on Azure and Gen AI are decent, hoping for more hands-on lab allocations.",-0.002
3502,69,2026-09-01,3,3,4,3,Standard project pacing. Client expectations are rigorous but manageable with proper staffing.,0.039
3503,83,2026-09-01,3,3,4,3,Compensation aligns with industry averages. Waiting to see outcome of mid-year review cycle.,-0.022
3504,60,2026-09-01,4,3,4,4,Great autonomy on solution architecture. Enjoy mentoring junior analysts on agentic workflows.,0.403
3505,44,2026-09-01,3,5,2,2,Lack of psychological safety and micromanager style since recent leadership re-alignment.,-0.717
3506,54,2026-09-01,4,4,3,4,Standard project pacing. Client expectations are rigorous but manageable with proper staffing.,-0.03
3507,26,2026-09-01,4,4,3,3,Compensation aligns with industry averages. Waiting to see outcome of mid-year review cycle.,0.161
3508,50,2026-09-01,3,3,4,3,Standard project pacing. Client expectations are rigorous but manageable with proper staffing.,-0.021
3509,72,2026-09-01,3,4,4,4,Compensation aligns with industry averages. Waiting to see outcome of mid-year review cycle.,-0.131
3510,70,2026-09-01,3,5,4,4,Standard project pacing. Client expectations are rigorous but manageable with proper staffing.,0.079
3511,19,2026-09-01,4,4,4,4,Energized by our client cloud modernization engagement and collaborative team culture.,0.885
3512,37,2026-09-01,3,4,3,3,Compensation aligns with industry averages. Waiting to see outcome of mid-year review cycle.,-0.116
3513,83,2026-09-01,4,4,5,3,"Very fair compensation, excellent recognition from my engagement partner, and healthy work balance.",0.82
3514,48,2026-09-01,4,4,4,5,Great autonomy on solution architecture. Enjoy mentoring junior analysts on agentic workflows.,0.411
3515,27,2026-09-01,3,4,3,3,Compensation aligns with industry averages. Waiting to see outcome of mid-year review cycle.,0.156
3516,74,2026-09-01,3,4,3,3,Standard project pacing. Client expectations are rigorous but manageable with proper staffing.,0.103
3517,83,2026-09-01,4,3,4,5,Energized by our client cloud modernization engagement and collaborative team culture.,0.493
3518,47,2026-09-01,3,4,5,3,"Good team dynamic, though communication between onshore and offshore squads could be smoother.",-0.017
3519,63,2026-09-01,3,3,3,4,Frustrated by repeated delays in promotion cycle despite rating 5 performance in consecutive cycles.,-0.652
3520,46,2026-09-01,4,4,5,3,Great autonomy on solution architecture. Enjoy mentoring junior analysts on agentic workflows.,0.425
3521,83,2026-09-01,4,3,5,3,Great autonomy on solution architecture. Enjoy mentoring junior analysts on agentic workflows.,0.753
3522,71,2026-09-01,3,3,2,4,Severe burnout from sustained 60+ hour work weeks without staffing support on high-priority delivery.,-0.254
3523,28,2026-09-01,3,4,4,3,"Training resources on Azure and Gen AI are decent, hoping for more hands-on lab allocations.",0.111
3524,30,2026-09-01,4,4,4,4,Energized by our client cloud modernization engagement and collaborative team culture.,0.714
3525,6,2026-09-01,4,3,4,4,Great autonomy on solution architecture. Enjoy mentoring junior analysts on agentic workflows.,0.782
3526,82,2026-09-01,4,3,4,4,"Very fair compensation, excellent recognition from my engagement partner, and healthy work balance.",0.591
3527,75,2026-09-01,4,4,4,3,The transition to modern data stack and AI tooling has been a huge boost to our delivery velocity.,0.742
3528,21,2026-09-01,2,4,3,4,Frustrated by repeated delays in promotion cycle despite rating 5 performance in consecutive cycles.,-0.653
3529,8,2026-09-01,4,3,5,4,Great autonomy on solution architecture. Enjoy mentoring junior analysts on agentic workflows.,0.358
3530,21,2026-09-01,3,3,3,3,"Good team dynamic, though communication between onshore and offshore squads could be smoother.",0.239
3531,50,2026-09-01,4,3,5,4,"Very fair compensation, excellent recognition from my engagement partner, and healthy work balance.",0.507
3532,32,2026-09-01,4,4,3,3,Compensation aligns with industry averages. Waiting to see outcome of mid-year review cycle.,-0.061
3533,64,2026-09-01,4,4,5,5,Energized by our client cloud modernization engagement and collaborative team culture.,0.496
3534,60,2026-09-01,4,3,4,5,Energized by our client cloud modernization engagement and collaborative team culture.,0.619
3535,45,2026-09-01,3,3,4,4,Standard project pacing. Client expectations are rigorous but manageable with proper staffing.,0.07
3536,47,2026-09-01,3,3,2,5,Severe burnout from sustained 60+ hour work weeks without staffing support on high-priority delivery.,-0.769
3537,1,2026-09-01,3,4,4,4,Compensation aligns with industry averages. Waiting to see outcome of mid-year review cycle.,0.038
3538,60,2026-09-01,4,4,4,5,"Very fair compensation, excellent recognition from my engagement partner, and healthy work balance.",0.448
3539,78,2026-09-01,3,3,3,3,Compensation aligns with industry averages. Waiting to see outcome of mid-year review cycle.,0.148
3540,42,2026-09-01,2,3,3,3,Lack of psychological safety and micromanager style since recent leadership re-alignment.,-0.59
3541,23,2026-09-01,4,3,4,3,The transition to modern data stack and AI tooling has been a huge boost to our delivery velocity.,0.485
3542,51,2026-09-01,4,5,4,3,Energized by our client cloud modernization engagement and collaborative team culture.,0.405
3543,71,2026-09-01,3,5,4,3,"Good team dynamic, though communication between onshore and offshore squads could be smoother.",-0.099
3544,21,2026-09-01,4,4,3,3,Compensation aligns with industry averages. Waiting to see outcome of mid-year review cycle.,-0.109
3545,71,2026-09-01,2,4,3,3,Severe burnout from sustained 60+ hour work weeks without staffing support on high-priority delivery.,-0.294
3546,41,2026-09-01,3,4,4,4,Compensation aligns with industry averages. Waiting to see outcome of mid-year review cycle.,-0.024
3547,61,2026-09-01,3,5,4,4,Compensation aligns with industry averages. Waiting to see outcome of mid-year review cycle.,0.144
3548,51,2026-09-01,4,4,4,3,Great autonomy on solution architecture. Enjoy mentoring junior analysts on agentic workflows.,0.712
3549,53,2026-09-01,4,4,4,4,Leadership provides tremendous career mentoring and clear promotion trajectory.,0.652
3550,71,2026-09-01,3,4,4,3,Standard project pacing. Client expectations are rigorous but manageable with proper staffing.,-0.141
3551,72,2026-09-01,4,4,4,4,"Very fair compensation, excellent recognition from my engagement partner, and healthy work balance.",0.646
3552,77,2026-09-01,2,4,2,2,Compa-ratio is noticeably below market benchmark while billable utilization is consistently above 95%.,-0.52
3553,45,2026-09-01,3,3,4,3,Compensation aligns with industry averages. Waiting to see outcome of mid-year review cycle.,0.183
3554,64,2026-09-01,4,4,5,3,The transition to modern data stack and AI tooling has been a huge boost to our delivery velocity.,0.887
3555,23,2026-09-01,2,2,3,3,Compa-ratio is noticeably below market benchmark while billable utilization is consistently above 95%.,-0.334
3556,32,2026-09-01,3,1,3,3,Compensation aligns with industry averages. Waiting to see outcome of mid-year review cycle.,-0.109
3557,32,2026-09-01,3,4,3,4,"Training resources on Azure and Gen AI are decent, hoping for more hands-on lab allocations.",-0.002
3558,78,2026-09-01,3,4,3,4,"Good team dynamic, though communication between onshore and offshore squads could be smoother.",0.202
3559,81,2026-09-01,4,4,5,5,Energized by our client cloud modernization engagement and collaborative team culture.,0.534
3560,50,2026-09-01,2,4,3,3,Lack of psychological safety and micromanager style since recent leadership re-alignment.,-0.689
3561,46,2026-09-01,5,4,4,4,Great autonomy on solution architecture. Enjoy mentoring junior analysts on agentic workflows.,0.411
3562,18,2026-09-01,4,5,4,4,Leadership provides tremendous career mentoring and clear promotion trajectory.,0.574
3563,43,2026-09-01,4,4,4,3,Energized by our client cloud modernization engagement and collaborative team culture.,0.849
3564,3,2026-09-01,4,4,3,5,"Good team dynamic, though communication between onshore and offshore squads could be smoother.",0.061
3565,1,2026-09-01,3,5,5,3,"Good team dynamic, though communication between onshore and offshore squads could be smoother.",-0.067
3566,58,2026-09-01,3,4,4,3,"Good team dynamic, though communication between onshore and offshore squads could be smoother.",0.011
3567,22,2026-09-01,4,3,4,5,Energized by our client cloud modernization engagement and collaborative team culture.,0.57
3568,63,2026-09-01,4,4,4,4,Leadership provides tremendous career mentoring and clear promotion trajectory.,0.878
3569,67,2026-09-01,3,4,4,3,"Training resources on Azure and Gen AI are decent, hoping for more hands-on lab allocations.",0.153
3570,51,2026-09-01,3,3,3,2,"Training resources on Azure and Gen AI are decent, hoping for more hands-on lab allocations.",0.216
3571,6,2026-09-01,3,4,2,4,Compa-ratio is noticeably below market benchmark while billable utilization is consistently above 95%.,-0.687
3572,48,2026-09-01,3,3,3,2,Standard project pacing. Client expectations are rigorous but manageable with proper staffing.,0.009
3573,73,2026-09-01,4,5,4,3,Leadership provides tremendous career mentoring and clear promotion trajectory.,0.718
3574,32,2026-09-01,4,3,5,3,Leadership provides tremendous career mentoring and clear promotion trajectory.,0.4
3575,35,2026-09-01,4,3,3,3,"Training resources on Azure and Gen AI are decent, hoping for more hands-on lab allocations.",-0.068
3576,77,2026-09-01,3,3,3,4,"Good team dynamic, though communication between onshore and offshore squads could be smoother.",0.132
3577,37,2026-09-01,3,4,3,3,Standard project pacing. Client expectations are rigorous but manageable with proper staffing.,0.007
3578,12,2026-09-01,4,5,4,3,The transition to modern data stack and AI tooling has been a huge boost to our delivery velocity.,0.789
3579,41,2026-09-01,4,4,4,5,Great autonomy on solution architecture. Enjoy mentoring junior analysts on agentic workflows.,0.467
3580,60,2026-09-01,3,3,3,4,"Training resources on Azure and Gen AI are decent, hoping for more hands-on lab allocations.",-0.026
3581,62,2026-09-01,4,4,4,4,"Very fair compensation, excellent recognition from my engagement partner, and healthy work balance.",0.811
3582,34,2026-09-01,4,4,4,4,"Very fair compensation, excellent recognition from my engagement partner, and healthy work balance.",0.383
3583,69,2026-09-01,3,5,5,4,Standard project pacing. Client expectations are rigorous but manageable with proper staffing.,-0.008
3584,54,2026-09-01,3,4,5,4,"Training resources on Azure and Gen AI are decent, hoping for more hands-on lab allocations.",-0.073
3585,66,2026-09-01,3,4,3,3,Standard project pacing. Client expectations are rigorous but manageable with proper staffing.,-0.123
3586,24,2026-09-01,3,2,4,4,Standard project pacing. Client expectations are rigorous but manageable with proper staffing.,-0.079
3587,83,2026-09-01,4,5,3,3,Compensation aligns with industry averages. Waiting to see outcome of mid-year review cycle.,0.037
3588,18,2026-09-01,2,4,4,4,Frustrated by repeated delays in promotion cycle despite rating 5 performance in consecutive cycles.,-0.367
3589,11,2026-09-01,3,3,4,2,"Training resources on Azure and Gen AI are decent, hoping for more hands-on lab allocations.",-0.035
3590,62,2026-09-01,3,4,3,4,"Good team dynamic, though communication between onshore and offshore squads could be smoother.",0.218
3591,62,2026-09-01,4,5,4,4,Leadership provides tremendous career mentoring and clear promotion trajectory.,0.37
3592,16,2026-09-01,3,4,4,2,Standard project pacing. Client expectations are rigorous but manageable with proper staffing.,-0.127
3593,52,2026-09-01,4,2,3,3,"Training resources on Azure and Gen AI are decent, hoping for more hands-on lab allocations.",0.013
3594,72,2026-09-01,4,4,4,3,The transition to modern data stack and AI tooling has been a huge boost to our delivery velocity.,0.727
3595,41,2026-09-01,4,4,3,5,Compensation aligns with industry averages. Waiting to see outcome of mid-year review cycle.,-0.043
3596,54,2026-09-01,3,4,3,4,Standard project pacing. Client expectations are rigorous but manageable with proper staffing.,0.197
3597,23,2026-09-01,3,4,4,4,"Training resources on Azure and Gen AI are decent, hoping for more hands-on lab allocations.",0.232
3598,1,2026-09-01,3,4,4,5,Standard project pacing. Client expectations are rigorous but manageable with proper staffing.,-0.127
3599,22,2026-09-01,4,5,5,4,Great autonomy on solution architecture. Enjoy mentoring junior analysts on agentic workflows.,0.821
3600,15,2026-09-01,4,4,3,3,Standard project pacing. Client expectations are rigorous but manageable with proper staffing.,-0.143
3601,27,2026-09-01,2,4,2,4,Severe burnout from sustained 60+ hour work weeks without staffing support on high-priority delivery.,-0.374
3602,58,2026-09-01,2,4,4,3,Severe burnout from sustained 60+ hour work weeks without staffing support on high-priority delivery.,-0.538
3603,37,2026-09-01,4,4,3,5,"Training resources on Azure and Gen AI are decent, hoping for more hands-on lab allocations.",0.096
3604,42,2026-09-01,4,3,4,3,Leadership provides tremendous career mentoring and clear promotion trajectory.,0.857
3605,76,2026-09-01,4,4,4,3,Energized by our client cloud modernization engagement and collaborative team culture.,0.862
3606,19,2026-09-01,3,2,3,5,"Good team dynamic, though communication between onshore and offshore squads could be smoother.",-0.007
3607,20,2026-09-01,4,4,4,3,Great autonomy on solution architecture. Enjoy mentoring junior analysts on agentic workflows.,0.783
3608,14,2026-09-01,3,4,4,4,"Good team dynamic, though communication between onshore and offshore squads could be smoother.",-0.095
3609,45,2026-09-01,4,5,4,5,Great autonomy on solution architecture. Enjoy mentoring junior analysts on agentic workflows.,0.596
3610,53,2026-09-01,4,3,3,3,"Good team dynamic, though communication between onshore and offshore squads could be smoother.",-0.114
3611,56,2026-09-01,4,4,3,3,"Training resources on Azure and Gen AI are decent, hoping for more hands-on lab allocations.",0.03
3612,30,2026-09-01,3,2,4,4,Standard project pacing. Client expectations are rigorous but manageable with proper staffing.,-0.101
3613,24,2026-09-01,2,3,2,5,Lack of psychological safety and micromanager style since recent leadership re-alignment.,-0.639
3614,33,2026-09-01,4,3,3,4,"Good team dynamic, though communication between onshore and offshore squads could be smoother.",-0.09
3615,37,2026-09-01,3,3,3,3,Compensation aligns with industry averages. Waiting to see outcome of mid-year review cycle.,0.168
3616,37,2026-09-01,3,3,1,3,Frustrated by repeated delays in promotion cycle despite rating 5 performance in consecutive cycles.,-0.437
3617,10,2026-09-01,4,3,3,3,Compensation aligns with industry averages. Waiting to see outcome of mid-year review cycle.,-0.012
3618,17,2026-09-01,4,3,4,4,Great autonomy on solution architecture. Enjoy mentoring junior analysts on agentic workflows.,0.833
3619,79,2026-09-01,2,3,2,3,Severe burnout from sustained 60+ hour work weeks without staffing support on high-priority delivery.,-0.711
3620,17,2026-09-01,4,4,3,4,Compensation aligns with industry averages. Waiting to see outcome of mid-year review cycle.,-0.078
3621,15,2026-09-01,3,4,4,3,"Training resources on Azure and Gen AI are decent, hoping for more hands-on lab allocations.",-0.121
3622,69,2026-09-01,3,3,4,3,"Good team dynamic, though communication between onshore and offshore squads could be smoother.",0.072
3623,36,2026-09-01,4,5,4,4,The transition to modern data stack and AI tooling has been a huge boost to our delivery velocity.,0.716
3624,30,2026-09-01,3,4,3,3,"Training resources on Azure and Gen AI are decent, hoping for more hands-on lab allocations.",0.003
3625,69,2026-09-01,2,3,3,4,Disillusioned with unrealistic client deadlines and total absence of work-life boundaries.,-0.843
3626,46,2026-09-01,4,4,4,3,Great autonomy on solution architecture. Enjoy mentoring junior analysts on agentic workflows.,0.891
3627,49,2026-09-01,4,5,4,4,"Very fair compensation, excellent recognition from my engagement partner, and healthy work balance.",0.499
3628,70,2026-09-01,2,5,3,3,Compa-ratio is noticeably below market benchmark while billable utilization is consistently above 95%.,-0.537
3629,6,2026-09-01,3,4,3,3,Standard project pacing. Client expectations are rigorous but manageable with proper staffing.,-0.048
3630,19,2026-09-01,3,5,3,4,"Training resources on Azure and Gen AI are decent, hoping for more hands-on lab allocations.",0.235
3631,34,2026-09-01,3,4,4,4,Compensation aligns with industry averages. Waiting to see outcome of mid-year review cycle.,0.049
3632,74,2026-09-01,4,4,3,3,Standard project pacing. Client expectations are rigorous but manageable with proper staffing.,-0.077
3633,44,2026-09-01,2,4,3,3,Lack of psychological safety and micromanager style since recent leadership re-alignment.,-0.69
3634,51,2026-09-01,3,3,5,3,Standard project pacing. Client expectations are rigorous but manageable with proper staffing.,-0.149
3635,51,2026-09-01,3,3,3,4,Compensation aligns with industry averages. Waiting to see outcome of mid-year review cycle.,0.111
3636,84,2026-09-01,5,4,4,4,Leadership provides tremendous career mentoring and clear promotion trajectory.,0.46
3637,59,2026-09-01,2,4,4,3,Frustrated by repeated delays in promotion cycle despite rating 5 performance in consecutive cycles.,-0.452
3638,24,2026-09-01,3,4,4,3,"Good team dynamic, though communication between onshore and offshore squads could be smoother.",0.137
3639,10,2026-09-01,3,4,4,4,Compensation aligns with industry averages. Waiting to see outcome of mid-year review cycle.,0.019
3640,52,2026-09-01,4,5,4,4,"Very fair compensation, excellent recognition from my engagement partner, and healthy work balance.",0.708
3641,4,2026-09-01,4,2,2,4,Compa-ratio is noticeably below market benchmark while billable utilization is consistently above 95%.,-0.391
3642,21,2026-09-01,3,3,5,5,Standard project pacing. Client expectations are rigorous but manageable with proper staffing.,0.035
3643,55,2026-09-01,3,3,3,4,Compensation aligns with industry averages. Waiting to see outcome of mid-year review cycle.,0.094
3644,46,2026-09-01,4,5,4,5,Energized by our client cloud modernization engagement and collaborative team culture.,0.387
3645,42,2026-09-01,4,3,3,5,Compensation aligns with industry averages. Waiting to see outcome of mid-year review cycle.,-0.097
3646,81,2026-09-01,4,5,4,3,Energized by our client cloud modernization engagement and collaborative team culture.,0.592
3647,72,2026-09-01,3,4,4,2,"Training resources on Azure and Gen AI are decent, hoping for more hands-on lab allocations.",0.157
3648,36,2026-09-01,3,3,4,3,"Training resources on Azure and Gen AI are decent, hoping for more hands-on lab allocations.",0.12
3649,9,2026-09-01,4,4,3,4,"Training resources on Azure and Gen AI are decent, hoping for more hands-on lab allocations.",-0.033
3650,37,2026-09-01,4,4,3,4,Compensation aligns with industry averages. Waiting to see outcome of mid-year review cycle.,-0.128
3651,67,2026-09-01,4,3,4,3,The transition to modern data stack and AI tooling has been a huge boost to our delivery velocity.,0.601
3652,30,2026-09-01,5,4,5,4,"Very fair compensation, excellent recognition from my engagement partner, and healthy work balance.",0.632
3653,53,2026-09-01,4,4,4,4,The transition to modern data stack and AI tooling has been a huge boost to our delivery velocity.,0.418
3654,67,2026-09-01,2,4,4,2,Severe burnout from sustained 60+ hour work weeks without staffing support on high-priority delivery.,-0.799
3655,14,2026-09-01,4,3,4,4,"Very fair compensation, excellent recognition from my engagement partner, and healthy work balance.",0.88
3656,66,2026-09-01,3,4,3,4,Compensation aligns with industry averages. Waiting to see outcome of mid-year review cycle.,0.087
3657,45,2026-09-01,3,4,4,3,"Good team dynamic, though communication between onshore and offshore squads could be smoother.",0.094
3658,15,2026-09-01,5,2,5,5,The transition to modern data stack and AI tooling has been a huge boost to our delivery velocity.,0.434
3659,20,2026-09-01,3,4,4,3,Standard project pacing. Client expectations are rigorous but manageable with proper staffing.,0.163
3660,31,2026-09-01,4,3,4,5,The transition to modern data stack and AI tooling has been a huge boost to our delivery velocity.,0.867
3661,58,2026-09-01,3,4,3,3,"Training resources on Azure and Gen AI are decent, hoping for more hands-on lab allocations.",-0.101
3662,32,2026-09-01,4,4,5,5,The transition to modern data stack and AI tooling has been a huge boost to our delivery velocity.,0.466
3663,18,2026-09-01,3,3,4,3,Compensation aligns with industry averages. Waiting to see outcome of mid-year review cycle.,-0.123
3664,23,2026-09-01,3,4,4,3,"Training resources on Azure and Gen AI are decent, hoping for more hands-on lab allocations.",0.01
3665,24,2026-09-01,3,2,4,4,Compensation aligns with industry averages. Waiting to see outcome of mid-year review cycle.,0.076
3666,67,2026-09-01,4,3,4,3,The transition to modern data stack and AI tooling has been a huge boost to our delivery velocity.,0.704
3667,28,2026-09-01,2,5,3,3,Compa-ratio is noticeably below market benchmark while billable utilization is consistently above 95%.,-0.28
3668,58,2026-09-01,3,3,4,4,"Good team dynamic, though communication between onshore and offshore squads could be smoother.",0.189
3669,16,2026-09-01,3,3,5,4,"Good team dynamic, though communication between onshore and offshore squads could be smoother.",-0.073
3670,30,2026-09-01,4,5,4,4,Great autonomy on solution architecture. Enjoy mentoring junior analysts on agentic workflows.,0.761
3671,61,2026-09-01,4,3,2,4,Frustrated by repeated delays in promotion cycle despite rating 5 performance in consecutive cycles.,-0.499
3672,41,2026-09-01,4,3,3,3,"Training resources on Azure and Gen AI are decent, hoping for more hands-on lab allocations.",0.029
3673,15,2026-09-01,4,3,4,3,Leadership provides tremendous career mentoring and clear promotion trajectory.,0.777
3674,21,2026-09-01,3,4,4,4,Compensation aligns with industry averages. Waiting to see outcome of mid-year review cycle.,-0.112
3675,18,2026-09-01,3,3,3,4,"Good team dynamic, though communication between onshore and offshore squads could be smoother.",0.182
3676,68,2026-09-01,3,3,3,3,"Good team dynamic, though communication between onshore and offshore squads could be smoother.",-0.029
3677,60,2026-09-01,3,4,4,4,Compensation aligns with industry averages. Waiting to see outcome of mid-year review cycle.,0.125
3678,63,2026-09-01,5,3,5,4,Great autonomy on solution architecture. Enjoy mentoring junior analysts on agentic workflows.,0.393
3679,8,2026-09-01,4,4,4,3,Leadership provides tremendous career mentoring and clear promotion trajectory.,0.856
3680,74,2026-09-01,3,3,3,4,"Training resources on Azure and Gen AI are decent, hoping for more hands-on lab allocations.",-0.062
3681,41,2026-09-01,4,4,4,4,Great autonomy on solution architecture. Enjoy mentoring junior analysts on agentic workflows.,0.803
3682,83,2026-09-01,3,4,4,3,"Training resources on Azure and Gen AI are decent, hoping for more hands-on lab allocations.",-0.114
3683,82,2026-09-01,4,5,5,3,"Very fair compensation, excellent recognition from my engagement partner, and healthy work balance.",0.389
3684,30,2026-09-01,3,5,3,3,"Training resources on Azure and Gen AI are decent, hoping for more hands-on lab allocations.",0.039
3685,77,2026-09-01,3,2,4,4,Compensation aligns with industry averages. Waiting to see outcome of mid-year review cycle.,-0.098
3686,9,2026-09-01,3,5,5,3,"Training resources on Azure and Gen AI are decent, hoping for more hands-on lab allocations.",0.049
3687,24,2026-09-01,3,4,3,4,"Good team dynamic, though communication between onshore and offshore squads could be smoother.",0.151
3688,13,2026-09-01,4,3,3,4,"Training resources on Azure and Gen AI are decent, hoping for more hands-on lab allocations.",0.189
3689,6,2026-09-01,3,4,3,4,"Good team dynamic, though communication between onshore and offshore squads could be smoother.",-0.112
3690,55,2026-09-01,2,4,2,3,Compa-ratio is noticeably below market benchmark while billable utilization is consistently above 95%.,-0.265
3691,29,2026-09-01,3,4,4,4,"Good team dynamic, though communication between onshore and offshore squads could be smoother.",-0.098
3692,37,2026-09-01,3,4,3,3,Compensation aligns with industry averages. Waiting to see outcome of mid-year review cycle.,0.094
3693,19,2026-09-01,4,4,5,3,Leadership provides tremendous career mentoring and clear promotion trajectory.,0.631
3694,60,2026-09-01,3,5,3,2,Compensation aligns with industry averages. Waiting to see outcome of mid-year review cycle.,0.229
3695,61,2026-09-01,4,4,4,3,Energized by our client cloud modernization engagement and collaborative team culture.,0.483
3696,59,2026-09-01,4,4,4,5,Great autonomy on solution architecture. Enjoy mentoring junior analysts on agentic workflows.,0.687
3697,56,2026-09-01,4,4,3,2,"Training resources on Azure and Gen AI are decent, hoping for more hands-on lab allocations.",0.127
3698,49,2026-09-01,3,4,4,4,"Good team dynamic, though communication between onshore and offshore squads could be smoother.",-0.071
3699,3,2026-09-01,3,3,3,4,Standard project pacing. Client expectations are rigorous but manageable with proper staffing.,-0.015
3700,67,2026-09-01,4,3,4,5,"Very fair compensation, excellent recognition from my engagement partner, and healthy work balance.",0.825
3701,55,2026-09-01,3,5,3,3,Standard project pacing. Client expectations are rigorous but manageable with proper staffing.,0.07
3702,34,2026-09-01,3,3,4,3,Standard project pacing. Client expectations are rigorous but manageable with proper staffing.,0.091
3703,36,2026-09-01,3,4,3,4,Standard project pacing. Client expectations are rigorous but manageable with proper staffing.,0.07
3704,54,2026-09-01,3,3,2,4,Compa-ratio is noticeably below market benchmark while billable utilization is consistently above 95%.,-0.337
3705,3,2026-09-01,4,3,4,4,"Very fair compensation, excellent recognition from my engagement partner, and healthy work balance.",0.895
3706,65,2026-09-01,3,3,5,2,Compensation aligns with industry averages. Waiting to see outcome of mid-year review cycle.,-0.136
3707,23,2026-09-01,3,5,4,3,"Good team dynamic, though communication between onshore and offshore squads could be smoother.",-0.009
3708,48,2026-09-01,3,3,4,3,"Training resources on Azure and Gen AI are decent, hoping for more hands-on lab allocations.",0.01
3709,51,2026-09-01,4,3,4,3,"Very fair compensation, excellent recognition from my engagement partner, and healthy work balance.",0.635
3710,34,2026-09-01,3,3,5,3,"Training resources on Azure and Gen AI are decent, hoping for more hands-on lab allocations.",-0.131
3711,4,2026-09-01,3,3,3,3,"Good team dynamic, though communication between onshore and offshore squads could be smoother.",0.214
3712,83,2026-09-01,3,4,5,3,Compensation aligns with industry averages. Waiting to see outcome of mid-year review cycle.,0.185
3713,67,2026-09-01,3,3,3,3,Compa-ratio is noticeably below market benchmark while billable utilization is consistently above 95%.,-0.368
3714,76,2026-09-01,3,4,4,3,Compensation aligns with industry averages. Waiting to see outcome of mid-year review cycle.,0.165
3715,2,2026-09-01,4,3,4,3,"Very fair compensation, excellent recognition from my engagement partner, and healthy work balance.",0.531
3716,38,2026-09-01,4,3,2,5,Disillusioned with unrealistic client deadlines and total absence of work-life boundaries.,-0.561
3717,52,2026-09-01,4,4,4,3,"Very fair compensation, excellent recognition from my engagement partner, and healthy work balance.",0.475
3718,9,2026-09-01,3,4,3,4,"Good team dynamic, though communication between onshore and offshore squads could be smoother.",0.222
3719,26,2026-09-01,4,3,4,3,Leadership provides tremendous career mentoring and clear promotion trajectory.,0.763
3720,77,2026-09-01,3,4,3,4,"Good team dynamic, though communication between onshore and offshore squads could be smoother.",0.246
3721,20,2026-09-01,4,4,3,4,"Good team dynamic, though communication between onshore and offshore squads could be smoother.",-0.015
3722,80,2026-09-01,4,3,4,4,Energized by our client cloud modernization engagement and collaborative team culture.,0.384
3723,46,2026-09-01,4,5,4,3,Leadership provides tremendous career mentoring and clear promotion trajectory.,0.633
3724,46,2026-09-01,3,3,3,4,"Training resources on Azure and Gen AI are decent, hoping for more hands-on lab allocations.",0.017
3725,47,2026-09-01,3,3,3,3,"Training resources on Azure and Gen AI are decent, hoping for more hands-on lab allocations.",0.224
3726,4,2026-09-01,4,4,4,3,The transition to modern data stack and AI tooling has been a huge boost to our delivery velocity.,0.677
3727,25,2026-09-01,3,4,4,3,Compensation aligns with industry averages. Waiting to see outcome of mid-year review cycle.,0.165
3728,45,2026-09-01,4,5,4,4,The transition to modern data stack and AI tooling has been a huge boost to our delivery velocity.,0.356
3729,30,2026-09-01,3,3,4,3,"Training resources on Azure and Gen AI are decent, hoping for more hands-on lab allocations.",-0.061
3730,38,2026-09-01,3,5,4,3,"Good team dynamic, though communication between onshore and offshore squads could be smoother.",0.056
3731,81,2026-09-01,3,3,5,3,Standard project pacing. Client expectations are rigorous but manageable with proper staffing.,0.217
3732,42,2026-09-01,3,4,4,4,"Training resources on Azure and Gen AI are decent, hoping for more hands-on lab allocations.",-0.006
3733,56,2026-09-01,3,3,4,2,Standard project pacing. Client expectations are rigorous but manageable with proper staffing.,-0.065
3734,50,2026-09-01,4,3,4,2,Energized by our client cloud modernization engagement and collaborative team culture.,0.362
3735,28,2026-09-01,4,2,5,3,Leadership provides tremendous career mentoring and clear promotion trajectory.,0.588
3736,29,2026-09-01,4,4,4,3,Great autonomy on solution architecture. Enjoy mentoring junior analysts on agentic workflows.,0.358
3737,83,2026-09-01,4,3,4,4,"Very fair compensation, excellent recognition from my engagement partner, and healthy work balance.",0.642
3738,25,2026-09-01,4,4,4,3,Leadership provides tremendous career mentoring and clear promotion trajectory.,0.876
3739,13,2026-09-01,4,5,3,5,Compensation aligns with industry averages. Waiting to see outcome of mid-year review cycle.,-0.122
3740,59,2026-09-01,3,4,4,4,"Training resources on Azure and Gen AI are decent, hoping for more hands-on lab allocations.",0.238
3741,52,2026-09-01,3,4,3,4,Compensation aligns with industry averages. Waiting to see outcome of mid-year review cycle.,0.043
3742,61,2026-09-01,3,4,4,4,"Training resources on Azure and Gen AI are decent, hoping for more hands-on lab allocations.",0.027
3743,70,2026-09-01,3,3,3,3,Compensation aligns with industry averages. Waiting to see outcome of mid-year review cycle.,0.204
3744,36,2026-09-01,3,4,4,3,Compensation aligns with industry averages. Waiting to see outcome of mid-year review cycle.,-0.1
3745,57,2026-09-01,3,5,4,5,Compensation aligns with industry averages. Waiting to see outcome of mid-year review cycle.,0.07
3746,73,2026-09-01,4,4,5,4,"Very fair compensation, excellent recognition from my engagement partner, and healthy work balance.",0.751
3747,28,2026-09-01,4,4,4,4,"Very fair compensation, excellent recognition from my engagement partner, and healthy work balance.",0.447
3748,57,2026-09-01,4,3,4,3,Energized by our client cloud modernization engagement and collaborative team culture.,0.806
3749,77,2026-09-01,3,4,4,2,Standard project pacing. Client expectations are rigorous but manageable with proper staffing.,0.035
3750,14,2026-09-01,3,4,4,3,"Training resources on Azure and Gen AI are decent, hoping for more hands-on lab allocations.",-0.105
3751,38,2026-09-01,3,5,3,3,Standard project pacing. Client expectations are rigorous but manageable with proper staffing.,0.062
3752,8,2026-09-01,3,3,5,4,"Training resources on Azure and Gen AI are decent, hoping for more hands-on lab allocations.",0.248
3753,80,2026-09-01,4,4,3,5,"Training resources on Azure and Gen AI are decent, hoping for more hands-on lab allocations.",0.243
3754,22,2026-09-01,3,4,5,3,Compensation aligns with industry averages. Waiting to see outcome of mid-year review cycle.,0.104
3755,27,2026-09-01,3,2,4,3,"Training resources on Azure and Gen AI are decent, hoping for more hands-on lab allocations.",-0.042
3756,16,2026-09-01,3,3,4,4,"Good team dynamic, though communication between onshore and offshore squads could be smoother.",0.06
3757,27,2026-09-01,4,3,5,4,The transition to modern data stack and AI tooling has been a huge boost to our delivery velocity.,0.525
3758,2,2026-09-01,4,3,4,5,The transition to modern data stack and AI tooling has been a huge boost to our delivery velocity.,0.422
3759,2,2026-09-01,4,4,4,4,Energized by our client cloud modernization engagement and collaborative team culture.,0.355
3760,3,2026-09-01,3,3,4,3,"Good team dynamic, though communication between onshore and offshore squads could be smoother.",0.019
3761,4,2026-09-01,4,4,4,3,"Very fair compensation, excellent recognition from my engagement partner, and healthy work balance.",0.381
3762,18,2026-09-01,3,4,4,4,"Good team dynamic, though communication between onshore and offshore squads could be smoother.",-0.144
3763,67,2026-09-01,3,3,4,2,"Good team dynamic, though communication between onshore and offshore squads could be smoother.",0.202
3764,19,2026-09-01,2,3,3,3,Lack of psychological safety and micromanager style since recent leadership re-alignment.,-0.797
3765,18,2026-09-01,3,3,5,3,Standard project pacing. Client expectations are rigorous but manageable with proper staffing.,-0.112
3766,44,2026-09-01,2,4,4,3,Compa-ratio is noticeably below market benchmark while billable utilization is consistently above 95%.,-0.277
3767,2,2026-09-01,4,3,4,3,Energized by our client cloud modernization engagement and collaborative team culture.,0.423
3768,62,2026-09-01,3,4,3,3,"Good team dynamic, though communication between onshore and offshore squads could be smoother.",-0.068
3769,3,2026-09-01,3,3,4,3,"Training resources on Azure and Gen AI are decent, hoping for more hands-on lab allocations.",0.213
3770,10,2026-09-01,3,4,4,4,"Training resources on Azure and Gen AI are decent, hoping for more hands-on lab allocations.",0.145
3771,46,2026-09-01,3,5,3,3,"Good team dynamic, though communication between onshore and offshore squads could be smoother.",-0.051
3772,72,2026-09-01,3,2,4,3,"Good team dynamic, though communication between onshore and offshore squads could be smoother.",-0.142
3773,7,2026-09-01,4,3,3,3,Lack of psychological safety and micromanager style since recent leadership re-alignment.,-0.307
3774,58,2026-09-01,4,4,4,3,The transition to modern data stack and AI tooling has been a huge boost to our delivery velocity.,0.673
3775,44,2026-09-01,4,3,3,5,"Good team dynamic, though communication between onshore and offshore squads could be smoother.",-0.011
3776,57,2026-09-01,3,4,3,4,Lack of psychological safety and micromanager style since recent leadership re-alignment.,-0.633
3777,44,2026-09-01,3,4,4,4,Compensation aligns with industry averages. Waiting to see outcome of mid-year review cycle.,0.21
3778,80,2026-09-01,3,5,5,4,Standard project pacing. Client expectations are rigorous but manageable with proper staffing.,0.16
3779,29,2026-09-01,2,4,4,3,Lack of psychological safety and micromanager style since recent leadership re-alignment.,-0.677
3780,53,2026-09-01,2,4,3,3,Frustrated by repeated delays in promotion cycle despite rating 5 performance in consecutive cycles.,-0.58
3781,44,2026-09-01,4,5,4,3,The transition to modern data stack and AI tooling has been a huge boost to our delivery velocity.,0.437
3782,84,2026-09-01,4,3,4,3,The transition to modern data stack and AI tooling has been a huge boost to our delivery velocity.,0.891
3783,20,2026-09-01,2,4,3,4,Compa-ratio is noticeably below market benchmark while billable utilization is consistently above 95%.,-0.258
3784,1,2026-09-01,4,4,3,3,"Good team dynamic, though communication between onshore and offshore squads could be smoother.",-0.108
3785,36,2026-09-01,4,3,4,2,The transition to modern data stack and AI tooling has been a huge boost to our delivery velocity.,0.385
3786,32,2026-09-01,3,4,3,3,Compensation aligns with industry averages. Waiting to see outcome of mid-year review cycle.,-0.091
3787,70,2026-09-01,4,5,4,3,Energized by our client cloud modernization engagement and collaborative team culture.,0.527
3788,18,2026-09-01,3,2,4,3,Compensation aligns with industry averages. Waiting to see outcome of mid-year review cycle.,0.067
3789,63,2026-09-01,3,4,3,3,"Training resources on Azure and Gen AI are decent, hoping for more hands-on lab allocations.",0.151
3790,14,2026-09-01,3,2,5,3,"Training resources on Azure and Gen AI are decent, hoping for more hands-on lab allocations.",0.091
3791,61,2026-09-01,2,4,3,3,Frustrated by repeated delays in promotion cycle despite rating 5 performance in consecutive cycles.,-0.505
3792,60,2026-09-01,3,3,3,3,Compa-ratio is noticeably below market benchmark while billable utilization is consistently above 95%.,-0.452
3793,8,2026-09-01,4,4,4,4,"Very fair compensation, excellent recognition from my engagement partner, and healthy work balance.",0.648
3794,10,2026-09-01,2,3,4,3,Disillusioned with unrealistic client deadlines and total absence of work-life boundaries.,-0.253
3795,25,2026-09-01,4,4,4,3,Great autonomy on solution architecture. Enjoy mentoring junior analysts on agentic workflows.,0.849
3796,62,2026-09-01,4,4,3,4,Compensation aligns with industry averages. Waiting to see outcome of mid-year review cycle.,-0.044
3797,84,2026-09-01,3,5,5,5,Compensation aligns with industry averages. Waiting to see outcome of mid-year review cycle.,-0.093
3798,81,2026-09-01,4,4,4,5,Leadership provides tremendous career mentoring and clear promotion trajectory.,0.542
3799,14,2026-09-01,4,4,4,3,Leadership provides tremendous career mentoring and clear promotion trajectory.,0.65
3800,77,2026-09-01,4,5,3,4,Standard project pacing. Client expectations are rigorous but manageable with proper staffing.,0.111
3801,62,2026-09-01,3,4,3,3,Compensation aligns with industry averages. Waiting to see outcome of mid-year review cycle.,0.236
3802,68,2026-09-01,4,3,4,4,Energized by our client cloud modernization engagement and collaborative team culture.,0.861
3803,55,2026-09-01,3,5,3,3,"Training resources on Azure and Gen AI are decent, hoping for more hands-on lab allocations.",-0.004
3804,35,2026-09-01,4,2,4,5,"Very fair compensation, excellent recognition from my engagement partner, and healthy work balance.",0.741
3805,29,2026-09-01,4,3,4,4,The transition to modern data stack and AI tooling has been a huge boost to our delivery velocity.,0.556
3806,42,2026-09-01,4,3,4,4,"Very fair compensation, excellent recognition from my engagement partner, and healthy work balance.",0.705
3807,77,2026-09-01,3,4,4,3,"Good team dynamic, though communication between onshore and offshore squads could be smoother.",0.19
3808,3,2026-09-01,4,4,4,4,Great autonomy on solution architecture. Enjoy mentoring junior analysts on agentic workflows.,0.753
3809,18,2026-09-01,2,5,4,3,Frustrated by repeated delays in promotion cycle despite rating 5 performance in consecutive cycles.,-0.29
3810,75,2026-09-01,5,3,3,4,Standard project pacing. Client expectations are rigorous but manageable with proper staffing.,0.211
3811,39,2026-09-01,3,3,3,3,"Good team dynamic, though communication between onshore and offshore squads could be smoother.",-0.125
3812,35,2026-09-01,3,4,4,3,"Training resources on Azure and Gen AI are decent, hoping for more hands-on lab allocations.",0.14
3813,72,2026-09-01,2,4,3,3,Severe burnout from sustained 60+ hour work weeks without staffing support on high-priority delivery.,-0.253
3814,71,2026-09-01,2,4,3,2,Lack of psychological safety and micromanager style since recent leadership re-alignment.,-0.542
3815,12,2026-09-01,3,3,2,3,Lack of psychological safety and micromanager style since recent leadership re-alignment.,-0.473
3816,48,2026-09-01,4,4,4,4,"Very fair compensation, excellent recognition from my engagement partner, and healthy work balance.",0.64
3817,8,2026-09-01,3,4,4,3,Standard project pacing. Client expectations are rigorous but manageable with proper staffing.,-0.051
3818,40,2026-09-01,4,3,4,4,Great autonomy on solution architecture. Enjoy mentoring junior analysts on agentic workflows.,0.356
3819,35,2026-09-01,4,5,3,4,"Good team dynamic, though communication between onshore and offshore squads could be smoother.",0.011
3820,3,2026-09-01,2,3,3,3,Disillusioned with unrealistic client deadlines and total absence of work-life boundaries.,-0.266
3821,78,2026-09-01,3,4,5,4,"Training resources on Azure and Gen AI are decent, hoping for more hands-on lab allocations.",0.049
3822,49,2026-09-01,4,4,3,3,Standard project pacing. Client expectations are rigorous but manageable with proper staffing.,-0.066
3823,25,2026-09-01,4,3,4,4,Leadership provides tremendous career mentoring and clear promotion trajectory.,0.574
3824,71,2026-09-01,4,3,5,3,The transition to modern data stack and AI tooling has been a huge boost to our delivery velocity.,0.834
3825,65,2026-09-01,3,3,4,4,Standard project pacing. Client expectations are rigorous but manageable with proper staffing.,0.062
3826,76,2026-09-01,4,4,3,3,"Training resources on Azure and Gen AI are decent, hoping for more hands-on lab allocations.",-0.112
3827,48,2026-09-01,5,3,5,5,The transition to modern data stack and AI tooling has been a huge boost to our delivery velocity.,0.587
3828,9,2026-09-01,3,3,4,3,"Training resources on Azure and Gen AI are decent, hoping for more hands-on lab allocations.",0.05
3829,52,2026-09-01,3,4,4,4,Compensation aligns with industry averages. Waiting to see outcome of mid-year review cycle.,0.077
3830,32,2026-09-01,4,3,3,4,Standard project pacing. Client expectations are rigorous but manageable with proper staffing.,0.05
3831,58,2026-09-01,3,3,4,3,Standard project pacing. Client expectations are rigorous but manageable with proper staffing.,0.242
3832,60,2026-09-01,2,3,3,4,Lack of psychological safety and micromanager style since recent leadership re-alignment.,-0.571
3833,16,2026-09-01,3,3,4,4,"Training resources on Azure and Gen AI are decent, hoping for more hands-on lab allocations.",0.238
3834,27,2026-09-01,3,4,3,3,"Good team dynamic, though communication between onshore and offshore squads could be smoother.",-0.027
3835,24,2026-09-01,4,5,3,3,"Good team dynamic, though communication between onshore and offshore squads could be smoother.",0.09
3836,56,2026-09-01,3,4,3,5,Compensation aligns with industry averages. Waiting to see outcome of mid-year review cycle.,0.115
3837,83,2026-09-01,3,5,4,4,"Good team dynamic, though communication between onshore and offshore squads could be smoother.",0.13
3838,84,2026-09-01,3,5,3,3,"Good team dynamic, though communication between onshore and offshore squads could be smoother.",-0.066
3839,49,2026-09-01,4,3,4,3,Great autonomy on solution architecture. Enjoy mentoring junior analysts on agentic workflows.,0.785
3840,67,2026-09-01,4,4,4,4,Leadership provides tremendous career mentoring and clear promotion trajectory.,0.367
3841,83,2026-09-01,3,4,4,3,"Training resources on Azure and Gen AI are decent, hoping for more hands-on lab allocations.",0.131
3842,58,2026-09-01,2,3,3,4,Frustrated by repeated delays in promotion cycle despite rating 5 performance in consecutive cycles.,-0.758
3843,23,2026-09-01,3,4,4,2,"Good team dynamic, though communication between onshore and offshore squads could be smoother.",0.223
3844,4,2026-09-01,3,4,3,2,"Good team dynamic, though communication between onshore and offshore squads could be smoother.",0.176
3845,12,2026-09-01,3,3,4,3,Compensation aligns with industry averages. Waiting to see outcome of mid-year review cycle.,0.197
3846,54,2026-09-01,4,3,4,3,Energized by our client cloud modernization engagement and collaborative team culture.,0.511
3847,38,2026-09-01,2,3,3,5,Disillusioned with unrealistic client deadlines and total absence of work-life boundaries.,-0.63
3848,66,2026-09-01,3,5,3,3,"Good team dynamic, though communication between onshore and offshore squads could be smoother.",0.193
3849,7,2026-09-01,4,4,3,3,"Training resources on Azure and Gen AI are decent, hoping for more hands-on lab allocations.",0.242
3850,34,2026-09-01,3,4,4,3,"Good team dynamic, though communication between onshore and offshore squads could be smoother.",-0.103
3851,73,2026-09-01,2,4,4,4,Frustrated by repeated delays in promotion cycle despite rating 5 performance in consecutive cycles.,-0.692
3852,52,2026-09-01,4,3,5,4,Leadership provides tremendous career mentoring and clear promotion trajectory.,0.376
3853,77,2026-09-01,3,4,3,3,Compensation aligns with industry averages. Waiting to see outcome of mid-year review cycle.,-0.001
3854,2,2026-09-01,4,5,4,4,Great autonomy on solution architecture. Enjoy mentoring junior analysts on agentic workflows.,0.438
3855,38,2026-09-01,3,3,5,3,"Good team dynamic, though communication between onshore and offshore squads could be smoother.",0.225
3856,20,2026-09-01,4,4,3,3,"Training resources on Azure and Gen AI are decent, hoping for more hands-on lab allocations.",-0.124
3857,81,2026-09-01,2,3,4,4,Disillusioned with unrealistic client deadlines and total absence of work-life boundaries.,-0.38
3858,70,2026-09-01,4,4,3,3,"Training resources on Azure and Gen AI are decent, hoping for more hands-on lab allocations.",0.027
3859,28,2026-09-01,4,4,4,5,"Very fair compensation, excellent recognition from my engagement partner, and healthy work balance.",0.402
3860,50,2026-09-01,3,3,4,3,"Good team dynamic, though communication between onshore and offshore squads could be smoother.",0.1
3861,6,2026-09-01,2,3,2,3,Lack of psychological safety and micromanager style since recent leadership re-alignment.,-0.539
3862,5,2026-09-01,4,4,3,4,"Good team dynamic, though communication between onshore and offshore squads could be smoother.",0.04
3863,63,2026-09-01,2,5,1,4,Compa-ratio is noticeably below market benchmark while billable utilization is consistently above 95%.,-0.483
3864,29,2026-09-01,2,4,3,3,Frustrated by repeated delays in promotion cycle despite rating 5 performance in consecutive cycles.,-0.779
3865,57,2026-09-01,3,4,5,3,Compensation aligns with industry averages. Waiting to see outcome of mid-year review cycle.,-0.094
3866,71,2026-09-01,4,4,3,2,Compensation aligns with industry averages. Waiting to see outcome of mid-year review cycle.,0.004
3867,81,2026-09-01,3,3,4,3,Standard project pacing. Client expectations are rigorous but manageable with proper staffing.,-0.08
3868,22,2026-09-01,4,4,5,5,Great autonomy on solution architecture. Enjoy mentoring junior analysts on agentic workflows.,0.726
3869,47,2026-09-01,3,5,3,3,Severe burnout from sustained 60+ hour work weeks without staffing support on high-priority delivery.,-0.451
3870,54,2026-09-01,4,4,4,4,Energized by our client cloud modernization engagement and collaborative team culture.,0.734
3871,58,2026-09-01,3,3,4,3,Compensation aligns with industry averages. Waiting to see outcome of mid-year review cycle.,0.196
3872,32,2026-09-01,3,4,5,3,Standard project pacing. Client expectations are rigorous but manageable with proper staffing.,0.238
3873,30,2026-09-01,2,4,1,3,Severe burnout from sustained 60+ hour work weeks without staffing support on high-priority delivery.,-0.686
3874,65,2026-09-01,2,3,4,3,Compa-ratio is noticeably below market benchmark while billable utilization is consistently above 95%.,-0.846
3875,72,2026-09-01,4,4,4,4,Great autonomy on solution architecture. Enjoy mentoring junior analysts on agentic workflows.,0.562
3876,71,2026-09-01,4,5,4,3,"Very fair compensation, excellent recognition from my engagement partner, and healthy work balance.",0.401
3877,75,2026-09-01,4,5,4,4,The transition to modern data stack and AI tooling has been a huge boost to our delivery velocity.,0.483
3878,41,2026-09-01,3,2,4,5,"Good team dynamic, though communication between onshore and offshore squads could be smoother.",-0.119
3879,49,2026-09-01,3,5,4,3,"Good team dynamic, though communication between onshore and offshore squads could be smoother.",-0.107
3880,52,2026-09-01,3,4,3,4,Standard project pacing. Client expectations are rigorous but manageable with proper staffing.,0.038
3881,69,2026-09-01,4,4,5,4,Leadership provides tremendous career mentoring and clear promotion trajectory.,0.776
3882,36,2026-09-01,3,3,3,3,Compensation aligns with industry averages. Waiting to see outcome of mid-year review cycle.,-0.094
3883,59,2026-09-01,3,2,3,4,Frustrated by repeated delays in promotion cycle despite rating 5 performance in consecutive cycles.,-0.845
3884,11,2026-09-01,3,4,4,4,Standard project pacing. Client expectations are rigorous but manageable with proper staffing.,0.148
3885,54,2026-09-01,3,5,4,3,"Training resources on Azure and Gen AI are decent, hoping for more hands-on lab allocations.",0.132
3886,65,2026-09-01,3,5,2,3,Frustrated by repeated delays in promotion cycle despite rating 5 performance in consecutive cycles.,-0.583
3887,70,2026-09-01,4,3,3,4,Standard project pacing. Client expectations are rigorous but manageable with proper staffing.,-0.042
3888,7,2026-09-01,4,4,4,3,Great autonomy on solution architecture. Enjoy mentoring junior analysts on agentic workflows.,0.588
3889,68,2026-09-01,4,4,3,4,Compensation aligns with industry averages. Waiting to see outcome of mid-year review cycle.,-0.042
3890,7,2026-09-01,4,3,3,3,Compensation aligns with industry averages. Waiting to see outcome of mid-year review cycle.,0.024
3891,71,2026-09-01,3,3,4,3,Standard project pacing. Client expectations are rigorous but manageable with proper staffing.,0.246
3892,58,2026-09-01,3,4,4,2,Standard project pacing. Client expectations are rigorous but manageable with proper staffing.,0.196
3893,75,2026-09-01,3,3,4,5,Standard project pacing. Client expectations are rigorous but manageable with proper staffing.,0.224
3894,32,2026-09-01,3,3,4,2,Standard project pacing. Client expectations are rigorous but manageable with proper staffing.,0.118
3895,24,2026-09-01,3,5,2,3,Severe burnout from sustained 60+ hour work weeks without staffing support on high-priority delivery.,-0.334
3896,27,2026-09-01,2,3,3,4,Lack of psychological safety and micromanager style since recent leadership re-alignment.,-0.672
3897,39,2026-09-01,4,5,4,5,"Very fair compensation, excellent recognition from my engagement partner, and healthy work balance.",0.894
3898,4,2026-09-01,4,5,2,3,Disillusioned with unrealistic client deadlines and total absence of work-life boundaries.,-0.622
3899,40,2026-09-01,3,4,4,4,Compensation aligns with industry averages. Waiting to see outcome of mid-year review cycle.,0.052
3900,57,2026-09-01,2,4,2,3,Compa-ratio is noticeably below market benchmark while billable utilization is consistently above 95%.,-0.471
3901,79,2026-09-01,4,3,4,5,Great autonomy on solution architecture. Enjoy mentoring junior analysts on agentic workflows.,0.87
3902,26,2026-09-01,4,4,3,4,"Training resources on Azure and Gen AI are decent, hoping for more hands-on lab allocations.",0.071
3903,49,2026-09-01,4,4,5,4,The transition to modern data stack and AI tooling has been a huge boost to our delivery velocity.,0.456
3904,15,2026-09-01,4,5,3,3,Standard project pacing. Client expectations are rigorous but manageable with proper staffing.,-0.1
3905,79,2026-09-01,4,3,3,2,Compensation aligns with industry averages. Waiting to see outcome of mid-year review cycle.,0.098
3906,73,2026-09-01,3,3,4,4,Compensation aligns with industry averages. Waiting to see outcome of mid-year review cycle.,0.093
3907,37,2026-09-01,3,5,2,3,Disillusioned with unrealistic client deadlines and total absence of work-life boundaries.,-0.424
3908,21,2026-09-01,4,3,4,3,The transition to modern data stack and AI tooling has been a huge boost to our delivery velocity.,0.561
3909,73,2026-09-01,3,3,4,4,"Good team dynamic, though communication between onshore and offshore squads could be smoother.",-0.013
3910,20,2026-09-01,4,4,4,4,Great autonomy on solution architecture. Enjoy mentoring junior analysts on agentic workflows.,0.682
3911,14,2026-09-01,4,4,4,3,"Very fair compensation, excellent recognition from my engagement partner, and healthy work balance.",0.354
3912,9,2026-09-01,3,2,4,2,Standard project pacing. Client expectations are rigorous but manageable with proper staffing.,-0.036
3913,29,2026-09-01,4,4,4,4,"Very fair compensation, excellent recognition from my engagement partner, and healthy work balance.",0.824
3914,54,2026-09-01,5,4,4,5,Leadership provides tremendous career mentoring and clear promotion trajectory.,0.872
3915,7,2026-09-01,3,4,4,4,"Training resources on Azure and Gen AI are decent, hoping for more hands-on lab allocations.",-0.008
3916,74,2026-09-01,4,5,3,4,"Training resources on Azure and Gen AI are decent, hoping for more hands-on lab allocations.",0.234
3917,43,2026-09-01,4,3,4,4,Energized by our client cloud modernization engagement and collaborative team culture.,0.545
3918,46,2026-09-01,3,3,4,3,Standard project pacing. Client expectations are rigorous but manageable with proper staffing.,0.148
3919,67,2026-09-01,4,4,4,3,The transition to modern data stack and AI tooling has been a huge boost to our delivery velocity.,0.359
3920,43,2026-09-01,4,4,4,4,"Very fair compensation, excellent recognition from my engagement partner, and healthy work balance.",0.705
3921,34,2026-09-01,3,3,3,4,Standard project pacing. Client expectations are rigorous but manageable with proper staffing.,0.065
3922,31,2026-09-01,4,3,4,3,The transition to modern data stack and AI tooling has been a huge boost to our delivery velocity.,0.609
3923,17,2026-09-01,3,4,3,3,Standard project pacing. Client expectations are rigorous but manageable with proper staffing.,0.16
3924,33,2026-09-01,4,4,4,5,Great autonomy on solution architecture. Enjoy mentoring junior analysts on agentic workflows.,0.77
3925,6,2026-09-01,3,5,5,3,Standard project pacing. Client expectations are rigorous but manageable with proper staffing.,0.071
3926,78,2026-09-01,3,4,3,4,Disillusioned with unrealistic client deadlines and total absence of work-life boundaries.,-0.365
3927,17,2026-09-01,3,4,3,4,Severe burnout from sustained 60+ hour work weeks without staffing support on high-priority delivery.,-0.32
3928,62,2026-09-01,5,4,4,3,Leadership provides tremendous career mentoring and clear promotion trajectory.,0.513
3929,17,2026-09-01,3,3,4,3,Standard project pacing. Client expectations are rigorous but manageable with proper staffing.,-0.094
3930,70,2026-09-01,3,2,3,3,Standard project pacing. Client expectations are rigorous but manageable with proper staffing.,0.185
3931,73,2026-09-01,4,2,4,3,Energized by our client cloud modernization engagement and collaborative team culture.,0.582
3932,23,2026-09-01,3,4,2,3,Lack of psychological safety and micromanager style since recent leadership re-alignment.,-0.491
3933,84,2026-09-01,3,4,5,3,Compensation aligns with industry averages. Waiting to see outcome of mid-year review cycle.,-0.004
3934,68,2026-09-01,4,3,3,3,Compensation aligns with industry averages. Waiting to see outcome of mid-year review cycle.,0.059
3935,26,2026-09-01,4,4,3,5,"Good team dynamic, though communication between onshore and offshore squads could be smoother.",0.233
3936,78,2026-09-01,3,4,3,4,Lack of psychological safety and micromanager style since recent leadership re-alignment.,-0.28
3937,18,2026-09-01,4,4,4,3,"Very fair compensation, excellent recognition from my engagement partner, and healthy work balance.",0.385
3938,44,2026-09-01,3,2,4,3,"Training resources on Azure and Gen AI are decent, hoping for more hands-on lab allocations.",-0.127
3939,60,2026-09-01,3,4,5,3,Compensation aligns with industry averages. Waiting to see outcome of mid-year review cycle.,0.063
3940,81,2026-09-01,3,4,4,3,Standard project pacing. Client expectations are rigorous but manageable with proper staffing.,0.244
3941,72,2026-09-01,3,4,4,3,"Training resources on Azure and Gen AI are decent, hoping for more hands-on lab allocations.",-0.102
3942,18,2026-09-01,3,3,3,3,Compensation aligns with industry averages. Waiting to see outcome of mid-year review cycle.,0.245
3943,49,2026-09-01,4,4,3,5,Standard project pacing. Client expectations are rigorous but manageable with proper staffing.,-0.136
3944,14,2026-09-01,4,3,4,3,Leadership provides tremendous career mentoring and clear promotion trajectory.,0.501
3945,10,2026-09-01,3,3,3,4,"Good team dynamic, though communication between onshore and offshore squads could be smoother.",0.124
3946,81,2026-09-01,2,3,4,3,Lack of psychological safety and micromanager style since recent leadership re-alignment.,-0.38
3947,30,2026-09-01,3,4,5,3,Standard project pacing. Client expectations are rigorous but manageable with proper staffing.,0.18
3948,9,2026-09-01,3,5,2,3,Compa-ratio is noticeably below market benchmark while billable utilization is consistently above 95%.,-0.279
3949,34,2026-09-01,3,5,4,3,"Training resources on Azure and Gen AI are decent, hoping for more hands-on lab allocations.",0.046
3950,24,2026-09-01,2,5,2,5,Severe burnout from sustained 60+ hour work weeks without staffing support on high-priority delivery.,-0.504
3951,21,2026-09-01,3,4,4,3,Standard project pacing. Client expectations are rigorous but manageable with proper staffing.,0.176
3952,20,2026-09-01,3,3,2,4,Frustrated by repeated delays in promotion cycle despite rating 5 performance in consecutive cycles.,-0.709
3953,20,2026-09-01,3,4,4,3,Standard project pacing. Client expectations are rigorous but manageable with proper staffing.,0.033
3954,6,2026-09-01,4,4,4,3,"Very fair compensation, excellent recognition from my engagement partner, and healthy work balance.",0.632
3955,69,2026-09-01,3,4,3,3,Frustrated by repeated delays in promotion cycle despite rating 5 performance in consecutive cycles.,-0.362
3956,39,2026-09-01,2,5,4,3,Compa-ratio is noticeably below market benchmark while billable utilization is consistently above 95%.,-0.288
3957,17,2026-09-01,3,4,3,3,Standard project pacing. Client expectations are rigorous but manageable with proper staffing.,-0.013
3958,33,2026-09-01,4,3,4,5,"Very fair compensation, excellent recognition from my engagement partner, and healthy work balance.",0.522
3959,19,2026-09-01,3,3,3,3,Compa-ratio is noticeably below market benchmark while billable utilization is consistently above 95%.,-0.259
3960,27,2026-09-01,2,3,3,2,Compa-ratio is noticeably below market benchmark while billable utilization is consistently above 95%.,-0.409
3961,55,2026-09-01,3,4,3,4,Compensation aligns with industry averages. Waiting to see outcome of mid-year review cycle.,0.185
3962,26,2026-09-01,2,3,4,3,Lack of psychological safety and micromanager style since recent leadership re-alignment.,-0.65
3963,41,2026-09-01,4,5,3,5,"Training resources on Azure and Gen AI are decent, hoping for more hands-on lab allocations.",0.198
3964,52,2026-09-01,3,3,3,4,"Good team dynamic, though communication between onshore and offshore squads could be smoother.",-0.129
3965,24,2026-09-01,4,4,3,3,"Good team dynamic, though communication between onshore and offshore squads could be smoother.",0.127
3966,1,2026-09-01,5,3,4,4,Energized by our client cloud modernization engagement and collaborative team culture.,0.655
3967,78,2026-09-01,3,5,5,3,Standard project pacing. Client expectations are rigorous but manageable with proper staffing.,0.238
3968,17,2026-09-01,3,4,3,3,"Good team dynamic, though communication between onshore and offshore squads could be smoother.",-0.015
3969,82,2026-09-01,4,2,3,4,Compensation aligns with industry averages. Waiting to see outcome of mid-year review cycle.,-0.036
3970,11,2026-09-01,2,3,3,4,Disillusioned with unrealistic client deadlines and total absence of work-life boundaries.,-0.596
3971,9,2026-09-01,4,4,4,3,The transition to modern data stack and AI tooling has been a huge boost to our delivery velocity.,0.514
3972,25,2026-09-01,3,4,4,3,Standard project pacing. Client expectations are rigorous but manageable with proper staffing.,0.175
3973,1,2026-09-01,5,3,4,5,Great autonomy on solution architecture. Enjoy mentoring junior analysts on agentic workflows.,0.846
3974,65,2026-09-01,4,4,4,4,The transition to modern data stack and AI tooling has been a huge boost to our delivery velocity.,0.677
3975,65,2026-09-01,3,3,4,3,Compensation aligns with industry averages. Waiting to see outcome of mid-year review cycle.,0.084
3976,28,2026-09-01,3,4,5,3,"Good team dynamic, though communication between onshore and offshore squads could be smoother.",0.22
3977,66,2026-09-01,4,4,4,3,Great autonomy on solution architecture. Enjoy mentoring junior analysts on agentic workflows.,0.684
3978,23,2026-09-01,4,3,4,4,"Very fair compensation, excellent recognition from my engagement partner, and healthy work balance.",0.455
3979,53,2026-09-01,3,4,3,3,Compensation aligns with industry averages. Waiting to see outcome of mid-year review cycle.,0.086
3980,55,2026-09-01,3,3,3,3,"Training resources on Azure and Gen AI are decent, hoping for more hands-on lab allocations.",0.021
3981,8,2026-09-01,2,4,2,4,Frustrated by repeated delays in promotion cycle despite rating 5 performance in consecutive cycles.,-0.654
3982,78,2026-09-01,3,5,3,3,Compa-ratio is noticeably below market benchmark while billable utilization is consistently above 95%.,-0.634
3983,41,2026-09-01,4,5,4,2,"Very fair compensation, excellent recognition from my engagement partner, and healthy work balance.",0.524
3984,19,2026-09-01,3,4,4,3,"Training resources on Azure and Gen AI are decent, hoping for more hands-on lab allocations.",0.101
3985,22,2026-09-01,3,5,4,3,"Training resources on Azure and Gen AI are decent, hoping for more hands-on lab allocations.",0.163
3986,60,2026-09-01,3,3,4,3,"Good team dynamic, though communication between onshore and offshore squads could be smoother.",-0.039
3987,67,2026-09-01,2,3,4,3,Compa-ratio is noticeably below market benchmark while billable utilization is consistently above 95%.,-0.714
3988,2,2026-09-01,3,4,3,3,Compensation aligns with industry averages. Waiting to see outcome of mid-year review cycle.,-0.037
3989,18,2026-09-01,3,4,3,3,"Good team dynamic, though communication between onshore and offshore squads could be smoother.",0.23
3990,48,2026-09-01,3,5,4,3,"Training resources on Azure and Gen AI are decent, hoping for more hands-on lab allocations.",0.152
3991,30,2026-09-01,2,4,4,4,Compa-ratio is noticeably below market benchmark while billable utilization is consistently above 95%.,-0.306
3992,46,2026-09-01,5,4,4,3,Energized by our client cloud modernization engagement and collaborative team culture.,0.877
3993,56,2026-09-01,4,3,4,4,The transition to modern data stack and AI tooling has been a huge boost to our delivery velocity.,0.578
3994,47,2026-09-01,4,4,4,3,Leadership provides tremendous career mentoring and clear promotion trajectory.,0.657
3995,79,2026-09-01,4,3,4,2,Great autonomy on solution architecture. Enjoy mentoring junior analysts on agentic workflows.,0.51
3996,46,2026-09-01,3,4,4,4,Standard project pacing. Client expectations are rigorous but manageable with proper staffing.,-0.053
3997,6,2026-09-01,3,3,4,3,Compensation aligns with industry averages. Waiting to see outcome of mid-year review cycle.,-0.061
3998,71,2026-09-01,3,5,4,3,Compensation aligns with industry averages. Waiting to see outcome of mid-year review cycle.,0.196
3999,48,2026-09-01,3,5,4,3,Compensation aligns with industry averages. Waiting to see outcome of mid-year review cycle.,-0.016
4000,53,2026-09-01,3,3,4,3,"Training resources on Azure and Gen AI are decent, hoping for more hands-on lab allocations.",-0.09
4001,26,2026-09-01,5,4,3,5,"Training resources on Azure and Gen AI are decent, hoping for more hands-on lab allocations.",-0.088
4002,76,2026-09-01,3,3,3,3,Standard project pacing. Client expectations are rigorous but manageable with proper staffing.,-0.035
4003,82,2026-09-01,4,4,4,3,Energized by our client cloud modernization engagement and collaborative team culture.,0.748
4004,33,2026-09-01,3,4,4,4,Standard project pacing. Client expectations are rigorous but manageable with proper staffing.,-0.03
4005,7,2026-09-01,3,4,5,5,Compensation aligns with industry averages. Waiting to see outcome of mid-year review cycle.,0.079
4006,84,2026-09-01,3,4,3,3,Standard project pacing. Client expectations are rigorous but manageable with proper staffing.,0.057
4007,30,2026-09-01,3,4,4,5,"Training resources on Azure and Gen AI are decent, hoping for more hands-on lab allocations.",-0.1
4008,65,2026-09-01,3,3,3,4,Compensation aligns with industry averages. Waiting to see outcome of mid-year review cycle.,0.054
4009,68,2026-09-01,4,4,4,3,The transition to modern data stack and AI tooling has been a huge boost to our delivery velocity.,0.637
4010,2,2026-09-01,3,3,4,3,"Training resources on Azure and Gen AI are decent, hoping for more hands-on lab allocations.",-0.093
4011,39,2026-09-01,4,4,4,4,Great autonomy on solution architecture. Enjoy mentoring junior analysts on agentic workflows.,0.614
4012,63,2026-09-01,4,5,3,3,"Training resources on Azure and Gen AI are decent, hoping for more hands-on lab allocations.",-0.021
4013,76,2026-09-01,3,5,3,3,Compensation aligns with industry averages. Waiting to see outcome of mid-year review cycle.,0.195
4014,5,2026-09-01,3,5,4,4,"Training resources on Azure and Gen AI are decent, hoping for more hands-on lab allocations.",-0.121
4015,4,2026-09-01,2,4,3,4,Frustrated by repeated delays in promotion cycle despite rating 5 performance in consecutive cycles.,-0.354
4016,43,2026-09-01,3,5,4,4,Compensation aligns with industry averages. Waiting to see outcome of mid-year review cycle.,-0.087
4017,29,2026-09-01,3,4,4,3,"Good team dynamic, though communication between onshore and offshore squads could be smoother.",-0.069
4018,78,2026-09-01,3,2,3,3,Compensation aligns with industry averages. Waiting to see outcome of mid-year review cycle.,-0.061
4019,46,2026-09-01,4,4,4,3,The transition to modern data stack and AI tooling has been a huge boost to our delivery velocity.,0.537
4020,68,2026-09-01,4,4,5,3,"Very fair compensation, excellent recognition from my engagement partner, and healthy work balance.",0.701
4021,4,2026-09-01,3,4,3,3,"Good team dynamic, though communication between onshore and offshore squads could be smoother.",0.232
4022,42,2026-09-01,3,4,3,3,Compa-ratio is noticeably below market benchmark while billable utilization is consistently above 95%.,-0.691
4023,37,2026-09-01,4,3,4,3,Energized by our client cloud modernization engagement and collaborative team culture.,0.477
4024,76,2026-09-01,3,4,3,3,Frustrated by repeated delays in promotion cycle despite rating 5 performance in consecutive cycles.,-0.722
4025,39,2026-09-01,3,4,4,4,"Training resources on Azure and Gen AI are decent, hoping for more hands-on lab allocations.",0.04
4026,84,2026-09-01,5,3,4,3,"Very fair compensation, excellent recognition from my engagement partner, and healthy work balance.",0.841
4027,17,2026-09-01,4,4,4,3,The transition to modern data stack and AI tooling has been a huge boost to our delivery velocity.,0.51
4028,15,2026-09-01,3,4,4,3,Compensation aligns with industry averages. Waiting to see outcome of mid-year review cycle.,0.064
4029,5,2026-09-01,4,4,2,4,Lack of psychological safety and micromanager style since recent leadership re-alignment.,-0.849
4030,64,2026-09-01,3,5,3,3,"Good team dynamic, though communication between onshore and offshore squads could be smoother.",-0.135
4031,45,2026-09-01,3,4,4,3,"Training resources on Azure and Gen AI are decent, hoping for more hands-on lab allocations.",0.009
4032,51,2026-09-01,4,4,3,3,Standard project pacing. Client expectations are rigorous but manageable with proper staffing.,-0.055
4033,13,2026-09-01,5,2,3,4,Standard project pacing. Client expectations are rigorous but manageable with proper staffing.,0.061
4034,7,2026-09-01,2,4,3,3,Frustrated by repeated delays in promotion cycle despite rating 5 performance in consecutive cycles.,-0.844
4035,21,2026-09-01,3,4,4,3,"Good team dynamic, though communication between onshore and offshore squads could be smoother.",0.18
4036,60,2026-09-01,3,3,3,3,"Training resources on Azure and Gen AI are decent, hoping for more hands-on lab allocations.",-0.011
4037,28,2026-09-01,2,3,3,2,Compa-ratio is noticeably below market benchmark while billable utilization is consistently above 95%.,-0.767
4038,30,2026-09-01,4,3,3,5,Disillusioned with unrealistic client deadlines and total absence of work-life boundaries.,-0.692
4039,53,2026-09-01,3,3,4,4,"Good team dynamic, though communication between onshore and offshore squads could be smoother.",-0.002
4040,45,2026-09-01,3,4,4,2,Standard project pacing. Client expectations are rigorous but manageable with proper staffing.,-0.02
4041,55,2026-09-01,3,3,2,2,Severe burnout from sustained 60+ hour work weeks without staffing support on high-priority delivery.,-0.515
4042,2,2026-09-01,3,3,3,3,Standard project pacing. Client expectations are rigorous but manageable with proper staffing.,-0.076
4043,14,2026-09-01,3,4,4,3,Compensation aligns with industry averages. Waiting to see outcome of mid-year review cycle.,0.145
4044,20,2026-09-01,3,3,4,3,Standard project pacing. Client expectations are rigorous but manageable with proper staffing.,-0.072
4045,49,2026-09-01,5,4,4,5,"Very fair compensation, excellent recognition from my engagement partner, and healthy work balance.",0.517
4046,52,2026-09-01,4,5,4,4,Great autonomy on solution architecture. Enjoy mentoring junior analysts on agentic workflows.,0.802
4047,55,2026-09-01,3,4,4,3,Standard project pacing. Client expectations are rigorous but manageable with proper staffing.,-0.099
4048,5,2026-09-01,3,3,3,3,Compensation aligns with industry averages. Waiting to see outcome of mid-year review cycle.,-0.063
4049,82,2026-09-01,3,3,3,3,Standard project pacing. Client expectations are rigorous but manageable with proper staffing.,0.181
4050,9,2026-09-01,3,4,4,3,Compensation aligns with industry averages. Waiting to see outcome of mid-year review cycle.,0.189
4051,59,2026-09-01,2,4,4,3,Severe burnout from sustained 60+ hour work weeks without staffing support on high-priority delivery.,-0.484
4052,65,2026-09-01,3,4,4,4,Compensation aligns with industry averages. Waiting to see outcome of mid-year review cycle.,-0.074
4053,72,2026-09-01,5,2,4,5,Great autonomy on solution architecture. Enjoy mentoring junior analysts on agentic workflows.,0.432
4054,53,2026-09-01,3,5,4,3,Standard project pacing. Client expectations are rigorous but manageable with proper staffing.,0.012
4055,40,2026-09-01,3,5,3,3,Standard project pacing. Client expectations are rigorous but manageable with proper staffing.,-0.071
4056,4,2026-09-01,3,4,5,5,"Good team dynamic, though communication between onshore and offshore squads could be smoother.",-0.077
4057,63,2026-09-01,3,5,4,3,Compensation aligns with industry averages. Waiting to see outcome of mid-year review cycle.,-0.048
4058,34,2026-09-01,3,4,3,5,Standard project pacing. Client expectations are rigorous but manageable with proper staffing.,0.201
4059,20,2026-09-01,3,4,4,2,"Good team dynamic, though communication between onshore and offshore squads could be smoother.",0.213
4060,62,2026-09-01,4,4,3,4,"Good team dynamic, though communication between onshore and offshore squads could be smoother.",0.12
4061,54,2026-09-01,3,4,4,3,"Good team dynamic, though communication between onshore and offshore squads could be smoother.",0.119
4062,53,2026-09-01,3,3,3,2,"Good team dynamic, though communication between onshore and offshore squads could be smoother.",-0.115
4063,13,2026-09-01,4,4,3,5,Lack of psychological safety and micromanager style since recent leadership re-alignment.,-0.723
4064,8,2026-09-01,4,3,4,5,Energized by our client cloud modernization engagement and collaborative team culture.,0.57
4065,15,2026-09-01,3,4,3,3,Standard project pacing. Client expectations are rigorous but manageable with proper staffing.,0.098
4066,72,2026-09-01,3,3,3,4,"Training resources on Azure and Gen AI are decent, hoping for more hands-on lab allocations.",0.083
4067,29,2026-09-01,3,4,3,3,Standard project pacing. Client expectations are rigorous but manageable with proper staffing.,0.018
4068,76,2026-09-01,3,3,5,4,"Good team dynamic, though communication between onshore and offshore squads could be smoother.",-0.098
4069,32,2026-09-01,4,4,5,3,"Very fair compensation, excellent recognition from my engagement partner, and healthy work balance.",0.845
4070,65,2026-09-01,3,2,3,3,"Training resources on Azure and Gen AI are decent, hoping for more hands-on lab allocations.",0.144
4071,50,2026-09-01,4,4,4,3,Great autonomy on solution architecture. Enjoy mentoring junior analysts on agentic workflows.,0.666
4072,71,2026-09-01,3,4,4,3,Compensation aligns with industry averages. Waiting to see outcome of mid-year review cycle.,0.096
4073,26,2026-09-01,4,3,3,3,Standard project pacing. Client expectations are rigorous but manageable with proper staffing.,0.189
4074,64,2026-09-01,4,3,4,4,Great autonomy on solution architecture. Enjoy mentoring junior analysts on agentic workflows.,0.702
4075,64,2026-09-01,2,3,3,3,Frustrated by repeated delays in promotion cycle despite rating 5 performance in consecutive cycles.,-0.583
4076,47,2026-09-01,3,3,4,4,"Training resources on Azure and Gen AI are decent, hoping for more hands-on lab allocations.",0.081
4077,41,2026-09-01,4,3,3,4,Compensation aligns with industry averages. Waiting to see outcome of mid-year review cycle.,-0.13
4078,58,2026-09-01,5,4,4,4,Leadership provides tremendous career mentoring and clear promotion trajectory.,0.755
4079,21,2026-09-01,4,4,4,4,Great autonomy on solution architecture. Enjoy mentoring junior analysts on agentic workflows.,0.405
4080,24,2026-09-01,3,4,3,3,Compensation aligns with industry averages. Waiting to see outcome of mid-year review cycle.,0.197
4081,38,2026-09-01,5,5,4,5,Great autonomy on solution architecture. Enjoy mentoring junior analysts on agentic workflows.,0.552
4082,83,2026-09-01,2,4,2,3,Lack of psychological safety and micromanager style since recent leadership re-alignment.,-0.409
4083,62,2026-09-01,3,5,3,4,"Training resources on Azure and Gen AI are decent, hoping for more hands-on lab allocations.",0.152
4084,84,2026-09-01,4,3,3,3,"Good team dynamic, though communication between onshore and offshore squads could be smoother.",0.188
4085,62,2026-09-01,3,4,4,4,"Training resources on Azure and Gen AI are decent, hoping for more hands-on lab allocations.",0.046
4086,56,2026-09-01,2,5,2,3,Compa-ratio is noticeably below market benchmark while billable utilization is consistently above 95%.,-0.599
4087,44,2026-09-01,3,5,2,3,Lack of psychological safety and micromanager style since recent leadership re-alignment.,-0.681
4088,33,2026-09-01,4,4,4,3,Great autonomy on solution architecture. Enjoy mentoring junior analysts on agentic workflows.,0.359
4089,23,2026-09-01,3,4,3,4,Disillusioned with unrealistic client deadlines and total absence of work-life boundaries.,-0.38
4090,46,2026-09-01,2,2,4,3,Frustrated by repeated delays in promotion cycle despite rating 5 performance in consecutive cycles.,-0.685
4091,45,2026-09-01,4,5,3,4,Compensation aligns with industry averages. Waiting to see outcome of mid-year review cycle.,0.11
4092,30,2026-09-01,3,4,4,4,"Training resources on Azure and Gen AI are decent, hoping for more hands-on lab allocations.",0.043
4093,5,2026-09-01,3,5,4,3,"Good team dynamic, though communication between onshore and offshore squads could be smoother.",0.097
4094,30,2026-09-01,4,4,4,5,Leadership provides tremendous career mentoring and clear promotion trajectory.,0.725
4095,67,2026-09-01,4,4,5,3,Energized by our client cloud modernization engagement and collaborative team culture.,0.438
4096,15,2026-09-01,4,4,4,4,Great autonomy on solution architecture. Enjoy mentoring junior analysts on agentic workflows.,0.786
4097,31,2026-09-01,4,5,3,2,Compensation aligns with industry averages. Waiting to see outcome of mid-year review cycle.,-0.026
4098,67,2026-09-01,3,5,3,4,"Good team dynamic, though communication between onshore and offshore squads could be smoother.",0.156
4099,76,2026-09-01,4,4,4,3,"Very fair compensation, excellent recognition from my engagement partner, and healthy work balance.",0.726
4100,31,2026-09-01,4,4,5,3,The transition to modern data stack and AI tooling has been a huge boost to our delivery velocity.,0.473
4101,63,2026-09-01,3,3,4,4,Compensation aligns with industry averages. Waiting to see outcome of mid-year review cycle.,-0.109
4102,6,2026-09-01,3,3,4,3,"Training resources on Azure and Gen AI are decent, hoping for more hands-on lab allocations.",0.067
4103,51,2026-09-01,4,3,3,3,Standard project pacing. Client expectations are rigorous but manageable with proper staffing.,-0.136
4104,40,2026-09-01,4,4,3,5,"Good team dynamic, though communication between onshore and offshore squads could be smoother.",-0.089
4105,3,2026-09-01,3,4,4,3,"Training resources on Azure and Gen AI are decent, hoping for more hands-on lab allocations.",-0.034
4106,77,2026-09-01,4,3,5,4,Great autonomy on solution architecture. Enjoy mentoring junior analysts on agentic workflows.,0.614
4107,74,2026-09-01,3,3,5,4,Compensation aligns with industry averages. Waiting to see outcome of mid-year review cycle.,-0.119
4108,77,2026-09-01,4,4,4,4,Leadership provides tremendous career mentoring and clear promotion trajectory.,0.538
4109,13,2026-09-01,3,4,3,3,"Good team dynamic, though communication between onshore and offshore squads could be smoother.",0.15
4110,67,2026-09-01,3,5,3,4,Compensation aligns with industry averages. Waiting to see outcome of mid-year review cycle.,-0.12
4111,64,2026-09-01,4,4,4,3,"Very fair compensation, excellent recognition from my engagement partner, and healthy work balance.",0.732
4112,26,2026-09-01,3,4,4,4,Standard project pacing. Client expectations are rigorous but manageable with proper staffing.,0.061
4113,55,2026-09-01,4,4,3,3,Compensation aligns with industry averages. Waiting to see outcome of mid-year review cycle.,0.173
4114,57,2026-09-01,3,4,5,3,"Training resources on Azure and Gen AI are decent, hoping for more hands-on lab allocations.",-0.137
4115,48,2026-09-01,4,4,3,3,Severe burnout from sustained 60+ hour work weeks without staffing support on high-priority delivery.,-0.452
4116,7,2026-09-01,3,4,3,3,Compensation aligns with industry averages. Waiting to see outcome of mid-year review cycle.,0.002
4117,8,2026-09-01,3,3,4,4,"Training resources on Azure and Gen AI are decent, hoping for more hands-on lab allocations.",0.172
4118,27,2026-09-01,4,3,4,4,Leadership provides tremendous career mentoring and clear promotion trajectory.,0.589
4119,22,2026-09-01,2,3,5,3,Disillusioned with unrealistic client deadlines and total absence of work-life boundaries.,-0.743
4120,35,2026-09-01,3,3,3,4,"Good team dynamic, though communication between onshore and offshore squads could be smoother.",-0.004
4121,27,2026-09-01,3,3,3,3,Lack of psychological safety and micromanager style since recent leadership re-alignment.,-0.354
4122,63,2026-09-01,3,5,4,4,"Training resources on Azure and Gen AI are decent, hoping for more hands-on lab allocations.",-0.069
4123,75,2026-09-01,4,4,4,3,Leadership provides tremendous career mentoring and clear promotion trajectory.,0.698
4124,8,2026-09-01,3,4,4,3,Standard project pacing. Client expectations are rigorous but manageable with proper staffing.,-0.041
4125,67,2026-09-01,4,3,3,4,"Good team dynamic, though communication between onshore and offshore squads could be smoother.",0.082
4126,84,2026-09-01,3,4,3,2,"Training resources on Azure and Gen AI are decent, hoping for more hands-on lab allocations.",0.125
4127,3,2026-09-01,4,3,4,4,"Very fair compensation, excellent recognition from my engagement partner, and healthy work balance.",0.364
4128,83,2026-09-01,2,4,3,3,Disillusioned with unrealistic client deadlines and total absence of work-life boundaries.,-0.726
4129,32,2026-09-01,3,3,3,3,"Good team dynamic, though communication between onshore and offshore squads could be smoother.",-0.017
4130,49,2026-09-01,4,5,4,5,Leadership provides tremendous career mentoring and clear promotion trajectory.,0.801
4131,42,2026-09-01,4,5,2,4,Compa-ratio is noticeably below market benchmark while billable utilization is consistently above 95%.,-0.539
4132,24,2026-09-01,3,3,5,5,Compensation aligns with industry averages. Waiting to see outcome of mid-year review cycle.,0.164
4133,20,2026-09-01,2,5,3,4,Lack of psychological safety and micromanager style since recent leadership re-alignment.,-0.776
4134,68,2026-09-01,2,3,3,2,Frustrated by repeated delays in promotion cycle despite rating 5 performance in consecutive cycles.,-0.538
4135,77,2026-09-01,4,5,4,4,Great autonomy on solution architecture. Enjoy mentoring junior analysts on agentic workflows.,0.439
4136,3,2026-09-01,2,5,4,4,Frustrated by repeated delays in promotion cycle despite rating 5 performance in consecutive cycles.,-0.372
4137,36,2026-09-01,3,3,4,3,Standard project pacing. Client expectations are rigorous but manageable with proper staffing.,0.199
4138,70,2026-09-01,4,3,4,3,Energized by our client cloud modernization engagement and collaborative team culture.,0.83
4139,23,2026-09-01,4,4,4,3,Energized by our client cloud modernization engagement and collaborative team culture.,0.571
4140,1,2026-09-01,3,4,4,3,Compensation aligns with industry averages. Waiting to see outcome of mid-year review cycle.,0.132
4141,42,2026-09-01,3,5,4,3,Compensation aligns with industry averages. Waiting to see outcome of mid-year review cycle.,-0.142
4142,20,2026-09-01,4,4,4,2,Leadership provides tremendous career mentoring and clear promotion trajectory.,0.385
4143,64,2026-09-01,3,3,4,4,"Training resources on Azure and Gen AI are decent, hoping for more hands-on lab allocations.",0.12
4144,34,2026-09-01,3,4,3,3,"Good team dynamic, though communication between onshore and offshore squads could be smoother.",-0.1
4145,72,2026-09-01,3,5,3,4,"Training resources on Azure and Gen AI are decent, hoping for more hands-on lab allocations.",0.171
4146,4,2026-09-01,3,5,4,3,Standard project pacing. Client expectations are rigorous but manageable with proper staffing.,-0.124
4147,24,2026-09-01,4,5,5,3,Great autonomy on solution architecture. Enjoy mentoring junior analysts on agentic workflows.,0.5
4148,45,2026-09-01,3,4,4,3,Standard project pacing. Client expectations are rigorous but manageable with proper staffing.,0.186
4149,76,2026-09-01,4,4,4,2,Leadership provides tremendous career mentoring and clear promotion trajectory.,0.404
4150,47,2026-09-01,3,3,4,3,Standard project pacing. Client expectations are rigorous but manageable with proper staffing.,-0.011
4151,61,2026-09-01,4,4,4,4,"Very fair compensation, excellent recognition from my engagement partner, and healthy work balance.",0.866
4152,41,2026-09-01,3,4,4,3,Compensation aligns with industry averages. Waiting to see outcome of mid-year review cycle.,0.245
4153,7,2026-09-01,4,3,5,5,"Very fair compensation, excellent recognition from my engagement partner, and healthy work balance.",0.774
4154,68,2026-09-01,4,4,5,5,"Very fair compensation, excellent recognition from my engagement partner, and healthy work balance.",0.725
4155,46,2026-09-01,4,5,4,4,The transition to modern data stack and AI tooling has been a huge boost to our delivery velocity.,0.7
4156,47,2026-09-01,4,4,4,5,Energized by our client cloud modernization engagement and collaborative team culture.,0.799
4157,9,2026-09-01,3,4,4,3,Standard project pacing. Client expectations are rigorous but manageable with proper staffing.,0.233
4158,20,2026-09-01,4,3,5,3,The transition to modern data stack and AI tooling has been a huge boost to our delivery velocity.,0.408
4159,71,2026-09-01,4,3,4,5,Leadership provides tremendous career mentoring and clear promotion trajectory.,0.726
4160,64,2026-09-01,2,3,4,3,Severe burnout from sustained 60+ hour work weeks without staffing support on high-priority delivery.,-0.781
4161,36,2026-09-01,3,3,3,3,"Good team dynamic, though communication between onshore and offshore squads could be smoother.",0.091
4162,13,2026-09-01,3,3,5,3,"Good team dynamic, though communication between onshore and offshore squads could be smoother.",-0.059
4163,25,2026-09-01,3,3,4,2,Compensation aligns with industry averages. Waiting to see outcome of mid-year review cycle.,-0.01
4164,77,2026-09-01,2,4,1,4,Frustrated by repeated delays in promotion cycle despite rating 5 performance in consecutive cycles.,-0.559
4165,64,2026-09-01,4,4,3,5,Compensation aligns with industry averages. Waiting to see outcome of mid-year review cycle.,0.212
4166,81,2026-09-01,3,5,3,4,"Good team dynamic, though communication between onshore and offshore squads could be smoother.",-0.004
4167,24,2026-09-01,4,4,4,4,Energized by our client cloud modernization engagement and collaborative team culture.,0.593
4168,52,2026-09-01,4,4,3,4,Standard project pacing. Client expectations are rigorous but manageable with proper staffing.,0.135
4169,11,2026-09-01,4,3,3,5,"Good team dynamic, though communication between onshore and offshore squads could be smoother.",0.217
4170,65,2026-09-01,2,4,2,3,Disillusioned with unrealistic client deadlines and total absence of work-life boundaries.,-0.705
4171,38,2026-09-01,3,4,4,4,"Good team dynamic, though communication between onshore and offshore squads could be smoother.",0.085
4172,26,2026-09-01,3,2,4,3,"Training resources on Azure and Gen AI are decent, hoping for more hands-on lab allocations.",0.215
4173,16,2026-09-01,2,4,3,4,Frustrated by repeated delays in promotion cycle despite rating 5 performance in consecutive cycles.,-0.762
4174,9,2026-09-01,3,4,5,3,Standard project pacing. Client expectations are rigorous but manageable with proper staffing.,0.191
4175,73,2026-09-01,3,4,2,5,Lack of psychological safety and micromanager style since recent leadership re-alignment.,-0.841
4176,42,2026-09-01,3,4,3,3,Severe burnout from sustained 60+ hour work weeks without staffing support on high-priority delivery.,-0.794
4177,42,2026-09-01,4,4,4,3,Energized by our client cloud modernization engagement and collaborative team culture.,0.504
4178,5,2026-09-01,5,4,3,4,"Training resources on Azure and Gen AI are decent, hoping for more hands-on lab allocations.",0.151
4179,68,2026-09-01,4,5,5,3,The transition to modern data stack and AI tooling has been a huge boost to our delivery velocity.,0.632
4180,72,2026-09-01,4,3,5,2,Leadership provides tremendous career mentoring and clear promotion trajectory.,0.453
4181,62,2026-09-01,3,4,4,3,"Training resources on Azure and Gen AI are decent, hoping for more hands-on lab allocations.",0.238
4182,80,2026-09-01,4,4,3,5,"Training resources on Azure and Gen AI are decent, hoping for more hands-on lab allocations.",-0.106
4183,66,2026-09-01,3,3,4,3,Standard project pacing. Client expectations are rigorous but manageable with proper staffing.,-0.024
4184,49,2026-09-01,3,4,3,3,"Good team dynamic, though communication between onshore and offshore squads could be smoother.",0.22
4185,67,2026-09-01,4,4,4,5,Leadership provides tremendous career mentoring and clear promotion trajectory.,0.643
4186,10,2026-09-01,5,4,3,5,"Good team dynamic, though communication between onshore and offshore squads could be smoother.",-0.008
4187,59,2026-09-01,4,4,3,3,"Training resources on Azure and Gen AI are decent, hoping for more hands-on lab allocations.",0.018
4188,49,2026-09-01,4,4,4,5,The transition to modern data stack and AI tooling has been a huge boost to our delivery velocity.,0.592
4189,54,2026-09-01,4,3,4,3,Great autonomy on solution architecture. Enjoy mentoring junior analysts on agentic workflows.,0.666
4190,36,2026-09-01,4,4,5,4,Energized by our client cloud modernization engagement and collaborative team culture.,0.417
4191,68,2026-09-01,3,4,3,3,Disillusioned with unrealistic client deadlines and total absence of work-life boundaries.,-0.351
4192,58,2026-09-01,3,2,4,3,"Training resources on Azure and Gen AI are decent, hoping for more hands-on lab allocations.",-0.149
4193,74,2026-09-01,4,4,4,4,"Very fair compensation, excellent recognition from my engagement partner, and healthy work balance.",0.663
4194,74,2026-09-01,4,3,4,3,"Very fair compensation, excellent recognition from my engagement partner, and healthy work balance.",0.569
4195,40,2026-09-01,4,3,4,4,Great autonomy on solution architecture. Enjoy mentoring junior analysts on agentic workflows.,0.818
4196,50,2026-09-01,4,3,4,4,"Very fair compensation, excellent recognition from my engagement partner, and healthy work balance.",0.455
4197,36,2026-09-01,3,3,4,2,"Training resources on Azure and Gen AI are decent, hoping for more hands-on lab allocations.",0.06
4198,43,2026-09-01,3,5,4,2,Standard project pacing. Client expectations are rigorous but manageable with proper staffing.,0.246
4199,16,2026-09-01,4,4,4,5,"Very fair compensation, excellent recognition from my engagement partner, and healthy work balance.",0.364
4200,56,2026-09-01,3,2,3,3,Compensation aligns with industry averages. Waiting to see outcome of mid-year review cycle.,0.093
4201,51,2026-09-01,3,5,4,4,Compensation aligns with industry averages. Waiting to see outcome of mid-year review cycle.,-0.072
4202,71,2026-09-01,4,4,4,4,Leadership provides tremendous career mentoring and clear promotion trajectory.,0.578
4203,20,2026-09-01,4,3,3,3,"Training resources on Azure and Gen AI are decent, hoping for more hands-on lab allocations.",-0.104
4204,11,2026-09-01,3,3,4,3,Standard project pacing. Client expectations are rigorous but manageable with proper staffing.,0.177
4205,49,2026-09-01,4,4,5,4,"Very fair compensation, excellent recognition from my engagement partner, and healthy work balance.",0.773
4206,26,2026-09-01,4,2,5,4,"Very fair compensation, excellent recognition from my engagement partner, and healthy work balance.",0.656
4207,83,2026-09-01,3,4,3,3,"Good team dynamic, though communication between onshore and offshore squads could be smoother.",0.231
4208,54,2026-09-01,4,5,4,3,Great autonomy on solution architecture. Enjoy mentoring junior analysts on agentic workflows.,0.494
4209,17,2026-09-01,3,4,3,4,"Training resources on Azure and Gen AI are decent, hoping for more hands-on lab allocations.",0.148
4210,1,2026-09-01,4,4,3,4,"Training resources on Azure and Gen AI are decent, hoping for more hands-on lab allocations.",-0.012
4211,36,2026-09-01,3,4,4,3,Compensation aligns with industry averages. Waiting to see outcome of mid-year review cycle.,-0.051
4212,34,2026-09-01,2,4,3,3,Severe burnout from sustained 60+ hour work weeks without staffing support on high-priority delivery.,-0.629
4213,42,2026-09-01,4,3,3,5,"Good team dynamic, though communication between onshore and offshore squads could be smoother.",0.005
4214,53,2026-09-01,3,4,4,5,Compensation aligns with industry averages. Waiting to see outcome of mid-year review cycle.,0.141
4215,82,2026-09-01,3,3,4,3,Standard project pacing. Client expectations are rigorous but manageable with proper staffing.,0.003
4216,11,2026-09-01,4,3,3,4,Compensation aligns with industry averages. Waiting to see outcome of mid-year review cycle.,0.237
4217,13,2026-09-01,5,3,4,4,Energized by our client cloud modernization engagement and collaborative team culture.,0.606
4218,68,2026-09-01,4,4,5,3,Great autonomy on solution architecture. Enjoy mentoring junior analysts on agentic workflows.,0.848
4219,67,2026-09-01,3,3,3,3,Standard project pacing. Client expectations are rigorous but manageable with proper staffing.,0.086
4220,64,2026-09-01,3,5,4,3,"Good team dynamic, though communication between onshore and offshore squads could be smoother.",-0.092
4221,19,2026-09-01,3,3,4,3,"Training resources on Azure and Gen AI are decent, hoping for more hands-on lab allocations.",-0.147
4222,3,2026-09-01,4,4,4,5,Energized by our client cloud modernization engagement and collaborative team culture.,0.752
4223,60,2026-09-01,3,4,4,3,Standard project pacing. Client expectations are rigorous but manageable with proper staffing.,0.153
4224,67,2026-09-01,3,4,4,2,"Training resources on Azure and Gen AI are decent, hoping for more hands-on lab allocations.",0.074
4225,45,2026-09-01,4,2,3,4,"Good team dynamic, though communication between onshore and offshore squads could be smoother.",0.131
4226,46,2026-09-01,2,3,2,4,Severe burnout from sustained 60+ hour work weeks without staffing support on high-priority delivery.,-0.511
4227,46,2026-09-01,4,5,2,3,Lack of psychological safety and micromanager style since recent leadership re-alignment.,-0.537
4228,4,2026-09-01,4,3,3,3,Standard project pacing. Client expectations are rigorous but manageable with proper staffing.,0.227
4229,65,2026-09-01,3,2,3,4,"Good team dynamic, though communication between onshore and offshore squads could be smoother.",-0.073
4230,35,2026-09-01,4,3,4,5,Energized by our client cloud modernization engagement and collaborative team culture.,0.536
4231,61,2026-09-01,5,5,2,4,Frustrated by repeated delays in promotion cycle despite rating 5 performance in consecutive cycles.,-0.796
4232,35,2026-09-01,4,4,4,5,Energized by our client cloud modernization engagement and collaborative team culture.,0.352
4233,5,2026-09-01,3,4,3,3,Standard project pacing. Client expectations are rigorous but manageable with proper staffing.,0.025
4234,40,2026-09-01,3,3,4,4,Compensation aligns with industry averages. Waiting to see outcome of mid-year review cycle.,0.114
4235,65,2026-09-01,3,4,3,3,"Training resources on Azure and Gen AI are decent, hoping for more hands-on lab allocations.",-0.098
4236,51,2026-09-01,2,4,4,4,Severe burnout from sustained 60+ hour work weeks without staffing support on high-priority delivery.,-0.573
4237,46,2026-09-01,3,5,3,3,"Good team dynamic, though communication between onshore and offshore squads could be smoother.",0.026
4238,31,2026-09-01,4,3,4,3,The transition to modern data stack and AI tooling has been a huge boost to our delivery velocity.,0.597
4239,68,2026-09-01,4,4,3,3,Compensation aligns with industry averages. Waiting to see outcome of mid-year review cycle.,-0.009
4240,80,2026-09-01,3,2,2,3,Frustrated by repeated delays in promotion cycle despite rating 5 performance in consecutive cycles.,-0.565
4241,62,2026-09-01,3,4,4,3,Compensation aligns with industry averages. Waiting to see outcome of mid-year review cycle.,0.24
4242,83,2026-09-01,4,4,4,4,Leadership provides tremendous career mentoring and clear promotion trajectory.,0.786
4243,84,2026-09-01,3,3,4,3,"Training resources on Azure and Gen AI are decent, hoping for more hands-on lab allocations.",0.09
4244,35,2026-09-01,2,4,3,3,Severe burnout from sustained 60+ hour work weeks without staffing support on high-priority delivery.,-0.656
4245,4,2026-09-01,4,3,4,3,Leadership provides tremendous career mentoring and clear promotion trajectory.,0.615
4246,27,2026-09-01,3,3,4,3,"Good team dynamic, though communication between onshore and offshore squads could be smoother.",-0.101
4247,72,2026-09-01,4,4,4,4,The transition to modern data stack and AI tooling has been a huge boost to our delivery velocity.,0.813
4248,12,2026-09-01,4,3,4,3,Energized by our client cloud modernization engagement and collaborative team culture.,0.648
4249,21,2026-09-01,3,4,4,3,"Good team dynamic, though communication between onshore and offshore squads could be smoother.",-0.068
4250,54,2026-09-01,3,5,4,4,"Training resources on Azure and Gen AI are decent, hoping for more hands-on lab allocations.",-0.044
4251,82,2026-09-01,3,5,4,4,"Good team dynamic, though communication between onshore and offshore squads could be smoother.",0.144
4252,64,2026-09-01,4,4,4,5,The transition to modern data stack and AI tooling has been a huge boost to our delivery velocity.,0.594
4253,38,2026-09-01,3,5,5,4,Standard project pacing. Client expectations are rigorous but manageable with proper staffing.,0.069
4254,24,2026-09-01,2,3,4,4,Compa-ratio is noticeably below market benchmark while billable utilization is consistently above 95%.,-0.673
4255,74,2026-09-01,4,3,4,3,The transition to modern data stack and AI tooling has been a huge boost to our delivery velocity.,0.72
4256,30,2026-09-01,3,5,4,3,"Training resources on Azure and Gen AI are decent, hoping for more hands-on lab allocations.",-0.023
4257,5,2026-09-01,4,5,3,4,"Training resources on Azure and Gen AI are decent, hoping for more hands-on lab allocations.",0.004
4258,49,2026-09-01,3,3,3,3,Compa-ratio is noticeably below market benchmark while billable utilization is consistently above 95%.,-0.459
4259,31,2026-09-01,3,4,4,4,Compensation aligns with industry averages. Waiting to see outcome of mid-year review cycle.,0.2
4260,83,2026-09-01,4,4,4,3,Energized by our client cloud modernization engagement and collaborative team culture.,0.66
4261,52,2026-09-01,3,4,4,5,"Good team dynamic, though communication between onshore and offshore squads could be smoother.",0.182
4262,9,2026-09-01,3,3,3,3,Compensation aligns with industry averages. Waiting to see outcome of mid-year review cycle.,0.043
4263,57,2026-09-01,4,4,3,2,"Training resources on Azure and Gen AI are decent, hoping for more hands-on lab allocations.",-0.001
4264,59,2026-09-01,2,3,1,2,Frustrated by repeated delays in promotion cycle despite rating 5 performance in consecutive cycles.,-0.58
4265,66,2026-09-01,3,3,3,2,Standard project pacing. Client expectations are rigorous but manageable with proper staffing.,0.217
4266,6,2026-09-01,4,4,4,3,The transition to modern data stack and AI tooling has been a huge boost to our delivery velocity.,0.687
4267,1,2026-09-01,4,4,4,5,Leadership provides tremendous career mentoring and clear promotion trajectory.,0.396
4268,62,2026-09-01,4,3,4,4,The transition to modern data stack and AI tooling has been a huge boost to our delivery velocity.,0.352
4269,5,2026-09-01,2,4,4,3,Compa-ratio is noticeably below market benchmark while billable utilization is consistently above 95%.,-0.651
4270,28,2026-09-01,5,5,4,4,Leadership provides tremendous career mentoring and clear promotion trajectory.,0.478
4271,68,2026-09-01,4,3,3,3,"Training resources on Azure and Gen AI are decent, hoping for more hands-on lab allocations.",0.23
4272,9,2026-09-01,3,2,2,3,Frustrated by repeated delays in promotion cycle despite rating 5 performance in consecutive cycles.,-0.444
4273,1,2026-09-01,5,4,5,5,"Very fair compensation, excellent recognition from my engagement partner, and healthy work balance.",0.83
4274,81,2026-09-01,4,3,4,3,Leadership provides tremendous career mentoring and clear promotion trajectory.,0.687
4275,6,2026-09-01,3,5,4,3,"Training resources on Azure and Gen AI are decent, hoping for more hands-on lab allocations.",0.232
4276,24,2026-09-01,3,3,4,3,"Good team dynamic, though communication between onshore and offshore squads could be smoother.",-0.077
4277,46,2026-09-01,4,4,4,4,The transition to modern data stack and AI tooling has been a huge boost to our delivery velocity.,0.466
4278,11,2026-09-01,4,3,5,3,The transition to modern data stack and AI tooling has been a huge boost to our delivery velocity.,0.364
4279,34,2026-09-01,2,3,2,2,Compa-ratio is noticeably below market benchmark while billable utilization is consistently above 95%.,-0.82
4280,15,2026-09-01,2,3,3,3,Frustrated by repeated delays in promotion cycle despite rating 5 performance in consecutive cycles.,-0.691
4281,37,2026-09-01,3,4,3,3,"Good team dynamic, though communication between onshore and offshore squads could be smoother.",0.079
4282,12,2026-09-01,4,4,4,4,"Very fair compensation, excellent recognition from my engagement partner, and healthy work balance.",0.639
4283,61,2026-09-01,4,4,3,3,"Training resources on Azure and Gen AI are decent, hoping for more hands-on lab allocations.",-0.095
4284,78,2026-09-01,4,3,5,3,The transition to modern data stack and AI tooling has been a huge boost to our delivery velocity.,0.711
4285,53,2026-09-01,3,4,5,4,Standard project pacing. Client expectations are rigorous but manageable with proper staffing.,-0.001
4286,81,2026-09-01,4,4,3,4,Standard project pacing. Client expectations are rigorous but manageable with proper staffing.,0.21
4287,30,2026-09-01,3,3,3,3,"Good team dynamic, though communication between onshore and offshore squads could be smoother.",0.107
4288,12,2026-09-01,3,4,3,5,Compa-ratio is noticeably below market benchmark while billable utilization is consistently above 95%.,-0.356
4289,7,2026-09-01,4,4,3,3,Compensation aligns with industry averages. Waiting to see outcome of mid-year review cycle.,0.06
4290,7,2026-09-01,4,4,4,5,"Very fair compensation, excellent recognition from my engagement partner, and healthy work balance.",0.619
4291,60,2026-09-01,3,4,4,4,"Training resources on Azure and Gen AI are decent, hoping for more hands-on lab allocations.",-0.025
4292,36,2026-09-01,4,3,3,5,Compensation aligns with industry averages. Waiting to see outcome of mid-year review cycle.,0.195
4293,10,2026-09-01,4,3,4,4,"Very fair compensation, excellent recognition from my engagement partner, and healthy work balance.",0.685
4294,57,2026-09-01,4,4,5,3,Great autonomy on solution architecture. Enjoy mentoring junior analysts on agentic workflows.,0.765
4295,59,2026-09-01,4,3,3,5,"Good team dynamic, though communication between onshore and offshore squads could be smoother.",-0.049
4296,24,2026-09-01,5,4,4,5,"Very fair compensation, excellent recognition from my engagement partner, and healthy work balance.",0.703
4297,36,2026-09-01,2,4,4,3,Frustrated by repeated delays in promotion cycle despite rating 5 performance in consecutive cycles.,-0.76
4298,77,2026-09-01,4,3,3,5,"Training resources on Azure and Gen AI are decent, hoping for more hands-on lab allocations.",0.224
4299,67,2026-09-01,5,5,4,3,The transition to modern data stack and AI tooling has been a huge boost to our delivery velocity.,0.746
4300,16,2026-09-01,4,4,4,4,The transition to modern data stack and AI tooling has been a huge boost to our delivery velocity.,0.771
4301,11,2026-09-01,3,4,4,2,"Training resources on Azure and Gen AI are decent, hoping for more hands-on lab allocations.",0.066
4302,42,2026-09-01,3,3,3,4,Compensation aligns with industry averages. Waiting to see outcome of mid-year review cycle.,0.188
4303,64,2026-09-01,3,4,5,3,"Good team dynamic, though communication between onshore and offshore squads could be smoother.",0.047
4304,83,2026-09-01,3,2,3,3,Standard project pacing. Client expectations are rigorous but manageable with proper staffing.,0.076
4305,22,2026-09-01,3,4,4,3,Standard project pacing. Client expectations are rigorous but manageable with proper staffing.,0.192
4306,43,2026-09-01,4,4,4,4,"Very fair compensation, excellent recognition from my engagement partner, and healthy work balance.",0.589
4307,4,2026-09-01,4,4,2,3,Severe burnout from sustained 60+ hour work weeks without staffing support on high-priority delivery.,-0.716
4308,8,2026-09-01,3,5,3,3,Standard project pacing. Client expectations are rigorous but manageable with proper staffing.,-0.148
4309,75,2026-09-01,4,4,4,2,The transition to modern data stack and AI tooling has been a huge boost to our delivery velocity.,0.774
4310,57,2026-09-01,3,5,3,4,Severe burnout from sustained 60+ hour work weeks without staffing support on high-priority delivery.,-0.777
4311,42,2026-09-01,3,2,4,2,Standard project pacing. Client expectations are rigorous but manageable with proper staffing.,0.134
4312,33,2026-09-01,4,3,3,4,"Good team dynamic, though communication between onshore and offshore squads could be smoother.",-0.068
4313,7,2026-09-01,3,4,3,3,Compensation aligns with industry averages. Waiting to see outcome of mid-year review cycle.,0.244
4314,63,2026-09-01,4,4,4,4,The transition to modern data stack and AI tooling has been a huge boost to our delivery velocity.,0.406
4315,30,2026-09-01,4,3,4,3,Leadership provides tremendous career mentoring and clear promotion trajectory.,0.644
4316,24,2026-09-01,3,4,4,3,"Good team dynamic, though communication between onshore and offshore squads could be smoother.",0.148
4317,20,2026-09-01,4,3,3,4,"Training resources on Azure and Gen AI are decent, hoping for more hands-on lab allocations.",0.103
4318,63,2026-09-01,3,3,4,4,Standard project pacing. Client expectations are rigorous but manageable with proper staffing.,-0.069
4319,24,2026-09-01,4,3,5,3,The transition to modern data stack and AI tooling has been a huge boost to our delivery velocity.,0.535
4320,68,2026-09-01,2,4,3,3,Severe burnout from sustained 60+ hour work weeks without staffing support on high-priority delivery.,-0.81
4321,70,2026-09-01,2,4,2,5,Compa-ratio is noticeably below market benchmark while billable utilization is consistently above 95%.,-0.308
4322,69,2026-09-01,4,3,4,4,Leadership provides tremendous career mentoring and clear promotion trajectory.,0.722
4323,14,2026-09-01,2,4,3,2,Severe burnout from sustained 60+ hour work weeks without staffing support on high-priority delivery.,-0.291
4324,17,2026-09-01,1,4,2,4,Frustrated by repeated delays in promotion cycle despite rating 5 performance in consecutive cycles.,-0.477
4325,66,2026-09-01,3,3,4,4,Compensation aligns with industry averages. Waiting to see outcome of mid-year review cycle.,0.167
4326,80,2026-09-01,3,3,4,3,"Training resources on Azure and Gen AI are decent, hoping for more hands-on lab allocations.",0.02
4327,72,2026-09-01,3,4,5,3,"Training resources on Azure and Gen AI are decent, hoping for more hands-on lab allocations.",-0.067
4328,40,2026-09-01,3,4,4,4,"Good team dynamic, though communication between onshore and offshore squads could be smoother.",0.138
4329,35,2026-09-01,4,4,4,4,Great autonomy on solution architecture. Enjoy mentoring junior analysts on agentic workflows.,0.613
4330,68,2026-09-01,4,4,3,3,"Training resources on Azure and Gen AI are decent, hoping for more hands-on lab allocations.",-0.089
4331,81,2026-09-01,3,3,4,3,Compensation aligns with industry averages. Waiting to see outcome of mid-year review cycle.,-0.014
4332,10,2026-09-01,5,2,4,3,Energized by our client cloud modernization engagement and collaborative team culture.,0.37
4333,41,2026-09-01,3,2,3,4,Frustrated by repeated delays in promotion cycle despite rating 5 performance in consecutive cycles.,-0.297
4334,31,2026-09-01,3,4,3,5,"Good team dynamic, though communication between onshore and offshore squads could be smoother.",0.165
4335,66,2026-09-01,3,3,4,2,"Good team dynamic, though communication between onshore and offshore squads could be smoother.",-0.055
4336,6,2026-09-01,3,3,3,4,"Training resources on Azure and Gen AI are decent, hoping for more hands-on lab allocations.",-0.123
4337,39,2026-09-01,3,5,3,3,Compa-ratio is noticeably below market benchmark while billable utilization is consistently above 95%.,-0.702
4338,45,2026-09-01,2,4,3,3,Severe burnout from sustained 60+ hour work weeks without staffing support on high-priority delivery.,-0.575
4339,28,2026-09-01,4,5,3,3,Lack of psychological safety and micromanager style since recent leadership re-alignment.,-0.424
4340,46,2026-09-01,3,4,3,5,"Training resources on Azure and Gen AI are decent, hoping for more hands-on lab allocations.",0.187
4341,21,2026-09-01,3,3,4,4,"Training resources on Azure and Gen AI are decent, hoping for more hands-on lab allocations.",0.208
4342,7,2026-09-01,3,4,4,3,"Good team dynamic, though communication between onshore and offshore squads could be smoother.",-0.081
4343,64,2026-09-01,3,3,4,4,Compensation aligns with industry averages. Waiting to see outcome of mid-year review cycle.,-0.095
4344,20,2026-09-01,4,2,4,4,The transition to modern data stack and AI tooling has been a huge boost to our delivery velocity.,0.574
4345,62,2026-09-01,3,4,2,2,Lack of psychological safety and micromanager style since recent leadership re-alignment.,-0.609
4346,82,2026-09-01,2,3,3,3,Compa-ratio is noticeably below market benchmark while billable utilization is consistently above 95%.,-0.42
4347,29,2026-09-01,3,5,4,4,Standard project pacing. Client expectations are rigorous but manageable with proper staffing.,0.178
4348,75,2026-09-01,3,3,4,3,"Good team dynamic, though communication between onshore and offshore squads could be smoother.",0.124
4349,83,2026-09-01,3,4,3,3,Compa-ratio is noticeably below market benchmark while billable utilization is consistently above 95%.,-0.273
4350,56,2026-09-01,2,3,3,3,Compa-ratio is noticeably below market benchmark while billable utilization is consistently above 95%.,-0.699
4351,53,2026-09-01,4,4,4,3,Leadership provides tremendous career mentoring and clear promotion trajectory.,0.499
4352,25,2026-09-01,4,4,4,5,Energized by our client cloud modernization engagement and collaborative team culture.,0.53
4353,29,2026-09-01,3,5,4,4,Compensation aligns with industry averages. Waiting to see outcome of mid-year review cycle.,0.045
4354,67,2026-09-01,3,4,3,4,"Training resources on Azure and Gen AI are decent, hoping for more hands-on lab allocations.",-0.008
4355,38,2026-09-01,3,4,3,3,Compensation aligns with industry averages. Waiting to see outcome of mid-year review cycle.,0.211
4356,25,2026-09-01,3,3,3,3,Standard project pacing. Client expectations are rigorous but manageable with proper staffing.,-0.073
4357,75,2026-09-01,4,4,3,4,Standard project pacing. Client expectations are rigorous but manageable with proper staffing.,0.123
4358,48,2026-09-01,3,3,4,3,"Good team dynamic, though communication between onshore and offshore squads could be smoother.",0.03
4359,24,2026-09-01,4,4,4,3,Leadership provides tremendous career mentoring and clear promotion trajectory.,0.453
4360,31,2026-09-01,3,3,4,3,Compensation aligns with industry averages. Waiting to see outcome of mid-year review cycle.,-0.131
4361,76,2026-09-01,4,5,5,3,Energized by our client cloud modernization engagement and collaborative team culture.,0.644
4362,73,2026-09-01,3,3,3,4,Compensation aligns with industry averages. Waiting to see outcome of mid-year review cycle.,0.125
4363,73,2026-09-01,3,4,3,3,Compensation aligns with industry averages. Waiting to see outcome of mid-year review cycle.,0.233
4364,36,2026-09-01,5,5,4,4,"Very fair compensation, excellent recognition from my engagement partner, and healthy work balance.",0.695
4365,7,2026-09-01,4,4,4,4,Great autonomy on solution architecture. Enjoy mentoring junior analysts on agentic workflows.,0.658
4366,13,2026-09-01,2,2,3,3,Compa-ratio is noticeably below market benchmark while billable utilization is consistently above 95%.,-0.545
4367,63,2026-09-01,3,4,4,4,Standard project pacing. Client expectations are rigorous but manageable with proper staffing.,0.082
4368,73,2026-09-01,4,3,5,3,Energized by our client cloud modernization engagement and collaborative team culture.,0.713
4369,61,2026-09-01,3,5,4,3,"Training resources on Azure and Gen AI are decent, hoping for more hands-on lab allocations.",0.055
4370,78,2026-09-01,3,5,3,4,"Training resources on Azure and Gen AI are decent, hoping for more hands-on lab allocations.",0.118
4371,78,2026-09-01,3,3,3,4,"Good team dynamic, though communication between onshore and offshore squads could be smoother.",-0.045
4372,81,2026-09-01,2,3,3,3,Frustrated by repeated delays in promotion cycle despite rating 5 performance in consecutive cycles.,-0.512
4373,36,2026-09-01,3,4,3,4,"Training resources on Azure and Gen AI are decent, hoping for more hands-on lab allocations.",0.013
4374,2,2026-09-01,3,3,4,3,Standard project pacing. Client expectations are rigorous but manageable with proper staffing.,0.189
4375,68,2026-09-01,4,2,4,3,The transition to modern data stack and AI tooling has been a huge boost to our delivery velocity.,0.585
4376,43,2026-09-01,3,3,4,4,"Good team dynamic, though communication between onshore and offshore squads could be smoother.",0.012
4377,16,2026-09-01,3,5,4,3,"Training resources on Azure and Gen AI are decent, hoping for more hands-on lab allocations.",0.029
4378,2,2026-09-01,3,4,5,3,"Training resources on Azure and Gen AI are decent, hoping for more hands-on lab allocations.",0.063
4379,84,2026-09-01,2,5,4,3,Disillusioned with unrealistic client deadlines and total absence of work-life boundaries.,-0.549
4380,36,2026-09-01,3,3,4,3,"Good team dynamic, though communication between onshore and offshore squads could be smoother.",0.167
4381,47,2026-09-01,3,3,4,3,Standard project pacing. Client expectations are rigorous but manageable with proper staffing.,0.165
4382,53,2026-09-01,5,4,3,4,"Training resources on Azure and Gen AI are decent, hoping for more hands-on lab allocations.",0.004
4383,65,2026-09-01,3,4,4,3,"Training resources on Azure and Gen AI are decent, hoping for more hands-on lab allocations.",0.033
4384,77,2026-09-01,4,3,4,3,Leadership provides tremendous career mentoring and clear promotion trajectory.,0.657
4385,47,2026-09-01,4,4,4,4,Leadership provides tremendous career mentoring and clear promotion trajectory.,0.886
4386,15,2026-09-01,4,5,4,3,Energized by our client cloud modernization engagement and collaborative team culture.,0.899
4387,64,2026-09-01,3,5,4,2,"Training resources on Azure and Gen AI are decent, hoping for more hands-on lab allocations.",0.25
4388,32,2026-09-01,3,3,3,5,"Good team dynamic, though communication between onshore and offshore squads could be smoother.",0.2
4389,41,2026-09-01,3,5,4,2,"Training resources on Azure and Gen AI are decent, hoping for more hands-on lab allocations.",0.117
4390,15,2026-09-01,5,5,4,4,Leadership provides tremendous career mentoring and clear promotion trajectory.,0.789
4391,79,2026-09-01,3,3,4,4,Standard project pacing. Client expectations are rigorous but manageable with proper staffing.,-0.095
4392,1,2026-09-01,3,3,2,3,Disillusioned with unrealistic client deadlines and total absence of work-life boundaries.,-0.76
4393,8,2026-09-01,4,5,4,4,The transition to modern data stack and AI tooling has been a huge boost to our delivery velocity.,0.711
4394,63,2026-09-01,3,4,3,3,"Good team dynamic, though communication between onshore and offshore squads could be smoother.",0.206
4395,27,2026-09-01,4,3,4,3,"Very fair compensation, excellent recognition from my engagement partner, and healthy work balance.",0.487
4396,81,2026-09-01,2,4,3,3,Lack of psychological safety and micromanager style since recent leadership re-alignment.,-0.395
4397,68,2026-09-01,3,4,4,3,Standard project pacing. Client expectations are rigorous but manageable with proper staffing.,0.182
4398,43,2026-09-01,3,5,3,3,Standard project pacing. Client expectations are rigorous but manageable with proper staffing.,-0.011
4399,25,2026-09-01,3,3,4,2,"Training resources on Azure and Gen AI are decent, hoping for more hands-on lab allocations.",0.128
4400,71,2026-09-01,3,4,4,3,"Training resources on Azure and Gen AI are decent, hoping for more hands-on lab allocations.",0.11
4401,23,2026-09-01,4,5,4,4,Leadership provides tremendous career mentoring and clear promotion trajectory.,0.709
4402,3,2026-09-01,3,3,3,2,"Good team dynamic, though communication between onshore and offshore squads could be smoother.",0.155
4403,42,2026-09-01,3,4,4,4,Standard project pacing. Client expectations are rigorous but manageable with proper staffing.,0.209
4404,23,2026-09-01,5,4,5,4,Leadership provides tremendous career mentoring and clear promotion trajectory.,0.875
4405,69,2026-09-01,3,5,4,3,"Training resources on Azure and Gen AI are decent, hoping for more hands-on lab allocations.",0.246
4406,6,2026-09-01,4,4,4,5,The transition to modern data stack and AI tooling has been a huge boost to our delivery velocity.,0.831
4407,8,2026-09-01,2,3,2,3,Severe burnout from sustained 60+ hour work weeks without staffing support on high-priority delivery.,-0.61
4408,31,2026-09-01,5,3,4,4,Great autonomy on solution architecture. Enjoy mentoring junior analysts on agentic workflows.,0.495
4409,80,2026-09-01,4,3,4,4,Leadership provides tremendous career mentoring and clear promotion trajectory.,0.827
4410,42,2026-09-01,3,3,2,3,Frustrated by repeated delays in promotion cycle despite rating 5 performance in consecutive cycles.,-0.474
4411,71,2026-09-01,3,4,4,4,"Good team dynamic, though communication between onshore and offshore squads could be smoother.",0.248
4412,81,2026-09-01,4,2,4,3,The transition to modern data stack and AI tooling has been a huge boost to our delivery velocity.,0.607
4413,71,2026-09-01,3,4,3,3,"Good team dynamic, though communication between onshore and offshore squads could be smoother.",0.235
4414,18,2026-09-01,3,4,3,3,"Good team dynamic, though communication between onshore and offshore squads could be smoother.",0.154
4415,20,2026-09-01,3,4,3,4,Standard project pacing. Client expectations are rigorous but manageable with proper staffing.,0.242
4416,60,2026-09-01,2,3,3,2,Lack of psychological safety and micromanager style since recent leadership re-alignment.,-0.286
4417,37,2026-09-01,4,3,4,3,Great autonomy on solution architecture. Enjoy mentoring junior analysts on agentic workflows.,0.779
4418,32,2026-09-01,4,4,5,2,"Very fair compensation, excellent recognition from my engagement partner, and healthy work balance.",0.766
4419,52,2026-09-01,4,4,4,2,Leadership provides tremendous career mentoring and clear promotion trajectory.,0.522
4420,62,2026-09-01,3,4,3,3,Compensation aligns with industry averages. Waiting to see outcome of mid-year review cycle.,-0.035
4421,39,2026-09-01,2,5,4,3,Disillusioned with unrealistic client deadlines and total absence of work-life boundaries.,-0.814
4422,37,2026-09-01,4,3,4,4,Great autonomy on solution architecture. Enjoy mentoring junior analysts on agentic workflows.,0.817
4423,28,2026-09-01,3,3,4,2,"Good team dynamic, though communication between onshore and offshore squads could be smoother.",0.061
4424,4,2026-09-01,2,3,4,4,Disillusioned with unrealistic client deadlines and total absence of work-life boundaries.,-0.835
4425,44,2026-09-01,4,3,4,4,"Very fair compensation, excellent recognition from my engagement partner, and healthy work balance.",0.544
4426,27,2026-09-01,4,5,4,3,Great autonomy on solution architecture. Enjoy mentoring junior analysts on agentic workflows.,0.504
4427,19,2026-09-01,3,3,4,2,Standard project pacing. Client expectations are rigorous but manageable with proper staffing.,-0.087
4428,68,2026-09-01,3,3,4,3,"Good team dynamic, though communication between onshore and offshore squads could be smoother.",0.195
4429,19,2026-09-01,3,4,3,3,"Training resources on Azure and Gen AI are decent, hoping for more hands-on lab allocations.",-0.103
4430,19,2026-09-01,3,3,2,3,Compa-ratio is noticeably below market benchmark while billable utilization is consistently above 95%.,-0.552
4431,75,2026-09-01,3,4,2,2,Compa-ratio is noticeably below market benchmark while billable utilization is consistently above 95%.,-0.432
4432,75,2026-09-01,3,2,4,2,"Good team dynamic, though communication between onshore and offshore squads could be smoother.",0.046
4433,42,2026-09-01,4,4,4,4,Energized by our client cloud modernization engagement and collaborative team culture.,0.692
4434,49,2026-09-01,4,4,4,3,Leadership provides tremendous career mentoring and clear promotion trajectory.,0.746
4435,21,2026-09-01,4,3,4,5,Leadership provides tremendous career mentoring and clear promotion trajectory.,0.796
4436,80,2026-09-01,3,3,4,4,Compensation aligns with industry averages. Waiting to see outcome of mid-year review cycle.,-0.092
4437,33,2026-09-01,3,4,3,3,"Good team dynamic, though communication between onshore and offshore squads could be smoother.",0.082
4438,12,2026-09-01,3,4,3,3,Standard project pacing. Client expectations are rigorous but manageable with proper staffing.,-0.019
4439,33,2026-09-01,3,4,3,3,"Good team dynamic, though communication between onshore and offshore squads could be smoother.",-0.033
4440,52,2026-09-01,4,5,4,4,Energized by our client cloud modernization engagement and collaborative team culture.,0.462
4441,49,2026-09-01,3,3,4,4,Compensation aligns with industry averages. Waiting to see outcome of mid-year review cycle.,0.209
4442,84,2026-09-01,4,3,4,3,Great autonomy on solution architecture. Enjoy mentoring junior analysts on agentic workflows.,0.698
4443,51,2026-09-01,3,5,4,3,"Good team dynamic, though communication between onshore and offshore squads could be smoother.",-0.006
4444,32,2026-09-01,4,3,4,4,Leadership provides tremendous career mentoring and clear promotion trajectory.,0.35
4445,51,2026-09-01,3,2,3,4,"Good team dynamic, though communication between onshore and offshore squads could be smoother.",0.118
4446,36,2026-09-01,2,3,3,3,Disillusioned with unrealistic client deadlines and total absence of work-life boundaries.,-0.417
4447,51,2026-09-01,3,5,4,3,Compensation aligns with industry averages. Waiting to see outcome of mid-year review cycle.,0.041
4448,77,2026-09-01,4,4,3,5,"Good team dynamic, though communication between onshore and offshore squads could be smoother.",0.003
4449,35,2026-09-01,4,4,3,3,"Training resources on Azure and Gen AI are decent, hoping for more hands-on lab allocations.",0.232
4450,30,2026-09-01,3,5,4,4,"Good team dynamic, though communication between onshore and offshore squads could be smoother.",0.169
4451,56,2026-09-01,3,4,4,4,Compensation aligns with industry averages. Waiting to see outcome of mid-year review cycle.,-0.132
4452,30,2026-09-01,4,3,5,3,Leadership provides tremendous career mentoring and clear promotion trajectory.,0.872
4453,70,2026-09-01,5,3,4,5,Leadership provides tremendous career mentoring and clear promotion trajectory.,0.847
4454,82,2026-09-01,2,4,3,3,Disillusioned with unrealistic client deadlines and total absence of work-life boundaries.,-0.317
4455,82,2026-09-01,3,4,4,3,"Training resources on Azure and Gen AI are decent, hoping for more hands-on lab allocations.",0.198
4456,59,2026-09-01,3,3,4,3,Standard project pacing. Client expectations are rigorous but manageable with proper staffing.,0.054
4457,37,2026-09-01,4,4,4,3,"Very fair compensation, excellent recognition from my engagement partner, and healthy work balance.",0.483
4458,35,2026-09-01,5,3,4,3,Great autonomy on solution architecture. Enjoy mentoring junior analysts on agentic workflows.,0.885
4459,72,2026-09-01,4,3,4,3,The transition to modern data stack and AI tooling has been a huge boost to our delivery velocity.,0.834
4460,79,2026-09-01,3,3,3,5,"Training resources on Azure and Gen AI are decent, hoping for more hands-on lab allocations.",0.168
4461,73,2026-09-01,4,4,3,3,"Training resources on Azure and Gen AI are decent, hoping for more hands-on lab allocations.",-0.076
4462,14,2026-09-01,4,5,4,3,Energized by our client cloud modernization engagement and collaborative team culture.,0.412
4463,27,2026-09-01,3,3,3,5,Compensation aligns with industry averages. Waiting to see outcome of mid-year review cycle.,0.221
4464,65,2026-09-01,2,4,3,4,Frustrated by repeated delays in promotion cycle despite rating 5 performance in consecutive cycles.,-0.748
4465,7,2026-09-01,3,4,4,4,"Good team dynamic, though communication between onshore and offshore squads could be smoother.",-0.018
4466,28,2026-09-01,3,4,2,4,Disillusioned with unrealistic client deadlines and total absence of work-life boundaries.,-0.566
4467,20,2026-09-01,4,4,4,5,Leadership provides tremendous career mentoring and clear promotion trajectory.,0.876
4468,68,2026-09-01,3,3,3,3,"Training resources on Azure and Gen AI are decent, hoping for more hands-on lab allocations.",-0.073
4469,8,2026-09-01,2,4,2,3,Compa-ratio is noticeably below market benchmark while billable utilization is consistently above 95%.,-0.654
4470,63,2026-09-01,4,4,3,4,"Training resources on Azure and Gen AI are decent, hoping for more hands-on lab allocations.",0.114
4471,10,2026-09-01,3,4,3,4,Compensation aligns with industry averages. Waiting to see outcome of mid-year review cycle.,0.081
4472,41,2026-09-01,3,4,3,4,Severe burnout from sustained 60+ hour work weeks without staffing support on high-priority delivery.,-0.463
4473,30,2026-09-01,3,4,3,4,"Good team dynamic, though communication between onshore and offshore squads could be smoother.",0.232
4474,8,2026-09-01,3,3,3,2,"Training resources on Azure and Gen AI are decent, hoping for more hands-on lab allocations.",0.202
4475,2,2026-09-01,2,3,4,3,Lack of psychological safety and micromanager style since recent leadership re-alignment.,-0.39
4476,67,2026-09-01,4,4,3,3,Compensation aligns with industry averages. Waiting to see outcome of mid-year review cycle.,0.108
4477,48,2026-09-01,3,4,4,3,Standard project pacing. Client expectations are rigorous but manageable with proper staffing.,-0.012
4478,78,2026-09-01,3,4,3,4,"Good team dynamic, though communication between onshore and offshore squads could be smoother.",0.237
4479,83,2026-09-01,3,3,4,3,"Good team dynamic, though communication between onshore and offshore squads could be smoother.",-0.012
4480,51,2026-09-01,4,4,3,4,Severe burnout from sustained 60+ hour work weeks without staffing support on high-priority delivery.,-0.761
4481,43,2026-09-01,3,5,4,3,Compensation aligns with industry averages. Waiting to see outcome of mid-year review cycle.,0.163
4482,79,2026-09-01,4,3,3,3,"Training resources on Azure and Gen AI are decent, hoping for more hands-on lab allocations.",0.004
4483,37,2026-09-01,4,4,3,4,Standard project pacing. Client expectations are rigorous but manageable with proper staffing.,0.12
4484,63,2026-09-01,3,4,4,3,"Good team dynamic, though communication between onshore and offshore squads could be smoother.",-0.063
4485,21,2026-09-01,3,4,4,2,Compensation aligns with industry averages. Waiting to see outcome of mid-year review cycle.,-0.082
4486,25,2026-09-01,5,3,4,3,Great autonomy on solution architecture. Enjoy mentoring junior analysts on agentic workflows.,0.617
4487,14,2026-09-01,3,5,4,2,"Training resources on Azure and Gen AI are decent, hoping for more hands-on lab allocations.",0.029
4488,25,2026-09-01,2,2,3,3,Lack of psychological safety and micromanager style since recent leadership re-alignment.,-0.803
4489,40,2026-09-01,3,3,4,3,"Good team dynamic, though communication between onshore and offshore squads could be smoother.",0.013
4490,51,2026-09-01,5,4,3,5,Compensation aligns with industry averages. Waiting to see outcome of mid-year review cycle.,0.124
4491,57,2026-09-01,3,4,3,3,Compensation aligns with industry averages. Waiting to see outcome of mid-year review cycle.,-0.09
4492,54,2026-09-01,3,4,4,4,"Good team dynamic, though communication between onshore and offshore squads could be smoother.",0.158
4493,18,2026-09-01,3,3,4,3,Compensation aligns with industry averages. Waiting to see outcome of mid-year review cycle.,0.139
4494,3,2026-09-01,4,3,3,3,Standard project pacing. Client expectations are rigorous but manageable with proper staffing.,-0.012
4495,79,2026-09-01,3,4,2,2,Frustrated by repeated delays in promotion cycle despite rating 5 performance in consecutive cycles.,-0.783
4496,4,2026-09-01,4,4,4,2,"Very fair compensation, excellent recognition from my engagement partner, and healthy work balance.",0.39
4497,17,2026-09-01,2,3,3,3,Lack of psychological safety and micromanager style since recent leadership re-alignment.,-0.542
4498,46,2026-09-01,4,4,3,3,Compensation aligns with industry averages. Waiting to see outcome of mid-year review cycle.,0.15
4499,14,2026-09-01,3,3,4,2,"Good team dynamic, though communication between onshore and offshore squads could be smoother.",0.172
4500,71,2026-09-01,4,2,4,4,The transition to modern data stack and AI tooling has been a huge boost to our delivery velocity.,0.595
4501,4,2026-09-01,3,4,3,3,Standard project pacing. Client expectations are rigorous but manageable with proper staffing.,0.21
4502,82,2026-09-01,3,5,4,2,"Good team dynamic, though communication between onshore and offshore squads could be smoother.",0.094
4503,20,2026-09-01,4,3,4,3,Great autonomy on solution architecture. Enjoy mentoring junior analysts on agentic workflows.,0.623
4504,75,2026-09-01,3,3,4,4,"Training resources on Azure and Gen AI are decent, hoping for more hands-on lab allocations.",0.239
4505,45,2026-09-01,4,3,4,5,The transition to modern data stack and AI tooling has been a huge boost to our delivery velocity.,0.736
4506,16,2026-09-01,3,3,5,5,Standard project pacing. Client expectations are rigorous but manageable with proper staffing.,-0.06
4507,77,2026-09-01,3,4,5,3,Compensation aligns with industry averages. Waiting to see outcome of mid-year review cycle.,-0.125
4508,55,2026-09-01,3,5,4,3,Standard project pacing. Client expectations are rigorous but manageable with proper staffing.,0.032
4509,4,2026-09-01,3,3,4,2,"Good team dynamic, though communication between onshore and offshore squads could be smoother.",-0.14
4510,36,2026-09-01,3,4,2,3,Disillusioned with unrealistic client deadlines and total absence of work-life boundaries.,-0.382
4511,84,2026-09-01,3,3,2,4,Lack of psychological safety and micromanager style since recent leadership re-alignment.,-0.421
4512,9,2026-09-01,4,4,3,5,"Training resources on Azure and Gen AI are decent, hoping for more hands-on lab allocations.",0.229
4513,41,2026-09-01,5,3,3,4,"Training resources on Azure and Gen AI are decent, hoping for more hands-on lab allocations.",0.234
4514,2,2026-09-01,4,3,3,4,"Training resources on Azure and Gen AI are decent, hoping for more hands-on lab allocations.",0.189
4515,5,2026-09-01,4,3,4,5,Great autonomy on solution architecture. Enjoy mentoring junior analysts on agentic workflows.,0.847
4516,60,2026-09-01,4,4,3,3,"Good team dynamic, though communication between onshore and offshore squads could be smoother.",0.173
4517,38,2026-09-01,2,4,3,3,Frustrated by repeated delays in promotion cycle despite rating 5 performance in consecutive cycles.,-0.748
4518,24,2026-09-01,4,5,3,5,"Good team dynamic, though communication between onshore and offshore squads could be smoother.",0.132
4519,32,2026-09-01,4,3,4,3,"Very fair compensation, excellent recognition from my engagement partner, and healthy work balance.",0.863
4520,48,2026-09-01,4,4,4,3,Energized by our client cloud modernization engagement and collaborative team culture.,0.391
4521,68,2026-09-01,3,4,3,3,Compensation aligns with industry averages. Waiting to see outcome of mid-year review cycle.,0.128
4522,39,2026-09-01,2,3,3,2,Disillusioned with unrealistic client deadlines and total absence of work-life boundaries.,-0.583
4523,5,2026-09-01,3,3,4,3,"Training resources on Azure and Gen AI are decent, hoping for more hands-on lab allocations.",0.046
4524,78,2026-09-01,4,4,4,5,"Very fair compensation, excellent recognition from my engagement partner, and healthy work balance.",0.609
4525,34,2026-09-01,2,4,3,3,Severe burnout from sustained 60+ hour work weeks without staffing support on high-priority delivery.,-0.551
4526,16,2026-09-01,4,3,4,3,The transition to modern data stack and AI tooling has been a huge boost to our delivery velocity.,0.405
4527,21,2026-09-01,4,3,4,5,Energized by our client cloud modernization engagement and collaborative team culture.,0.855
4528,45,2026-09-01,3,2,2,4,Compa-ratio is noticeably below market benchmark while billable utilization is consistently above 95%.,-0.604
4529,7,2026-09-01,2,3,3,4,Lack of psychological safety and micromanager style since recent leadership re-alignment.,-0.534
4530,68,2026-09-01,4,4,4,3,The transition to modern data stack and AI tooling has been a huge boost to our delivery velocity.,0.716
4531,77,2026-09-01,3,4,2,3,Lack of psychological safety and micromanager style since recent leadership re-alignment.,-0.775
4532,68,2026-09-01,4,4,3,3,Standard project pacing. Client expectations are rigorous but manageable with proper staffing.,0.075
4533,7,2026-09-01,3,5,4,3,Standard project pacing. Client expectations are rigorous but manageable with proper staffing.,-0.038
4534,63,2026-09-01,4,4,3,4,Standard project pacing. Client expectations are rigorous but manageable with proper staffing.,0.113
4535,8,2026-09-01,4,5,4,4,"Very fair compensation, excellent recognition from my engagement partner, and healthy work balance.",0.366
4536,68,2026-09-01,4,3,4,5,Leadership provides tremendous career mentoring and clear promotion trajectory.,0.466
4537,36,2026-09-01,3,4,4,4,Standard project pacing. Client expectations are rigorous but manageable with proper staffing.,-0.115
4538,31,2026-09-01,3,3,4,3,"Good team dynamic, though communication between onshore and offshore squads could be smoother.",-0.002
4539,39,2026-09-01,3,2,4,3,"Good team dynamic, though communication between onshore and offshore squads could be smoother.",0.194
4540,77,2026-09-01,4,5,4,3,Energized by our client cloud modernization engagement and collaborative team culture.,0.877
4541,68,2026-09-01,4,3,5,3,"Very fair compensation, excellent recognition from my engagement partner, and healthy work balance.",0.713
4542,55,2026-09-01,4,4,4,4,Leadership provides tremendous career mentoring and clear promotion trajectory.,0.376
4543,52,2026-09-01,3,4,3,3,Standard project pacing. Client expectations are rigorous but manageable with proper staffing.,-0.049
4544,11,2026-09-01,4,4,4,4,Great autonomy on solution architecture. Enjoy mentoring junior analysts on agentic workflows.,0.386
4545,61,2026-09-01,4,4,5,3,Energized by our client cloud modernization engagement and collaborative team culture.,0.788
4546,75,2026-09-01,5,2,5,3,The transition to modern data stack and AI tooling has been a huge boost to our delivery velocity.,0.351
4547,31,2026-09-01,3,3,4,2,Compensation aligns with industry averages. Waiting to see outcome of mid-year review cycle.,0.131
4548,63,2026-09-01,3,3,4,4,Standard project pacing. Client expectations are rigorous but manageable with proper staffing.,-0.12
4549,73,2026-09-01,4,5,4,5,Leadership provides tremendous career mentoring and clear promotion trajectory.,0.834
4550,36,2026-09-01,3,4,4,3,Compensation aligns with industry averages. Waiting to see outcome of mid-year review cycle.,-0.051
4551,72,2026-09-01,4,4,4,3,The transition to modern data stack and AI tooling has been a huge boost to our delivery velocity.,0.386
4552,76,2026-09-01,3,3,4,4,Compensation aligns with industry averages. Waiting to see outcome of mid-year review cycle.,0.201
4553,69,2026-09-01,2,5,4,3,Severe burnout from sustained 60+ hour work weeks without staffing support on high-priority delivery.,-0.663
4554,40,2026-09-01,5,5,3,4,"Training resources on Azure and Gen AI are decent, hoping for more hands-on lab allocations.",0.164
4555,17,2026-09-01,4,3,3,3,"Good team dynamic, though communication between onshore and offshore squads could be smoother.",0.034
4556,6,2026-09-01,3,4,3,4,"Training resources on Azure and Gen AI are decent, hoping for more hands-on lab allocations.",0.095
4557,7,2026-09-01,4,3,4,3,The transition to modern data stack and AI tooling has been a huge boost to our delivery velocity.,0.751
4558,3,2026-09-01,4,3,4,3,"Very fair compensation, excellent recognition from my engagement partner, and healthy work balance.",0.535
4559,42,2026-09-01,3,5,4,4,"Training resources on Azure and Gen AI are decent, hoping for more hands-on lab allocations.",0.146
4560,17,2026-09-01,3,4,3,3,Compensation aligns with industry averages. Waiting to see outcome of mid-year review cycle.,0.084
4561,63,2026-09-01,3,3,3,3,Standard project pacing. Client expectations are rigorous but manageable with proper staffing.,-0.131
4562,59,2026-09-01,3,3,4,4,Standard project pacing. Client expectations are rigorous but manageable with proper staffing.,-0.016
4563,59,2026-09-01,2,5,2,4,Severe burnout from sustained 60+ hour work weeks without staffing support on high-priority delivery.,-0.757
4564,3,2026-09-01,4,3,3,5,Compensation aligns with industry averages. Waiting to see outcome of mid-year review cycle.,0.162
4565,14,2026-09-01,4,5,4,5,The transition to modern data stack and AI tooling has been a huge boost to our delivery velocity.,0.859
4566,5,2026-09-01,4,3,4,4,Energized by our client cloud modernization engagement and collaborative team culture.,0.375
4567,11,2026-09-01,4,4,3,4,"Good team dynamic, though communication between onshore and offshore squads could be smoother.",-0.129
4568,70,2026-09-01,4,4,5,4,Leadership provides tremendous career mentoring and clear promotion trajectory.,0.419
4569,15,2026-09-01,3,4,4,3,"Training resources on Azure and Gen AI are decent, hoping for more hands-on lab allocations.",-0.083
4570,78,2026-09-01,3,4,3,3,"Good team dynamic, though communication between onshore and offshore squads could be smoother.",0.243
4571,69,2026-09-01,3,4,4,3,Compensation aligns with industry averages. Waiting to see outcome of mid-year review cycle.,0.034
4572,53,2026-09-01,3,4,3,5,Compa-ratio is noticeably below market benchmark while billable utilization is consistently above 95%.,-0.744
4573,19,2026-09-01,3,4,4,4,"Good team dynamic, though communication between onshore and offshore squads could be smoother.",-0.011
4574,83,2026-09-01,3,3,4,3,Standard project pacing. Client expectations are rigorous but manageable with proper staffing.,-0.136
4575,66,2026-09-01,3,4,4,4,Standard project pacing. Client expectations are rigorous but manageable with proper staffing.,0.034
4576,3,2026-09-01,4,5,4,5,The transition to modern data stack and AI tooling has been a huge boost to our delivery velocity.,0.399
4577,77,2026-09-01,3,3,2,3,Severe burnout from sustained 60+ hour work weeks without staffing support on high-priority delivery.,-0.559
4578,16,2026-09-01,4,4,3,4,"Good team dynamic, though communication between onshore and offshore squads could be smoother.",0.096
4579,84,2026-09-01,4,3,4,5,Energized by our client cloud modernization engagement and collaborative team culture.,0.414
4580,44,2026-09-01,4,3,3,3,"Training resources on Azure and Gen AI are decent, hoping for more hands-on lab allocations.",0.177
4581,37,2026-09-01,4,4,3,3,Compensation aligns with industry averages. Waiting to see outcome of mid-year review cycle.,0.153
4582,72,2026-09-01,3,3,4,5,"Good team dynamic, though communication between onshore and offshore squads could be smoother.",0.244
4583,60,2026-09-01,3,5,3,4,Compa-ratio is noticeably below market benchmark while billable utilization is consistently above 95%.,-0.775
4584,46,2026-09-01,4,4,3,3,Compensation aligns with industry averages. Waiting to see outcome of mid-year review cycle.,0.248
4585,1,2026-09-01,3,4,4,4,"Training resources on Azure and Gen AI are decent, hoping for more hands-on lab allocations.",0.005
4586,40,2026-09-01,3,5,3,3,Compensation aligns with industry averages. Waiting to see outcome of mid-year review cycle.,-0.054
4587,45,2026-09-01,4,3,2,4,Lack of psychological safety and micromanager style since recent leadership re-alignment.,-0.635
4588,55,2026-09-01,4,4,4,5,"Very fair compensation, excellent recognition from my engagement partner, and healthy work balance.",0.435
4589,67,2026-09-01,5,4,4,5,Energized by our client cloud modernization engagement and collaborative team culture.,0.37
4590,49,2026-09-01,2,4,4,4,Compa-ratio is noticeably below market benchmark while billable utilization is consistently above 95%.,-0.727
4591,58,2026-09-01,3,5,3,3,Compensation aligns with industry averages. Waiting to see outcome of mid-year review cycle.,-0.061
4592,35,2026-09-01,4,3,4,3,The transition to modern data stack and AI tooling has been a huge boost to our delivery velocity.,0.712
4593,82,2026-09-01,3,4,2,3,Lack of psychological safety and micromanager style since recent leadership re-alignment.,-0.603
4594,28,2026-09-01,3,4,4,3,Standard project pacing. Client expectations are rigorous but manageable with proper staffing.,0.119
4595,47,2026-09-01,4,4,4,3,Energized by our client cloud modernization engagement and collaborative team culture.,0.426
4596,76,2026-09-01,4,4,3,3,"Training resources on Azure and Gen AI are decent, hoping for more hands-on lab allocations.",0.191
4597,76,2026-09-01,3,4,5,4,"Good team dynamic, though communication between onshore and offshore squads could be smoother.",-0.069
4598,35,2026-09-01,3,4,4,4,"Good team dynamic, though communication between onshore and offshore squads could be smoother.",0.044
4599,27,2026-09-01,4,4,4,3,The transition to modern data stack and AI tooling has been a huge boost to our delivery velocity.,0.595
4600,31,2026-09-01,4,3,3,3,Standard project pacing. Client expectations are rigorous but manageable with proper staffing.,0.028
4601,64,2026-09-01,3,3,5,4,Compensation aligns with industry averages. Waiting to see outcome of mid-year review cycle.,-0.027
4602,7,2026-09-01,4,4,5,4,Great autonomy on solution architecture. Enjoy mentoring junior analysts on agentic workflows.,0.462
4603,49,2026-09-01,3,3,3,5,Standard project pacing. Client expectations are rigorous but manageable with proper staffing.,-0.096
4604,62,2026-09-01,4,4,4,3,Energized by our client cloud modernization engagement and collaborative team culture.,0.732
4605,19,2026-09-01,3,4,4,3,Standard project pacing. Client expectations are rigorous but manageable with proper staffing.,0.246
4606,39,2026-09-01,4,4,4,2,Great autonomy on solution architecture. Enjoy mentoring junior analysts on agentic workflows.,0.81
4607,59,2026-09-01,3,4,5,3,Compensation aligns with industry averages. Waiting to see outcome of mid-year review cycle.,0.171
4608,14,2026-09-01,2,5,3,5,Severe burnout from sustained 60+ hour work weeks without staffing support on high-priority delivery.,-0.413
4609,75,2026-09-01,3,4,4,3,"Training resources on Azure and Gen AI are decent, hoping for more hands-on lab allocations.",0.084
4610,45,2026-09-01,3,4,5,3,"Training resources on Azure and Gen AI are decent, hoping for more hands-on lab allocations.",-0.143
4611,31,2026-09-01,3,4,5,3,Compensation aligns with industry averages. Waiting to see outcome of mid-year review cycle.,-0.022
4612,25,2026-09-01,3,4,4,5,"Good team dynamic, though communication between onshore and offshore squads could be smoother.",0.126
4613,62,2026-09-01,4,3,4,5,"Very fair compensation, excellent recognition from my engagement partner, and healthy work balance.",0.831
4614,36,2026-09-01,3,4,4,3,Standard project pacing. Client expectations are rigorous but manageable with proper staffing.,-0.08
4615,41,2026-09-01,3,3,3,5,Frustrated by repeated delays in promotion cycle despite rating 5 performance in consecutive cycles.,-0.443
4616,8,2026-09-01,3,4,3,4,Compensation aligns with industry averages. Waiting to see outcome of mid-year review cycle.,-0.122
4617,77,2026-09-01,4,4,5,3,"Very fair compensation, excellent recognition from my engagement partner, and healthy work balance.",0.711
4618,61,2026-09-01,3,3,4,4,Compensation aligns with industry averages. Waiting to see outcome of mid-year review cycle.,-0.095
4619,49,2026-09-01,4,3,4,3,The transition to modern data stack and AI tooling has been a huge boost to our delivery velocity.,0.84
4620,32,2026-09-01,3,3,3,4,Compensation aligns with industry averages. Waiting to see outcome of mid-year review cycle.,0.173
4621,2,2026-09-01,4,4,4,3,Energized by our client cloud modernization engagement and collaborative team culture.,0.379
4622,20,2026-09-01,3,4,3,3,Compensation aligns with industry averages. Waiting to see outcome of mid-year review cycle.,-0.028
4623,31,2026-09-01,3,3,3,2,"Training resources on Azure and Gen AI are decent, hoping for more hands-on lab allocations.",-0.042
4624,3,2026-09-01,3,3,3,4,Compa-ratio is noticeably below market benchmark while billable utilization is consistently above 95%.,-0.706
4625,38,2026-09-01,3,3,4,3,Compensation aligns with industry averages. Waiting to see outcome of mid-year review cycle.,-0.118
4626,76,2026-09-01,3,4,3,3,"Good team dynamic, though communication between onshore and offshore squads could be smoother.",-0.008
4627,72,2026-09-01,4,4,4,3,Energized by our client cloud modernization engagement and collaborative team culture.,0.417
4628,19,2026-09-01,4,4,4,3,Energized by our client cloud modernization engagement and collaborative team culture.,0.854
4629,14,2026-09-01,4,4,4,3,The transition to modern data stack and AI tooling has been a huge boost to our delivery velocity.,0.728
4630,36,2026-09-01,3,3,3,3,"Training resources on Azure and Gen AI are decent, hoping for more hands-on lab allocations.",-0.134
4631,25,2026-09-01,3,5,5,3,Compensation aligns with industry averages. Waiting to see outcome of mid-year review cycle.,-0.046
4632,2,2026-09-01,3,4,4,2,"Training resources on Azure and Gen AI are decent, hoping for more hands-on lab allocations.",0.075
4633,73,2026-09-01,4,3,3,4,Compensation aligns with industry averages. Waiting to see outcome of mid-year review cycle.,-0.102
4634,12,2026-09-01,2,5,4,3,Disillusioned with unrealistic client deadlines and total absence of work-life boundaries.,-0.567
4635,7,2026-09-01,4,5,4,3,The transition to modern data stack and AI tooling has been a huge boost to our delivery velocity.,0.514
4636,19,2026-09-01,3,2,5,4,Compensation aligns with industry averages. Waiting to see outcome of mid-year review cycle.,-0.059
4637,60,2026-09-01,3,4,3,4,"Good team dynamic, though communication between onshore and offshore squads could be smoother.",-0.143
4638,36,2026-09-01,3,3,4,4,Standard project pacing. Client expectations are rigorous but manageable with proper staffing.,0.029
4639,53,2026-09-01,3,4,3,2,Frustrated by repeated delays in promotion cycle despite rating 5 performance in consecutive cycles.,-0.471
4640,41,2026-09-01,3,4,4,3,Standard project pacing. Client expectations are rigorous but manageable with proper staffing.,0.054
4641,2,2026-09-01,3,2,5,3,Standard project pacing. Client expectations are rigorous but manageable with proper staffing.,0.04
4642,65,2026-09-01,3,5,3,3,Compensation aligns with industry averages. Waiting to see outcome of mid-year review cycle.,-0.037
4643,5,2026-09-01,2,5,4,3,Disillusioned with unrealistic client deadlines and total absence of work-life boundaries.,-0.548
4644,2,2026-09-01,3,5,3,4,Standard project pacing. Client expectations are rigorous but manageable with proper staffing.,0.037
4645,52,2026-09-01,4,4,4,3,The transition to modern data stack and AI tooling has been a huge boost to our delivery velocity.,0.859
4646,51,2026-09-01,4,4,4,3,The transition to modern data stack and AI tooling has been a huge boost to our delivery velocity.,0.797
4647,15,2026-09-01,4,4,4,3,"Very fair compensation, excellent recognition from my engagement partner, and healthy work balance.",0.568
4648,38,2026-09-01,4,4,4,5,Great autonomy on solution architecture. Enjoy mentoring junior analysts on agentic workflows.,0.352
4649,47,2026-09-01,3,5,4,3,Compensation aligns with industry averages. Waiting to see outcome of mid-year review cycle.,0.131
4650,5,2026-09-01,3,3,4,3,"Training resources on Azure and Gen AI are decent, hoping for more hands-on lab allocations.",0.117
4651,45,2026-09-01,3,5,4,3,Standard project pacing. Client expectations are rigorous but manageable with proper staffing.,0.16
4652,7,2026-09-01,5,5,2,5,Lack of psychological safety and micromanager style since recent leadership re-alignment.,-0.694
4653,8,2026-09-01,4,4,4,3,Energized by our client cloud modernization engagement and collaborative team culture.,0.447
4654,29,2026-09-01,4,2,4,3,Energized by our client cloud modernization engagement and collaborative team culture.,0.447
4655,33,2026-09-01,3,3,3,3,Compensation aligns with industry averages. Waiting to see outcome of mid-year review cycle.,0.089
4656,1,2026-09-01,4,4,4,3,Leadership provides tremendous career mentoring and clear promotion trajectory.,0.458
4657,46,2026-09-01,2,3,3,4,Disillusioned with unrealistic client deadlines and total absence of work-life boundaries.,-0.655
4658,57,2026-09-01,3,4,4,3,Standard project pacing. Client expectations are rigorous but manageable with proper staffing.,0.024
4659,53,2026-09-01,4,4,4,4,Great autonomy on solution architecture. Enjoy mentoring junior analysts on agentic workflows.,0.52
4660,29,2026-09-01,3,3,4,3,"Good team dynamic, though communication between onshore and offshore squads could be smoother.",-0.112
4661,7,2026-09-01,3,5,4,2,Standard project pacing. Client expectations are rigorous but manageable with proper staffing.,-0.14
4662,18,2026-09-01,3,4,3,3,Disillusioned with unrealistic client deadlines and total absence of work-life boundaries.,-0.758
4663,43,2026-09-01,2,5,2,4,Disillusioned with unrealistic client deadlines and total absence of work-life boundaries.,-0.771
4664,4,2026-09-01,5,4,4,3,"Very fair compensation, excellent recognition from my engagement partner, and healthy work balance.",0.728
4665,27,2026-09-01,3,5,4,3,"Training resources on Azure and Gen AI are decent, hoping for more hands-on lab allocations.",0.177
4666,3,2026-09-01,3,3,4,4,"Training resources on Azure and Gen AI are decent, hoping for more hands-on lab allocations.",-0.097
4667,52,2026-09-01,5,3,3,5,Standard project pacing. Client expectations are rigorous but manageable with proper staffing.,-0.061
4668,32,2026-09-01,4,5,4,4,Leadership provides tremendous career mentoring and clear promotion trajectory.,0.501
4669,65,2026-09-01,2,4,3,2,Lack of psychological safety and micromanager style since recent leadership re-alignment.,-0.512
4670,45,2026-09-01,4,3,4,3,The transition to modern data stack and AI tooling has been a huge boost to our delivery velocity.,0.369
4671,79,2026-09-01,4,4,3,5,"Training resources on Azure and Gen AI are decent, hoping for more hands-on lab allocations.",-0.037
4672,44,2026-09-01,4,3,4,5,Leadership provides tremendous career mentoring and clear promotion trajectory.,0.512
4673,41,2026-09-01,4,4,5,5,"Very fair compensation, excellent recognition from my engagement partner, and healthy work balance.",0.43
4674,53,2026-09-01,5,4,4,5,Energized by our client cloud modernization engagement and collaborative team culture.,0.365
4675,58,2026-09-01,3,4,3,5,Compensation aligns with industry averages. Waiting to see outcome of mid-year review cycle.,0.237
4676,44,2026-09-01,3,4,5,3,Standard project pacing. Client expectations are rigorous but manageable with proper staffing.,-0.094
4677,46,2026-09-01,3,4,3,4,Compa-ratio is noticeably below market benchmark while billable utilization is consistently above 95%.,-0.67
4678,6,2026-09-01,3,2,4,3,"Training resources on Azure and Gen AI are decent, hoping for more hands-on lab allocations.",0.058
4679,57,2026-09-01,3,5,3,4,Disillusioned with unrealistic client deadlines and total absence of work-life boundaries.,-0.563
4680,38,2026-09-01,4,3,3,5,Standard project pacing. Client expectations are rigorous but manageable with proper staffing.,-0.035
4681,8,2026-09-01,3,4,4,4,"Training resources on Azure and Gen AI are decent, hoping for more hands-on lab allocations.",0.183
4682,55,2026-09-01,3,3,3,4,Standard project pacing. Client expectations are rigorous but manageable with proper staffing.,0.181
4683,71,2026-09-01,3,4,4,3,"Good team dynamic, though communication between onshore and offshore squads could be smoother.",0.162
4684,35,2026-09-01,4,4,4,2,Great autonomy on solution architecture. Enjoy mentoring junior analysts on agentic workflows.,0.399
4685,26,2026-09-01,4,4,3,4,Frustrated by repeated delays in promotion cycle despite rating 5 performance in consecutive cycles.,-0.431
4686,18,2026-09-01,3,4,4,3,Standard project pacing. Client expectations are rigorous but manageable with proper staffing.,-0.104
4687,66,2026-09-01,4,4,4,4,Leadership provides tremendous career mentoring and clear promotion trajectory.,0.631
4688,1,2026-09-01,3,5,5,3,"Training resources on Azure and Gen AI are decent, hoping for more hands-on lab allocations.",-0.023
4689,79,2026-09-01,3,3,4,3,"Good team dynamic, though communication between onshore and offshore squads could be smoother.",-0.098
4690,66,2026-09-01,4,4,5,3,Energized by our client cloud modernization engagement and collaborative team culture.,0.649
4691,84,2026-09-01,4,4,5,4,Leadership provides tremendous career mentoring and clear promotion trajectory.,0.606
4692,71,2026-09-01,4,5,4,3,The transition to modern data stack and AI tooling has been a huge boost to our delivery velocity.,0.424
4693,42,2026-09-01,4,4,4,3,"Very fair compensation, excellent recognition from my engagement partner, and healthy work balance.",0.53
4694,77,2026-09-01,4,3,4,3,Energized by our client cloud modernization engagement and collaborative team culture.,0.391
4695,65,2026-09-01,4,3,4,3,Great autonomy on solution architecture. Enjoy mentoring junior analysts on agentic workflows.,0.643
4696,84,2026-09-01,3,4,3,3,"Good team dynamic, though communication between onshore and offshore squads could be smoother.",-0.087
4697,23,2026-09-01,4,3,2,5,Frustrated by repeated delays in promotion cycle despite rating 5 performance in consecutive cycles.,-0.34
4698,18,2026-09-01,2,4,4,2,Lack of psychological safety and micromanager style since recent leadership re-alignment.,-0.505
4699,71,2026-09-01,3,3,4,4,Compensation aligns with industry averages. Waiting to see outcome of mid-year review cycle.,0.239
4700,57,2026-09-01,4,3,4,3,Energized by our client cloud modernization engagement and collaborative team culture.,0.472
4701,27,2026-09-01,4,4,4,4,"Very fair compensation, excellent recognition from my engagement partner, and healthy work balance.",0.754
4702,56,2026-09-01,4,4,4,3,"Very fair compensation, excellent recognition from my engagement partner, and healthy work balance.",0.664
4703,1,2026-09-01,4,4,4,3,Energized by our client cloud modernization engagement and collaborative team culture.,0.559
4704,75,2026-09-01,3,4,2,5,Disillusioned with unrealistic client deadlines and total absence of work-life boundaries.,-0.791
4705,53,2026-09-01,3,3,4,4,Compensation aligns with industry averages. Waiting to see outcome of mid-year review cycle.,-0.061
4706,48,2026-09-01,4,4,2,5,Severe burnout from sustained 60+ hour work weeks without staffing support on high-priority delivery.,-0.639
4707,16,2026-09-01,4,3,4,4,Energized by our client cloud modernization engagement and collaborative team culture.,0.526
4708,23,2026-09-01,5,4,4,3,Leadership provides tremendous career mentoring and clear promotion trajectory.,0.73
4709,70,2026-09-01,4,4,4,5,The transition to modern data stack and AI tooling has been a huge boost to our delivery velocity.,0.543
4710,30,2026-09-01,3,4,3,4,Standard project pacing. Client expectations are rigorous but manageable with proper staffing.,0.233
4711,69,2026-09-01,2,3,3,4,Compa-ratio is noticeably below market benchmark while billable utilization is consistently above 95%.,-0.524
4712,82,2026-09-01,4,5,3,4,"Training resources on Azure and Gen AI are decent, hoping for more hands-on lab allocations.",-0.015
4713,48,2026-09-01,3,5,3,3,Standard project pacing. Client expectations are rigorous but manageable with proper staffing.,-0.057
4714,5,2026-09-01,2,4,2,3,Compa-ratio is noticeably below market benchmark while billable utilization is consistently above 95%.,-0.256
4715,29,2026-09-01,5,4,4,4,Leadership provides tremendous career mentoring and clear promotion trajectory.,0.658
4716,47,2026-09-01,4,4,5,3,Great autonomy on solution architecture. Enjoy mentoring junior analysts on agentic workflows.,0.726
4717,8,2026-09-01,3,5,5,4,"Training resources on Azure and Gen AI are decent, hoping for more hands-on lab allocations.",-0.09
4718,49,2026-09-01,4,4,4,3,Energized by our client cloud modernization engagement and collaborative team culture.,0.826
4719,43,2026-09-01,2,3,3,3,Severe burnout from sustained 60+ hour work weeks without staffing support on high-priority delivery.,-0.344
4720,48,2026-09-01,3,5,3,3,"Training resources on Azure and Gen AI are decent, hoping for more hands-on lab allocations.",0.171
4721,4,2026-09-01,2,5,2,4,Compa-ratio is noticeably below market benchmark while billable utilization is consistently above 95%.,-0.38
4722,52,2026-09-01,2,4,3,3,Severe burnout from sustained 60+ hour work weeks without staffing support on high-priority delivery.,-0.29
4723,68,2026-09-01,2,4,4,3,Disillusioned with unrealistic client deadlines and total absence of work-life boundaries.,-0.492
4724,63,2026-09-01,5,4,4,4,Energized by our client cloud modernization engagement and collaborative team culture.,0.466
4725,35,2026-09-01,3,3,4,3,"Good team dynamic, though communication between onshore and offshore squads could be smoother.",0.121
4726,54,2026-09-01,3,3,4,4,"Training resources on Azure and Gen AI are decent, hoping for more hands-on lab allocations.",-0.057
4727,30,2026-09-01,4,5,3,3,Standard project pacing. Client expectations are rigorous but manageable with proper staffing.,-0.127
4728,40,2026-09-01,4,3,3,2,Compensation aligns with industry averages. Waiting to see outcome of mid-year review cycle.,0.096
4729,81,2026-09-01,3,3,4,4,"Good team dynamic, though communication between onshore and offshore squads could be smoother.",-0.092
4730,38,2026-09-01,3,4,4,4,"Good team dynamic, though communication between onshore and offshore squads could be smoother.",0.108
4731,25,2026-09-01,3,3,2,3,Disillusioned with unrealistic client deadlines and total absence of work-life boundaries.,-0.483
4732,75,2026-09-01,3,3,5,4,"Good team dynamic, though communication between onshore and offshore squads could be smoother.",0.184
4733,62,2026-09-01,2,5,3,4,Disillusioned with unrealistic client deadlines and total absence of work-life boundaries.,-0.796
4734,56,2026-09-01,3,5,4,2,Standard project pacing. Client expectations are rigorous but manageable with proper staffing.,0.168
4735,70,2026-09-01,3,5,4,3,Compensation aligns with industry averages. Waiting to see outcome of mid-year review cycle.,-0.011
4736,24,2026-09-01,3,5,4,4,Compensation aligns with industry averages. Waiting to see outcome of mid-year review cycle.,0.155
4737,80,2026-09-01,3,3,4,3,"Good team dynamic, though communication between onshore and offshore squads could be smoother.",0.124
4738,64,2026-09-01,3,4,3,4,Standard project pacing. Client expectations are rigorous but manageable with proper staffing.,0.066
4739,11,2026-09-01,3,3,4,3,"Good team dynamic, though communication between onshore and offshore squads could be smoother.",0.028
4740,63,2026-09-01,4,4,5,4,Great autonomy on solution architecture. Enjoy mentoring junior analysts on agentic workflows.,0.409
4741,45,2026-09-01,3,5,4,3,Standard project pacing. Client expectations are rigorous but manageable with proper staffing.,-0.003
4742,77,2026-09-01,3,4,3,3,"Training resources on Azure and Gen AI are decent, hoping for more hands-on lab allocations.",0.217
4743,56,2026-09-01,3,5,4,3,Standard project pacing. Client expectations are rigorous but manageable with proper staffing.,0.211
4744,1,2026-09-01,4,5,3,4,Compensation aligns with industry averages. Waiting to see outcome of mid-year review cycle.,-0.012
4745,42,2026-09-01,3,4,3,3,Compensation aligns with industry averages. Waiting to see outcome of mid-year review cycle.,0.237
4746,5,2026-09-01,3,4,4,3,"Good team dynamic, though communication between onshore and offshore squads could be smoother.",0.073
4747,81,2026-09-01,4,4,4,3,Energized by our client cloud modernization engagement and collaborative team culture.,0.512
4748,73,2026-09-01,3,3,4,4,"Training resources on Azure and Gen AI are decent, hoping for more hands-on lab allocations.",0.076
4749,45,2026-09-01,3,4,3,4,Compensation aligns with industry averages. Waiting to see outcome of mid-year review cycle.,0.156
4750,25,2026-09-01,3,3,3,3,Compensation aligns with industry averages. Waiting to see outcome of mid-year review cycle.,-0.028
4751,50,2026-09-01,2,4,2,3,Severe burnout from sustained 60+ hour work weeks without staffing support on high-priority delivery.,-0.745
4752,78,2026-09-01,2,5,4,4,Compa-ratio is noticeably below market benchmark while billable utilization is consistently above 95%.,-0.255
4753,44,2026-09-01,3,4,4,3,"Training resources on Azure and Gen AI are decent, hoping for more hands-on lab allocations.",0.07
4754,56,2026-09-01,4,4,4,4,The transition to modern data stack and AI tooling has been a huge boost to our delivery velocity.,0.764
4755,26,2026-09-01,4,3,4,3,The transition to modern data stack and AI tooling has been a huge boost to our delivery velocity.,0.581
4756,37,2026-09-01,3,5,4,3,Standard project pacing. Client expectations are rigorous but manageable with proper staffing.,-0.008
4757,33,2026-09-01,4,3,3,3,Standard project pacing. Client expectations are rigorous but manageable with proper staffing.,0.052
4758,83,2026-09-01,4,3,3,4,"Good team dynamic, though communication between onshore and offshore squads could be smoother.",0.198
4759,84,2026-09-01,3,3,4,3,Compensation aligns with industry averages. Waiting to see outcome of mid-year review cycle.,-0.111
4760,47,2026-09-01,4,3,4,3,Leadership provides tremendous career mentoring and clear promotion trajectory.,0.754
4761,71,2026-09-01,3,5,4,4,Standard project pacing. Client expectations are rigorous but manageable with proper staffing.,0.24
4762,1,2026-09-01,3,4,4,2,"Good team dynamic, though communication between onshore and offshore squads could be smoother.",0.2
4763,54,2026-09-01,4,5,4,3,Energized by our client cloud modernization engagement and collaborative team culture.,0.624
4764,32,2026-09-01,2,3,3,3,Disillusioned with unrealistic client deadlines and total absence of work-life boundaries.,-0.328
4765,15,2026-09-01,4,5,3,5,Compensation aligns with industry averages. Waiting to see outcome of mid-year review cycle.,0.167
4766,3,2026-09-01,3,4,4,3,"Good team dynamic, though communication between onshore and offshore squads could be smoother.",-0.05
4767,84,2026-09-01,3,3,4,4,"Training resources on Azure and Gen AI are decent, hoping for more hands-on lab allocations.",-0.028
4768,28,2026-09-01,2,4,3,3,Disillusioned with unrealistic client deadlines and total absence of work-life boundaries.,-0.587
4769,40,2026-09-01,4,5,4,3,"Very fair compensation, excellent recognition from my engagement partner, and healthy work balance.",0.397
4770,36,2026-09-01,4,4,3,5,"Good team dynamic, though communication between onshore and offshore squads could be smoother.",0.239
4771,78,2026-09-01,3,3,4,4,Compensation aligns with industry averages. Waiting to see outcome of mid-year review cycle.,-0.011
4772,6,2026-09-01,3,5,4,3,Standard project pacing. Client expectations are rigorous but manageable with proper staffing.,-0.027
4773,57,2026-09-01,3,5,4,3,"Good team dynamic, though communication between onshore and offshore squads could be smoother.",0.224
4774,2,2026-09-01,3,5,4,5,Standard project pacing. Client expectations are rigorous but manageable with proper staffing.,-0.076
4775,31,2026-09-01,2,4,2,4,Compa-ratio is noticeably below market benchmark while billable utilization is consistently above 95%.,-0.782
4776,81,2026-09-01,3,5,3,2,Standard project pacing. Client expectations are rigorous but manageable with proper staffing.,-0.056
4777,54,2026-09-01,4,4,4,4,Energized by our client cloud modernization engagement and collaborative team culture.,0.8
4778,46,2026-09-01,3,3,4,4,Standard project pacing. Client expectations are rigorous but manageable with proper staffing.,-0.115
4779,21,2026-09-01,3,3,3,4,"Training resources on Azure and Gen AI are decent, hoping for more hands-on lab allocations.",-0.06
4780,26,2026-09-01,3,4,4,2,"Good team dynamic, though communication between onshore and offshore squads could be smoother.",-0.118
4781,63,2026-09-01,3,4,5,2,Compensation aligns with industry averages. Waiting to see outcome of mid-year review cycle.,-0.039
4782,71,2026-09-01,2,4,4,3,Disillusioned with unrealistic client deadlines and total absence of work-life boundaries.,-0.39
4783,79,2026-09-01,3,5,3,3,Compensation aligns with industry averages. Waiting to see outcome of mid-year review cycle.,0.197
4784,9,2026-09-01,3,4,3,3,Standard project pacing. Client expectations are rigorous but manageable with proper staffing.,0.07
4785,37,2026-09-01,2,3,3,3,Severe burnout from sustained 60+ hour work weeks without staffing support on high-priority delivery.,-0.793
4786,63,2026-09-01,3,4,4,4,"Training resources on Azure and Gen AI are decent, hoping for more hands-on lab allocations.",0.063
4787,75,2026-09-01,3,3,2,5,Compa-ratio is noticeably below market benchmark while billable utilization is consistently above 95%.,-0.56
4788,48,2026-09-01,4,4,3,5,"Good team dynamic, though communication between onshore and offshore squads could be smoother.",-0.043
4789,74,2026-09-01,4,4,4,3,"Very fair compensation, excellent recognition from my engagement partner, and healthy work balance.",0.474
4790,3,2026-09-01,4,4,4,2,The transition to modern data stack and AI tooling has been a huge boost to our delivery velocity.,0.401
4791,43,2026-09-01,4,5,4,3,Energized by our client cloud modernization engagement and collaborative team culture.,0.353
4792,24,2026-09-01,3,4,4,3,"Training resources on Azure and Gen AI are decent, hoping for more hands-on lab allocations.",0.209
4793,72,2026-09-01,2,5,2,2,Compa-ratio is noticeably below market benchmark while billable utilization is consistently above 95%.,-0.314
4794,17,2026-09-01,4,3,4,2,The transition to modern data stack and AI tooling has been a huge boost to our delivery velocity.,0.525
4795,16,2026-09-01,3,4,3,3,Compensation aligns with industry averages. Waiting to see outcome of mid-year review cycle.,0.238
4796,61,2026-09-01,3,4,4,3,Compensation aligns with industry averages. Waiting to see outcome of mid-year review cycle.,-0.067
4797,36,2026-09-01,4,4,3,5,Lack of psychological safety and micromanager style since recent leadership re-alignment.,-0.83
4798,55,2026-09-01,3,5,5,3,Standard project pacing. Client expectations are rigorous but manageable with proper staffing.,0.247
4799,84,2026-09-01,4,4,4,5,Leadership provides tremendous career mentoring and clear promotion trajectory.,0.38
4800,1,2026-09-01,3,3,4,2,"Training resources on Azure and Gen AI are decent, hoping for more hands-on lab allocations.",0.071
4801,21,2026-09-01,3,3,4,2,Standard project pacing. Client expectations are rigorous but manageable with proper staffing.,-0.139
4802,51,2026-09-01,3,5,4,4,Compensation aligns with industry averages. Waiting to see outcome of mid-year review cycle.,0.037
4803,1,2026-09-01,4,3,4,3,Leadership provides tremendous career mentoring and clear promotion trajectory.,0.62
4804,8,2026-09-01,3,4,3,3,Severe burnout from sustained 60+ hour work weeks without staffing support on high-priority delivery.,-0.347
4805,44,2026-09-01,3,4,4,4,"Good team dynamic, though communication between onshore and offshore squads could be smoother.",-0.041
4806,45,2026-09-01,3,3,3,4,Standard project pacing. Client expectations are rigorous but manageable with proper staffing.,0.146
4807,77,2026-09-01,4,4,4,3,Great autonomy on solution architecture. Enjoy mentoring junior analysts on agentic workflows.,0.687
4808,63,2026-09-01,3,4,3,4,Compensation aligns with industry averages. Waiting to see outcome of mid-year review cycle.,0.038
4809,22,2026-09-01,4,4,5,3,Leadership provides tremendous career mentoring and clear promotion trajectory.,0.782
4810,32,2026-09-01,2,4,3,3,Compa-ratio is noticeably below market benchmark while billable utilization is consistently above 95%.,-0.808
4811,68,2026-09-01,3,4,3,4,"Training resources on Azure and Gen AI are decent, hoping for more hands-on lab allocations.",0.13
4812,81,2026-09-01,2,4,3,3,Lack of psychological safety and micromanager style since recent leadership re-alignment.,-0.701
4813,42,2026-09-01,4,4,4,4,Great autonomy on solution architecture. Enjoy mentoring junior analysts on agentic workflows.,0.375
4814,35,2026-09-01,4,3,4,4,Great autonomy on solution architecture. Enjoy mentoring junior analysts on agentic workflows.,0.407
4815,26,2026-09-01,3,4,4,2,"Good team dynamic, though communication between onshore and offshore squads could be smoother.",0.183
4816,34,2026-09-01,3,4,4,4,Standard project pacing. Client expectations are rigorous but manageable with proper staffing.,-0.143
4817,54,2026-09-01,4,5,3,4,"Training resources on Azure and Gen AI are decent, hoping for more hands-on lab allocations.",0.232
4818,47,2026-09-01,3,3,3,4,Disillusioned with unrealistic client deadlines and total absence of work-life boundaries.,-0.556
4819,11,2026-09-01,4,4,5,3,Great autonomy on solution architecture. Enjoy mentoring junior analysts on agentic workflows.,0.368
4820,23,2026-09-01,4,3,4,4,Leadership provides tremendous career mentoring and clear promotion trajectory.,0.706
4821,70,2026-09-01,3,4,3,3,Standard project pacing. Client expectations are rigorous but manageable with proper staffing.,-0.025
4822,53,2026-09-01,2,3,3,3,Compa-ratio is noticeably below market benchmark while billable utilization is consistently above 95%.,-0.813
4823,19,2026-09-01,3,4,4,3,Standard project pacing. Client expectations are rigorous but manageable with proper staffing.,-0.011
4824,44,2026-09-01,3,3,3,3,"Training resources on Azure and Gen AI are decent, hoping for more hands-on lab allocations.",0.108
4825,25,2026-09-01,4,3,4,5,Leadership provides tremendous career mentoring and clear promotion trajectory.,0.36
4826,52,2026-09-01,4,4,3,3,Compensation aligns with industry averages. Waiting to see outcome of mid-year review cycle.,0.082
4827,11,2026-09-01,2,4,4,4,Compa-ratio is noticeably below market benchmark while billable utilization is consistently above 95%.,-0.429
4828,41,2026-09-01,3,4,4,3,"Good team dynamic, though communication between onshore and offshore squads could be smoother.",-0.066
4829,19,2026-09-01,3,4,4,3,"Good team dynamic, though communication between onshore and offshore squads could be smoother.",0.012
4830,47,2026-09-01,3,3,3,3,Compensation aligns with industry averages. Waiting to see outcome of mid-year review cycle.,0.091
4831,72,2026-09-01,2,5,4,3,Disillusioned with unrealistic client deadlines and total absence of work-life boundaries.,-0.661
4832,50,2026-09-01,3,4,3,3,Standard project pacing. Client expectations are rigorous but manageable with proper staffing.,0.247
4833,17,2026-09-01,4,3,5,3,Energized by our client cloud modernization engagement and collaborative team culture.,0.758
4834,53,2026-09-01,3,4,3,3,Standard project pacing. Client expectations are rigorous but manageable with proper staffing.,0.248
4835,15,2026-09-01,3,4,4,3,"Good team dynamic, though communication between onshore and offshore squads could be smoother.",0.042
4836,80,2026-09-01,2,3,3,2,Compa-ratio is noticeably below market benchmark while billable utilization is consistently above 95%.,-0.68
4837,77,2026-09-01,5,3,3,5,"Training resources on Azure and Gen AI are decent, hoping for more hands-on lab allocations.",0.121
4838,80,2026-09-01,4,4,4,3,Great autonomy on solution architecture. Enjoy mentoring junior analysts on agentic workflows.,0.782
4839,38,2026-09-01,4,4,2,3,Severe burnout from sustained 60+ hour work weeks without staffing support on high-priority delivery.,-0.829
4840,13,2026-09-01,3,4,4,2,"Training resources on Azure and Gen AI are decent, hoping for more hands-on lab allocations.",0.07
4841,59,2026-09-01,3,3,2,2,Compa-ratio is noticeably below market benchmark while billable utilization is consistently above 95%.,-0.398
4842,67,2026-09-01,3,4,4,4,Compensation aligns with industry averages. Waiting to see outcome of mid-year review cycle.,-0.128
4843,76,2026-09-01,5,3,5,4,Great autonomy on solution architecture. Enjoy mentoring junior analysts on agentic workflows.,0.441
4844,41,2026-09-01,3,5,3,4,Frustrated by repeated delays in promotion cycle despite rating 5 performance in consecutive cycles.,-0.388
4845,26,2026-09-01,4,5,3,4,Standard project pacing. Client expectations are rigorous but manageable with proper staffing.,0.197
4846,18,2026-09-01,2,2,3,3,Lack of psychological safety and micromanager style since recent leadership re-alignment.,-0.315
4847,83,2026-09-01,3,4,4,2,Compensation aligns with industry averages. Waiting to see outcome of mid-year review cycle.,-0.055
4848,44,2026-09-01,4,3,4,2,Great autonomy on solution architecture. Enjoy mentoring junior analysts on agentic workflows.,0.819
4849,65,2026-09-01,3,4,4,4,Standard project pacing. Client expectations are rigorous but manageable with proper staffing.,0.148
4850,65,2026-09-01,4,3,3,5,Standard project pacing. Client expectations are rigorous but manageable with proper staffing.,0.02
4851,66,2026-09-01,4,4,3,3,"Training resources on Azure and Gen AI are decent, hoping for more hands-on lab allocations.",-0.128
4852,31,2026-09-01,4,3,5,3,Energized by our client cloud modernization engagement and collaborative team culture.,0.855
4853,69,2026-09-01,3,3,2,3,Severe burnout from sustained 60+ hour work weeks without staffing support on high-priority delivery.,-0.801
4854,2,2026-09-01,2,4,3,3,Lack of psychological safety and micromanager style since recent leadership re-alignment.,-0.593
4855,79,2026-09-01,4,4,5,3,Energized by our client cloud modernization engagement and collaborative team culture.,0.462
4856,48,2026-09-01,4,3,4,4,"Very fair compensation, excellent recognition from my engagement partner, and healthy work balance.",0.899
4857,51,2026-09-01,2,4,3,3,Frustrated by repeated delays in promotion cycle despite rating 5 performance in consecutive cycles.,-0.765
4858,32,2026-09-01,3,4,4,2,"Training resources on Azure and Gen AI are decent, hoping for more hands-on lab allocations.",0.073
4859,13,2026-09-01,4,3,4,4,The transition to modern data stack and AI tooling has been a huge boost to our delivery velocity.,0.768
4860,24,2026-09-01,4,3,3,5,Compensation aligns with industry averages. Waiting to see outcome of mid-year review cycle.,0.078
4861,67,2026-09-01,3,3,3,2,"Training resources on Azure and Gen AI are decent, hoping for more hands-on lab allocations.",0.017
4862,39,2026-09-01,3,4,4,4,"Good team dynamic, though communication between onshore and offshore squads could be smoother.",-0.083
4863,6,2026-09-01,3,4,4,5,"Good team dynamic, though communication between onshore and offshore squads could be smoother.",0.057
4864,4,2026-09-01,3,4,3,2,Standard project pacing. Client expectations are rigorous but manageable with proper staffing.,0.045
4865,75,2026-09-01,3,4,5,4,Compensation aligns with industry averages. Waiting to see outcome of mid-year review cycle.,0.146
4866,78,2026-09-01,3,3,4,3,"Good team dynamic, though communication between onshore and offshore squads could be smoother.",0.153
4867,79,2026-09-01,3,2,3,2,"Good team dynamic, though communication between onshore and offshore squads could be smoother.",0.064
4868,12,2026-09-01,3,5,4,4,Standard project pacing. Client expectations are rigorous but manageable with proper staffing.,0.237
4869,15,2026-09-01,3,4,3,3,"Training resources on Azure and Gen AI are decent, hoping for more hands-on lab allocations.",0.069
4870,72,2026-09-01,4,4,3,5,"Training resources on Azure and Gen AI are decent, hoping for more hands-on lab allocations.",0.132
4871,73,2026-09-01,3,4,4,3,Compensation aligns with industry averages. Waiting to see outcome of mid-year review cycle.,0.176
4872,43,2026-09-01,4,4,4,4,Great autonomy on solution architecture. Enjoy mentoring junior analysts on agentic workflows.,0.579
4873,36,2026-09-01,4,4,4,3,Leadership provides tremendous career mentoring and clear promotion trajectory.,0.817
4874,3,2026-09-01,5,3,4,4,"Very fair compensation, excellent recognition from my engagement partner, and healthy work balance.",0.811
4875,40,2026-09-01,3,3,4,3,Standard project pacing. Client expectations are rigorous but manageable with proper staffing.,-0.145
4876,81,2026-09-01,4,5,4,3,The transition to modern data stack and AI tooling has been a huge boost to our delivery velocity.,0.693
4877,81,2026-09-01,3,3,5,3,Compensation aligns with industry averages. Waiting to see outcome of mid-year review cycle.,0.181
4878,22,2026-09-01,3,3,3,4,Compensation aligns with industry averages. Waiting to see outcome of mid-year review cycle.,0.059
4879,6,2026-09-01,4,5,3,5,Compensation aligns with industry averages. Waiting to see outcome of mid-year review cycle.,0.05
4880,44,2026-09-01,3,4,4,3,"Good team dynamic, though communication between onshore and offshore squads could be smoother.",0.096
4881,45,2026-09-01,4,3,4,4,Leadership provides tremendous career mentoring and clear promotion trajectory.,0.592
4882,14,2026-09-01,3,4,3,3,"Good team dynamic, though communication between onshore and offshore squads could be smoother.",0.22
4883,34,2026-09-01,3,3,5,3,"Good team dynamic, though communication between onshore and offshore squads could be smoother.",0.207
4884,65,2026-09-01,2,4,4,3,Disillusioned with unrealistic client deadlines and total absence of work-life boundaries.,-0.418
4885,67,2026-09-01,2,5,4,4,Disillusioned with unrealistic client deadlines and total absence of work-life boundaries.,-0.658
4886,1,2026-09-01,3,4,3,4,Severe burnout from sustained 60+ hour work weeks without staffing support on high-priority delivery.,-0.751
4887,6,2026-09-01,5,3,4,5,Leadership provides tremendous career mentoring and clear promotion trajectory.,0.667
4888,50,2026-09-01,4,3,4,3,"Very fair compensation, excellent recognition from my engagement partner, and healthy work balance.",0.483
4889,35,2026-09-01,4,3,3,4,"Training resources on Azure and Gen AI are decent, hoping for more hands-on lab allocations.",0.067
4890,47,2026-09-01,3,4,4,3,"Good team dynamic, though communication between onshore and offshore squads could be smoother.",-0.148
4891,10,2026-09-01,5,3,3,3,Compensation aligns with industry averages. Waiting to see outcome of mid-year review cycle.,-0.019
4892,63,2026-09-01,4,3,4,4,The transition to modern data stack and AI tooling has been a huge boost to our delivery velocity.,0.759
4893,58,2026-09-01,4,2,5,4,Leadership provides tremendous career mentoring and clear promotion trajectory.,0.697
4894,63,2026-09-01,3,5,5,3,Standard project pacing. Client expectations are rigorous but manageable with proper staffing.,-0.074
4895,7,2026-09-01,4,3,4,4,"Very fair compensation, excellent recognition from my engagement partner, and healthy work balance.",0.791
4896,29,2026-09-01,4,4,4,3,"Very fair compensation, excellent recognition from my engagement partner, and healthy work balance.",0.816
4897,36,2026-09-01,3,3,4,3,"Good team dynamic, though communication between onshore and offshore squads could be smoother.",0.16
4898,83,2026-09-01,3,4,3,3,"Training resources on Azure and Gen AI are decent, hoping for more hands-on lab allocations.",0.092
4899,26,2026-09-01,3,4,4,3,"Training resources on Azure and Gen AI are decent, hoping for more hands-on lab allocations.",-0.117
4900,26,2026-09-01,3,4,4,4,"Good team dynamic, though communication between onshore and offshore squads could be smoother.",0.046
4901,23,2026-09-01,3,2,4,3,Standard project pacing. Client expectations are rigorous but manageable with proper staffing.,0.241
4902,60,2026-09-01,3,3,4,4,Standard project pacing. Client expectations are rigorous but manageable with proper staffing.,0.187
4903,28,2026-09-01,4,4,4,3,Great autonomy on solution architecture. Enjoy mentoring junior analysts on agentic workflows.,0.819
4904,75,2026-09-01,4,4,4,4,"Very fair compensation, excellent recognition from my engagement partner, and healthy work balance.",0.874
4905,28,2026-09-01,3,4,4,3,"Good team dynamic, though communication between onshore and offshore squads could be smoother.",0.1
4906,2,2026-09-01,2,3,2,4,Lack of psychological safety and micromanager style since recent leadership re-alignment.,-0.542
4907,39,2026-09-01,3,3,3,3,Standard project pacing. Client expectations are rigorous but manageable with proper staffing.,0.057
4908,51,2026-09-01,3,5,4,4,"Training resources on Azure and Gen AI are decent, hoping for more hands-on lab allocations.",0.175
4909,2,2026-09-01,3,5,5,2,"Good team dynamic, though communication between onshore and offshore squads could be smoother.",0.22
4910,84,2026-09-01,3,4,5,2,Standard project pacing. Client expectations are rigorous but manageable with proper staffing.,0.133
4911,73,2026-09-01,4,3,3,5,"Training resources on Azure and Gen AI are decent, hoping for more hands-on lab allocations.",0.103
4912,16,2026-09-01,4,5,4,5,"Very fair compensation, excellent recognition from my engagement partner, and healthy work balance.",0.402
4913,83,2026-09-01,3,3,4,3,"Good team dynamic, though communication between onshore and offshore squads could be smoother.",-0.093
4914,2,2026-09-01,4,3,4,3,Leadership provides tremendous career mentoring and clear promotion trajectory.,0.522
4915,79,2026-09-01,3,4,4,5,"Training resources on Azure and Gen AI are decent, hoping for more hands-on lab allocations.",-0.071
4916,48,2026-09-01,3,5,4,3,Standard project pacing. Client expectations are rigorous but manageable with proper staffing.,-0.084
4917,19,2026-09-01,3,3,3,3,"Good team dynamic, though communication between onshore and offshore squads could be smoother.",0.073
4918,52,2026-09-01,4,4,4,4,"Very fair compensation, excellent recognition from my engagement partner, and healthy work balance.",0.826
4919,36,2026-09-01,3,3,4,3,Standard project pacing. Client expectations are rigorous but manageable with proper staffing.,-0.074
4920,8,2026-09-01,3,4,3,3,"Good team dynamic, though communication between onshore and offshore squads could be smoother.",-0.074
4921,19,2026-09-01,3,5,3,3,Standard project pacing. Client expectations are rigorous but manageable with proper staffing.,-0.019
4922,44,2026-09-01,4,5,4,5,The transition to modern data stack and AI tooling has been a huge boost to our delivery velocity.,0.538
4923,14,2026-09-01,3,5,2,4,Lack of psychological safety and micromanager style since recent leadership re-alignment.,-0.445
4924,23,2026-09-01,5,3,5,4,The transition to modern data stack and AI tooling has been a huge boost to our delivery velocity.,0.638
4925,7,2026-09-01,4,4,4,3,Leadership provides tremendous career mentoring and clear promotion trajectory.,0.899
4926,76,2026-09-01,3,3,4,3,"Training resources on Azure and Gen AI are decent, hoping for more hands-on lab allocations.",-0.019
4927,83,2026-09-01,4,3,4,4,The transition to modern data stack and AI tooling has been a huge boost to our delivery velocity.,0.708
4928,81,2026-09-01,5,4,4,4,Great autonomy on solution architecture. Enjoy mentoring junior analysts on agentic workflows.,0.886
4929,58,2026-09-01,4,4,4,5,Leadership provides tremendous career mentoring and clear promotion trajectory.,0.756
4930,74,2026-09-01,3,3,3,4,"Good team dynamic, though communication between onshore and offshore squads could be smoother.",-0.01
4931,71,2026-09-01,2,3,3,4,Lack of psychological safety and micromanager style since recent leadership re-alignment.,-0.322
4932,12,2026-09-01,4,3,3,3,"Training resources on Azure and Gen AI are decent, hoping for more hands-on lab allocations.",0.088
4933,58,2026-09-01,3,5,3,3,"Good team dynamic, though communication between onshore and offshore squads could be smoother.",0.104
4934,26,2026-09-01,4,3,3,3,"Good team dynamic, though communication between onshore and offshore squads could be smoother.",0.129
4935,25,2026-09-01,4,3,4,4,Great autonomy on solution architecture. Enjoy mentoring junior analysts on agentic workflows.,0.613
4936,23,2026-09-01,3,3,4,4,Standard project pacing. Client expectations are rigorous but manageable with proper staffing.,-0.137
4937,4,2026-09-01,4,2,5,4,"Very fair compensation, excellent recognition from my engagement partner, and healthy work balance.",0.692
4938,79,2026-09-01,3,5,3,4,Compensation aligns with industry averages. Waiting to see outcome of mid-year review cycle.,0.122
4939,4,2026-09-01,3,2,3,3,Standard project pacing. Client expectations are rigorous but manageable with proper staffing.,0.246
4940,68,2026-09-01,3,4,4,3,Compensation aligns with industry averages. Waiting to see outcome of mid-year review cycle.,-0.109
4941,15,2026-09-01,3,2,4,3,"Training resources on Azure and Gen AI are decent, hoping for more hands-on lab allocations.",-0.068
4942,5,2026-09-01,4,5,3,5,"Training resources on Azure and Gen AI are decent, hoping for more hands-on lab allocations.",0.163
4943,13,2026-09-01,5,4,4,5,"Very fair compensation, excellent recognition from my engagement partner, and healthy work balance.",0.664
4944,58,2026-09-01,3,4,4,4,"Training resources on Azure and Gen AI are decent, hoping for more hands-on lab allocations.",-0.014
4945,78,2026-09-01,4,3,4,3,Great autonomy on solution architecture. Enjoy mentoring junior analysts on agentic workflows.,0.407
4946,84,2026-09-01,4,4,5,5,Leadership provides tremendous career mentoring and clear promotion trajectory.,0.726
4947,65,2026-09-01,4,3,3,4,"Training resources on Azure and Gen AI are decent, hoping for more hands-on lab allocations.",-0.111
4948,67,2026-09-01,3,5,3,4,Compa-ratio is noticeably below market benchmark while billable utilization is consistently above 95%.,-0.784
4949,33,2026-09-01,2,5,3,3,Disillusioned with unrealistic client deadlines and total absence of work-life boundaries.,-0.687
4950,53,2026-09-01,3,4,4,3,Compensation aligns with industry averages. Waiting to see outcome of mid-year review cycle.,0.079
4951,5,2026-09-01,3,4,4,3,Compensation aligns with industry averages. Waiting to see outcome of mid-year review cycle.,0.047
4952,5,2026-09-01,3,3,4,3,Compensation aligns with industry averages. Waiting to see outcome of mid-year review cycle.,-0.147
4953,4,2026-09-01,3,3,4,4,Compensation aligns with industry averages. Waiting to see outcome of mid-year review cycle.,0.242
4954,32,2026-09-01,3,4,3,4,Standard project pacing. Client expectations are rigorous but manageable with proper staffing.,0.145
4955,45,2026-09-01,3,4,3,3,Severe burnout from sustained 60+ hour work weeks without staffing support on high-priority delivery.,-0.484
4956,5,2026-09-01,2,5,4,3,Frustrated by repeated delays in promotion cycle despite rating 5 performance in consecutive cycles.,-0.288
4957,7,2026-09-01,3,4,3,4,Compensation aligns with industry averages. Waiting to see outcome of mid-year review cycle.,0.087
4958,21,2026-09-01,4,3,3,3,Compensation aligns with industry averages. Waiting to see outcome of mid-year review cycle.,0.065
4959,81,2026-09-01,4,4,4,4,Energized by our client cloud modernization engagement and collaborative team culture.,0.402
4960,41,2026-09-01,3,4,4,3,Compensation aligns with industry averages. Waiting to see outcome of mid-year review cycle.,0.168
4961,64,2026-09-01,4,4,4,3,"Very fair compensation, excellent recognition from my engagement partner, and healthy work balance.",0.586
4962,30,2026-09-01,4,2,4,4,The transition to modern data stack and AI tooling has been a huge boost to our delivery velocity.,0.517
4963,7,2026-09-01,3,4,3,3,"Training resources on Azure and Gen AI are decent, hoping for more hands-on lab allocations.",0.107
4964,13,2026-09-01,5,3,3,4,"Good team dynamic, though communication between onshore and offshore squads could be smoother.",0.048
4965,13,2026-09-01,3,5,3,3,"Training resources on Azure and Gen AI are decent, hoping for more hands-on lab allocations.",0.01
4966,78,2026-09-01,3,4,3,3,Compensation aligns with industry averages. Waiting to see outcome of mid-year review cycle.,0.017
4967,11,2026-09-01,3,3,3,3,Compensation aligns with industry averages. Waiting to see outcome of mid-year review cycle.,-0.108
4968,72,2026-09-01,4,3,4,3,Great autonomy on solution architecture. Enjoy mentoring junior analysts on agentic workflows.,0.372
4969,62,2026-09-01,2,4,5,2,Compa-ratio is noticeably below market benchmark while billable utilization is consistently above 95%.,-0.394
4970,84,2026-09-01,3,4,3,3,Compensation aligns with industry averages. Waiting to see outcome of mid-year review cycle.,0.05
4971,31,2026-09-01,3,4,3,3,Compensation aligns with industry averages. Waiting to see outcome of mid-year review cycle.,-0.036
4972,24,2026-09-01,2,3,3,3,Disillusioned with unrealistic client deadlines and total absence of work-life boundaries.,-0.275
4973,35,2026-09-01,4,4,4,3,Leadership provides tremendous career mentoring and clear promotion trajectory.,0.862
4974,3,2026-09-01,4,3,4,5,"Very fair compensation, excellent recognition from my engagement partner, and healthy work balance.",0.485
4975,32,2026-09-01,4,3,4,3,Leadership provides tremendous career mentoring and clear promotion trajectory.,0.628
4976,2,2026-09-01,3,2,3,5,"Good team dynamic, though communication between onshore and offshore squads could be smoother.",0.166
4977,79,2026-09-01,3,4,5,4,Compensation aligns with industry averages. Waiting to see outcome of mid-year review cycle.,-0.032
4978,30,2026-09-01,3,3,5,4,"Good team dynamic, though communication between onshore and offshore squads could be smoother.",-0.143
4979,46,2026-09-01,4,3,5,4,Great autonomy on solution architecture. Enjoy mentoring junior analysts on agentic workflows.,0.722
4980,47,2026-09-01,4,3,4,5,Great autonomy on solution architecture. Enjoy mentoring junior analysts on agentic workflows.,0.687
4981,8,2026-09-01,3,5,4,3,"Good team dynamic, though communication between onshore and offshore squads could be smoother.",-0.036
4982,61,2026-09-01,3,2,3,3,"Training resources on Azure and Gen AI are decent, hoping for more hands-on lab allocations.",0.189
4983,80,2026-09-01,5,5,4,4,The transition to modern data stack and AI tooling has been a huge boost to our delivery velocity.,0.514
4984,47,2026-09-01,5,3,5,4,The transition to modern data stack and AI tooling has been a huge boost to our delivery velocity.,0.831
4985,14,2026-09-01,2,4,3,3,Compa-ratio is noticeably below market benchmark while billable utilization is consistently above 95%.,-0.837
4986,73,2026-09-01,3,4,3,4,"Training resources on Azure and Gen AI are decent, hoping for more hands-on lab allocations.",-0.082
4987,44,2026-09-01,3,5,4,4,Compensation aligns with industry averages. Waiting to see outcome of mid-year review cycle.,0.19
4988,48,2026-09-01,4,4,4,4,"Very fair compensation, excellent recognition from my engagement partner, and healthy work balance.",0.355
4989,63,2026-09-01,5,3,4,5,The transition to modern data stack and AI tooling has been a huge boost to our delivery velocity.,0.855
4990,2,2026-09-01,4,3,4,3,Energized by our client cloud modernization engagement and collaborative team culture.,0.458
4991,25,2026-09-01,3,4,4,3,"Good team dynamic, though communication between onshore and offshore squads could be smoother.",-0.14
4992,48,2026-09-01,3,4,4,4,Standard project pacing. Client expectations are rigorous but manageable with proper staffing.,-0.064
4993,38,2026-09-01,4,4,4,2,Energized by our client cloud modernization engagement and collaborative team culture.,0.507
4994,67,2026-09-01,4,4,5,3,The transition to modern data stack and AI tooling has been a huge boost to our delivery velocity.,0.515
4995,78,2026-09-01,4,5,5,2,The transition to modern data stack and AI tooling has been a huge boost to our delivery velocity.,0.732
4996,65,2026-09-01,5,4,4,5,Leadership provides tremendous career mentoring and clear promotion trajectory.,0.809
4997,12,2026-09-01,3,5,3,3,"Good team dynamic, though communication between onshore and offshore squads could be smoother.",-0.003
4998,59,2026-09-01,3,4,4,4,"Training resources on Azure and Gen AI are decent, hoping for more hands-on lab allocations.",-0.14
4999,4,2026-09-01,5,4,4,5,Energized by our client cloud modernization engagement and collaborative team culture.,0.595
5000,7,2026-09-01,5,4,4,4,Great autonomy on solution architecture. Enjoy mentoring junior analysts on agentic workflows.,0.52
5001,34,2026-09-01,4,4,4,4,The transition to modern data stack and AI tooling has been a huge boost to our delivery velocity.,0.366
5002,77,2026-09-01,3,3,5,3,Standard project pacing. Client expectations are rigorous but manageable with proper staffing.,-0.116
5003,23,2026-09-01,3,4,3,3,Standard project pacing. Client expectations are rigorous but manageable with proper staffing.,0.07
5004,1,2026-09-01,3,4,3,3,Compensation aligns with industry averages. Waiting to see outcome of mid-year review cycle.,-0.145
5005,55,2026-09-01,4,4,4,3,Energized by our client cloud modernization engagement and collaborative team culture.,0.824
5006,77,2026-09-01,2,4,2,3,Lack of psychological safety and micromanager style since recent leadership re-alignment.,-0.673
5007,24,2026-09-01,4,4,3,3,Compensation aligns with industry averages. Waiting to see outcome of mid-year review cycle.,-0.03
5008,3,2026-09-01,3,5,3,3,"Training resources on Azure and Gen AI are decent, hoping for more hands-on lab allocations.",0.101
5009,1,2026-09-01,4,5,3,5,"Training resources on Azure and Gen AI are decent, hoping for more hands-on lab allocations.",0.01
5010,49,2026-09-01,3,5,4,4,Compensation aligns with industry averages. Waiting to see outcome of mid-year review cycle.,0.135
5011,72,2026-09-01,3,3,4,3,Compensation aligns with industry averages. Waiting to see outcome of mid-year review cycle.,0.126
5012,2,2026-09-01,4,3,3,4,Compensation aligns with industry averages. Waiting to see outcome of mid-year review cycle.,0.014
5013,29,2026-09-01,3,2,4,4,"Training resources on Azure and Gen AI are decent, hoping for more hands-on lab allocations.",0.094
5014,56,2026-09-01,3,4,4,3,Compensation aligns with industry averages. Waiting to see outcome of mid-year review cycle.,-0.021
5015,52,2026-09-01,5,3,3,5,Standard project pacing. Client expectations are rigorous but manageable with proper staffing.,0.101
5016,80,2026-09-01,4,3,4,4,Great autonomy on solution architecture. Enjoy mentoring junior analysts on agentic workflows.,0.354
5017,4,2026-09-01,3,2,4,3,Standard project pacing. Client expectations are rigorous but manageable with proper staffing.,0.229
5018,29,2026-09-01,4,4,4,2,Energized by our client cloud modernization engagement and collaborative team culture.,0.881
5019,72,2026-09-01,3,4,3,4,"Good team dynamic, though communication between onshore and offshore squads could be smoother.",-0.11
5020,47,2026-09-01,4,4,4,4,The transition to modern data stack and AI tooling has been a huge boost to our delivery velocity.,0.511
5021,31,2026-09-01,3,4,3,3,Compensation aligns with industry averages. Waiting to see outcome of mid-year review cycle.,0.107
5022,60,2026-09-01,4,3,5,4,Leadership provides tremendous career mentoring and clear promotion trajectory.,0.467
5023,5,2026-09-01,2,4,3,3,Frustrated by repeated delays in promotion cycle despite rating 5 performance in consecutive cycles.,-0.507
5024,55,2026-09-01,3,4,3,4,Compensation aligns with industry averages. Waiting to see outcome of mid-year review cycle.,-0.131
5025,8,2026-09-01,3,3,4,3,Standard project pacing. Client expectations are rigorous but manageable with proper staffing.,-0.113
5026,57,2026-09-01,2,4,4,4,Disillusioned with unrealistic client deadlines and total absence of work-life boundaries.,-0.529
5027,78,2026-09-01,3,4,4,3,Compensation aligns with industry averages. Waiting to see outcome of mid-year review cycle.,-0.074
5028,75,2026-09-01,3,3,3,4,"Good team dynamic, though communication between onshore and offshore squads could be smoother.",-0.034
5029,24,2026-09-01,3,4,3,3,"Good team dynamic, though communication between onshore and offshore squads could be smoother.",-0.057
5030,42,2026-09-01,3,3,3,4,Disillusioned with unrealistic client deadlines and total absence of work-life boundaries.,-0.612
5031,36,2026-09-01,3,4,3,3,"Good team dynamic, though communication between onshore and offshore squads could be smoother.",-0.12
5032,67,2026-09-01,4,4,3,3,Standard project pacing. Client expectations are rigorous but manageable with proper staffing.,-0.014
5033,1,2026-09-01,2,5,4,3,Disillusioned with unrealistic client deadlines and total absence of work-life boundaries.,-0.44
5034,57,2026-09-01,3,4,3,3,Disillusioned with unrealistic client deadlines and total absence of work-life boundaries.,-0.523
5035,41,2026-09-01,3,3,4,3,Standard project pacing. Client expectations are rigorous but manageable with proper staffing.,0.0
5036,14,2026-09-01,3,4,5,3,Compensation aligns with industry averages. Waiting to see outcome of mid-year review cycle.,0.19
5037,77,2026-09-01,4,5,5,3,"Very fair compensation, excellent recognition from my engagement partner, and healthy work balance.",0.663
5038,30,2026-09-01,2,4,3,4,Frustrated by repeated delays in promotion cycle despite rating 5 performance in consecutive cycles.,-0.659
5039,23,2026-09-01,3,5,4,4,Standard project pacing. Client expectations are rigorous but manageable with proper staffing.,0.22
5040,10,2026-09-01,4,4,3,2,Compensation aligns with industry averages. Waiting to see outcome of mid-year review cycle.,-0.025
5041,80,2026-09-01,3,5,5,3,Standard project pacing. Client expectations are rigorous but manageable with proper staffing.,-0.006
5042,83,2026-09-01,4,4,4,4,The transition to modern data stack and AI tooling has been a huge boost to our delivery velocity.,0.617
5043,70,2026-09-01,4,4,3,4,"Training resources on Azure and Gen AI are decent, hoping for more hands-on lab allocations.",0.178
5044,23,2026-09-01,3,5,3,3,Disillusioned with unrealistic client deadlines and total absence of work-life boundaries.,-0.699
5045,45,2026-09-01,4,3,4,3,Energized by our client cloud modernization engagement and collaborative team culture.,0.772
5046,56,2026-09-01,4,5,3,4,Standard project pacing. Client expectations are rigorous but manageable with proper staffing.,0.057
5047,47,2026-09-01,3,4,4,4,Compensation aligns with industry averages. Waiting to see outcome of mid-year review cycle.,-0.042
5048,71,2026-09-01,4,3,3,3,Standard project pacing. Client expectations are rigorous but manageable with proper staffing.,-0.148
5049,50,2026-09-01,4,5,4,3,Leadership provides tremendous career mentoring and clear promotion trajectory.,0.428
5050,1,2026-09-01,4,4,3,4,"Good team dynamic, though communication between onshore and offshore squads could be smoother.",0.244
5051,82,2026-09-01,3,4,4,4,Standard project pacing. Client expectations are rigorous but manageable with proper staffing.,-0.118
5052,32,2026-09-01,4,3,3,3,"Training resources on Azure and Gen AI are decent, hoping for more hands-on lab allocations.",0.051
5053,48,2026-09-01,3,5,4,3,"Training resources on Azure and Gen AI are decent, hoping for more hands-on lab allocations.",-0.072
5054,58,2026-09-01,4,4,4,3,"Very fair compensation, excellent recognition from my engagement partner, and healthy work balance.",0.8
5055,27,2026-09-01,3,4,4,4,"Good team dynamic, though communication between onshore and offshore squads could be smoother.",-0.105
5056,64,2026-09-01,3,4,4,3,Compensation aligns with industry averages. Waiting to see outcome of mid-year review cycle.,0.239
5057,19,2026-09-01,3,3,3,3,Standard project pacing. Client expectations are rigorous but manageable with proper staffing.,-0.066
5058,19,2026-09-01,4,5,4,3,Great autonomy on solution architecture. Enjoy mentoring junior analysts on agentic workflows.,0.655
5059,82,2026-09-01,3,3,3,4,Standard project pacing. Client expectations are rigorous but manageable with proper staffing.,0.054
5060,49,2026-09-01,4,5,4,5,Energized by our client cloud modernization engagement and collaborative team culture.,0.411
5061,20,2026-09-01,3,4,3,3,"Training resources on Azure and Gen AI are decent, hoping for more hands-on lab allocations.",-0.148
5062,62,2026-09-01,4,3,4,3,Great autonomy on solution architecture. Enjoy mentoring junior analysts on agentic workflows.,0.768
5063,77,2026-09-01,3,2,4,4,Compensation aligns with industry averages. Waiting to see outcome of mid-year review cycle.,0.03
5064,44,2026-09-01,5,4,4,5,The transition to modern data stack and AI tooling has been a huge boost to our delivery velocity.,0.42
5065,49,2026-09-01,3,3,3,3,"Good team dynamic, though communication between onshore and offshore squads could be smoother.",0.023
5066,47,2026-09-01,2,5,3,2,Disillusioned with unrealistic client deadlines and total absence of work-life boundaries.,-0.717
5067,49,2026-09-01,4,4,2,5,Lack of psychological safety and micromanager style since recent leadership re-alignment.,-0.365
5068,11,2026-09-01,3,4,4,3,Compensation aligns with industry averages. Waiting to see outcome of mid-year review cycle.,0.086
5069,27,2026-09-01,2,3,3,3,Severe burnout from sustained 60+ hour work weeks without staffing support on high-priority delivery.,-0.576
5070,62,2026-09-01,3,4,2,4,Compa-ratio is noticeably below market benchmark while billable utilization is consistently above 95%.,-0.541
5071,8,2026-09-01,4,3,3,3,"Good team dynamic, though communication between onshore and offshore squads could be smoother.",0.021
5072,30,2026-09-01,2,4,3,5,Frustrated by repeated delays in promotion cycle despite rating 5 performance in consecutive cycles.,-0.621
5073,57,2026-09-01,3,4,3,4,"Training resources on Azure and Gen AI are decent, hoping for more hands-on lab allocations.",-0.106
5074,59,2026-09-01,3,5,3,3,Compensation aligns with industry averages. Waiting to see outcome of mid-year review cycle.,0.218
5075,52,2026-09-01,2,5,2,3,Frustrated by repeated delays in promotion cycle despite rating 5 performance in consecutive cycles.,-0.613
5076,6,2026-09-01,2,4,3,3,Disillusioned with unrealistic client deadlines and total absence of work-life boundaries.,-0.403
5077,64,2026-09-01,4,4,4,3,Great autonomy on solution architecture. Enjoy mentoring junior analysts on agentic workflows.,0.574
5078,68,2026-09-01,4,3,5,3,Leadership provides tremendous career mentoring and clear promotion trajectory.,0.837
5079,49,2026-09-01,4,5,3,4,"Good team dynamic, though communication between onshore and offshore squads could be smoother.",0.028
5080,36,2026-09-01,3,5,3,2,Compensation aligns with industry averages. Waiting to see outcome of mid-year review cycle.,0.225
5081,41,2026-09-01,4,3,3,4,"Training resources on Azure and Gen AI are decent, hoping for more hands-on lab allocations.",0.1
5082,64,2026-09-01,5,4,4,5,Great autonomy on solution architecture. Enjoy mentoring junior analysts on agentic workflows.,0.395
5083,31,2026-09-01,4,5,3,2,Standard project pacing. Client expectations are rigorous but manageable with proper staffing.,-0.122
5084,59,2026-09-01,4,4,5,3,Great autonomy on solution architecture. Enjoy mentoring junior analysts on agentic workflows.,0.765
5085,82,2026-09-01,3,3,3,5,"Good team dynamic, though communication between onshore and offshore squads could be smoother.",-0.112
5086,43,2026-09-01,4,4,4,4,Energized by our client cloud modernization engagement and collaborative team culture.,0.37
5087,37,2026-09-01,4,3,4,4,The transition to modern data stack and AI tooling has been a huge boost to our delivery velocity.,0.839
5088,25,2026-09-01,3,4,3,3,Standard project pacing. Client expectations are rigorous but manageable with proper staffing.,0.079
5089,51,2026-09-01,3,4,4,3,"Training resources on Azure and Gen AI are decent, hoping for more hands-on lab allocations.",0.089
5090,83,2026-09-01,3,4,4,3,Standard project pacing. Client expectations are rigorous but manageable with proper staffing.,-0.013
5091,29,2026-09-01,2,3,3,4,Lack of psychological safety and micromanager style since recent leadership re-alignment.,-0.839
5092,36,2026-09-01,3,5,4,3,Standard project pacing. Client expectations are rigorous but manageable with proper staffing.,0.082
5093,55,2026-09-01,4,4,3,4,"Good team dynamic, though communication between onshore and offshore squads could be smoother.",0.234
5094,18,2026-09-01,4,3,3,3,Standard project pacing. Client expectations are rigorous but manageable with proper staffing.,0.134
5095,8,2026-09-01,4,3,2,3,Lack of psychological safety and micromanager style since recent leadership re-alignment.,-0.252
5096,32,2026-09-01,4,3,5,4,The transition to modern data stack and AI tooling has been a huge boost to our delivery velocity.,0.604
5097,56,2026-09-01,4,3,5,4,The transition to modern data stack and AI tooling has been a huge boost to our delivery velocity.,0.863
5098,69,2026-09-01,4,2,3,4,Standard project pacing. Client expectations are rigorous but manageable with proper staffing.,-0.114
5099,6,2026-09-01,4,3,3,3,"Training resources on Azure and Gen AI are decent, hoping for more hands-on lab allocations.",0.047
5100,27,2026-09-01,4,4,3,3,"Good team dynamic, though communication between onshore and offshore squads could be smoother.",-0.065
5101,27,2026-09-01,3,3,5,3,Standard project pacing. Client expectations are rigorous but manageable with proper staffing.,0.204
5102,62,2026-09-01,2,3,3,3,Lack of psychological safety and micromanager style since recent leadership re-alignment.,-0.754
5103,27,2026-09-01,3,3,3,4,"Good team dynamic, though communication between onshore and offshore squads could be smoother.",0.101
5104,20,2026-09-01,4,4,4,5,Leadership provides tremendous career mentoring and clear promotion trajectory.,0.5
5105,7,2026-09-01,5,3,4,3,Leadership provides tremendous career mentoring and clear promotion trajectory.,0.351
5106,12,2026-09-01,4,2,4,4,Energized by our client cloud modernization engagement and collaborative team culture.,0.834
5107,42,2026-09-01,4,4,3,4,"Good team dynamic, though communication between onshore and offshore squads could be smoother.",0.094
5108,84,2026-09-01,3,4,4,2,Compensation aligns with industry averages. Waiting to see outcome of mid-year review cycle.,-0.04
5109,80,2026-09-01,4,4,3,4,Standard project pacing. Client expectations are rigorous but manageable with proper staffing.,0.233
5110,48,2026-09-01,4,3,4,4,Leadership provides tremendous career mentoring and clear promotion trajectory.,0.354
5111,80,2026-09-01,4,3,4,4,Energized by our client cloud modernization engagement and collaborative team culture.,0.377
5112,18,2026-09-01,2,4,4,3,Severe burnout from sustained 60+ hour work weeks without staffing support on high-priority delivery.,-0.563
5113,57,2026-09-01,3,5,4,3,Standard project pacing. Client expectations are rigorous but manageable with proper staffing.,-0.011
5114,74,2026-09-01,4,4,4,3,The transition to modern data stack and AI tooling has been a huge boost to our delivery velocity.,0.519
5115,42,2026-09-01,3,5,4,2,Standard project pacing. Client expectations are rigorous but manageable with proper staffing.,0.231
5116,72,2026-09-01,2,4,3,2,Disillusioned with unrealistic client deadlines and total absence of work-life boundaries.,-0.317
5117,12,2026-09-01,4,3,5,5,Energized by our client cloud modernization engagement and collaborative team culture.,0.494
5118,3,2026-09-01,4,2,4,4,"Very fair compensation, excellent recognition from my engagement partner, and healthy work balance.",0.706
5119,79,2026-09-01,4,3,3,3,Compensation aligns with industry averages. Waiting to see outcome of mid-year review cycle.,0.105
5120,15,2026-09-01,3,3,3,2,Compensation aligns with industry averages. Waiting to see outcome of mid-year review cycle.,-0.102
5121,28,2026-09-01,4,3,4,3,Great autonomy on solution architecture. Enjoy mentoring junior analysts on agentic workflows.,0.798
5122,5,2026-09-01,3,3,4,3,Standard project pacing. Client expectations are rigorous but manageable with proper staffing.,0.191
5123,51,2026-09-01,3,5,4,3,Standard project pacing. Client expectations are rigorous but manageable with proper staffing.,0.018
5124,60,2026-09-01,3,3,4,3,"Training resources on Azure and Gen AI are decent, hoping for more hands-on lab allocations.",0.2
5125,25,2026-09-01,3,4,4,3,Compensation aligns with industry averages. Waiting to see outcome of mid-year review cycle.,-0.015
5126,44,2026-09-01,3,4,5,4,"Good team dynamic, though communication between onshore and offshore squads could be smoother.",0.236
5127,41,2026-09-01,2,4,4,3,Severe burnout from sustained 60+ hour work weeks without staffing support on high-priority delivery.,-0.712
5128,35,2026-09-01,4,4,3,4,"Good team dynamic, though communication between onshore and offshore squads could be smoother.",0.163
5129,18,2026-09-01,4,4,4,3,Great autonomy on solution architecture. Enjoy mentoring junior analysts on agentic workflows.,0.417
5130,74,2026-09-01,3,4,3,4,"Training resources on Azure and Gen AI are decent, hoping for more hands-on lab allocations.",0.018
5131,54,2026-09-01,4,3,4,5,Energized by our client cloud modernization engagement and collaborative team culture.,0.441
5132,75,2026-09-01,3,3,3,3,Lack of psychological safety and micromanager style since recent leadership re-alignment.,-0.255
5133,13,2026-09-01,3,3,3,3,"Good team dynamic, though communication between onshore and offshore squads could be smoother.",0.138
5134,3,2026-09-01,3,5,3,4,Standard project pacing. Client expectations are rigorous but manageable with proper staffing.,-0.082
5135,68,2026-09-01,3,5,4,3,"Training resources on Azure and Gen AI are decent, hoping for more hands-on lab allocations.",0.145
5136,62,2026-09-01,3,3,4,4,"Good team dynamic, though communication between onshore and offshore squads could be smoother.",0.033
5137,74,2026-09-01,3,4,2,4,Frustrated by repeated delays in promotion cycle despite rating 5 performance in consecutive cycles.,-0.47
5138,57,2026-09-01,3,4,4,3,"Training resources on Azure and Gen AI are decent, hoping for more hands-on lab allocations.",0.122
5139,83,2026-09-01,3,5,3,3,Standard project pacing. Client expectations are rigorous but manageable with proper staffing.,-0.013
5140,54,2026-09-01,4,4,5,3,"Very fair compensation, excellent recognition from my engagement partner, and healthy work balance.",0.531
5141,81,2026-09-01,3,5,4,3,Compensation aligns with industry averages. Waiting to see outcome of mid-year review cycle.,0.058
5142,67,2026-09-01,5,4,4,4,Energized by our client cloud modernization engagement and collaborative team culture.,0.491
5143,61,2026-09-01,3,4,4,4,"Good team dynamic, though communication between onshore and offshore squads could be smoother.",0.175
5144,62,2026-09-01,4,4,4,5,Energized by our client cloud modernization engagement and collaborative team culture.,0.6
5145,17,2026-09-01,4,4,5,3,Energized by our client cloud modernization engagement and collaborative team culture.,0.396
5146,47,2026-09-01,3,4,3,2,"Good team dynamic, though communication between onshore and offshore squads could be smoother.",0.204
5147,35,2026-09-01,3,5,4,4,"Good team dynamic, though communication between onshore and offshore squads could be smoother.",-0.109
5148,24,2026-09-01,2,4,4,3,Disillusioned with unrealistic client deadlines and total absence of work-life boundaries.,-0.43
5149,6,2026-09-01,3,5,4,3,"Training resources on Azure and Gen AI are decent, hoping for more hands-on lab allocations.",-0.09
5150,13,2026-09-01,3,4,3,2,"Training resources on Azure and Gen AI are decent, hoping for more hands-on lab allocations.",0.168
5151,19,2026-09-01,4,4,4,4,Great autonomy on solution architecture. Enjoy mentoring junior analysts on agentic workflows.,0.888
5152,35,2026-09-01,4,4,4,4,The transition to modern data stack and AI tooling has been a huge boost to our delivery velocity.,0.445
5153,11,2026-09-01,5,3,4,4,The transition to modern data stack and AI tooling has been a huge boost to our delivery velocity.,0.445
5154,33,2026-09-01,2,3,2,4,Severe burnout from sustained 60+ hour work weeks without staffing support on high-priority delivery.,-0.338
5155,24,2026-09-01,3,5,4,3,Compensation aligns with industry averages. Waiting to see outcome of mid-year review cycle.,0.125
5156,76,2026-09-01,3,2,4,3,Compensation aligns with industry averages. Waiting to see outcome of mid-year review cycle.,0.143
5157,35,2026-09-01,3,4,3,4,Standard project pacing. Client expectations are rigorous but manageable with proper staffing.,0.185
5158,62,2026-09-01,3,3,4,4,"Training resources on Azure and Gen AI are decent, hoping for more hands-on lab allocations.",0.17
5159,73,2026-09-01,5,3,4,4,Leadership provides tremendous career mentoring and clear promotion trajectory.,0.462
5160,15,2026-09-01,3,5,4,3,Standard project pacing. Client expectations are rigorous but manageable with proper staffing.,-0.097
5161,56,2026-09-01,3,4,3,4,Standard project pacing. Client expectations are rigorous but manageable with proper staffing.,0.16
5162,53,2026-09-01,4,4,4,3,"Very fair compensation, excellent recognition from my engagement partner, and healthy work balance.",0.596
5163,83,2026-09-01,4,5,4,3,Energized by our client cloud modernization engagement and collaborative team culture.,0.36
5164,15,2026-09-01,4,3,5,5,Energized by our client cloud modernization engagement and collaborative team culture.,0.803
5165,17,2026-09-01,4,5,4,4,"Very fair compensation, excellent recognition from my engagement partner, and healthy work balance.",0.379
5166,3,2026-09-01,3,4,4,2,"Training resources on Azure and Gen AI are decent, hoping for more hands-on lab allocations.",0.135
5167,9,2026-09-01,3,4,3,4,"Training resources on Azure and Gen AI are decent, hoping for more hands-on lab allocations.",0.059
5168,5,2026-09-01,4,2,4,3,"Very fair compensation, excellent recognition from my engagement partner, and healthy work balance.",0.552
5169,39,2026-09-01,3,5,3,3,Standard project pacing. Client expectations are rigorous but manageable with proper staffing.,-0.045
5170,56,2026-09-01,4,4,4,3,The transition to modern data stack and AI tooling has been a huge boost to our delivery velocity.,0.588
5171,31,2026-09-01,3,3,3,3,Standard project pacing. Client expectations are rigorous but manageable with proper staffing.,-0.103
5172,43,2026-09-01,3,3,4,3,Standard project pacing. Client expectations are rigorous but manageable with proper staffing.,0.021
5173,6,2026-09-01,4,5,3,4,Compensation aligns with industry averages. Waiting to see outcome of mid-year review cycle.,0.1
5174,22,2026-09-01,4,4,5,3,"Very fair compensation, excellent recognition from my engagement partner, and healthy work balance.",0.615
5175,54,2026-09-01,4,4,5,3,The transition to modern data stack and AI tooling has been a huge boost to our delivery velocity.,0.54
5176,63,2026-09-01,3,4,4,4,"Training resources on Azure and Gen AI are decent, hoping for more hands-on lab allocations.",-0.057
5177,81,2026-09-01,3,3,4,3,"Training resources on Azure and Gen AI are decent, hoping for more hands-on lab allocations.",0.069
5178,76,2026-09-01,2,4,3,4,Severe burnout from sustained 60+ hour work weeks without staffing support on high-priority delivery.,-0.559
5179,61,2026-09-01,3,3,5,4,"Good team dynamic, though communication between onshore and offshore squads could be smoother.",0.081
5180,55,2026-09-01,3,3,3,5,Standard project pacing. Client expectations are rigorous but manageable with proper staffing.,-0.05
5181,5,2026-09-01,3,4,4,3,Compensation aligns with industry averages. Waiting to see outcome of mid-year review cycle.,-0.06
5182,34,2026-09-01,3,3,4,3,"Training resources on Azure and Gen AI are decent, hoping for more hands-on lab allocations.",-0.145
5183,10,2026-09-01,3,3,4,4,"Training resources on Azure and Gen AI are decent, hoping for more hands-on lab allocations.",0.235
5184,11,2026-09-01,3,4,4,3,Standard project pacing. Client expectations are rigorous but manageable with proper staffing.,-0.064
5185,46,2026-09-01,5,4,4,2,Energized by our client cloud modernization engagement and collaborative team culture.,0.862
5186,63,2026-09-01,4,4,4,4,The transition to modern data stack and AI tooling has been a huge boost to our delivery velocity.,0.636
5187,46,2026-09-01,3,3,4,4,"Good team dynamic, though communication between onshore and offshore squads could be smoother.",-0.036
5188,74,2026-09-01,2,4,4,3,Compa-ratio is noticeably below market benchmark while billable utilization is consistently above 95%.,-0.57
5189,39,2026-09-01,4,4,4,4,"Very fair compensation, excellent recognition from my engagement partner, and healthy work balance.",0.839
5190,61,2026-09-01,3,4,4,2,Standard project pacing. Client expectations are rigorous but manageable with proper staffing.,-0.095
5191,21,2026-09-01,4,3,5,3,Energized by our client cloud modernization engagement and collaborative team culture.,0.522
5192,29,2026-09-01,4,4,4,5,The transition to modern data stack and AI tooling has been a huge boost to our delivery velocity.,0.528
5193,16,2026-09-01,4,4,4,3,The transition to modern data stack and AI tooling has been a huge boost to our delivery velocity.,0.571
5194,8,2026-09-01,3,4,4,4,"Good team dynamic, though communication between onshore and offshore squads could be smoother.",0.19
5195,65,2026-09-01,4,4,4,3,"Very fair compensation, excellent recognition from my engagement partner, and healthy work balance.",0.602
5196,43,2026-09-01,5,4,4,5,Great autonomy on solution architecture. Enjoy mentoring junior analysts on agentic workflows.,0.587
5197,9,2026-09-01,4,4,4,3,Great autonomy on solution architecture. Enjoy mentoring junior analysts on agentic workflows.,0.9
5198,8,2026-09-01,4,4,3,4,"Good team dynamic, though communication between onshore and offshore squads could be smoother.",0.125
5199,58,2026-09-01,5,3,3,4,"Good team dynamic, though communication between onshore and offshore squads could be smoother.",0.183
5200,60,2026-09-01,5,3,4,5,The transition to modern data stack and AI tooling has been a huge boost to our delivery velocity.,0.476
5201,3,2026-09-01,3,3,4,3,"Good team dynamic, though communication between onshore and offshore squads could be smoother.",0.108
5202,23,2026-09-01,3,2,4,3,Standard project pacing. Client expectations are rigorous but manageable with proper staffing.,-0.056
5203,47,2026-09-01,5,3,5,5,"Very fair compensation, excellent recognition from my engagement partner, and healthy work balance.",0.423
5204,64,2026-09-01,3,3,4,2,Compensation aligns with industry averages. Waiting to see outcome of mid-year review cycle.,0.16
5205,53,2026-09-01,4,5,4,3,"Very fair compensation, excellent recognition from my engagement partner, and healthy work balance.",0.886
5206,80,2026-09-01,3,4,5,2,"Good team dynamic, though communication between onshore and offshore squads could be smoother.",-0.001
5207,8,2026-09-01,3,3,3,3,Severe burnout from sustained 60+ hour work weeks without staffing support on high-priority delivery.,-0.636
5208,41,2026-09-01,4,3,4,4,Leadership provides tremendous career mentoring and clear promotion trajectory.,0.474
5209,4,2026-09-01,4,4,3,3,"Good team dynamic, though communication between onshore and offshore squads could be smoother.",0.073
5210,19,2026-09-01,3,3,4,3,"Training resources on Azure and Gen AI are decent, hoping for more hands-on lab allocations.",-0.062
5211,43,2026-09-01,4,3,4,2,Leadership provides tremendous career mentoring and clear promotion trajectory.,0.828
5212,55,2026-09-01,4,5,4,4,Great autonomy on solution architecture. Enjoy mentoring junior analysts on agentic workflows.,0.652
5213,82,2026-09-01,4,3,4,3,Leadership provides tremendous career mentoring and clear promotion trajectory.,0.613
5214,55,2026-09-01,4,3,5,5,Energized by our client cloud modernization engagement and collaborative team culture.,0.893
5215,76,2026-09-01,3,5,3,5,Lack of psychological safety and micromanager style since recent leadership re-alignment.,-0.815
5216,42,2026-09-01,3,4,4,3,Standard project pacing. Client expectations are rigorous but manageable with proper staffing.,0.082
5217,51,2026-09-01,3,4,4,5,"Training resources on Azure and Gen AI are decent, hoping for more hands-on lab allocations.",-0.006
5218,22,2026-09-01,4,4,3,5,Compensation aligns with industry averages. Waiting to see outcome of mid-year review cycle.,0.198
5219,2,2026-09-01,2,4,4,3,Disillusioned with unrealistic client deadlines and total absence of work-life boundaries.,-0.607
5220,58,2026-09-01,4,5,4,5,Energized by our client cloud modernization engagement and collaborative team culture.,0.584
5221,7,2026-09-01,5,3,4,5,Great autonomy on solution architecture. Enjoy mentoring junior analysts on agentic workflows.,0.746
5222,10,2026-09-01,3,2,4,3,"Training resources on Azure and Gen AI are decent, hoping for more hands-on lab allocations.",0.118
5223,1,2026-09-01,3,5,3,3,Standard project pacing. Client expectations are rigorous but manageable with proper staffing.,-0.065
5224,2,2026-09-01,3,3,4,3,"Good team dynamic, though communication between onshore and offshore squads could be smoother.",-0.117
5225,36,2026-09-01,4,5,4,3,Great autonomy on solution architecture. Enjoy mentoring junior analysts on agentic workflows.,0.875
5226,77,2026-09-01,4,5,4,2,"Very fair compensation, excellent recognition from my engagement partner, and healthy work balance.",0.549
5227,44,2026-09-01,3,4,1,3,Frustrated by repeated delays in promotion cycle despite rating 5 performance in consecutive cycles.,-0.628
5228,79,2026-09-01,2,3,3,3,Lack of psychological safety and micromanager style since recent leadership re-alignment.,-0.372
5229,79,2026-09-01,2,5,3,4,Lack of psychological safety and micromanager style since recent leadership re-alignment.,-0.251
5230,59,2026-09-01,4,3,3,4,Compensation aligns with industry averages. Waiting to see outcome of mid-year review cycle.,0.178
5231,50,2026-09-01,3,4,4,3,"Good team dynamic, though communication between onshore and offshore squads could be smoother.",-0.075
5232,1,2026-09-01,3,4,4,4,"Training resources on Azure and Gen AI are decent, hoping for more hands-on lab allocations.",0.08
5233,37,2026-09-01,4,4,3,4,"Good team dynamic, though communication between onshore and offshore squads could be smoother.",-0.05
5234,67,2026-09-01,3,4,4,3,"Good team dynamic, though communication between onshore and offshore squads could be smoother.",0.163
5235,20,2026-09-01,4,4,4,3,Energized by our client cloud modernization engagement and collaborative team culture.,0.379
5236,4,2026-09-01,3,4,3,4,Compensation aligns with industry averages. Waiting to see outcome of mid-year review cycle.,0.069
5237,56,2026-09-01,4,3,3,4,"Training resources on Azure and Gen AI are decent, hoping for more hands-on lab allocations.",0.043
5238,27,2026-09-01,4,4,5,3,Great autonomy on solution architecture. Enjoy mentoring junior analysts on agentic workflows.,0.645
5239,59,2026-09-01,4,4,4,3,"Very fair compensation, excellent recognition from my engagement partner, and healthy work balance.",0.514
5240,70,2026-09-01,5,3,4,5,Energized by our client cloud modernization engagement and collaborative team culture.,0.813
5241,63,2026-09-01,3,5,4,3,"Training resources on Azure and Gen AI are decent, hoping for more hands-on lab allocations.",0.064
5242,62,2026-09-01,2,2,2,3,Lack of psychological safety and micromanager style since recent leadership re-alignment.,-0.28
5243,39,2026-09-01,3,4,4,4,Standard project pacing. Client expectations are rigorous but manageable with proper staffing.,0.065
5244,34,2026-09-01,2,4,3,3,Frustrated by repeated delays in promotion cycle despite rating 5 performance in consecutive cycles.,-0.686
5245,31,2026-09-01,3,4,3,5,"Good team dynamic, though communication between onshore and offshore squads could be smoother.",-0.142
5246,62,2026-09-01,4,3,3,4,Compensation aligns with industry averages. Waiting to see outcome of mid-year review cycle.,-0.109
5247,12,2026-09-01,3,3,3,4,Compensation aligns with industry averages. Waiting to see outcome of mid-year review cycle.,-0.116
5248,79,2026-09-01,4,4,3,5,Lack of psychological safety and micromanager style since recent leadership re-alignment.,-0.256
5249,14,2026-09-01,3,3,3,3,Severe burnout from sustained 60+ hour work weeks without staffing support on high-priority delivery.,-0.793
5250,49,2026-09-01,2,3,4,3,Frustrated by repeated delays in promotion cycle despite rating 5 performance in consecutive cycles.,-0.635
5251,81,2026-09-01,4,5,3,4,"Good team dynamic, though communication between onshore and offshore squads could be smoother.",0.08
5252,15,2026-09-01,4,3,4,3,Leadership provides tremendous career mentoring and clear promotion trajectory.,0.821
5253,50,2026-09-01,4,3,3,2,"Good team dynamic, though communication between onshore and offshore squads could be smoother.",0.08
5254,64,2026-09-01,3,3,4,4,Standard project pacing. Client expectations are rigorous but manageable with proper staffing.,0.157
5255,17,2026-09-01,4,4,3,3,Standard project pacing. Client expectations are rigorous but manageable with proper staffing.,-0.005
5256,78,2026-09-01,3,3,2,3,Compa-ratio is noticeably below market benchmark while billable utilization is consistently above 95%.,-0.518
5257,48,2026-09-01,3,4,3,3,Standard project pacing. Client expectations are rigorous but manageable with proper staffing.,-0.143
5258,29,2026-09-01,3,4,2,5,Lack of psychological safety and micromanager style since recent leadership re-alignment.,-0.506
5259,63,2026-09-01,3,5,4,3,Standard project pacing. Client expectations are rigorous but manageable with proper staffing.,0.239
5260,35,2026-09-01,4,4,5,3,The transition to modern data stack and AI tooling has been a huge boost to our delivery velocity.,0.67
5261,71,2026-09-01,2,5,3,4,Frustrated by repeated delays in promotion cycle despite rating 5 performance in consecutive cycles.,-0.587
5262,78,2026-09-01,4,3,4,5,The transition to modern data stack and AI tooling has been a huge boost to our delivery velocity.,0.874
5263,63,2026-09-01,5,4,4,5,Energized by our client cloud modernization engagement and collaborative team culture.,0.507
5264,64,2026-09-01,3,3,5,3,Compensation aligns with industry averages. Waiting to see outcome of mid-year review cycle.,0.023
5265,83,2026-09-01,3,3,3,3,"Training resources on Azure and Gen AI are decent, hoping for more hands-on lab allocations.",-0.013
5266,19,2026-09-01,5,4,4,4,Leadership provides tremendous career mentoring and clear promotion trajectory.,0.618
5267,25,2026-09-01,3,5,4,4,"Training resources on Azure and Gen AI are decent, hoping for more hands-on lab allocations.",0.055
5268,16,2026-09-01,4,3,3,3,Compensation aligns with industry averages. Waiting to see outcome of mid-year review cycle.,0.185
5269,18,2026-09-01,4,3,4,4,Leadership provides tremendous career mentoring and clear promotion trajectory.,0.834
5270,40,2026-09-01,3,4,2,3,Compa-ratio is noticeably below market benchmark while billable utilization is consistently above 95%.,-0.689
5271,36,2026-09-01,3,4,5,4,Standard project pacing. Client expectations are rigorous but manageable with proper staffing.,-0.039
5272,59,2026-09-01,2,4,3,3,Disillusioned with unrealistic client deadlines and total absence of work-life boundaries.,-0.753
5273,46,2026-09-01,4,3,4,4,Leadership provides tremendous career mentoring and clear promotion trajectory.,0.815
5274,24,2026-09-01,2,5,4,3,Disillusioned with unrealistic client deadlines and total absence of work-life boundaries.,-0.416
5275,39,2026-09-01,3,4,4,3,Compensation aligns with industry averages. Waiting to see outcome of mid-year review cycle.,0.137
5276,38,2026-09-01,3,4,3,4,Severe burnout from sustained 60+ hour work weeks without staffing support on high-priority delivery.,-0.71
5277,4,2026-09-01,3,5,4,3,Compensation aligns with industry averages. Waiting to see outcome of mid-year review cycle.,0.018
5278,38,2026-09-01,4,4,3,4,Standard project pacing. Client expectations are rigorous but manageable with proper staffing.,0.178
5279,43,2026-09-01,5,4,4,5,Great autonomy on solution architecture. Enjoy mentoring junior analysts on agentic workflows.,0.351
5280,82,2026-09-01,4,3,4,3,The transition to modern data stack and AI tooling has been a huge boost to our delivery velocity.,0.894
5281,22,2026-09-01,3,3,4,4,Standard project pacing. Client expectations are rigorous but manageable with proper staffing.,0.135
5282,49,2026-09-01,4,4,5,3,"Very fair compensation, excellent recognition from my engagement partner, and healthy work balance.",0.409
5283,19,2026-09-01,2,4,4,3,Severe burnout from sustained 60+ hour work weeks without staffing support on high-priority delivery.,-0.403
5284,10,2026-09-01,4,4,3,3,Compensation aligns with industry averages. Waiting to see outcome of mid-year review cycle.,0.013
5285,37,2026-09-01,4,3,4,3,Leadership provides tremendous career mentoring and clear promotion trajectory.,0.65
5286,39,2026-09-01,3,3,4,3,Standard project pacing. Client expectations are rigorous but manageable with proper staffing.,-0.056
5287,43,2026-09-01,3,4,4,3,Compensation aligns with industry averages. Waiting to see outcome of mid-year review cycle.,-0.082
5288,53,2026-09-01,4,3,3,2,"Training resources on Azure and Gen AI are decent, hoping for more hands-on lab allocations.",0.187
5289,76,2026-09-01,4,4,4,4,Energized by our client cloud modernization engagement and collaborative team culture.,0.765
5290,4,2026-09-01,2,4,2,3,Severe burnout from sustained 60+ hour work weeks without staffing support on high-priority delivery.,-0.376
5291,66,2026-09-01,4,4,4,3,Energized by our client cloud modernization engagement and collaborative team culture.,0.637
5292,50,2026-09-01,3,3,3,4,Disillusioned with unrealistic client deadlines and total absence of work-life boundaries.,-0.563
5293,56,2026-09-01,2,4,3,3,Severe burnout from sustained 60+ hour work weeks without staffing support on high-priority delivery.,-0.758
5294,10,2026-09-01,4,4,4,2,Energized by our client cloud modernization engagement and collaborative team culture.,0.757
5295,65,2026-09-01,4,5,4,3,Great autonomy on solution architecture. Enjoy mentoring junior analysts on agentic workflows.,0.678
5296,21,2026-09-01,4,4,3,3,Standard project pacing. Client expectations are rigorous but manageable with proper staffing.,0.134
5297,3,2026-09-01,4,4,3,3,"Good team dynamic, though communication between onshore and offshore squads could be smoother.",-0.053
5298,10,2026-09-01,1,5,3,3,Severe burnout from sustained 60+ hour work weeks without staffing support on high-priority delivery.,-0.587
5299,14,2026-09-01,3,4,4,3,"Training resources on Azure and Gen AI are decent, hoping for more hands-on lab allocations.",-0.043
5300,77,2026-09-01,4,3,4,3,The transition to modern data stack and AI tooling has been a huge boost to our delivery velocity.,0.662
5301,67,2026-09-01,4,5,5,4,Energized by our client cloud modernization engagement and collaborative team culture.,0.449
5302,9,2026-09-01,3,3,4,3,Compensation aligns with industry averages. Waiting to see outcome of mid-year review cycle.,-0.08
5303,81,2026-09-01,3,3,4,4,Compensation aligns with industry averages. Waiting to see outcome of mid-year review cycle.,0.044
5304,79,2026-09-01,3,3,4,4,"Training resources on Azure and Gen AI are decent, hoping for more hands-on lab allocations.",0.014
5305,46,2026-09-01,3,4,3,3,"Training resources on Azure and Gen AI are decent, hoping for more hands-on lab allocations.",0.249
5306,5,2026-09-01,3,4,4,3,"Training resources on Azure and Gen AI are decent, hoping for more hands-on lab allocations.",0.026
5307,51,2026-09-01,3,3,4,4,"Training resources on Azure and Gen AI are decent, hoping for more hands-on lab allocations.",0.076
5308,11,2026-09-01,4,4,3,5,"Good team dynamic, though communication between onshore and offshore squads could be smoother.",0.162
5309,83,2026-09-01,4,3,4,3,Great autonomy on solution architecture. Enjoy mentoring junior analysts on agentic workflows.,0.812
5310,3,2026-09-01,4,3,3,4,"Training resources on Azure and Gen AI are decent, hoping for more hands-on lab allocations.",0.067
5311,39,2026-09-01,4,4,4,2,Leadership provides tremendous career mentoring and clear promotion trajectory.,0.878
5312,38,2026-09-01,3,5,4,3,Compensation aligns with industry averages. Waiting to see outcome of mid-year review cycle.,0.083
5313,48,2026-09-01,4,3,3,4,"Good team dynamic, though communication between onshore and offshore squads could be smoother.",0.097
5314,78,2026-09-01,2,4,3,3,Disillusioned with unrealistic client deadlines and total absence of work-life boundaries.,-0.684
5315,14,2026-09-01,3,4,4,4,"Good team dynamic, though communication between onshore and offshore squads could be smoother.",0.049
5316,34,2026-09-01,3,4,3,2,Standard project pacing. Client expectations are rigorous but manageable with proper staffing.,0.087
5317,8,2026-09-01,4,3,4,4,Great autonomy on solution architecture. Enjoy mentoring junior analysts on agentic workflows.,0.544
5318,61,2026-09-01,3,4,4,3,"Good team dynamic, though communication between onshore and offshore squads could be smoother.",0.068
5319,27,2026-09-01,3,4,4,3,"Training resources on Azure and Gen AI are decent, hoping for more hands-on lab allocations.",0.034
5320,55,2026-09-01,3,3,3,3,Compensation aligns with industry averages. Waiting to see outcome of mid-year review cycle.,-0.025
5321,43,2026-09-01,3,5,3,4,Compensation aligns with industry averages. Waiting to see outcome of mid-year review cycle.,0.116
5322,52,2026-09-01,3,4,4,3,Compensation aligns with industry averages. Waiting to see outcome of mid-year review cycle.,0.214
5323,75,2026-09-01,4,4,4,4,The transition to modern data stack and AI tooling has been a huge boost to our delivery velocity.,0.546
5324,46,2026-09-01,4,4,4,3,"Very fair compensation, excellent recognition from my engagement partner, and healthy work balance.",0.735
5325,2,2026-09-01,4,4,4,3,The transition to modern data stack and AI tooling has been a huge boost to our delivery velocity.,0.559
5326,81,2026-09-01,4,5,5,3,The transition to modern data stack and AI tooling has been a huge boost to our delivery velocity.,0.848
5327,11,2026-09-01,3,3,4,4,"Good team dynamic, though communication between onshore and offshore squads could be smoother.",0.22
5328,7,2026-09-01,3,4,3,3,Standard project pacing. Client expectations are rigorous but manageable with proper staffing.,-0.046
5329,30,2026-09-01,4,4,4,3,"Very fair compensation, excellent recognition from my engagement partner, and healthy work balance.",0.599
5330,83,2026-09-01,3,3,4,3,"Training resources on Azure and Gen AI are decent, hoping for more hands-on lab allocations.",-0.078
5331,20,2026-09-01,4,4,4,3,The transition to modern data stack and AI tooling has been a huge boost to our delivery velocity.,0.609
5332,20,2026-09-01,2,4,4,4,Lack of psychological safety and micromanager style since recent leadership re-alignment.,-0.401
5333,72,2026-09-01,3,4,4,3,Standard project pacing. Client expectations are rigorous but manageable with proper staffing.,-0.072
5334,1,2026-09-01,4,3,5,3,Great autonomy on solution architecture. Enjoy mentoring junior analysts on agentic workflows.,0.378
5335,17,2026-09-01,3,4,4,2,"Training resources on Azure and Gen AI are decent, hoping for more hands-on lab allocations.",0.181
5336,77,2026-09-01,4,3,3,4,Compensation aligns with industry averages. Waiting to see outcome of mid-year review cycle.,-0.011
5337,31,2026-09-01,3,3,4,3,"Training resources on Azure and Gen AI are decent, hoping for more hands-on lab allocations.",-0.05
5338,26,2026-09-01,2,2,2,3,Disillusioned with unrealistic client deadlines and total absence of work-life boundaries.,-0.757
5339,76,2026-09-01,3,3,3,3,"Good team dynamic, though communication between onshore and offshore squads could be smoother.",-0.12
5340,82,2026-09-01,3,4,3,3,"Training resources on Azure and Gen AI are decent, hoping for more hands-on lab allocations.",0.166
5341,59,2026-09-01,3,5,4,4,"Good team dynamic, though communication between onshore and offshore squads could be smoother.",0.02
5342,42,2026-09-01,3,4,4,4,Compensation aligns with industry averages. Waiting to see outcome of mid-year review cycle.,-0.049
5343,46,2026-09-01,3,4,3,5,"Good team dynamic, though communication between onshore and offshore squads could be smoother.",0.094
5344,11,2026-09-01,2,3,3,4,Severe burnout from sustained 60+ hour work weeks without staffing support on high-priority delivery.,-0.812
5345,71,2026-09-01,4,2,3,3,Standard project pacing. Client expectations are rigorous but manageable with proper staffing.,-0.063
5346,52,2026-09-01,2,3,5,4,Lack of psychological safety and micromanager style since recent leadership re-alignment.,-0.349
5347,5,2026-09-01,4,3,5,4,Great autonomy on solution architecture. Enjoy mentoring junior analysts on agentic workflows.,0.898
5348,49,2026-09-01,3,4,3,3,Lack of psychological safety and micromanager style since recent leadership re-alignment.,-0.663
5349,14,2026-09-01,2,4,5,3,Severe burnout from sustained 60+ hour work weeks without staffing support on high-priority delivery.,-0.724
5350,57,2026-09-01,4,4,4,4,Great autonomy on solution architecture. Enjoy mentoring junior analysts on agentic workflows.,0.608
5351,5,2026-09-01,5,3,3,4,Compensation aligns with industry averages. Waiting to see outcome of mid-year review cycle.,-0.111
5352,80,2026-09-01,3,5,4,3,Standard project pacing. Client expectations are rigorous but manageable with proper staffing.,0.052
5353,28,2026-09-01,5,5,4,4,Energized by our client cloud modernization engagement and collaborative team culture.,0.548
5354,15,2026-09-01,4,4,4,2,Energized by our client cloud modernization engagement and collaborative team culture.,0.659
5355,71,2026-09-01,3,3,2,3,Lack of psychological safety and micromanager style since recent leadership re-alignment.,-0.382
5356,57,2026-09-01,4,3,4,3,Leadership provides tremendous career mentoring and clear promotion trajectory.,0.826
5357,81,2026-09-01,4,4,4,5,The transition to modern data stack and AI tooling has been a huge boost to our delivery velocity.,0.617
5358,53,2026-09-01,2,3,4,4,Compa-ratio is noticeably below market benchmark while billable utilization is consistently above 95%.,-0.597
5359,64,2026-09-01,4,5,4,3,Energized by our client cloud modernization engagement and collaborative team culture.,0.488
5360,44,2026-09-01,4,4,4,3,The transition to modern data stack and AI tooling has been a huge boost to our delivery velocity.,0.519
5361,70,2026-09-01,3,4,4,3,"Good team dynamic, though communication between onshore and offshore squads could be smoother.",-0.046
5362,25,2026-09-01,2,3,1,3,Severe burnout from sustained 60+ hour work weeks without staffing support on high-priority delivery.,-0.547
5363,15,2026-09-01,3,3,5,3,Standard project pacing. Client expectations are rigorous but manageable with proper staffing.,0.17
5364,84,2026-09-01,3,2,3,4,"Training resources on Azure and Gen AI are decent, hoping for more hands-on lab allocations.",0.126
5365,26,2026-09-01,3,4,3,3,Standard project pacing. Client expectations are rigorous but manageable with proper staffing.,-0.08
5366,66,2026-09-01,4,4,4,3,"Very fair compensation, excellent recognition from my engagement partner, and healthy work balance.",0.82
5367,81,2026-09-01,3,3,4,3,Compensation aligns with industry averages. Waiting to see outcome of mid-year review cycle.,0.151
5368,77,2026-09-01,4,4,5,4,The transition to modern data stack and AI tooling has been a huge boost to our delivery velocity.,0.72
5369,9,2026-09-01,3,4,3,5,"Good team dynamic, though communication between onshore and offshore squads could be smoother.",-0.051
5370,72,2026-09-01,3,5,4,3,"Training resources on Azure and Gen AI are decent, hoping for more hands-on lab allocations.",0.149
5371,40,2026-09-01,3,3,4,3,Compensation aligns with industry averages. Waiting to see outcome of mid-year review cycle.,0.225
5372,61,2026-09-01,4,4,4,4,The transition to modern data stack and AI tooling has been a huge boost to our delivery velocity.,0.691
5373,17,2026-09-01,3,4,3,3,Compensation aligns with industry averages. Waiting to see outcome of mid-year review cycle.,-0.119
5374,77,2026-09-01,2,4,4,2,Lack of psychological safety and micromanager style since recent leadership re-alignment.,-0.779
5375,40,2026-09-01,3,3,3,4,Standard project pacing. Client expectations are rigorous but manageable with proper staffing.,0.182
5376,68,2026-09-01,3,4,3,3,"Training resources on Azure and Gen AI are decent, hoping for more hands-on lab allocations.",0.097
5377,65,2026-09-01,4,3,5,4,Energized by our client cloud modernization engagement and collaborative team culture.,0.538
5378,43,2026-09-01,4,2,4,2,The transition to modern data stack and AI tooling has been a huge boost to our delivery velocity.,0.479
5379,68,2026-09-01,5,3,2,5,Lack of psychological safety and micromanager style since recent leadership re-alignment.,-0.762
5380,47,2026-09-01,3,5,3,4,Compensation aligns with industry averages. Waiting to see outcome of mid-year review cycle.,-0.095
5381,49,2026-09-01,3,4,4,3,"Good team dynamic, though communication between onshore and offshore squads could be smoother.",0.098
5382,8,2026-09-01,4,4,4,3,Great autonomy on solution architecture. Enjoy mentoring junior analysts on agentic workflows.,0.759
5383,55,2026-09-01,3,4,5,4,Standard project pacing. Client expectations are rigorous but manageable with proper staffing.,-0.147
5384,38,2026-09-01,4,3,4,4,Energized by our client cloud modernization engagement and collaborative team culture.,0.385
5385,22,2026-09-01,5,3,4,4,Energized by our client cloud modernization engagement and collaborative team culture.,0.892
5386,33,2026-09-01,3,4,4,3,"Good team dynamic, though communication between onshore and offshore squads could be smoother.",-0.022
5387,22,2026-09-01,4,4,4,3,Energized by our client cloud modernization engagement and collaborative team culture.,0.638
5388,59,2026-09-01,3,4,4,4,Standard project pacing. Client expectations are rigorous but manageable with proper staffing.,0.133
5389,78,2026-09-01,4,3,4,5,"Very fair compensation, excellent recognition from my engagement partner, and healthy work balance.",0.695
5390,84,2026-09-01,4,4,5,3,"Very fair compensation, excellent recognition from my engagement partner, and healthy work balance.",0.854
5391,5,2026-09-01,4,3,4,3,Energized by our client cloud modernization engagement and collaborative team culture.,0.805
5392,5,2026-09-01,2,5,4,3,Compa-ratio is noticeably below market benchmark while billable utilization is consistently above 95%.,-0.537
5393,56,2026-09-01,4,5,4,5,The transition to modern data stack and AI tooling has been a huge boost to our delivery velocity.,0.431
5394,8,2026-09-01,3,5,3,2,Compensation aligns with industry averages. Waiting to see outcome of mid-year review cycle.,0.079
5395,44,2026-09-01,2,3,4,4,Severe burnout from sustained 60+ hour work weeks without staffing support on high-priority delivery.,-0.415
5396,16,2026-09-01,3,4,4,3,Compensation aligns with industry averages. Waiting to see outcome of mid-year review cycle.,0.196
5397,84,2026-09-01,3,4,4,3,"Good team dynamic, though communication between onshore and offshore squads could be smoother.",0.038
5398,78,2026-09-01,2,4,3,2,Lack of psychological safety and micromanager style since recent leadership re-alignment.,-0.311
5399,15,2026-09-01,3,4,4,3,Standard project pacing. Client expectations are rigorous but manageable with proper staffing.,0.139
5400,41,2026-09-01,3,5,2,3,Frustrated by repeated delays in promotion cycle despite rating 5 performance in consecutive cycles.,-0.735
5401,62,2026-09-01,3,4,4,5,Standard project pacing. Client expectations are rigorous but manageable with proper staffing.,-0.14
5402,71,2026-09-01,4,4,3,3,"Good team dynamic, though communication between onshore and offshore squads could be smoother.",-0.101
5403,1,2026-09-01,3,5,4,3,Standard project pacing. Client expectations are rigorous but manageable with proper staffing.,0.171
5404,80,2026-09-01,3,3,4,3,"Good team dynamic, though communication between onshore and offshore squads could be smoother.",0.08
5405,84,2026-09-01,3,4,4,4,Standard project pacing. Client expectations are rigorous but manageable with proper staffing.,-0.098
5406,63,2026-09-01,4,3,4,3,Energized by our client cloud modernization engagement and collaborative team culture.,0.756
5407,15,2026-09-01,4,4,4,3,Leadership provides tremendous career mentoring and clear promotion trajectory.,0.529
5408,80,2026-09-01,3,3,5,4,Standard project pacing. Client expectations are rigorous but manageable with proper staffing.,0.073
5409,8,2026-09-01,3,5,4,3,"Good team dynamic, though communication between onshore and offshore squads could be smoother.",0.039
5410,1,2026-09-01,4,3,4,3,"Very fair compensation, excellent recognition from my engagement partner, and healthy work balance.",0.852
5411,17,2026-09-01,4,4,4,3,"Very fair compensation, excellent recognition from my engagement partner, and healthy work balance.",0.875
5412,74,2026-09-01,3,5,3,3,"Good team dynamic, though communication between onshore and offshore squads could be smoother.",0.137
5413,31,2026-09-01,4,5,2,5,Frustrated by repeated delays in promotion cycle despite rating 5 performance in consecutive cycles.,-0.519
5414,82,2026-09-01,3,4,4,4,"Training resources on Azure and Gen AI are decent, hoping for more hands-on lab allocations.",0.155
5415,78,2026-09-01,4,2,5,5,Energized by our client cloud modernization engagement and collaborative team culture.,0.536
5416,51,2026-09-01,4,4,4,5,Great autonomy on solution architecture. Enjoy mentoring junior analysts on agentic workflows.,0.821
5417,52,2026-09-01,4,4,2,3,Frustrated by repeated delays in promotion cycle despite rating 5 performance in consecutive cycles.,-0.375
5418,60,2026-09-01,3,5,4,4,Standard project pacing. Client expectations are rigorous but manageable with proper staffing.,-0.034
5419,6,2026-09-01,3,4,3,3,"Good team dynamic, though communication between onshore and offshore squads could be smoother.",0.07
5420,26,2026-09-01,3,4,2,3,Compa-ratio is noticeably below market benchmark while billable utilization is consistently above 95%.,-0.6
5421,61,2026-09-01,3,4,4,3,"Good team dynamic, though communication between onshore and offshore squads could be smoother.",0.031
5422,38,2026-09-01,3,2,3,3,"Training resources on Azure and Gen AI are decent, hoping for more hands-on lab allocations.",-0.005
5423,43,2026-09-01,4,3,4,4,Leadership provides tremendous career mentoring and clear promotion trajectory.,0.406
5424,68,2026-09-01,4,4,3,3,Compensation aligns with industry averages. Waiting to see outcome of mid-year review cycle.,0.181
5425,17,2026-09-01,3,4,3,4,Standard project pacing. Client expectations are rigorous but manageable with proper staffing.,-0.125
5426,73,2026-09-01,3,5,4,4,"Training resources on Azure and Gen AI are decent, hoping for more hands-on lab allocations.",-0.106
5427,7,2026-09-01,4,4,4,5,Great autonomy on solution architecture. Enjoy mentoring junior analysts on agentic workflows.,0.814
5428,14,2026-09-01,4,3,4,4,Great autonomy on solution architecture. Enjoy mentoring junior analysts on agentic workflows.,0.662
5429,75,2026-09-01,3,4,3,3,Standard project pacing. Client expectations are rigorous but manageable with proper staffing.,-0.077
5430,63,2026-09-01,3,3,4,3,Compensation aligns with industry averages. Waiting to see outcome of mid-year review cycle.,-0.059
5431,31,2026-09-01,2,2,3,3,Lack of psychological safety and micromanager style since recent leadership re-alignment.,-0.495
5432,82,2026-09-01,4,3,4,3,Energized by our client cloud modernization engagement and collaborative team culture.,0.792
5433,3,2026-09-01,3,3,3,3,Standard project pacing. Client expectations are rigorous but manageable with proper staffing.,-0.08
5434,8,2026-09-01,4,3,5,4,The transition to modern data stack and AI tooling has been a huge boost to our delivery velocity.,0.559
5435,28,2026-09-01,3,4,3,3,Compensation aligns with industry averages. Waiting to see outcome of mid-year review cycle.,0.226
5436,82,2026-09-01,3,5,4,3,Standard project pacing. Client expectations are rigorous but manageable with proper staffing.,0.034
5437,43,2026-09-01,4,4,4,2,Leadership provides tremendous career mentoring and clear promotion trajectory.,0.547
5438,13,2026-09-01,4,4,4,3,"Very fair compensation, excellent recognition from my engagement partner, and healthy work balance.",0.679
5439,50,2026-09-01,4,3,4,3,The transition to modern data stack and AI tooling has been a huge boost to our delivery velocity.,0.499
5440,56,2026-09-01,3,5,4,3,Compensation aligns with industry averages. Waiting to see outcome of mid-year review cycle.,-0.073
5441,52,2026-09-01,4,4,4,4,The transition to modern data stack and AI tooling has been a huge boost to our delivery velocity.,0.422
5442,66,2026-09-01,3,5,4,2,"Training resources on Azure and Gen AI are decent, hoping for more hands-on lab allocations.",-0.044
5443,25,2026-09-01,3,4,3,3,Compensation aligns with industry averages. Waiting to see outcome of mid-year review cycle.,0.115
5444,48,2026-09-01,3,4,4,3,Compensation aligns with industry averages. Waiting to see outcome of mid-year review cycle.,0.068
5445,5,2026-09-01,3,3,4,3,"Training resources on Azure and Gen AI are decent, hoping for more hands-on lab allocations.",-0.074
5446,61,2026-09-01,3,4,4,2,Compensation aligns with industry averages. Waiting to see outcome of mid-year review cycle.,-0.137
5447,27,2026-09-01,3,4,3,3,"Training resources on Azure and Gen AI are decent, hoping for more hands-on lab allocations.",-0.1
5448,39,2026-09-01,2,5,4,3,Compa-ratio is noticeably below market benchmark while billable utilization is consistently above 95%.,-0.485
5449,11,2026-09-01,3,4,4,4,Standard project pacing. Client expectations are rigorous but manageable with proper staffing.,0.079
5450,23,2026-09-01,2,3,3,2,Disillusioned with unrealistic client deadlines and total absence of work-life boundaries.,-0.647
5451,4,2026-09-01,3,5,4,4,"Training resources on Azure and Gen AI are decent, hoping for more hands-on lab allocations.",0.011
5452,59,2026-09-01,3,4,4,4,Compensation aligns with industry averages. Waiting to see outcome of mid-year review cycle.,0.201
5453,51,2026-09-01,3,3,3,3,Standard project pacing. Client expectations are rigorous but manageable with proper staffing.,0.103
5454,44,2026-09-01,3,5,5,3,"Good team dynamic, though communication between onshore and offshore squads could be smoother.",0.21
5455,11,2026-09-01,4,4,4,5,Energized by our client cloud modernization engagement and collaborative team culture.,0.451
5456,40,2026-09-01,4,4,4,3,"Very fair compensation, excellent recognition from my engagement partner, and healthy work balance.",0.654
5457,12,2026-09-01,4,4,3,4,Standard project pacing. Client expectations are rigorous but manageable with proper staffing.,0.095
5458,71,2026-09-01,3,3,3,2,"Training resources on Azure and Gen AI are decent, hoping for more hands-on lab allocations.",0.073
5459,72,2026-09-01,3,3,4,4,Standard project pacing. Client expectations are rigorous but manageable with proper staffing.,0.159
5460,78,2026-09-01,3,4,4,2,Standard project pacing. Client expectations are rigorous but manageable with proper staffing.,0.248
5461,73,2026-09-01,3,4,3,3,"Training resources on Azure and Gen AI are decent, hoping for more hands-on lab allocations.",0.226
5462,24,2026-09-01,4,4,4,3,Great autonomy on solution architecture. Enjoy mentoring junior analysts on agentic workflows.,0.455
5463,63,2026-09-01,3,5,4,3,"Training resources on Azure and Gen AI are decent, hoping for more hands-on lab allocations.",0.178
5464,17,2026-09-01,3,4,4,3,"Good team dynamic, though communication between onshore and offshore squads could be smoother.",0.248
5465,10,2026-09-01,3,3,3,3,Standard project pacing. Client expectations are rigorous but manageable with proper staffing.,0.191
5466,59,2026-09-01,4,3,3,5,"Training resources on Azure and Gen AI are decent, hoping for more hands-on lab allocations.",0.154
5467,38,2026-09-01,3,4,3,4,Compa-ratio is noticeably below market benchmark while billable utilization is consistently above 95%.,-0.701
5468,17,2026-09-01,3,5,3,4,Compensation aligns with industry averages. Waiting to see outcome of mid-year review cycle.,0.224
5469,59,2026-09-01,3,4,5,4,Compensation aligns with industry averages. Waiting to see outcome of mid-year review cycle.,0.147
5470,11,2026-09-01,4,5,3,3,"Good team dynamic, though communication between onshore and offshore squads could be smoother.",-0.096
5471,50,2026-09-01,3,2,4,3,Compensation aligns with industry averages. Waiting to see outcome of mid-year review cycle.,-0.126
5472,36,2026-09-01,4,4,5,3,The transition to modern data stack and AI tooling has been a huge boost to our delivery velocity.,0.47
5473,80,2026-09-01,4,5,3,3,"Good team dynamic, though communication between onshore and offshore squads could be smoother.",0.135
5474,13,2026-09-01,3,3,4,3,Compensation aligns with industry averages. Waiting to see outcome of mid-year review cycle.,0.04
5475,82,2026-09-01,4,3,4,3,Leadership provides tremendous career mentoring and clear promotion trajectory.,0.411
5476,45,2026-09-01,5,3,4,4,Leadership provides tremendous career mentoring and clear promotion trajectory.,0.858
5477,2,2026-09-01,3,2,3,4,"Training resources on Azure and Gen AI are decent, hoping for more hands-on lab allocations.",-0.097
5478,56,2026-09-01,3,5,4,4,Compensation aligns with industry averages. Waiting to see outcome of mid-year review cycle.,0.098
5479,33,2026-09-01,3,5,4,3,Compensation aligns with industry averages. Waiting to see outcome of mid-year review cycle.,0.087
5480,52,2026-09-01,3,5,4,3,Standard project pacing. Client expectations are rigorous but manageable with proper staffing.,0.08
5481,21,2026-09-01,4,4,4,3,Great autonomy on solution architecture. Enjoy mentoring junior analysts on agentic workflows.,0.704
5482,7,2026-09-01,4,4,4,3,Energized by our client cloud modernization engagement and collaborative team culture.,0.72
5483,45,2026-09-01,4,4,3,3,Compensation aligns with industry averages. Waiting to see outcome of mid-year review cycle.,0.212
5484,43,2026-09-01,3,3,4,3,"Good team dynamic, though communication between onshore and offshore squads could be smoother.",-0.097
5485,44,2026-09-01,2,3,4,3,Disillusioned with unrealistic client deadlines and total absence of work-life boundaries.,-0.668
5486,20,2026-09-01,4,2,4,3,Energized by our client cloud modernization engagement and collaborative team culture.,0.6
5487,5,2026-09-01,3,4,3,3,Standard project pacing. Client expectations are rigorous but manageable with proper staffing.,0.203
5488,48,2026-09-01,3,3,4,2,Standard project pacing. Client expectations are rigorous but manageable with proper staffing.,0.19
5489,43,2026-09-01,2,5,4,4,Disillusioned with unrealistic client deadlines and total absence of work-life boundaries.,-0.489
5490,52,2026-09-01,4,5,3,3,Compensation aligns with industry averages. Waiting to see outcome of mid-year review cycle.,-0.02
5491,33,2026-09-01,4,4,3,5,Compa-ratio is noticeably below market benchmark while billable utilization is consistently above 95%.,-0.6
5492,75,2026-09-01,3,4,4,5,"Training resources on Azure and Gen AI are decent, hoping for more hands-on lab allocations.",0.036
5493,47,2026-09-01,3,4,4,4,Standard project pacing. Client expectations are rigorous but manageable with proper staffing.,-0.001
5494,62,2026-09-01,3,3,5,4,"Training resources on Azure and Gen AI are decent, hoping for more hands-on lab allocations.",0.049
5495,49,2026-09-01,4,4,2,4,Lack of psychological safety and micromanager style since recent leadership re-alignment.,-0.627
5496,28,2026-09-01,2,5,2,4,Frustrated by repeated delays in promotion cycle despite rating 5 performance in consecutive cycles.,-0.596
5497,56,2026-09-01,2,4,3,3,Severe burnout from sustained 60+ hour work weeks without staffing support on high-priority delivery.,-0.377
5498,72,2026-09-01,2,4,4,3,Frustrated by repeated delays in promotion cycle despite rating 5 performance in consecutive cycles.,-0.304
5499,24,2026-09-01,3,4,3,3,Disillusioned with unrealistic client deadlines and total absence of work-life boundaries.,-0.343
5500,60,2026-09-01,4,4,4,3,Energized by our client cloud modernization engagement and collaborative team culture.,0.869
5501,30,2026-09-01,3,4,4,3,"Good team dynamic, though communication between onshore and offshore squads could be smoother.",0.184
5502,55,2026-09-01,4,4,5,5,Great autonomy on solution architecture. Enjoy mentoring junior analysts on agentic workflows.,0.584
5503,66,2026-09-01,3,4,4,4,"Good team dynamic, though communication between onshore and offshore squads could be smoother.",0.034
5504,26,2026-09-01,5,2,4,5,The transition to modern data stack and AI tooling has been a huge boost to our delivery velocity.,0.393
5505,21,2026-09-01,3,4,3,3,"Good team dynamic, though communication between onshore and offshore squads could be smoother.",-0.123
5506,46,2026-09-01,5,4,4,3,Leadership provides tremendous career mentoring and clear promotion trajectory.,0.525
5507,62,2026-09-01,3,3,4,4,Compensation aligns with industry averages. Waiting to see outcome of mid-year review cycle.,0.161
5508,42,2026-09-01,2,3,3,3,Lack of psychological safety and micromanager style since recent leadership re-alignment.,-0.396
5509,70,2026-09-01,4,5,4,4,Great autonomy on solution architecture. Enjoy mentoring junior analysts on agentic workflows.,0.666
5510,17,2026-09-01,3,4,3,3,Disillusioned with unrealistic client deadlines and total absence of work-life boundaries.,-0.408
5511,37,2026-09-01,4,4,4,3,Leadership provides tremendous career mentoring and clear promotion trajectory.,0.493
5512,39,2026-09-01,4,4,5,3,The transition to modern data stack and AI tooling has been a huge boost to our delivery velocity.,0.806
5513,29,2026-09-01,2,4,3,3,Frustrated by repeated delays in promotion cycle despite rating 5 performance in consecutive cycles.,-0.284
5514,39,2026-09-01,1,4,2,3,Frustrated by repeated delays in promotion cycle despite rating 5 performance in consecutive cycles.,-0.53
5515,26,2026-09-01,3,5,4,4,"Good team dynamic, though communication between onshore and offshore squads could be smoother.",0.106
5516,39,2026-09-01,3,4,3,3,"Training resources on Azure and Gen AI are decent, hoping for more hands-on lab allocations.",0.021
5517,23,2026-09-01,3,5,4,2,"Good team dynamic, though communication between onshore and offshore squads could be smoother.",-0.061
5518,59,2026-09-01,2,4,3,3,Lack of psychological safety and micromanager style since recent leadership re-alignment.,-0.641
5519,83,2026-09-01,3,3,3,3,Standard project pacing. Client expectations are rigorous but manageable with proper staffing.,0.035
5520,79,2026-09-01,3,4,3,3,Compensation aligns with industry averages. Waiting to see outcome of mid-year review cycle.,0.085
5521,70,2026-09-01,5,5,4,4,Energized by our client cloud modernization engagement and collaborative team culture.,0.773
5522,38,2026-09-01,4,4,3,5,Lack of psychological safety and micromanager style since recent leadership re-alignment.,-0.286
5523,21,2026-09-01,4,3,4,3,"Very fair compensation, excellent recognition from my engagement partner, and healthy work balance.",0.691
5524,58,2026-09-01,4,4,4,5,Great autonomy on solution architecture. Enjoy mentoring junior analysts on agentic workflows.,0.732
5525,78,2026-09-01,3,4,3,3,"Good team dynamic, though communication between onshore and offshore squads could be smoother.",0.046
5526,56,2026-09-01,4,4,4,3,Great autonomy on solution architecture. Enjoy mentoring junior analysts on agentic workflows.,0.673
5527,54,2026-09-01,3,4,4,2,"Good team dynamic, though communication between onshore and offshore squads could be smoother.",-0.08
5528,16,2026-09-01,4,5,4,3,Leadership provides tremendous career mentoring and clear promotion trajectory.,0.643
5529,81,2026-09-01,3,3,3,5,"Training resources on Azure and Gen AI are decent, hoping for more hands-on lab allocations.",-0.135
5530,64,2026-09-01,2,2,4,4,Disillusioned with unrealistic client deadlines and total absence of work-life boundaries.,-0.752
5531,46,2026-09-01,3,3,4,3,Compensation aligns with industry averages. Waiting to see outcome of mid-year review cycle.,0.204
5532,8,2026-09-01,4,2,3,4,Compensation aligns with industry averages. Waiting to see outcome of mid-year review cycle.,0.233
5533,50,2026-09-01,3,4,3,4,Standard project pacing. Client expectations are rigorous but manageable with proper staffing.,0.096
5534,32,2026-09-01,3,4,4,3,"Good team dynamic, though communication between onshore and offshore squads could be smoother.",0.164
5535,73,2026-09-01,2,3,3,3,Frustrated by repeated delays in promotion cycle despite rating 5 performance in consecutive cycles.,-0.694
5536,84,2026-09-01,3,4,3,3,Lack of psychological safety and micromanager style since recent leadership re-alignment.,-0.77
5537,60,2026-09-01,3,3,4,4,"Training resources on Azure and Gen AI are decent, hoping for more hands-on lab allocations.",0.125
5538,20,2026-09-01,3,3,4,3,Compensation aligns with industry averages. Waiting to see outcome of mid-year review cycle.,-0.112
5539,9,2026-09-01,3,4,4,4,"Good team dynamic, though communication between onshore and offshore squads could be smoother.",-0.008
5540,31,2026-09-01,2,4,3,4,Disillusioned with unrealistic client deadlines and total absence of work-life boundaries.,-0.329
5541,73,2026-09-01,3,3,4,3,"Training resources on Azure and Gen AI are decent, hoping for more hands-on lab allocations.",0.007
5542,11,2026-09-01,3,4,3,3,Lack of psychological safety and micromanager style since recent leadership re-alignment.,-0.549
5543,20,2026-09-01,3,3,3,3,Compensation aligns with industry averages. Waiting to see outcome of mid-year review cycle.,-0.014
5544,83,2026-09-01,3,4,4,4,"Good team dynamic, though communication between onshore and offshore squads could be smoother.",0.219
5545,10,2026-09-01,3,4,4,2,Standard project pacing. Client expectations are rigorous but manageable with proper staffing.,0.033
5546,22,2026-09-01,2,5,3,3,Compa-ratio is noticeably below market benchmark while billable utilization is consistently above 95%.,-0.459
5547,42,2026-09-01,3,2,3,3,Standard project pacing. Client expectations are rigorous but manageable with proper staffing.,0.114
5548,29,2026-09-01,3,4,3,3,Severe burnout from sustained 60+ hour work weeks without staffing support on high-priority delivery.,-0.437
5549,48,2026-09-01,3,4,5,3,"Good team dynamic, though communication between onshore and offshore squads could be smoother.",0.113
5550,38,2026-09-01,3,5,4,3,Standard project pacing. Client expectations are rigorous but manageable with proper staffing.,-0.049
5551,12,2026-09-01,4,4,4,5,Great autonomy on solution architecture. Enjoy mentoring junior analysts on agentic workflows.,0.381
5552,32,2026-09-01,3,4,5,4,"Good team dynamic, though communication between onshore and offshore squads could be smoother.",0.039
5553,31,2026-09-01,3,3,3,5,"Good team dynamic, though communication between onshore and offshore squads could be smoother.",0.039
5554,6,2026-09-01,4,4,4,4,Great autonomy on solution architecture. Enjoy mentoring junior analysts on agentic workflows.,0.443
5555,58,2026-09-01,3,4,4,3,"Training resources on Azure and Gen AI are decent, hoping for more hands-on lab allocations.",-0.096
5556,80,2026-09-01,4,4,4,3,Leadership provides tremendous career mentoring and clear promotion trajectory.,0.354
5557,36,2026-09-01,4,5,3,2,Standard project pacing. Client expectations are rigorous but manageable with proper staffing.,0.073
5558,65,2026-09-01,4,4,4,4,Leadership provides tremendous career mentoring and clear promotion trajectory.,0.789
5559,19,2026-09-01,5,4,4,5,Great autonomy on solution architecture. Enjoy mentoring junior analysts on agentic workflows.,0.432
5560,35,2026-09-01,4,4,4,4,Great autonomy on solution architecture. Enjoy mentoring junior analysts on agentic workflows.,0.687
5561,7,2026-09-01,3,4,4,3,Compensation aligns with industry averages. Waiting to see outcome of mid-year review cycle.,-0.082
5562,42,2026-09-01,3,3,2,5,Lack of psychological safety and micromanager style since recent leadership re-alignment.,-0.449
5563,34,2026-09-01,4,3,4,5,Energized by our client cloud modernization engagement and collaborative team culture.,0.437
5564,57,2026-09-01,3,4,4,3,"Training resources on Azure and Gen AI are decent, hoping for more hands-on lab allocations.",0.194
5565,33,2026-09-01,2,4,4,3,Lack of psychological safety and micromanager style since recent leadership re-alignment.,-0.272
5566,82,2026-09-01,3,3,3,3,Compensation aligns with industry averages. Waiting to see outcome of mid-year review cycle.,-0.016
5567,69,2026-09-01,2,3,4,4,Compa-ratio is noticeably below market benchmark while billable utilization is consistently above 95%.,-0.582
5568,73,2026-09-01,4,5,3,3,"Good team dynamic, though communication between onshore and offshore squads could be smoother.",0.114
5569,48,2026-09-01,3,3,4,4,Compensation aligns with industry averages. Waiting to see outcome of mid-year review cycle.,-0.02
5570,11,2026-09-01,4,3,4,3,The transition to modern data stack and AI tooling has been a huge boost to our delivery velocity.,0.542
5571,75,2026-09-01,3,3,3,4,Severe burnout from sustained 60+ hour work weeks without staffing support on high-priority delivery.,-0.605
5572,6,2026-09-01,3,4,4,3,Standard project pacing. Client expectations are rigorous but manageable with proper staffing.,-0.033
5573,42,2026-09-01,3,4,4,2,Compensation aligns with industry averages. Waiting to see outcome of mid-year review cycle.,0.016
5574,80,2026-09-01,4,3,4,5,The transition to modern data stack and AI tooling has been a huge boost to our delivery velocity.,0.444
5575,37,2026-09-01,4,3,4,4,Leadership provides tremendous career mentoring and clear promotion trajectory.,0.548
5576,72,2026-09-01,3,3,5,3,Standard project pacing. Client expectations are rigorous but manageable with proper staffing.,0.185
5577,18,2026-09-01,3,4,4,2,"Training resources on Azure and Gen AI are decent, hoping for more hands-on lab allocations.",0.016
5578,70,2026-09-01,3,3,3,3,Lack of psychological safety and micromanager style since recent leadership re-alignment.,-0.608
5579,71,2026-09-01,3,5,3,4,Compa-ratio is noticeably below market benchmark while billable utilization is consistently above 95%.,-0.322
5580,2,2026-09-01,3,4,3,3,Compensation aligns with industry averages. Waiting to see outcome of mid-year review cycle.,0.137
5581,72,2026-09-01,4,4,4,5,The transition to modern data stack and AI tooling has been a huge boost to our delivery velocity.,0.45
5582,63,2026-09-01,4,3,4,4,The transition to modern data stack and AI tooling has been a huge boost to our delivery velocity.,0.444
5583,31,2026-09-01,4,3,4,3,"Very fair compensation, excellent recognition from my engagement partner, and healthy work balance.",0.826
5584,54,2026-09-01,4,3,4,4,Leadership provides tremendous career mentoring and clear promotion trajectory.,0.774
5585,23,2026-09-01,2,5,3,3,Compa-ratio is noticeably below market benchmark while billable utilization is consistently above 95%.,-0.471
5586,21,2026-09-01,3,4,4,4,"Good team dynamic, though communication between onshore and offshore squads could be smoother.",0.176
5587,27,2026-09-01,4,3,4,4,Energized by our client cloud modernization engagement and collaborative team culture.,0.627
5588,3,2026-09-01,3,3,4,3,Standard project pacing. Client expectations are rigorous but manageable with proper staffing.,-0.149
5589,6,2026-09-01,4,4,4,4,Great autonomy on solution architecture. Enjoy mentoring junior analysts on agentic workflows.,0.608
5590,34,2026-09-01,3,4,4,3,Compensation aligns with industry averages. Waiting to see outcome of mid-year review cycle.,0.006
5591,14,2026-09-01,4,4,3,3,Standard project pacing. Client expectations are rigorous but manageable with proper staffing.,-0.056
5592,11,2026-09-01,4,3,3,4,Compensation aligns with industry averages. Waiting to see outcome of mid-year review cycle.,-0.102
5593,83,2026-09-01,4,3,5,3,The transition to modern data stack and AI tooling has been a huge boost to our delivery velocity.,0.66
5594,18,2026-09-01,3,4,4,4,Compensation aligns with industry averages. Waiting to see outcome of mid-year review cycle.,0.041
5595,45,2026-09-01,3,4,4,2,"Training resources on Azure and Gen AI are decent, hoping for more hands-on lab allocations.",-0.047
5596,76,2026-09-01,3,3,3,4,"Good team dynamic, though communication between onshore and offshore squads could be smoother.",0.021
5597,66,2026-09-01,2,3,4,3,Lack of psychological safety and micromanager style since recent leadership re-alignment.,-0.692
5598,66,2026-09-01,3,4,2,4,Compa-ratio is noticeably below market benchmark while billable utilization is consistently above 95%.,-0.355
5599,59,2026-09-01,4,4,3,4,Compensation aligns with industry averages. Waiting to see outcome of mid-year review cycle.,-0.029
5600,59,2026-09-01,3,3,4,3,Standard project pacing. Client expectations are rigorous but manageable with proper staffing.,0.125
5601,32,2026-09-01,5,3,5,4,"Very fair compensation, excellent recognition from my engagement partner, and healthy work balance.",0.547
5602,6,2026-09-01,3,3,4,2,Compensation aligns with industry averages. Waiting to see outcome of mid-year review cycle.,0.113
5603,59,2026-09-01,2,4,2,4,Lack of psychological safety and micromanager style since recent leadership re-alignment.,-0.358
5604,46,2026-09-01,4,3,4,3,Leadership provides tremendous career mentoring and clear promotion trajectory.,0.7
5605,16,2026-09-01,4,4,4,4,Energized by our client cloud modernization engagement and collaborative team culture.,0.405
5606,41,2026-09-01,3,3,4,3,"Training resources on Azure and Gen AI are decent, hoping for more hands-on lab allocations.",-0.13
5607,20,2026-09-01,3,4,3,3,Standard project pacing. Client expectations are rigorous but manageable with proper staffing.,-0.148
5608,27,2026-09-01,4,4,4,2,Great autonomy on solution architecture. Enjoy mentoring junior analysts on agentic workflows.,0.601
5609,57,2026-09-01,3,4,4,3,Compensation aligns with industry averages. Waiting to see outcome of mid-year review cycle.,-0.139
5610,45,2026-09-01,4,5,3,5,"Good team dynamic, though communication between onshore and offshore squads could be smoother.",0.111
5611,17,2026-09-01,2,3,5,2,Severe burnout from sustained 60+ hour work weeks without staffing support on high-priority delivery.,-0.332
5612,8,2026-09-01,3,4,4,3,Standard project pacing. Client expectations are rigorous but manageable with proper staffing.,0.128
5613,70,2026-09-01,3,3,3,4,"Training resources on Azure and Gen AI are decent, hoping for more hands-on lab allocations.",0.104
5614,34,2026-09-01,2,3,4,3,Lack of psychological safety and micromanager style since recent leadership re-alignment.,-0.468
5615,40,2026-09-01,2,5,3,3,Frustrated by repeated delays in promotion cycle despite rating 5 performance in consecutive cycles.,-0.7
5616,68,2026-09-01,5,3,5,4,"Very fair compensation, excellent recognition from my engagement partner, and healthy work balance.",0.416
5617,68,2026-09-01,4,3,4,4,"Very fair compensation, excellent recognition from my engagement partner, and healthy work balance.",0.419
5618,61,2026-09-01,4,3,5,4,Energized by our client cloud modernization engagement and collaborative team culture.,0.514
5619,18,2026-09-01,3,4,3,3,Standard project pacing. Client expectations are rigorous but manageable with proper staffing.,0.086
5620,77,2026-09-01,3,2,4,4,"Good team dynamic, though communication between onshore and offshore squads could be smoother.",0.097
5621,52,2026-09-01,3,4,2,4,Lack of psychological safety and micromanager style since recent leadership re-alignment.,-0.703
5622,50,2026-09-01,4,4,4,5,Energized by our client cloud modernization engagement and collaborative team culture.,0.893
5623,29,2026-09-01,3,3,4,3,"Training resources on Azure and Gen AI are decent, hoping for more hands-on lab allocations.",0.197
5624,17,2026-09-01,3,2,4,3,"Training resources on Azure and Gen AI are decent, hoping for more hands-on lab allocations.",0.1
5625,56,2026-09-01,5,4,4,3,Leadership provides tremendous career mentoring and clear promotion trajectory.,0.561
5626,9,2026-09-01,3,2,3,3,Standard project pacing. Client expectations are rigorous but manageable with proper staffing.,-0.076
5627,31,2026-09-01,3,5,4,4,Compensation aligns with industry averages. Waiting to see outcome of mid-year review cycle.,-0.055
5628,72,2026-09-01,3,2,4,3,Standard project pacing. Client expectations are rigorous but manageable with proper staffing.,-0.133
5629,34,2026-09-01,3,4,4,3,"Training resources on Azure and Gen AI are decent, hoping for more hands-on lab allocations.",-0.036
5630,1,2026-09-01,2,4,3,2,Severe burnout from sustained 60+ hour work weeks without staffing support on high-priority delivery.,-0.497
5631,14,2026-09-01,4,3,4,5,Leadership provides tremendous career mentoring and clear promotion trajectory.,0.638
5632,35,2026-09-01,4,4,5,5,The transition to modern data stack and AI tooling has been a huge boost to our delivery velocity.,0.405
5633,81,2026-09-01,4,4,4,3,The transition to modern data stack and AI tooling has been a huge boost to our delivery velocity.,0.431
5634,21,2026-09-01,3,4,3,3,"Training resources on Azure and Gen AI are decent, hoping for more hands-on lab allocations.",0.224
5635,2,2026-09-01,2,4,4,3,Frustrated by repeated delays in promotion cycle despite rating 5 performance in consecutive cycles.,-0.844
5636,66,2026-09-01,4,4,5,3,Energized by our client cloud modernization engagement and collaborative team culture.,0.696
5637,62,2026-09-01,5,4,4,3,Great autonomy on solution architecture. Enjoy mentoring junior analysts on agentic workflows.,0.518
5638,15,2026-09-01,3,4,3,4,"Training resources on Azure and Gen AI are decent, hoping for more hands-on lab allocations.",-0.098
5639,66,2026-09-01,2,5,4,3,Compa-ratio is noticeably below market benchmark while billable utilization is consistently above 95%.,-0.424
5640,8,2026-09-01,3,4,4,4,Standard project pacing. Client expectations are rigorous but manageable with proper staffing.,0.012
5641,60,2026-09-01,4,4,3,3,Compensation aligns with industry averages. Waiting to see outcome of mid-year review cycle.,-0.103
5642,29,2026-09-01,4,3,4,4,The transition to modern data stack and AI tooling has been a huge boost to our delivery velocity.,0.542
5643,23,2026-09-01,4,4,4,4,Energized by our client cloud modernization engagement and collaborative team culture.,0.577
5644,2,2026-09-01,4,3,4,3,Energized by our client cloud modernization engagement and collaborative team culture.,0.453
5645,9,2026-09-01,3,4,4,3,Standard project pacing. Client expectations are rigorous but manageable with proper staffing.,0.123
5646,58,2026-09-01,3,4,3,4,Frustrated by repeated delays in promotion cycle despite rating 5 performance in consecutive cycles.,-0.716
5647,61,2026-09-01,3,5,2,4,Frustrated by repeated delays in promotion cycle despite rating 5 performance in consecutive cycles.,-0.733
5648,68,2026-09-01,3,4,3,4,Standard project pacing. Client expectations are rigorous but manageable with proper staffing.,0.078
5649,80,2026-09-01,3,4,4,3,"Training resources on Azure and Gen AI are decent, hoping for more hands-on lab allocations.",-0.033
5650,60,2026-09-01,2,5,3,3,Disillusioned with unrealistic client deadlines and total absence of work-life boundaries.,-0.843
5651,43,2026-09-01,3,3,4,3,"Good team dynamic, though communication between onshore and offshore squads could be smoother.",0.234
5652,22,2026-09-01,4,4,4,4,"Very fair compensation, excellent recognition from my engagement partner, and healthy work balance.",0.427
5653,9,2026-09-01,3,3,5,3,Compensation aligns with industry averages. Waiting to see outcome of mid-year review cycle.,0.092
5654,43,2026-09-01,4,5,4,5,Energized by our client cloud modernization engagement and collaborative team culture.,0.648
5655,68,2026-09-01,5,4,3,4,Standard project pacing. Client expectations are rigorous but manageable with proper staffing.,0.233
5656,83,2026-09-01,5,4,4,3,"Very fair compensation, excellent recognition from my engagement partner, and healthy work balance.",0.876
5657,70,2026-09-01,3,3,3,4,Standard project pacing. Client expectations are rigorous but manageable with proper staffing.,-0.031
5658,81,2026-09-01,4,4,5,4,Great autonomy on solution architecture. Enjoy mentoring junior analysts on agentic workflows.,0.448
5659,19,2026-09-01,4,4,4,3,Energized by our client cloud modernization engagement and collaborative team culture.,0.704
5660,39,2026-09-01,3,2,3,4,"Good team dynamic, though communication between onshore and offshore squads could be smoother.",0.222
5661,18,2026-09-01,4,5,3,5,"Training resources on Azure and Gen AI are decent, hoping for more hands-on lab allocations.",0.182
5662,70,2026-09-01,4,3,4,5,Energized by our client cloud modernization engagement and collaborative team culture.,0.723
5663,67,2026-09-01,4,4,4,4,Energized by our client cloud modernization engagement and collaborative team culture.,0.586
5664,53,2026-09-01,3,3,4,4,Standard project pacing. Client expectations are rigorous but manageable with proper staffing.,-0.15
5665,26,2026-09-01,3,4,4,3,"Training resources on Azure and Gen AI are decent, hoping for more hands-on lab allocations.",0.058
5666,69,2026-09-01,3,4,3,3,"Training resources on Azure and Gen AI are decent, hoping for more hands-on lab allocations.",-0.003
5667,8,2026-09-01,3,4,5,3,"Good team dynamic, though communication between onshore and offshore squads could be smoother.",0.025
5668,12,2026-09-01,3,3,4,2,"Good team dynamic, though communication between onshore and offshore squads could be smoother.",0.189
5669,60,2026-09-01,4,4,4,3,Great autonomy on solution architecture. Enjoy mentoring junior analysts on agentic workflows.,0.884
5670,83,2026-09-01,3,4,4,3,"Good team dynamic, though communication between onshore and offshore squads could be smoother.",0.22
5671,37,2026-09-01,3,3,4,3,Compensation aligns with industry averages. Waiting to see outcome of mid-year review cycle.,-0.024
5672,30,2026-09-01,5,3,4,5,Energized by our client cloud modernization engagement and collaborative team culture.,0.687
5673,55,2026-09-01,3,3,4,3,"Training resources on Azure and Gen AI are decent, hoping for more hands-on lab allocations.",0.241
5674,26,2026-09-01,5,4,4,3,"Very fair compensation, excellent recognition from my engagement partner, and healthy work balance.",0.899
5675,67,2026-09-01,3,3,4,3,"Good team dynamic, though communication between onshore and offshore squads could be smoother.",0.094
5676,17,2026-09-01,4,4,4,5,Great autonomy on solution architecture. Enjoy mentoring junior analysts on agentic workflows.,0.848
5677,75,2026-09-01,5,4,5,4,The transition to modern data stack and AI tooling has been a huge boost to our delivery velocity.,0.388
5678,2,2026-09-01,3,4,3,3,Standard project pacing. Client expectations are rigorous but manageable with proper staffing.,-0.081
5679,67,2026-09-01,2,4,3,3,Compa-ratio is noticeably below market benchmark while billable utilization is consistently above 95%.,-0.789
5680,69,2026-09-01,4,4,4,3,The transition to modern data stack and AI tooling has been a huge boost to our delivery velocity.,0.398
5681,23,2026-09-01,4,3,5,3,Leadership provides tremendous career mentoring and clear promotion trajectory.,0.774
5682,25,2026-09-01,4,4,3,3,"Training resources on Azure and Gen AI are decent, hoping for more hands-on lab allocations.",-0.086
5683,59,2026-09-01,5,4,3,3,Compensation aligns with industry averages. Waiting to see outcome of mid-year review cycle.,0.064
5684,9,2026-09-01,4,4,4,3,Energized by our client cloud modernization engagement and collaborative team culture.,0.762
5685,60,2026-09-01,4,3,4,3,The transition to modern data stack and AI tooling has been a huge boost to our delivery velocity.,0.514
5686,16,2026-09-01,4,4,5,3,Great autonomy on solution architecture. Enjoy mentoring junior analysts on agentic workflows.,0.393
5687,64,2026-09-01,3,4,3,3,Compensation aligns with industry averages. Waiting to see outcome of mid-year review cycle.,-0.047
5688,2,2026-09-01,4,3,4,3,Energized by our client cloud modernization engagement and collaborative team culture.,0.52
5689,15,2026-09-01,3,3,3,3,"Training resources on Azure and Gen AI are decent, hoping for more hands-on lab allocations.",-0.11
5690,68,2026-09-01,3,3,3,3,Compensation aligns with industry averages. Waiting to see outcome of mid-year review cycle.,-0.002
5691,13,2026-09-01,3,3,3,3,Standard project pacing. Client expectations are rigorous but manageable with proper staffing.,0.051
5692,36,2026-09-01,4,5,3,3,"Good team dynamic, though communication between onshore and offshore squads could be smoother.",0.214
5693,25,2026-09-01,2,4,3,4,Severe burnout from sustained 60+ hour work weeks without staffing support on high-priority delivery.,-0.445
5694,36,2026-09-01,2,3,4,3,Frustrated by repeated delays in promotion cycle despite rating 5 performance in consecutive cycles.,-0.769
5695,58,2026-09-01,3,4,3,4,"Good team dynamic, though communication between onshore and offshore squads could be smoother.",0.177
5696,83,2026-09-01,4,3,4,3,The transition to modern data stack and AI tooling has been a huge boost to our delivery velocity.,0.753
5697,71,2026-09-01,3,4,4,3,"Training resources on Azure and Gen AI are decent, hoping for more hands-on lab allocations.",-0.144
5698,3,2026-09-01,3,4,3,4,Standard project pacing. Client expectations are rigorous but manageable with proper staffing.,0.124
5699,31,2026-09-01,5,3,3,4,"Good team dynamic, though communication between onshore and offshore squads could be smoother.",-0.119
5700,16,2026-09-01,4,4,4,5,"Very fair compensation, excellent recognition from my engagement partner, and healthy work balance.",0.695
5701,66,2026-09-01,5,4,4,4,Energized by our client cloud modernization engagement and collaborative team culture.,0.839
5702,52,2026-09-01,4,4,4,4,The transition to modern data stack and AI tooling has been a huge boost to our delivery velocity.,0.581
5703,23,2026-09-01,3,4,3,4,"Good team dynamic, though communication between onshore and offshore squads could be smoother.",0.205
5704,20,2026-09-01,3,4,4,4,"Training resources on Azure and Gen AI are decent, hoping for more hands-on lab allocations.",-0.09
5705,18,2026-09-01,3,3,4,2,Compensation aligns with industry averages. Waiting to see outcome of mid-year review cycle.,0.176
5706,4,2026-09-01,3,5,4,3,"Good team dynamic, though communication between onshore and offshore squads could be smoother.",-0.029
5707,66,2026-09-01,4,4,4,4,"Very fair compensation, excellent recognition from my engagement partner, and healthy work balance.",0.369
5708,72,2026-09-01,3,4,4,3,Standard project pacing. Client expectations are rigorous but manageable with proper staffing.,0.057
5709,73,2026-09-01,3,3,4,3,"Training resources on Azure and Gen AI are decent, hoping for more hands-on lab allocations.",-0.004
5710,54,2026-09-01,2,4,4,3,Frustrated by repeated delays in promotion cycle despite rating 5 performance in consecutive cycles.,-0.659
5711,52,2026-09-01,5,5,5,4,"Very fair compensation, excellent recognition from my engagement partner, and healthy work balance.",0.572
5712,36,2026-09-01,3,3,5,3,"Good team dynamic, though communication between onshore and offshore squads could be smoother.",0.133
5713,44,2026-09-01,3,3,4,3,Compensation aligns with industry averages. Waiting to see outcome of mid-year review cycle.,0.104
5714,29,2026-09-01,3,4,3,5,Frustrated by repeated delays in promotion cycle despite rating 5 performance in consecutive cycles.,-0.32
5715,21,2026-09-01,4,5,4,3,Great autonomy on solution architecture. Enjoy mentoring junior analysts on agentic workflows.,0.478
5716,8,2026-09-01,4,4,3,4,"Good team dynamic, though communication between onshore and offshore squads could be smoother.",-0.054
5717,14,2026-09-01,4,3,4,3,Leadership provides tremendous career mentoring and clear promotion trajectory.,0.827
5718,36,2026-09-01,3,3,5,3,"Good team dynamic, though communication between onshore and offshore squads could be smoother.",0.176
5719,4,2026-09-01,3,3,4,3,"Good team dynamic, though communication between onshore and offshore squads could be smoother.",0.095
5720,60,2026-09-01,2,4,2,3,Compa-ratio is noticeably below market benchmark while billable utilization is consistently above 95%.,-0.621
5721,65,2026-09-01,3,4,4,3,Compensation aligns with industry averages. Waiting to see outcome of mid-year review cycle.,0.068
5722,2,2026-09-01,2,3,2,3,Disillusioned with unrealistic client deadlines and total absence of work-life boundaries.,-0.558
5723,36,2026-09-01,4,4,4,5,Leadership provides tremendous career mentoring and clear promotion trajectory.,0.658
5724,82,2026-09-01,3,3,4,4,Compensation aligns with industry averages. Waiting to see outcome of mid-year review cycle.,0.156
5725,61,2026-09-01,4,5,4,4,Energized by our client cloud modernization engagement and collaborative team culture.,0.897
5726,38,2026-09-01,3,4,3,3,Compensation aligns with industry averages. Waiting to see outcome of mid-year review cycle.,0.207
5727,4,2026-09-01,4,3,4,3,"Very fair compensation, excellent recognition from my engagement partner, and healthy work balance.",0.547
5728,43,2026-09-01,3,4,4,2,Standard project pacing. Client expectations are rigorous but manageable with proper staffing.,-0.137
5729,3,2026-09-01,3,4,2,3,Frustrated by repeated delays in promotion cycle despite rating 5 performance in consecutive cycles.,-0.64
5730,77,2026-09-01,3,4,3,4,"Training resources on Azure and Gen AI are decent, hoping for more hands-on lab allocations.",0.163
5731,6,2026-09-01,2,3,4,3,Disillusioned with unrealistic client deadlines and total absence of work-life boundaries.,-0.587
5732,7,2026-09-01,3,4,3,4,Standard project pacing. Client expectations are rigorous but manageable with proper staffing.,-0.119
5733,74,2026-09-01,3,2,4,3,"Good team dynamic, though communication between onshore and offshore squads could be smoother.",0.162
5734,38,2026-09-01,4,4,4,3,Leadership provides tremendous career mentoring and clear promotion trajectory.,0.677
5735,63,2026-09-01,4,3,5,3,The transition to modern data stack and AI tooling has been a huge boost to our delivery velocity.,0.834
5736,7,2026-09-01,3,4,3,3,Compensation aligns with industry averages. Waiting to see outcome of mid-year review cycle.,0.123
5737,33,2026-09-01,2,5,2,4,Compa-ratio is noticeably below market benchmark while billable utilization is consistently above 95%.,-0.784
5738,52,2026-09-01,3,4,4,4,"Good team dynamic, though communication between onshore and offshore squads could be smoother.",0.042
5739,41,2026-09-01,4,3,3,3,Standard project pacing. Client expectations are rigorous but manageable with proper staffing.,0.082
5740,45,2026-09-01,4,4,3,4,Compensation aligns with industry averages. Waiting to see outcome of mid-year review cycle.,-0.063
5741,36,2026-09-01,4,4,4,2,Leadership provides tremendous career mentoring and clear promotion trajectory.,0.817
5742,16,2026-09-01,3,4,3,3,Severe burnout from sustained 60+ hour work weeks without staffing support on high-priority delivery.,-0.63
5743,22,2026-09-01,3,4,3,4,"Good team dynamic, though communication between onshore and offshore squads could be smoother.",-0.102
5744,48,2026-09-01,3,4,3,4,Severe burnout from sustained 60+ hour work weeks without staffing support on high-priority delivery.,-0.78
5745,54,2026-09-01,4,3,5,4,Great autonomy on solution architecture. Enjoy mentoring junior analysts on agentic workflows.,0.665
5746,64,2026-09-01,4,3,4,3,Energized by our client cloud modernization engagement and collaborative team culture.,0.545
5747,14,2026-09-01,1,3,4,4,Frustrated by repeated delays in promotion cycle despite rating 5 performance in consecutive cycles.,-0.593
5748,12,2026-09-01,4,2,4,4,Leadership provides tremendous career mentoring and clear promotion trajectory.,0.604
5749,41,2026-09-01,3,4,4,3,"Training resources on Azure and Gen AI are decent, hoping for more hands-on lab allocations.",0.082
5750,6,2026-09-01,3,3,3,3,Severe burnout from sustained 60+ hour work weeks without staffing support on high-priority delivery.,-0.686
5751,31,2026-09-01,3,3,2,3,Disillusioned with unrealistic client deadlines and total absence of work-life boundaries.,-0.529
5752,34,2026-09-01,4,3,3,5,"Good team dynamic, though communication between onshore and offshore squads could be smoother.",-0.07
5753,56,2026-09-01,4,5,4,3,The transition to modern data stack and AI tooling has been a huge boost to our delivery velocity.,0.531
5754,30,2026-09-01,3,4,4,4,Compensation aligns with industry averages. Waiting to see outcome of mid-year review cycle.,0.114
5755,70,2026-09-01,4,3,4,5,Leadership provides tremendous career mentoring and clear promotion trajectory.,0.36
5756,48,2026-09-01,3,3,3,4,Standard project pacing. Client expectations are rigorous but manageable with proper staffing.,-0.061
5757,2,2026-09-01,4,4,4,3,Energized by our client cloud modernization engagement and collaborative team culture.,0.8
5758,82,2026-09-01,3,4,4,3,"Training resources on Azure and Gen AI are decent, hoping for more hands-on lab allocations.",0.207
5759,1,2026-09-01,3,5,4,4,"Good team dynamic, though communication between onshore and offshore squads could be smoother.",0.195
5760,78,2026-09-01,4,4,4,5,Energized by our client cloud modernization engagement and collaborative team culture.,0.872
5761,9,2026-09-01,3,5,2,5,Severe burnout from sustained 60+ hour work weeks without staffing support on high-priority delivery.,-0.707
5762,65,2026-09-01,4,5,4,4,Energized by our client cloud modernization engagement and collaborative team culture.,0.76
5763,26,2026-09-01,4,4,4,5,"Very fair compensation, excellent recognition from my engagement partner, and healthy work balance.",0.515
5764,39,2026-09-01,4,3,4,3,The transition to modern data stack and AI tooling has been a huge boost to our delivery velocity.,0.523
5765,30,2026-09-01,4,5,5,5,Leadership provides tremendous career mentoring and clear promotion trajectory.,0.706
5766,76,2026-09-01,2,3,4,3,Severe burnout from sustained 60+ hour work weeks without staffing support on high-priority delivery.,-0.808
5767,47,2026-09-01,4,3,4,5,Leadership provides tremendous career mentoring and clear promotion trajectory.,0.869
5768,19,2026-09-01,2,3,3,3,Lack of psychological safety and micromanager style since recent leadership re-alignment.,-0.565
5769,24,2026-09-01,3,3,4,2,"Training resources on Azure and Gen AI are decent, hoping for more hands-on lab allocations.",-0.109
5770,38,2026-09-01,3,4,4,3,"Good team dynamic, though communication between onshore and offshore squads could be smoother.",0.124
5771,23,2026-09-01,4,5,4,3,Energized by our client cloud modernization engagement and collaborative team culture.,0.702
5772,46,2026-09-01,3,4,5,3,"Good team dynamic, though communication between onshore and offshore squads could be smoother.",0.201
5773,71,2026-09-01,3,4,3,3,"Training resources on Azure and Gen AI are decent, hoping for more hands-on lab allocations.",0.075
5774,59,2026-09-01,4,4,3,5,Severe burnout from sustained 60+ hour work weeks without staffing support on high-priority delivery.,-0.534
5775,31,2026-09-01,4,4,4,5,"Very fair compensation, excellent recognition from my engagement partner, and healthy work balance.",0.617
5776,58,2026-09-01,4,4,4,4,Energized by our client cloud modernization engagement and collaborative team culture.,0.62
5777,76,2026-09-01,4,4,4,5,The transition to modern data stack and AI tooling has been a huge boost to our delivery velocity.,0.601
5778,78,2026-09-01,3,4,3,3,"Good team dynamic, though communication between onshore and offshore squads could be smoother.",0.021
5779,27,2026-09-01,3,4,3,4,Standard project pacing. Client expectations are rigorous but manageable with proper staffing.,-0.007
5780,20,2026-09-01,4,4,3,4,"Good team dynamic, though communication between onshore and offshore squads could be smoother.",0.246
5781,54,2026-09-01,4,4,4,3,"Very fair compensation, excellent recognition from my engagement partner, and healthy work balance.",0.356
5782,34,2026-09-01,5,4,4,4,"Very fair compensation, excellent recognition from my engagement partner, and healthy work balance.",0.487
5783,35,2026-09-01,3,4,4,3,"Training resources on Azure and Gen AI are decent, hoping for more hands-on lab allocations.",-0.108
5784,71,2026-09-01,5,3,3,4,Compensation aligns with industry averages. Waiting to see outcome of mid-year review cycle.,-0.028
5785,65,2026-09-01,3,3,3,3,Compensation aligns with industry averages. Waiting to see outcome of mid-year review cycle.,0.008
5786,18,2026-09-01,4,3,4,5,"Very fair compensation, excellent recognition from my engagement partner, and healthy work balance.",0.692
5787,83,2026-09-01,4,4,4,4,Leadership provides tremendous career mentoring and clear promotion trajectory.,0.872
5788,43,2026-09-01,3,3,4,3,"Good team dynamic, though communication between onshore and offshore squads could be smoother.",0.091
5789,31,2026-09-01,4,4,4,3,The transition to modern data stack and AI tooling has been a huge boost to our delivery velocity.,0.514
5790,62,2026-09-01,2,3,3,3,Severe burnout from sustained 60+ hour work weeks without staffing support on high-priority delivery.,-0.291
5791,81,2026-09-01,3,4,3,4,Standard project pacing. Client expectations are rigorous but manageable with proper staffing.,-0.088
5792,26,2026-09-01,4,4,4,4,Energized by our client cloud modernization engagement and collaborative team culture.,0.556
5793,71,2026-09-01,4,3,3,3,Compensation aligns with industry averages. Waiting to see outcome of mid-year review cycle.,-0.146
5794,17,2026-09-01,4,4,3,4,Severe burnout from sustained 60+ hour work weeks without staffing support on high-priority delivery.,-0.396
5795,9,2026-09-01,3,3,2,5,Frustrated by repeated delays in promotion cycle despite rating 5 performance in consecutive cycles.,-0.343
5796,2,2026-09-01,4,5,4,5,The transition to modern data stack and AI tooling has been a huge boost to our delivery velocity.,0.822
5797,58,2026-09-01,3,4,3,4,"Training resources on Azure and Gen AI are decent, hoping for more hands-on lab allocations.",0.159
5798,70,2026-09-01,4,3,4,3,Great autonomy on solution architecture. Enjoy mentoring junior analysts on agentic workflows.,0.661
5799,35,2026-09-01,2,4,3,3,Compa-ratio is noticeably below market benchmark while billable utilization is consistently above 95%.,-0.405
5800,76,2026-09-01,3,5,4,4,Compensation aligns with industry averages. Waiting to see outcome of mid-year review cycle.,-0.06
5801,27,2026-09-01,4,4,3,5,Standard project pacing. Client expectations are rigorous but manageable with proper staffing.,-0.022
5802,30,2026-09-01,2,3,4,3,Disillusioned with unrealistic client deadlines and total absence of work-life boundaries.,-0.465
5803,29,2026-09-01,4,4,4,3,The transition to modern data stack and AI tooling has been a huge boost to our delivery velocity.,0.366
5804,23,2026-09-01,3,3,4,3,Compensation aligns with industry averages. Waiting to see outcome of mid-year review cycle.,-0.114
5805,1,2026-09-01,3,4,4,4,Standard project pacing. Client expectations are rigorous but manageable with proper staffing.,-0.083
5806,51,2026-09-01,4,3,3,4,Compensation aligns with industry averages. Waiting to see outcome of mid-year review cycle.,0.098
5807,20,2026-09-01,4,4,4,3,Energized by our client cloud modernization engagement and collaborative team culture.,0.788
5808,38,2026-09-01,3,5,4,4,Compensation aligns with industry averages. Waiting to see outcome of mid-year review cycle.,0.02
5809,45,2026-09-01,3,4,4,3,"Good team dynamic, though communication between onshore and offshore squads could be smoother.",0.18
5810,32,2026-09-01,4,4,4,3,The transition to modern data stack and AI tooling has been a huge boost to our delivery velocity.,0.762
5811,6,2026-09-01,3,2,4,3,"Training resources on Azure and Gen AI are decent, hoping for more hands-on lab allocations.",-0.029
5812,60,2026-09-01,3,3,4,3,Standard project pacing. Client expectations are rigorous but manageable with proper staffing.,0.009
5813,49,2026-09-01,1,4,2,3,Disillusioned with unrealistic client deadlines and total absence of work-life boundaries.,-0.411
5814,61,2026-09-01,2,5,3,3,Disillusioned with unrealistic client deadlines and total absence of work-life boundaries.,-0.59
5815,15,2026-09-01,3,3,3,4,"Good team dynamic, though communication between onshore and offshore squads could be smoother.",0.15
5816,13,2026-09-01,3,3,3,3,Standard project pacing. Client expectations are rigorous but manageable with proper staffing.,-0.054
5817,40,2026-09-01,4,4,4,4,The transition to modern data stack and AI tooling has been a huge boost to our delivery velocity.,0.566
5818,65,2026-09-01,4,4,5,4,The transition to modern data stack and AI tooling has been a huge boost to our delivery velocity.,0.731
5819,41,2026-09-01,3,3,2,3,Lack of psychological safety and micromanager style since recent leadership re-alignment.,-0.472
5820,67,2026-09-01,3,4,4,2,"Training resources on Azure and Gen AI are decent, hoping for more hands-on lab allocations.",0.054
5821,37,2026-09-01,3,5,4,3,"Good team dynamic, though communication between onshore and offshore squads could be smoother.",-0.05
5822,3,2026-09-01,4,3,4,4,Leadership provides tremendous career mentoring and clear promotion trajectory.,0.849
5823,74,2026-09-01,5,4,4,5,Leadership provides tremendous career mentoring and clear promotion trajectory.,0.533
5824,5,2026-09-01,3,4,4,4,"Training resources on Azure and Gen AI are decent, hoping for more hands-on lab allocations.",-0.13
5825,38,2026-09-01,3,3,3,4,Compensation aligns with industry averages. Waiting to see outcome of mid-year review cycle.,0.067
5826,31,2026-09-01,2,4,3,4,Severe burnout from sustained 60+ hour work weeks without staffing support on high-priority delivery.,-0.361
5827,73,2026-09-01,3,3,4,5,"Good team dynamic, though communication between onshore and offshore squads could be smoother.",-0.085
5828,31,2026-09-01,3,3,3,3,"Training resources on Azure and Gen AI are decent, hoping for more hands-on lab allocations.",0.146
5829,80,2026-09-01,4,4,3,3,"Training resources on Azure and Gen AI are decent, hoping for more hands-on lab allocations.",0.01
5830,6,2026-09-01,2,4,3,4,Disillusioned with unrealistic client deadlines and total absence of work-life boundaries.,-0.466
5831,71,2026-09-01,3,4,4,3,Standard project pacing. Client expectations are rigorous but manageable with proper staffing.,0.166
5832,18,2026-09-01,3,4,4,3,Compensation aligns with industry averages. Waiting to see outcome of mid-year review cycle.,0.132
5833,39,2026-09-01,3,5,5,3,Standard project pacing. Client expectations are rigorous but manageable with proper staffing.,-0.106
5834,80,2026-09-01,4,3,5,4,Great autonomy on solution architecture. Enjoy mentoring junior analysts on agentic workflows.,0.779
5835,72,2026-09-01,4,3,3,5,Compensation aligns with industry averages. Waiting to see outcome of mid-year review cycle.,-0.032
5836,82,2026-09-01,3,3,3,3,"Good team dynamic, though communication between onshore and offshore squads could be smoother.",0.136
5837,26,2026-09-01,4,3,3,5,"Good team dynamic, though communication between onshore and offshore squads could be smoother.",0.125
5838,35,2026-09-01,3,4,3,5,Compa-ratio is noticeably below market benchmark while billable utilization is consistently above 95%.,-0.405
5839,33,2026-09-01,4,4,4,4,Energized by our client cloud modernization engagement and collaborative team culture.,0.468
5840,16,2026-09-01,5,3,4,4,Leadership provides tremendous career mentoring and clear promotion trajectory.,0.397
5841,18,2026-09-01,3,4,5,3,Standard project pacing. Client expectations are rigorous but manageable with proper staffing.,0.227
5842,71,2026-09-01,4,5,3,3,Compensation aligns with industry averages. Waiting to see outcome of mid-year review cycle.,0.201
5843,69,2026-09-01,2,5,4,3,Disillusioned with unrealistic client deadlines and total absence of work-life boundaries.,-0.746
5844,80,2026-09-01,3,4,3,3,"Training resources on Azure and Gen AI are decent, hoping for more hands-on lab allocations.",0.03
5845,41,2026-09-01,3,4,4,3,"Training resources on Azure and Gen AI are decent, hoping for more hands-on lab allocations.",-0.082
5846,41,2026-09-01,3,4,3,4,Compensation aligns with industry averages. Waiting to see outcome of mid-year review cycle.,0.077
5847,26,2026-09-01,3,4,4,4,"Training resources on Azure and Gen AI are decent, hoping for more hands-on lab allocations.",-0.149
5848,20,2026-09-01,4,4,4,2,Great autonomy on solution architecture. Enjoy mentoring junior analysts on agentic workflows.,0.61
5849,44,2026-09-01,4,4,4,3,The transition to modern data stack and AI tooling has been a huge boost to our delivery velocity.,0.605
5850,55,2026-09-01,3,3,4,3,"Training resources on Azure and Gen AI are decent, hoping for more hands-on lab allocations.",0.221
5851,19,2026-09-01,3,3,3,2,Severe burnout from sustained 60+ hour work weeks without staffing support on high-priority delivery.,-0.287
5852,6,2026-09-01,3,3,4,3,"Good team dynamic, though communication between onshore and offshore squads could be smoother.",0.006
5853,82,2026-09-01,3,4,3,4,Compensation aligns with industry averages. Waiting to see outcome of mid-year review cycle.,0.174
5854,63,2026-09-01,3,4,2,4,Compa-ratio is noticeably below market benchmark while billable utilization is consistently above 95%.,-0.306
5855,59,2026-09-01,3,4,3,3,Compensation aligns with industry averages. Waiting to see outcome of mid-year review cycle.,-0.011
5856,39,2026-09-01,3,3,3,4,Disillusioned with unrealistic client deadlines and total absence of work-life boundaries.,-0.292
5857,70,2026-09-01,3,5,4,5,"Training resources on Azure and Gen AI are decent, hoping for more hands-on lab allocations.",0.022
5858,3,2026-09-01,5,4,3,4,"Good team dynamic, though communication between onshore and offshore squads could be smoother.",-0.041
5859,27,2026-09-01,3,4,4,3,"Training resources on Azure and Gen AI are decent, hoping for more hands-on lab allocations.",-0.075
5860,72,2026-09-01,4,5,3,3,Standard project pacing. Client expectations are rigorous but manageable with proper staffing.,0.213
5861,54,2026-09-01,4,3,4,4,"Very fair compensation, excellent recognition from my engagement partner, and healthy work balance.",0.888
5862,59,2026-09-01,4,4,4,3,The transition to modern data stack and AI tooling has been a huge boost to our delivery velocity.,0.48
5863,34,2026-09-01,4,3,4,3,"Very fair compensation, excellent recognition from my engagement partner, and healthy work balance.",0.424
5864,24,2026-09-01,2,3,4,5,Compa-ratio is noticeably below market benchmark while billable utilization is consistently above 95%.,-0.464
5865,22,2026-09-01,4,3,3,4,"Training resources on Azure and Gen AI are decent, hoping for more hands-on lab allocations.",-0.125
5866,51,2026-09-01,4,4,3,4,Standard project pacing. Client expectations are rigorous but manageable with proper staffing.,0.118
5867,67,2026-09-01,2,3,4,4,Disillusioned with unrealistic client deadlines and total absence of work-life boundaries.,-0.501
5868,18,2026-09-01,4,4,3,4,"Good team dynamic, though communication between onshore and offshore squads could be smoother.",0.069
5869,67,2026-09-01,4,5,4,3,Leadership provides tremendous career mentoring and clear promotion trajectory.,0.539
5870,34,2026-09-01,3,2,4,3,Compensation aligns with industry averages. Waiting to see outcome of mid-year review cycle.,-0.059
5871,60,2026-09-01,3,3,4,4,"Training resources on Azure and Gen AI are decent, hoping for more hands-on lab allocations.",0.112
5872,40,2026-09-01,4,4,4,4,"Very fair compensation, excellent recognition from my engagement partner, and healthy work balance.",0.534
5873,33,2026-09-01,4,3,4,3,Great autonomy on solution architecture. Enjoy mentoring junior analysts on agentic workflows.,0.684
5874,6,2026-09-01,4,3,3,3,Compensation aligns with industry averages. Waiting to see outcome of mid-year review cycle.,-0.014
5875,7,2026-09-01,4,4,4,3,The transition to modern data stack and AI tooling has been a huge boost to our delivery velocity.,0.422
5876,67,2026-09-01,4,4,5,3,Energized by our client cloud modernization engagement and collaborative team culture.,0.867
5877,28,2026-09-01,4,4,5,4,Leadership provides tremendous career mentoring and clear promotion trajectory.,0.734
5878,15,2026-09-01,3,3,5,3,"Training resources on Azure and Gen AI are decent, hoping for more hands-on lab allocations.",0.216
5879,35,2026-09-01,3,3,2,5,Frustrated by repeated delays in promotion cycle despite rating 5 performance in consecutive cycles.,-0.622
5880,57,2026-09-01,4,4,4,3,Great autonomy on solution architecture. Enjoy mentoring junior analysts on agentic workflows.,0.361
5881,21,2026-09-01,3,4,4,3,Standard project pacing. Client expectations are rigorous but manageable with proper staffing.,0.084
5882,65,2026-09-01,2,4,1,3,Frustrated by repeated delays in promotion cycle despite rating 5 performance in consecutive cycles.,-0.786
5883,30,2026-09-01,3,3,4,3,"Good team dynamic, though communication between onshore and offshore squads could be smoother.",-0.027
5884,21,2026-09-01,3,4,2,5,Disillusioned with unrealistic client deadlines and total absence of work-life boundaries.,-0.433
5885,36,2026-09-01,3,5,4,3,"Good team dynamic, though communication between onshore and offshore squads could be smoother.",-0.004
5886,27,2026-09-01,3,4,3,3,Compensation aligns with industry averages. Waiting to see outcome of mid-year review cycle.,-0.018
5887,61,2026-09-01,3,4,4,3,"Good team dynamic, though communication between onshore and offshore squads could be smoother.",0.027
5888,74,2026-09-01,4,2,3,3,Standard project pacing. Client expectations are rigorous but manageable with proper staffing.,0.194
5889,56,2026-09-01,5,3,5,4,The transition to modern data stack and AI tooling has been a huge boost to our delivery velocity.,0.468
5890,15,2026-09-01,4,3,3,5,"Good team dynamic, though communication between onshore and offshore squads could be smoother.",-0.01
5891,5,2026-09-01,3,4,5,2,"Training resources on Azure and Gen AI are decent, hoping for more hands-on lab allocations.",0.098
5892,73,2026-09-01,4,3,5,3,Energized by our client cloud modernization engagement and collaborative team culture.,0.353
5893,80,2026-09-01,3,4,3,4,Compa-ratio is noticeably below market benchmark while billable utilization is consistently above 95%.,-0.745
5894,46,2026-09-01,3,4,4,4,"Training resources on Azure and Gen AI are decent, hoping for more hands-on lab allocations.",-0.141
5895,12,2026-09-01,5,4,5,3,Energized by our client cloud modernization engagement and collaborative team culture.,0.405
5896,5,2026-09-01,2,4,2,3,Lack of psychological safety and micromanager style since recent leadership re-alignment.,-0.567
5897,61,2026-09-01,2,4,2,4,Severe burnout from sustained 60+ hour work weeks without staffing support on high-priority delivery.,-0.802
5898,24,2026-09-01,4,4,4,3,The transition to modern data stack and AI tooling has been a huge boost to our delivery velocity.,0.492
5899,36,2026-09-01,3,3,3,4,Standard project pacing. Client expectations are rigorous but manageable with proper staffing.,0.22
5900,50,2026-09-01,4,3,4,4,The transition to modern data stack and AI tooling has been a huge boost to our delivery velocity.,0.72
5901,63,2026-09-01,4,3,3,3,"Training resources on Azure and Gen AI are decent, hoping for more hands-on lab allocations.",0.086
5902,55,2026-09-01,4,3,3,3,"Good team dynamic, though communication between onshore and offshore squads could be smoother.",-0.062
5903,42,2026-09-01,3,3,4,4,Compensation aligns with industry averages. Waiting to see outcome of mid-year review cycle.,0.061
5904,21,2026-09-01,3,2,3,4,Standard project pacing. Client expectations are rigorous but manageable with proper staffing.,-0.028
5905,82,2026-09-01,3,4,4,3,"Good team dynamic, though communication between onshore and offshore squads could be smoother.",0.084
5906,22,2026-09-01,3,3,3,3,Severe burnout from sustained 60+ hour work weeks without staffing support on high-priority delivery.,-0.39
5907,79,2026-09-01,3,4,5,3,Standard project pacing. Client expectations are rigorous but manageable with proper staffing.,-0.075
5908,50,2026-09-01,4,5,4,5,Energized by our client cloud modernization engagement and collaborative team culture.,0.825
5909,79,2026-09-01,3,4,4,4,"Training resources on Azure and Gen AI are decent, hoping for more hands-on lab allocations.",-0.087
5910,64,2026-09-01,4,3,4,4,The transition to modern data stack and AI tooling has been a huge boost to our delivery velocity.,0.728
5911,34,2026-09-01,2,5,4,3,Frustrated by repeated delays in promotion cycle despite rating 5 performance in consecutive cycles.,-0.689
5912,49,2026-09-01,4,4,3,3,"Training resources on Azure and Gen AI are decent, hoping for more hands-on lab allocations.",0.155
5913,74,2026-09-01,4,3,4,3,Energized by our client cloud modernization engagement and collaborative team culture.,0.573
5914,1,2026-09-01,4,3,4,4,Leadership provides tremendous career mentoring and clear promotion trajectory.,0.853
5915,65,2026-09-01,5,3,4,5,Energized by our client cloud modernization engagement and collaborative team culture.,0.607
5916,33,2026-09-01,3,4,4,3,"Good team dynamic, though communication between onshore and offshore squads could be smoother.",-0.148
5917,7,2026-09-01,3,5,4,5,Standard project pacing. Client expectations are rigorous but manageable with proper staffing.,-0.034
5918,60,2026-09-01,2,4,2,4,Lack of psychological safety and micromanager style since recent leadership re-alignment.,-0.799
5919,22,2026-09-01,3,4,4,3,"Good team dynamic, though communication between onshore and offshore squads could be smoother.",0.106
5920,14,2026-09-01,4,4,3,3,"Training resources on Azure and Gen AI are decent, hoping for more hands-on lab allocations.",0.198
5921,38,2026-09-01,3,4,4,3,"Good team dynamic, though communication between onshore and offshore squads could be smoother.",-0.086
5922,12,2026-09-01,4,4,4,4,Great autonomy on solution architecture. Enjoy mentoring junior analysts on agentic workflows.,0.692
5923,83,2026-09-01,3,4,4,3,"Training resources on Azure and Gen AI are decent, hoping for more hands-on lab allocations.",0.087
5924,20,2026-09-01,3,4,4,3,Compensation aligns with industry averages. Waiting to see outcome of mid-year review cycle.,0.229
5925,49,2026-09-01,2,3,4,4,Lack of psychological safety and micromanager style since recent leadership re-alignment.,-0.407
5926,59,2026-09-01,3,3,4,3,"Good team dynamic, though communication between onshore and offshore squads could be smoother.",0.088
5927,83,2026-09-01,5,4,4,4,Great autonomy on solution architecture. Enjoy mentoring junior analysts on agentic workflows.,0.9
5928,64,2026-09-01,5,5,4,4,"Very fair compensation, excellent recognition from my engagement partner, and healthy work balance.",0.433
5929,76,2026-09-01,2,3,3,3,Lack of psychological safety and micromanager style since recent leadership re-alignment.,-0.425
5930,79,2026-09-01,4,4,3,4,Disillusioned with unrealistic client deadlines and total absence of work-life boundaries.,-0.64
5931,66,2026-09-01,4,3,4,3,Energized by our client cloud modernization engagement and collaborative team culture.,0.663
5932,26,2026-09-01,2,4,4,3,Lack of psychological safety and micromanager style since recent leadership re-alignment.,-0.273
5933,9,2026-09-01,3,4,3,3,Standard project pacing. Client expectations are rigorous but manageable with proper staffing.,0.157
5934,53,2026-09-01,3,5,4,5,"Good team dynamic, though communication between onshore and offshore squads could be smoother.",0.13
5935,2,2026-09-01,4,4,4,4,The transition to modern data stack and AI tooling has been a huge boost to our delivery velocity.,0.423
5936,1,2026-09-01,3,5,3,4,Compensation aligns with industry averages. Waiting to see outcome of mid-year review cycle.,0.147
5937,72,2026-09-01,3,3,5,3,Compensation aligns with industry averages. Waiting to see outcome of mid-year review cycle.,0.09
5938,1,2026-09-01,4,3,4,3,Great autonomy on solution architecture. Enjoy mentoring junior analysts on agentic workflows.,0.823
5939,26,2026-09-01,3,4,3,4,"Training resources on Azure and Gen AI are decent, hoping for more hands-on lab allocations.",0.236
5940,46,2026-09-01,5,4,4,5,"Very fair compensation, excellent recognition from my engagement partner, and healthy work balance.",0.843
5941,17,2026-09-01,3,3,4,4,"Good team dynamic, though communication between onshore and offshore squads could be smoother.",-0.101
5942,30,2026-09-01,3,4,4,3,Compensation aligns with industry averages. Waiting to see outcome of mid-year review cycle.,0.167
5943,18,2026-09-01,3,4,3,5,"Good team dynamic, though communication between onshore and offshore squads could be smoother.",0.056
5944,36,2026-09-01,3,3,4,4,"Good team dynamic, though communication between onshore and offshore squads could be smoother.",-0.068
5945,36,2026-09-01,4,3,3,3,"Good team dynamic, though communication between onshore and offshore squads could be smoother.",0.239
5946,11,2026-09-01,4,4,4,2,The transition to modern data stack and AI tooling has been a huge boost to our delivery velocity.,0.428
5947,50,2026-09-01,2,3,2,4,Disillusioned with unrealistic client deadlines and total absence of work-life boundaries.,-0.614
5948,11,2026-09-01,3,4,3,4,Standard project pacing. Client expectations are rigorous but manageable with proper staffing.,0.024
5949,75,2026-09-01,3,3,4,3,Standard project pacing. Client expectations are rigorous but manageable with proper staffing.,0.206
5950,61,2026-09-01,4,5,4,3,Energized by our client cloud modernization engagement and collaborative team culture.,0.704
5951,64,2026-09-01,5,3,4,5,"Very fair compensation, excellent recognition from my engagement partner, and healthy work balance.",0.466
5952,7,2026-09-01,4,3,5,3,"Very fair compensation, excellent recognition from my engagement partner, and healthy work balance.",0.644
5953,84,2026-09-01,4,3,4,3,Leadership provides tremendous career mentoring and clear promotion trajectory.,0.789
5954,58,2026-09-01,4,4,5,5,The transition to modern data stack and AI tooling has been a huge boost to our delivery velocity.,0.578
5955,57,2026-09-01,3,4,4,3,"Training resources on Azure and Gen AI are decent, hoping for more hands-on lab allocations.",0.008
5956,51,2026-09-01,3,3,4,5,"Good team dynamic, though communication between onshore and offshore squads could be smoother.",0.074
5957,83,2026-09-01,3,4,4,2,"Good team dynamic, though communication between onshore and offshore squads could be smoother.",0.202
5958,31,2026-09-01,3,4,3,3,Compensation aligns with industry averages. Waiting to see outcome of mid-year review cycle.,0.004
5959,78,2026-09-01,4,4,4,4,Energized by our client cloud modernization engagement and collaborative team culture.,0.748
5960,38,2026-09-01,4,5,4,3,The transition to modern data stack and AI tooling has been a huge boost to our delivery velocity.,0.421
5961,14,2026-09-01,4,4,3,3,Standard project pacing. Client expectations are rigorous but manageable with proper staffing.,0.073
5962,20,2026-09-01,3,5,3,3,Compensation aligns with industry averages. Waiting to see outcome of mid-year review cycle.,-0.071
5963,40,2026-09-01,4,4,4,2,Great autonomy on solution architecture. Enjoy mentoring junior analysts on agentic workflows.,0.453
5964,13,2026-09-01,4,3,3,2,"Good team dynamic, though communication between onshore and offshore squads could be smoother.",-0.108
5965,6,2026-09-01,4,5,4,4,Great autonomy on solution architecture. Enjoy mentoring junior analysts on agentic workflows.,0.554
5966,31,2026-09-01,4,3,2,5,Disillusioned with unrealistic client deadlines and total absence of work-life boundaries.,-0.3
5967,83,2026-09-01,3,4,4,3,Standard project pacing. Client expectations are rigorous but manageable with proper staffing.,0.186
5968,8,2026-09-01,3,3,4,5,"Training resources on Azure and Gen AI are decent, hoping for more hands-on lab allocations.",-0.055
5969,50,2026-09-01,4,4,4,3,Leadership provides tremendous career mentoring and clear promotion trajectory.,0.45
5970,79,2026-09-01,4,3,3,5,"Training resources on Azure and Gen AI are decent, hoping for more hands-on lab allocations.",0.17
5971,52,2026-09-01,4,4,4,4,The transition to modern data stack and AI tooling has been a huge boost to our delivery velocity.,0.874
5972,27,2026-09-01,4,3,4,3,Great autonomy on solution architecture. Enjoy mentoring junior analysts on agentic workflows.,0.729
5973,53,2026-09-01,4,4,4,3,Great autonomy on solution architecture. Enjoy mentoring junior analysts on agentic workflows.,0.78
5974,72,2026-09-01,4,4,3,4,"Training resources on Azure and Gen AI are decent, hoping for more hands-on lab allocations.",0.239
5975,22,2026-09-01,4,4,4,3,Leadership provides tremendous career mentoring and clear promotion trajectory.,0.376
5976,44,2026-09-01,2,2,4,3,Lack of psychological safety and micromanager style since recent leadership re-alignment.,-0.53
5977,20,2026-09-01,2,2,3,3,Frustrated by repeated delays in promotion cycle despite rating 5 performance in consecutive cycles.,-0.724
5978,63,2026-09-01,4,3,4,4,The transition to modern data stack and AI tooling has been a huge boost to our delivery velocity.,0.668
5979,37,2026-09-01,4,4,4,5,Great autonomy on solution architecture. Enjoy mentoring junior analysts on agentic workflows.,0.391
5980,68,2026-09-01,4,3,4,3,The transition to modern data stack and AI tooling has been a huge boost to our delivery velocity.,0.866
5981,49,2026-09-01,5,3,5,4,Energized by our client cloud modernization engagement and collaborative team culture.,0.448
5982,39,2026-09-01,4,5,5,3,The transition to modern data stack and AI tooling has been a huge boost to our delivery velocity.,0.37
5983,7,2026-09-01,4,3,3,4,Disillusioned with unrealistic client deadlines and total absence of work-life boundaries.,-0.72
5984,5,2026-09-01,4,3,3,3,"Good team dynamic, though communication between onshore and offshore squads could be smoother.",0.184
5985,59,2026-09-01,3,4,4,4,Standard project pacing. Client expectations are rigorous but manageable with proper staffing.,0.057
5986,78,2026-09-01,3,3,4,3,"Good team dynamic, though communication between onshore and offshore squads could be smoother.",-0.102
5987,10,2026-09-01,4,4,4,4,"Very fair compensation, excellent recognition from my engagement partner, and healthy work balance.",0.453
5988,65,2026-09-01,3,3,4,3,"Good team dynamic, though communication between onshore and offshore squads could be smoother.",-0.115
5989,28,2026-09-01,3,4,3,4,"Training resources on Azure and Gen AI are decent, hoping for more hands-on lab allocations.",0.001
5990,17,2026-09-01,4,3,4,4,Great autonomy on solution architecture. Enjoy mentoring junior analysts on agentic workflows.,0.587
5991,71,2026-09-01,3,3,5,3,"Good team dynamic, though communication between onshore and offshore squads could be smoother.",-0.125
5992,18,2026-09-01,5,3,4,4,Energized by our client cloud modernization engagement and collaborative team culture.,0.715
5993,4,2026-09-01,3,3,4,3,Standard project pacing. Client expectations are rigorous but manageable with proper staffing.,0.188
5994,78,2026-09-01,3,4,4,3,"Training resources on Azure and Gen AI are decent, hoping for more hands-on lab allocations.",-0.024
5995,33,2026-09-01,3,4,3,4,Compensation aligns with industry averages. Waiting to see outcome of mid-year review cycle.,-0.095
5996,46,2026-09-01,3,3,2,3,Severe burnout from sustained 60+ hour work weeks without staffing support on high-priority delivery.,-0.379
5997,12,2026-09-01,3,4,3,3,"Good team dynamic, though communication between onshore and offshore squads could be smoother.",-0.077
5998,58,2026-09-01,3,4,4,3,Standard project pacing. Client expectations are rigorous but manageable with proper staffing.,0.17
5999,77,2026-09-01,3,4,4,4,"Training resources on Azure and Gen AI are decent, hoping for more hands-on lab allocations.",0.156
6000,35,2026-09-01,4,5,3,3,Standard project pacing. Client expectations are rigorous but manageable with proper staffing.,-0.07
