employee_key,department_key,snapshot_date,base_salary,compa_ratio,compa_bracket,utilization_rate,monthly_overtime_hours,performance_rating,promotion_last_24m,manager_change_last_12m,burnout_risk_index,burnout_tier,separation_type,exit_reason,is_regretted_attrition,attrition_flag
1,1,2026-09-01,96140.0,1.012,0.95-1.05 (Target),98.9,19.73991780504304,2,1,0,39.4,Moderate,Active,,0,0
2,2,2026-09-01,60190.0,0.926,0.85-0.95 (Below Median),79.7,6.4,3,1,0,17.2,Low,Active,,0,0
3,3,2026-09-01,87115.0,0.917,0.85-0.95 (Below Median),86.0,33.6,3,0,0,58.0,Moderate,Active,,0,0
4,4,2026-09-01,138105.0,1.023,0.95-1.05 (Target),108.6,65.0,4,0,0,100.0,Critical Exhaustion,Voluntary Resignation,Work-Life Balance & Fatigue,1,1
5,5,2026-09-01,54535.0,0.839,<0.85 (Critical Underpay),95.3,20.56473482573493,3,0,0,35.9,Moderate,Voluntary Resignation,Competitive Compensation Offer,0,1
6,6,2026-09-01,61620.0,0.948,0.85-0.95 (Below Median),77.8,3.2,4,0,0,12.9,Low,Active,,0,0
7,1,2026-09-01,65000.0,1.0,0.95-1.05 (Target),95.8,55.75508115348672,3,1,0,82.9,Critical Exhaustion,Voluntary Resignation,Work-Life Balance & Fatigue,0,1
8,7,2026-09-01,81225.0,0.855,0.85-0.95 (Below Median),111.0,35.54118500697783,3,0,0,61.5,Elevated,Voluntary Resignation,Competitive Compensation Offer,0,1
9,8,2026-09-01,89775.0,0.945,0.85-0.95 (Below Median),88.6,2.2,3,1,0,19.7,Low,Active,,0,0
10,9,2026-09-01,129870.0,0.962,0.95-1.05 (Target),75.8,16.7,4,0,0,36.8,Moderate,Active,,0,0
11,10,2026-09-01,131760.0,0.976,0.95-1.05 (Target),73.7,16.7,3,0,1,28.5,Low,Active,,0,0
12,11,2026-09-01,176575.0,1.009,0.95-1.05 (Target),96.3,18.624430711419205,4,0,0,30.2,Low,Voluntary Resignation,Personal / Relocation,1,1
13,12,2026-09-01,101365.0,1.067,>1.05 (Premium),79.8,17.9,3,0,0,28.1,Low,Active,,0,0
14,13,2026-09-01,207025.0,1.183,>1.05 (Premium),85.7,20.5,2,1,0,28.9,Low,Active,,0,0
15,14,2026-09-01,50375.0,0.775,<0.85 (Critical Underpay),83.7,7.0,4,1,0,28.9,Low,Active,,0,0
16,15,2026-09-01,79420.0,0.836,<0.85 (Critical Underpay),81.7,13.2,2,0,0,35.1,Moderate,Active,,0,0
17,16,2026-09-01,172900.0,0.988,0.95-1.05 (Target),70.0,5.5,4,0,1,14.8,Low,Active,,0,0
18,17,2026-09-01,115425.0,0.855,0.85-0.95 (Below Median),69.1,19.1,3,0,0,41.8,Moderate,Active,,0,0
19,18,2026-09-01,152550.0,1.13,>1.05 (Premium),94.8,7.6,3,0,1,14.5,Low,Active,,0,0
20,19,2026-09-01,70915.0,1.091,>1.05 (Premium),73.8,14.1,2,0,0,15.1,Low,Active,,0,0
21,17,2026-09-01,96900.0,1.02,0.95-1.05 (Target),101.4,29.068062651040044,4,0,1,42.5,Moderate,Voluntary Resignation,Personal / Relocation,1,1
22,20,2026-09-01,133515.0,0.989,0.95-1.05 (Target),80.1,13.9,4,0,1,16.9,Low,Active,,0,0
23,21,2026-09-01,79515.0,0.837,<0.85 (Critical Underpay),89.1,15.9,4,0,0,38.3,Moderate,Active,,0,0
24,10,2026-09-01,72345.0,1.113,>1.05 (Premium),95.1,27.69816157547097,3,0,1,39.0,Moderate,Active,,0,0
25,22,2026-09-01,54145.0,0.833,<0.85 (Critical Underpay),86.7,12.2,4,1,0,34.0,Low,Voluntary Resignation,Competitive Compensation Offer,1,1
26,23,2026-09-01,85975.0,0.905,0.85-0.95 (Below Median),85.6,1.8,2,0,1,20.1,Low,Voluntary Resignation,Personal / Relocation,0,1
27,22,2026-09-01,202860.0,0.966,0.95-1.05 (Target),94.4,65.0,2,0,1,100.0,Critical Exhaustion,Active,,0,0
28,24,2026-09-01,60775.0,0.935,0.85-0.95 (Below Median),79.7,2.6,3,0,0,12.4,Low,Active,,0,0
29,25,2026-09-01,149450.0,0.854,0.85-0.95 (Below Median),101.6,65.0,2,0,0,96.9,Critical Exhaustion,Voluntary Resignation,Competitive Compensation Offer,1,1
30,26,2026-09-01,64155.0,0.987,0.95-1.05 (Target),102.2,48.09748628386464,3,0,1,82.0,Critical Exhaustion,Voluntary Resignation,Work-Life Balance & Fatigue,0,1
31,27,2026-09-01,93765.0,0.987,0.95-1.05 (Target),79.6,10.3,4,0,1,20.6,Low,Active,,0,0
32,28,2026-09-01,168700.0,0.964,0.95-1.05 (Target),88.0,14.2,3,0,1,25.8,Low,Voluntary Resignation,Personal / Relocation,1,1
33,29,2026-09-01,163975.0,0.937,0.85-0.95 (Below Median),71.9,54.8,3,0,0,99.0,Critical Exhaustion,Voluntary Resignation,Work-Life Balance & Fatigue,1,1
34,30,2026-09-01,130005.0,0.963,0.95-1.05 (Target),95.1,65.0,3,1,0,94.7,Critical Exhaustion,Voluntary Resignation,Work-Life Balance & Fatigue,1,1
35,7,2026-09-01,106115.0,1.117,>1.05 (Premium),84.3,10.0,3,0,0,17.7,Low,Active,,0,0
36,29,2026-09-01,94240.0,0.992,0.95-1.05 (Target),79.3,26.1,4,0,1,47.5,Moderate,Voluntary Resignation,Personal / Relocation,1,1
37,13,2026-09-01,92815.0,0.977,0.95-1.05 (Target),93.7,15.9,4,0,0,19.5,Low,Active,,0,0
38,31,2026-09-01,75430.0,0.794,<0.85 (Critical Underpay),85.8,38.0,1,0,0,65.7,Elevated,Active,,0,0
39,32,2026-09-01,142965.0,1.059,>1.05 (Premium),85.3,3.2,5,0,0,10.7,Low,Active,,0,0
40,33,2026-09-01,84645.0,0.891,0.85-0.95 (Below Median),82.7,0.9,5,0,1,5.0,Low,Active,,0,0
41,2,2026-09-01,96235.0,1.013,0.95-1.05 (Target),84.4,17.9,2,1,1,29.2,Low,Active,,0,0
42,1,2026-09-01,164500.0,0.94,0.85-0.95 (Below Median),97.1,28.540196785044092,3,0,0,43.4,Moderate,Active,,0,0
43,34,2026-09-01,129465.0,0.959,0.95-1.05 (Target),95.0,18.9,3,1,1,31.5,Low,Voluntary Resignation,Personal / Relocation,1,1
44,35,2026-09-01,186025.0,1.063,>1.05 (Premium),82.2,2.3,3,0,1,5.0,Low,Active,,0,0
45,6,2026-09-01,66625.0,1.025,0.95-1.05 (Target),73.2,34.0,2,0,0,56.3,Moderate,Voluntary Resignation,Personal / Relocation,0,1
46,36,2026-09-01,103265.0,1.087,>1.05 (Premium),81.7,38.1,5,0,0,60.0,Moderate,Voluntary Resignation,Personal / Relocation,1,1
47,37,2026-09-01,118665.0,0.879,0.85-0.95 (Below Median),71.9,10.8,4,0,0,23.4,Low,Active,,0,0
48,22,2026-09-01,58695.0,0.903,0.85-0.95 (Below Median),93.7,3.5,3,0,1,14.1,Low,Voluntary Resignation,Personal / Relocation,0,1
49,38,2026-09-01,128385.0,0.951,0.95-1.05 (Target),87.3,3.0,2,0,0,5.0,Low,Active,,0,0
50,39,2026-09-01,61620.0,0.948,0.85-0.95 (Below Median),90.5,4.4,3,0,0,14.3,Low,Active,,0,0
51,38,2026-09-01,98515.0,1.037,0.95-1.05 (Target),87.5,11.4,4,1,1,20.9,Low,Active,,0,0
52,38,2026-09-01,172550.0,0.986,0.95-1.05 (Target),93.4,17.0,4,0,0,36.7,Moderate,Active,,0,0
53,5,2026-09-01,59540.0,0.916,0.85-0.95 (Below Median),89.4,28.4,3,1,1,43.8,Moderate,Active,,0,0
54,40,2026-09-01,93480.0,0.984,0.95-1.05 (Target),91.3,16.1,4,0,1,19.6,Low,Active,,0,0
55,41,2026-09-01,190750.0,1.09,>1.05 (Premium),99.3,32.93056917935175,4,0,0,45.7,Moderate,Active,,0,0
56,42,2026-09-01,57330.0,0.882,0.85-0.95 (Below Median),95.0,11.7,3,0,1,24.4,Low,Active,,0,0
57,43,2026-09-01,51350.0,0.79,<0.85 (Critical Underpay),83.0,6.1,3,0,0,19.5,Low,Active,,0,0
58,44,2026-09-01,55510.0,0.854,0.85-0.95 (Below Median),84.1,10.9,4,0,1,24.0,Low,Voluntary Resignation,Competitive Compensation Offer,1,1
59,45,2026-09-01,81700.0,0.86,0.85-0.95 (Below Median),108.2,22.107838681796967,4,0,0,37.3,Moderate,Voluntary Resignation,Competitive Compensation Offer,1,1
60,4,2026-09-01,83315.0,0.877,0.85-0.95 (Below Median),96.9,34.08034511198414,3,0,1,67.4,Elevated,Active,,0,0
61,46,2026-09-01,65715.0,1.011,0.95-1.05 (Target),84.5,1.0,1,0,0,5.0,Low,Active,,0,0
62,7,2026-09-01,57200.0,0.88,0.85-0.95 (Below Median),77.1,3.7,2,0,1,22.8,Low,Active,,0,0
63,44,2026-09-01,90060.0,0.948,0.85-0.95 (Below Median),80.4,25.5,3,1,0,47.6,Moderate,Active,,0,0
64,25,2026-09-01,187950.0,1.074,>1.05 (Premium),81.1,16.7,3,1,0,18.6,Low,Active,,0,0
65,19,2026-09-01,177275.0,1.013,0.95-1.05 (Target),103.1,22.42679819606048,3,0,1,34.7,Low,Active,,0,0
66,14,2026-09-01,78755.0,0.829,<0.85 (Critical Underpay),89.9,29.5,4,0,1,54.8,Moderate,Active,,0,0
67,46,2026-09-01,92910.0,0.978,0.95-1.05 (Target),84.7,0.0,3,0,0,8.4,Low,Active,,0,0
68,43,2026-09-01,132300.0,0.98,0.95-1.05 (Target),99.4,65.0,3,1,0,100.0,Critical Exhaustion,Voluntary Resignation,Work-Life Balance & Fatigue,1,1
69,47,2026-09-01,93955.0,0.989,0.95-1.05 (Target),81.5,0.3,1,0,0,5.0,Low,Active,,0,0
70,24,2026-09-01,134190.0,0.994,0.95-1.05 (Target),88.1,27.3,5,0,0,48.9,Moderate,Active,,0,0
71,8,2026-09-01,207270.0,0.987,0.95-1.05 (Target),89.9,20.6,4,0,0,33.0,Low,Voluntary Resignation,Personal / Relocation,1,1
72,48,2026-09-01,67015.0,1.031,0.95-1.05 (Target),71.4,7.9,5,0,0,8.9,Low,Active,,0,0
73,49,2026-09-01,61035.0,0.939,0.85-0.95 (Below Median),82.6,60.4,2,0,0,97.7,Critical Exhaustion,Active,,0,0
74,49,2026-09-01,64220.0,0.988,0.95-1.05 (Target),87.1,1.9,4,0,0,10.5,Low,Active,,0,0
75,40,2026-09-01,69225.0,1.065,>1.05 (Premium),87.7,8.4,3,0,1,16.8,Low,Active,,0,0
76,49,2026-09-01,62270.0,0.958,0.95-1.05 (Target),104.2,37.08802667408396,3,1,1,69.3,Elevated,Voluntary Resignation,Work-Life Balance & Fatigue,0,1
77,7,2026-09-01,208110.0,0.991,0.95-1.05 (Target),94.8,18.6,4,0,0,30.5,Low,Active,,0,0
78,19,2026-09-01,70070.0,1.078,>1.05 (Premium),97.7,35.4735152769089,4,1,0,57.0,Moderate,Voluntary Resignation,Personal / Relocation,1,1
79,50,2026-09-01,82460.0,0.868,0.85-0.95 (Below Median),88.7,6.9,5,0,0,26.9,Low,Active,,0,0
80,51,2026-09-01,58045.0,0.893,0.85-0.95 (Below Median),90.4,2.6,2,0,0,13.3,Low,Voluntary Resignation,Competitive Compensation Offer,0,1
81,52,2026-09-01,223860.0,0.861,0.85-0.95 (Below Median),91.3,2.8,2,0,0,14.1,Low,Active,,0,0
82,16,2026-09-01,68185.0,1.049,0.95-1.05 (Target),77.2,3.2,3,1,0,10.9,Low,Active,,0,0
83,53,2026-09-01,63310.0,0.974,0.95-1.05 (Target),92.4,39.6,4,0,0,64.0,Elevated,Active,,0,0
84,54,2026-09-01,184625.0,1.055,>1.05 (Premium),75.6,23.1,4,1,0,34.6,Low,Active,,0,0
85,34,2026-09-01,88920.0,0.936,0.85-0.95 (Below Median),85.7,12.4,3,0,1,24.2,Low,Active,,0,0
86,55,2026-09-01,108870.0,1.146,>1.05 (Premium),92.2,20.3,4,0,1,29.4,Low,Active,,0,0
87,8,2026-09-01,67470.0,1.038,0.95-1.05 (Target),80.8,10.8,3,0,1,20.2,Low,Active,,0,0
88,53,2026-09-01,58110.0,0.894,0.85-0.95 (Below Median),84.7,23.7,3,0,0,46.6,Moderate,Active,,0,0
89,10,2026-09-01,178500.0,1.02,0.95-1.05 (Target),80.0,4.5,4,0,0,13.0,Low,Active,,0,0
90,56,2026-09-01,83125.0,0.875,0.85-0.95 (Below Median),79.7,3.2,3,0,0,14.3,Low,Active,,0,0
91,3,2026-09-01,65390.0,1.006,0.95-1.05 (Target),99.8,20.6912905348348,2,1,0,32.7,Low,Voluntary Resignation,Personal / Relocation,0,1
92,33,2026-09-01,104025.0,1.095,>1.05 (Premium),93.4,3.7,3,0,0,10.5,Low,Active,,0,0
93,10,2026-09-01,88730.0,0.934,0.85-0.95 (Below Median),75.9,7.7,4,0,0,26.6,Low,Active,,0,0
94,44,2026-09-01,63115.0,0.971,0.95-1.05 (Target),84.7,21.3,4,0,0,42.1,Moderate,Voluntary Resignation,Career Advancement & Role Velocity,1,1
95,5,2026-09-01,209160.0,0.996,0.95-1.05 (Target),81.5,12.0,3,0,0,14.5,Low,Active,,0,0
96,51,2026-09-01,137295.0,1.017,0.95-1.05 (Target),87.0,12.0,3,0,0,22.1,Low,Active,,0,0
97,42,2026-09-01,93005.0,0.979,0.95-1.05 (Target),77.8,38.6,4,0,1,54.7,Moderate,Active,,0,0
98,16,2026-09-01,59215.0,0.911,0.85-0.95 (Below Median),83.4,16.5,2,0,1,29.6,Low,Active,,0,0
99,13,2026-09-01,82270.0,0.866,0.85-0.95 (Below Median),70.7,24.6,4,0,0,40.2,Moderate,Active,,0,0
100,54,2026-09-01,82080.0,0.864,0.85-0.95 (Below Median),90.4,0.9,2,0,0,19.8,Low,Active,,0,0
101,20,2026-09-01,93385.0,0.983,0.95-1.05 (Target),87.8,43.5,4,0,0,68.5,Elevated,Voluntary Resignation,Work-Life Balance & Fatigue,1,1
102,47,2026-09-01,93955.0,0.989,0.95-1.05 (Target),83.8,8.4,4,0,1,18.3,Low,Active,,0,0
103,48,2026-09-01,191310.0,0.911,0.85-0.95 (Below Median),96.2,30.644240655783868,4,0,0,54.6,Moderate,Active,,0,0
104,57,2026-09-01,85310.0,0.898,0.85-0.95 (Below Median),82.9,9.0,2,0,1,20.8,Low,Active,,0,0
105,41,2026-09-01,63505.0,0.977,0.95-1.05 (Target),90.4,9.6,1,1,0,20.0,Low,Active,,0,0
106,20,2026-09-01,90060.0,0.948,0.85-0.95 (Below Median),82.9,19.6,3,0,1,32.6,Low,Active,,0,0
107,58,2026-09-01,76760.0,0.808,<0.85 (Critical Underpay),86.7,11.7,3,1,0,25.9,Low,Active,,0,0
108,59,2026-09-01,183400.0,1.048,0.95-1.05 (Target),78.7,23.6,3,0,0,43.4,Moderate,Active,,0,0
109,60,2026-09-01,95665.0,1.007,0.95-1.05 (Target),88.9,12.6,3,0,0,23.0,Low,Active,,0,0
110,37,2026-09-01,61100.0,0.94,0.85-0.95 (Below Median),86.9,9.3,3,0,0,20.4,Low,Active,,0,0
111,8,2026-09-01,85785.0,0.903,0.85-0.95 (Below Median),70.1,1.3,3,0,1,11.5,Low,Active,,0,0
112,17,2026-09-01,255840.0,0.984,0.95-1.05 (Target),74.3,54.5,3,0,0,89.7,Critical Exhaustion,Voluntary Resignation,Work-Life Balance & Fatigue,0,1
113,3,2026-09-01,130680.0,0.968,0.95-1.05 (Target),87.2,0.1,2,0,0,8.8,Low,Active,,0,0
114,61,2026-09-01,60840.0,0.936,0.85-0.95 (Below Median),99.3,36.98049236346578,3,0,0,69.7,Elevated,Voluntary Resignation,Work-Life Balance & Fatigue,0,1
115,51,2026-09-01,89205.0,0.939,0.85-0.95 (Below Median),93.9,24.6,4,0,0,46.7,Moderate,Active,,0,0
116,10,2026-09-01,87970.0,0.926,0.85-0.95 (Below Median),81.4,4.0,4,0,0,6.3,Low,Active,,0,0
117,34,2026-09-01,173600.0,0.992,0.95-1.05 (Target),78.5,3.4,2,1,0,12.2,Low,Active,,0,0
118,19,2026-09-01,59865.0,0.921,0.85-0.95 (Below Median),77.9,19.8,3,0,1,33.3,Low,Active,,0,0
119,30,2026-09-01,59735.0,0.919,0.85-0.95 (Below Median),96.3,29.360720857279745,2,0,0,52.9,Moderate,Active,,0,0
120,30,2026-09-01,98705.0,1.039,0.95-1.05 (Target),91.6,5.3,4,1,0,13.6,Low,Active,,0,0
121,37,2026-09-01,120285.0,0.891,0.85-0.95 (Below Median),95.7,65.0,2,0,0,100.0,Critical Exhaustion,Voluntary Resignation,Competitive Compensation Offer,1,1
122,62,2026-09-01,156800.0,0.896,0.85-0.95 (Below Median),91.1,27.3,4,0,1,50.8,Moderate,Active,,0,0
123,63,2026-09-01,86640.0,0.912,0.85-0.95 (Below Median),99.9,59.09506951090145,3,0,0,96.7,Critical Exhaustion,Voluntary Resignation,Work-Life Balance & Fatigue,0,1
124,48,2026-09-01,88160.0,0.928,0.85-0.95 (Below Median),90.5,25.4,3,0,0,39.9,Moderate,Active,,0,0
125,7,2026-09-01,65910.0,1.014,0.95-1.05 (Target),102.1,23.305833157096384,3,1,0,43.7,Moderate,Active,,0,0
126,64,2026-09-01,66235.0,1.019,0.95-1.05 (Target),91.2,0.3,5,0,0,8.0,Low,Active,,0,0
127,35,2026-09-01,66690.0,1.026,0.95-1.05 (Target),81.3,1.1,3,0,0,8.8,Low,Voluntary Resignation,Personal / Relocation,0,1
128,51,2026-09-01,62855.0,0.967,0.95-1.05 (Target),82.0,65.0,4,0,0,94.7,Critical Exhaustion,Voluntary Resignation,Work-Life Balance & Fatigue,1,1
129,57,2026-09-01,192990.0,0.919,0.85-0.95 (Below Median),88.0,33.8,3,0,0,50.2,Moderate,Voluntary Resignation,Personal / Relocation,1,1
130,57,2026-09-01,94430.0,0.994,0.95-1.05 (Target),87.2,12.9,4,0,0,23.6,Low,Active,,0,0
131,38,2026-09-01,81415.0,0.857,0.85-0.95 (Below Median),63.6,12.5,3,1,0,25.9,Low,Active,,0,0
132,48,2026-09-01,205170.0,0.977,0.95-1.05 (Target),79.6,1.7,3,0,1,10.5,Low,Active,,0,0
133,65,2026-09-01,67860.0,1.044,0.95-1.05 (Target),77.7,43.1,4,1,0,58.8,Moderate,Active,,0,0
134,18,2026-09-01,61685.0,0.949,0.85-0.95 (Below Median),86.7,1.2,3,1,0,10.5,Low,Active,,0,0
135,66,2026-09-01,63505.0,0.977,0.95-1.05 (Target),100.3,54.5689484010045,4,0,0,81.9,Critical Exhaustion,Voluntary Resignation,Work-Life Balance & Fatigue,1,1
136,25,2026-09-01,60840.0,0.936,0.85-0.95 (Below Median),95.2,24.238015527983773,4,0,0,46.4,Moderate,Active,,0,0
137,20,2026-09-01,126900.0,0.94,0.85-0.95 (Below Median),75.7,2.2,4,0,0,5.0,Low,Active,,0,0
138,5,2026-09-01,154875.0,0.885,0.85-0.95 (Below Median),87.2,2.6,5,0,1,13.4,Low,Voluntary Resignation,Competitive Compensation Offer,1,1
139,41,2026-09-01,135675.0,1.005,0.95-1.05 (Target),83.5,1.7,5,0,1,9.9,Low,Active,,0,0
140,61,2026-09-01,158085.0,1.171,>1.05 (Premium),70.7,2.6,3,1,0,7.7,Low,Active,,0,0
141,22,2026-09-01,61360.0,0.944,0.85-0.95 (Below Median),105.8,37.10772583349547,4,0,0,61.6,Elevated,Voluntary Resignation,Personal / Relocation,1,1
142,60,2026-09-01,86640.0,0.912,0.85-0.95 (Below Median),68.2,0.5,4,0,0,10.4,Low,Active,,0,0
143,67,2026-09-01,96045.0,1.011,0.95-1.05 (Target),79.8,6.8,3,0,0,7.9,Low,Active,,0,0
144,68,2026-09-01,68445.0,1.053,>1.05 (Premium),84.3,31.3,2,1,0,44.5,Moderate,Active,,0,0
145,53,2026-09-01,84360.0,0.888,0.85-0.95 (Below Median),80.2,44.2,1,1,0,71.3,Elevated,Active,,0,0
146,4,2026-09-01,133380.0,0.988,0.95-1.05 (Target),95.1,23.614417145008165,2,0,0,28.6,Low,Voluntary Resignation,Personal / Relocation,1,1
147,69,2026-09-01,166075.0,0.949,0.85-0.95 (Below Median),72.2,2.2,4,0,0,11.7,Low,Active,,0,0
148,27,2026-09-01,224490.0,1.069,>1.05 (Premium),74.9,1.8,4,0,0,8.8,Low,Active,,0,0
149,21,2026-09-01,92910.0,0.978,0.95-1.05 (Target),89.6,7.2,3,1,1,17.1,Low,Active,,0,0
150,56,2026-09-01,138510.0,1.026,0.95-1.05 (Target),78.6,5.3,2,0,0,5.8,Low,Active,,0,0
151,3,2026-09-01,130410.0,0.966,0.95-1.05 (Target),81.3,37.3,4,0,0,61.4,Elevated,Active,,0,0
152,15,2026-09-01,94335.0,0.993,0.95-1.05 (Target),84.9,9.7,3,0,0,19.8,Low,Active,,0,0
153,54,2026-09-01,136620.0,1.012,0.95-1.05 (Target),92.4,0.5,3,1,0,8.4,Low,Active,,0,0
154,70,2026-09-01,132030.0,0.978,0.95-1.05 (Target),98.6,26.820666657540208,3,1,1,40.6,Moderate,Voluntary Resignation,Personal / Relocation,1,1
155,21,2026-09-01,78280.0,0.824,<0.85 (Critical Underpay),83.2,3.5,2,1,0,15.7,Low,Active,,0,0
156,71,2026-09-01,63245.0,0.973,0.95-1.05 (Target),86.4,26.3,1,1,1,48.1,Moderate,Voluntary Resignation,Personal / Relocation,0,1
157,70,2026-09-01,62530.0,0.962,0.95-1.05 (Target),88.0,46.1,2,0,0,80.1,Critical Exhaustion,Voluntary Resignation,Work-Life Balance & Fatigue,0,1
158,51,2026-09-01,90060.0,0.948,0.85-0.95 (Below Median),89.5,18.1,3,0,0,38.8,Moderate,Active,,0,0
159,3,2026-09-01,138645.0,1.027,0.95-1.05 (Target),80.8,8.6,3,0,0,17.8,Low,Active,,0,0
160,42,2026-09-01,93385.0,0.983,0.95-1.05 (Target),79.0,9.7,3,1,0,12.0,Low,Active,,0,0
161,66,2026-09-01,134190.0,0.994,0.95-1.05 (Target),86.2,19.8,3,0,1,31.9,Low,Active,,0,0
162,58,2026-09-01,87495.0,0.921,0.85-0.95 (Below Median),90.0,10.1,4,0,0,29.7,Low,Active,,0,0
163,50,2026-09-01,55380.0,0.852,0.85-0.95 (Below Median),72.4,19.6,4,1,0,42.5,Moderate,Active,,0,0
164,72,2026-09-01,147825.0,1.095,>1.05 (Premium),81.5,11.6,3,0,1,20.0,Low,Active,,0,0
165,73,2026-09-01,97945.0,1.031,0.95-1.05 (Target),82.4,3.2,2,0,1,11.2,Low,Voluntary Resignation,Personal / Relocation,0,1
166,4,2026-09-01,67340.0,1.036,0.95-1.05 (Target),67.2,10.6,3,0,0,28.0,Low,Active,,0,0
167,5,2026-09-01,97755.0,1.029,0.95-1.05 (Target),90.9,2.8,3,1,1,10.8,Low,Voluntary Resignation,Personal / Relocation,0,1
168,74,2026-09-01,66430.0,1.022,0.95-1.05 (Target),74.1,9.2,3,1,0,18.6,Low,Active,,0,0
169,74,2026-09-01,138375.0,1.025,0.95-1.05 (Target),85.4,16.6,4,1,0,27.4,Low,Active,,0,0
170,75,2026-09-01,109350.0,0.81,<0.85 (Critical Underpay),90.2,9.2,3,0,1,30.8,Low,Active,,0,0
171,14,2026-09-01,66040.0,1.016,0.95-1.05 (Target),89.6,2.8,4,0,0,11.0,Low,Active,,0,0
172,51,2026-09-01,62530.0,0.962,0.95-1.05 (Target),86.9,4.0,3,0,0,5.6,Low,Active,,0,0
173,69,2026-09-01,149175.0,1.105,>1.05 (Premium),80.4,5.7,2,0,1,12.7,Low,Active,,0,0
174,59,2026-09-01,81035.0,0.853,0.85-0.95 (Below Median),88.0,12.2,3,0,0,33.6,Low,Active,,0,0
175,34,2026-09-01,61945.0,0.953,0.95-1.05 (Target),87.6,1.4,3,0,0,10.6,Low,Active,,0,0
176,67,2026-09-01,90155.0,0.949,0.85-0.95 (Below Median),77.4,13.3,3,1,0,25.0,Low,Active,,0,0
177,29,2026-09-01,99750.0,1.05,0.95-1.05 (Target),83.2,2.9,3,1,0,10.5,Low,Active,,0,0
178,9,2026-09-01,148500.0,1.1,>1.05 (Premium),97.7,32.83033119971316,4,0,0,53.4,Moderate,Active,,0,0
179,15,2026-09-01,64545.0,0.993,0.95-1.05 (Target),89.8,24.2,5,0,0,37.2,Moderate,Voluntary Resignation,Personal / Relocation,1,1
180,70,2026-09-01,162050.0,0.926,0.85-0.95 (Below Median),97.6,53.56931394027108,4,0,0,81.8,Critical Exhaustion,Voluntary Resignation,Work-Life Balance & Fatigue,1,1
181,76,2026-09-01,98610.0,1.038,0.95-1.05 (Target),77.4,0.2,3,1,0,5.0,Low,Active,,0,0
182,43,2026-09-01,62920.0,0.968,0.95-1.05 (Target),71.9,10.7,3,0,1,29.5,Low,Voluntary Resignation,Personal / Relocation,0,1
183,57,2026-09-01,80560.0,0.848,<0.85 (Critical Underpay),86.1,27.4,3,1,1,59.9,Moderate,Voluntary Resignation,Competitive Compensation Offer,0,1
184,7,2026-09-01,145395.0,1.077,>1.05 (Premium),87.4,4.9,3,0,0,12.3,Low,Active,,0,0
185,21,2026-09-01,55250.0,0.85,<0.85 (Critical Underpay),81.2,3.5,5,0,0,7.2,Low,Active,,0,0
186,77,2026-09-01,153825.0,0.879,0.85-0.95 (Below Median),86.7,13.0,2,0,0,26.0,Low,Voluntary Resignation,Competitive Compensation Offer,1,1
187,50,2026-09-01,157950.0,1.17,>1.05 (Premium),76.5,13.9,3,0,0,21.3,Low,Active,,0,0
188,55,2026-09-01,88065.0,0.927,0.85-0.95 (Below Median),64.5,0.2,3,0,0,5.0,Low,Active,,0,0
189,2,2026-09-01,76950.0,0.81,<0.85 (Critical Underpay),91.3,3.5,3,0,0,16.0,Low,Active,,0,0
190,48,2026-09-01,157325.0,0.899,0.85-0.95 (Below Median),88.1,1.5,2,0,0,5.0,Low,Active,,0,0
191,54,2026-09-01,87495.0,0.921,0.85-0.95 (Below Median),80.1,13.0,3,0,1,33.2,Low,Voluntary Resignation,Personal / Relocation,0,1
192,42,2026-09-01,94240.0,0.992,0.95-1.05 (Target),91.6,19.2,3,0,0,31.2,Low,Active,,0,0
193,74,2026-09-01,61620.0,0.948,0.85-0.95 (Below Median),97.0,29.420636130344484,4,0,1,44.3,Moderate,Voluntary Resignation,Personal / Relocation,1,1
194,12,2026-09-01,94620.0,0.996,0.95-1.05 (Target),95.4,54.05658583525874,3,0,0,80.9,Critical Exhaustion,Voluntary Resignation,Work-Life Balance & Fatigue,0,1
195,78,2026-09-01,265460.0,1.021,0.95-1.05 (Target),91.2,27.3,5,0,0,48.3,Moderate,Active,,0,0
196,78,2026-09-01,53300.0,0.82,<0.85 (Critical Underpay),73.0,6.9,2,0,1,27.9,Low,Voluntary Resignation,Competitive Compensation Offer,0,1
197,67,2026-09-01,99655.0,1.049,0.95-1.05 (Target),90.7,17.6,3,0,0,36.1,Moderate,Active,,0,0
198,7,2026-09-01,115155.0,0.853,0.85-0.95 (Below Median),82.7,0.6,3,0,1,11.7,Low,Active,,0,0
199,14,2026-09-01,82840.0,0.872,0.85-0.95 (Below Median),83.3,11.9,3,1,0,32.8,Low,Active,,0,0
200,59,2026-09-01,61555.0,0.947,0.85-0.95 (Below Median),87.8,18.7,3,1,1,31.5,Low,Active,,0,0
201,12,2026-09-01,103645.0,1.091,>1.05 (Premium),77.5,31.1,3,0,1,51.5,Moderate,Voluntary Resignation,Personal / Relocation,0,1
202,57,2026-09-01,200550.0,0.955,0.95-1.05 (Target),90.1,4.6,4,0,0,14.4,Low,Active,,0,0
203,16,2026-09-01,161175.0,0.921,0.85-0.95 (Below Median),83.6,24.8,4,0,0,47.3,Moderate,Voluntary Resignation,Personal / Relocation,1,1
204,10,2026-09-01,82175.0,0.865,0.85-0.95 (Below Median),66.3,18.1,3,0,1,40.4,Moderate,Active,,0,0
205,8,2026-09-01,164150.0,0.938,0.85-0.95 (Below Median),95.0,5.6,3,0,0,16.0,Low,Active,,0,0
206,79,2026-09-01,186900.0,0.89,0.85-0.95 (Below Median),94.2,2.0,4,0,1,12.6,Low,Active,,0,0
207,52,2026-09-01,60840.0,0.936,0.85-0.95 (Below Median),92.3,18.3,3,0,1,39.2,Moderate,Active,,0,0
208,43,2026-09-01,58695.0,0.903,0.85-0.95 (Below Median),83.8,9.3,5,0,0,21.1,Low,Active,,0,0
209,31,2026-09-01,145395.0,1.077,>1.05 (Premium),78.6,9.0,3,0,0,17.3,Low,Voluntary Resignation,Personal / Relocation,1,1
210,80,2026-09-01,89015.0,0.937,0.85-0.95 (Below Median),88.4,0.4,3,0,0,17.7,Low,Active,,0,0
211,29,2026-09-01,121770.0,0.902,0.85-0.95 (Below Median),92.4,15.8,3,1,0,36.9,Moderate,Active,,0,0
212,20,2026-09-01,92150.0,0.97,0.95-1.05 (Target),82.6,12.7,3,0,0,23.8,Low,Voluntary Resignation,Personal / Relocation,0,1
213,23,2026-09-01,117855.0,0.873,0.85-0.95 (Below Median),75.1,1.2,3,0,0,12.0,Low,Active,,0,0
214,78,2026-09-01,106970.0,1.126,>1.05 (Premium),82.8,19.5,4,0,1,28.9,Low,Active,,0,0
215,43,2026-09-01,122850.0,0.91,0.85-0.95 (Below Median),83.3,8.1,4,1,0,19.5,Low,Active,,0,0
216,81,2026-09-01,98135.0,1.033,0.95-1.05 (Target),86.9,5.9,4,0,1,6.4,Low,Voluntary Resignation,Personal / Relocation,1,1
217,29,2026-09-01,80370.0,0.846,<0.85 (Critical Underpay),89.8,31.6,4,0,0,65.0,Elevated,Voluntary Resignation,Competitive Compensation Offer,1,1
218,26,2026-09-01,54470.0,0.838,<0.85 (Critical Underpay),84.0,13.3,3,0,0,35.2,Moderate,Active,,0,0
219,4,2026-09-01,81415.0,0.857,0.85-0.95 (Below Median),88.3,2.1,3,0,1,13.4,Low,Active,,0,0
220,82,2026-09-01,135405.0,1.003,0.95-1.05 (Target),84.2,26.1,3,0,0,39.3,Moderate,Voluntary Resignation,Personal / Relocation,1,1
221,78,2026-09-01,103360.0,1.088,>1.05 (Premium),83.0,10.6,3,0,0,19.0,Low,Active,,0,0
222,23,2026-09-01,216720.0,1.032,0.95-1.05 (Target),81.8,0.7,3,0,0,8.2,Low,Active,,0,0
223,76,2026-09-01,132300.0,0.98,0.95-1.05 (Target),82.8,9.7,3,0,0,28.0,Low,Active,,0,0
224,5,2026-09-01,128250.0,0.95,0.85-0.95 (Below Median),90.9,21.4,3,1,0,42.7,Moderate,Active,,0,0
225,14,2026-09-01,110700.0,0.82,<0.85 (Critical Underpay),102.8,48.16348821417924,3,0,1,85.4,Critical Exhaustion,Active,,0,0
226,26,2026-09-01,91865.0,0.967,0.95-1.05 (Target),81.6,7.0,1,0,0,25.1,Low,Active,,0,0
227,38,2026-09-01,66820.0,1.028,0.95-1.05 (Target),67.9,0.7,3,1,1,8.3,Low,Active,,0,0
228,71,2026-09-01,98145.0,0.727,<0.85 (Critical Underpay),82.8,5.7,3,0,0,28.3,Low,Active,,0,0
229,46,2026-09-01,128520.0,0.952,0.95-1.05 (Target),82.5,16.7,3,0,0,37.0,Moderate,Active,,0,0
230,81,2026-09-01,64805.0,0.997,0.95-1.05 (Target),103.7,16.724088696089826,5,0,0,28.1,Low,Active,,0,0
231,21,2026-09-01,96615.0,1.017,0.95-1.05 (Target),70.0,26.6,3,1,0,47.6,Moderate,Voluntary Resignation,Personal / Relocation,0,1
232,28,2026-09-01,67080.0,1.032,0.95-1.05 (Target),89.8,5.5,3,0,0,14.0,Low,Active,,0,0
233,4,2026-09-01,133650.0,0.99,0.95-1.05 (Target),80.1,1.7,5,0,0,10.2,Low,Active,,0,0
234,34,2026-09-01,87020.0,0.916,0.85-0.95 (Below Median),78.6,15.3,5,0,1,28.0,Low,Active,,0,0
235,80,2026-09-01,180250.0,1.03,0.95-1.05 (Target),92.0,65.0,3,0,1,93.4,Critical Exhaustion,Voluntary Resignation,Work-Life Balance & Fatigue,1,1
236,66,2026-09-01,131760.0,0.976,0.95-1.05 (Target),83.9,36.1,3,0,0,59.8,Moderate,Active,,0,0
237,46,2026-09-01,169750.0,0.97,0.95-1.05 (Target),93.9,23.4,3,0,1,44.7,Moderate,Active,,0,0
238,60,2026-09-01,81985.0,0.863,0.85-0.95 (Below Median),76.9,7.2,3,0,0,19.4,Low,Active,,0,0
239,19,2026-09-01,92055.0,0.969,0.95-1.05 (Target),84.5,15.7,4,0,0,27.5,Low,Voluntary Resignation,Personal / Relocation,1,1
240,67,2026-09-01,68510.0,1.054,>1.05 (Premium),105.4,28.266612127683874,4,0,0,40.8,Moderate,Active,,0,0
241,11,2026-09-01,95000.0,1.0,0.95-1.05 (Target),101.3,34.87008785117946,1,0,0,57.8,Moderate,Voluntary Resignation,Personal / Relocation,0,1
242,68,2026-09-01,97090.0,1.022,0.95-1.05 (Target),71.0,5.9,4,0,0,22.6,Low,Active,,0,0
243,34,2026-09-01,106305.0,1.119,>1.05 (Premium),79.4,0.9,4,1,0,6.7,Low,Active,,0,0
244,21,2026-09-01,62985.0,0.969,0.95-1.05 (Target),82.4,16.8,3,0,0,36.8,Moderate,Voluntary Resignation,Personal / Relocation,0,1
245,76,2026-09-01,67925.0,1.045,0.95-1.05 (Target),87.4,6.5,3,0,0,6.9,Low,Active,,0,0
246,47,2026-09-01,64675.0,0.995,0.95-1.05 (Target),64.5,12.2,5,0,0,22.7,Low,Voluntary Resignation,Personal / Relocation,1,1
247,19,2026-09-01,61490.0,0.946,0.85-0.95 (Below Median),74.5,19.5,4,1,0,40.5,Moderate,Active,,0,0
248,1,2026-09-01,135270.0,1.002,0.95-1.05 (Target),85.2,10.9,3,0,0,21.0,Low,Active,,0,0
249,26,2026-09-01,84645.0,0.891,0.85-0.95 (Below Median),92.9,12.8,3,1,1,25.5,Low,Active,,0,0
250,3,2026-09-01,204540.0,0.974,0.95-1.05 (Target),74.6,14.5,2,1,1,25.9,Low,Active,,0,0
251,62,2026-09-01,140130.0,1.038,0.95-1.05 (Target),75.8,2.6,2,0,1,10.4,Low,Active,,0,0
252,74,2026-09-01,92245.0,0.971,0.95-1.05 (Target),81.5,3.3,3,0,0,12.5,Low,Active,,0,0
253,58,2026-09-01,86640.0,0.912,0.85-0.95 (Below Median),95.2,39.70016506443494,3,1,1,65.4,Elevated,Voluntary Resignation,Work-Life Balance & Fatigue,0,1
254,46,2026-09-01,95095.0,1.001,0.95-1.05 (Target),99.9,24.913552618570563,3,0,0,45.9,Moderate,Active,,0,0
255,40,2026-09-01,96330.0,1.014,0.95-1.05 (Target),79.1,0.4,3,1,0,8.2,Low,Active,,0,0
256,31,2026-09-01,92435.0,0.973,0.95-1.05 (Target),82.9,2.8,3,0,1,11.9,Low,Voluntary Resignation,Personal / Relocation,0,1
257,30,2026-09-01,125685.0,0.931,0.85-0.95 (Below Median),81.3,14.4,3,0,0,26.7,Low,Active,,0,0
258,30,2026-09-01,59800.0,0.92,0.85-0.95 (Below Median),96.8,31.910741983502167,3,0,1,47.9,Moderate,Active,,0,0
259,6,2026-09-01,82745.0,0.871,0.85-0.95 (Below Median),77.2,4.3,3,0,1,15.7,Low,Active,,0,0
260,61,2026-09-01,52975.0,0.815,<0.85 (Critical Underpay),77.0,34.0,2,0,0,60.5,Elevated,Active,,0,0
261,56,2026-09-01,100320.0,1.056,>1.05 (Premium),93.6,12.0,3,0,0,29.3,Low,Active,,0,0
262,35,2026-09-01,173950.0,0.994,0.95-1.05 (Target),88.3,26.2,3,1,0,47.6,Moderate,Active,,0,0
263,83,2026-09-01,174125.0,0.995,0.95-1.05 (Target),84.0,1.4,4,0,0,9.8,Low,Active,,0,0
264,65,2026-09-01,221760.0,1.056,>1.05 (Premium),92.6,23.4,5,0,1,43.0,Moderate,Active,,0,0
265,47,2026-09-01,167125.0,0.955,0.95-1.05 (Target),85.6,3.0,4,0,0,5.0,Low,Active,,0,0
266,57,2026-09-01,68705.0,1.057,>1.05 (Premium),95.0,6.3,4,0,0,6.4,Low,Active,,0,0
267,3,2026-09-01,134190.0,0.994,0.95-1.05 (Target),86.3,6.4,3,0,0,15.8,Low,Active,,0,0
268,84,2026-09-01,100605.0,1.059,>1.05 (Premium),83.0,31.6,4,0,0,52.7,Moderate,Voluntary Resignation,Personal / Relocation,1,1
269,9,2026-09-01,58240.0,0.896,0.85-0.95 (Below Median),108.5,44.2810792893425,3,0,0,71.2,Elevated,Voluntary Resignation,Competitive Compensation Offer,0,1
270,71,2026-09-01,86735.0,0.913,0.85-0.95 (Below Median),88.8,0.5,5,0,0,5.0,Low,Active,,0,0
271,9,2026-09-01,171850.0,0.982,0.95-1.05 (Target),85.8,9.2,5,0,0,27.4,Low,Active,,0,0
272,71,2026-09-01,58305.0,0.897,0.85-0.95 (Below Median),79.5,1.0,3,0,0,19.3,Low,Active,,0,0
273,49,2026-09-01,64025.0,0.985,0.95-1.05 (Target),78.5,1.9,2,1,0,5.0,Low,Active,,0,0
274,10,2026-09-01,60645.0,0.933,0.85-0.95 (Below Median),86.0,22.7,5,0,0,36.6,Moderate,Voluntary Resignation,Personal / Relocation,1,1
275,41,2026-09-01,97185.0,1.023,0.95-1.05 (Target),97.1,25.605680184233663,2,0,0,46.3,Moderate,Active,,0,0
276,72,2026-09-01,109250.0,1.15,>1.05 (Premium),87.4,9.1,3,0,0,15.9,Low,Active,,0,0
277,33,2026-09-01,60125.0,0.925,0.85-0.95 (Below Median),96.0,19.950322959692347,3,0,0,33.4,Low,Voluntary Resignation,Personal / Relocation,0,1
278,50,2026-09-01,81225.0,0.855,0.85-0.95 (Below Median),82.8,7.4,2,0,1,27.8,Low,Voluntary Resignation,Competitive Compensation Offer,0,1
279,24,2026-09-01,58370.0,0.898,0.85-0.95 (Below Median),83.3,11.8,3,0,0,16.2,Low,Active,,0,0
280,2,2026-09-01,94050.0,0.99,0.95-1.05 (Target),84.8,18.7,3,1,0,30.6,Low,Active,,0,0
281,54,2026-09-01,96520.0,1.016,0.95-1.05 (Target),83.8,11.8,4,1,0,21.8,Low,Active,,0,0
282,69,2026-09-01,166250.0,0.95,0.85-0.95 (Below Median),81.2,15.7,3,0,0,27.8,Low,Active,,0,0
283,28,2026-09-01,70720.0,1.088,>1.05 (Premium),73.5,22.9,3,1,0,33.7,Low,Active,,0,0
284,55,2026-09-01,94335.0,0.993,0.95-1.05 (Target),80.6,27.2,5,0,1,40.8,Moderate,Active,,0,0
285,12,2026-09-01,88065.0,0.927,0.85-0.95 (Below Median),93.8,28.5,2,0,1,43.7,Moderate,Voluntary Resignation,Personal / Relocation,0,1
286,15,2026-09-01,68185.0,1.049,0.95-1.05 (Target),87.6,15.4,3,1,1,25.5,Low,Voluntary Resignation,Personal / Relocation,0,1
287,67,2026-09-01,65325.0,1.005,0.95-1.05 (Target),88.6,12.2,2,0,1,22.5,Low,Active,,0,0
288,66,2026-09-01,87210.0,0.918,0.85-0.95 (Below Median),90.3,1.2,3,0,0,11.1,Low,Active,,0,0
289,47,2026-09-01,86640.0,0.912,0.85-0.95 (Below Median),87.4,5.5,3,0,0,16.4,Low,Active,,0,0
290,30,2026-09-01,68510.0,1.054,>1.05 (Premium),84.2,4.3,3,0,0,12.1,Low,Active,,0,0
291,3,2026-09-01,206220.0,0.982,0.95-1.05 (Target),94.6,16.9,3,0,0,36.6,Moderate,Active,,0,0
292,34,2026-09-01,63375.0,0.975,0.95-1.05 (Target),95.7,26.59369570310044,1,1,0,48.4,Moderate,Voluntary Resignation,Personal / Relocation,0,1
293,56,2026-09-01,139050.0,1.03,0.95-1.05 (Target),82.0,9.1,3,0,0,18.3,Low,Active,,0,0
294,10,2026-09-01,89015.0,0.937,0.85-0.95 (Below Median),82.9,20.5,3,0,0,41.9,Moderate,Active,,0,0
295,76,2026-09-01,86450.0,0.91,0.85-0.95 (Below Median),61.4,23.5,2,0,0,38.0,Moderate,Voluntary Resignation,Personal / Relocation,0,1
296,29,2026-09-01,101460.0,1.068,>1.05 (Premium),93.5,52.6,3,1,0,77.8,Elevated,Voluntary Resignation,Work-Life Balance & Fatigue,0,1
297,68,2026-09-01,64610.0,0.994,0.95-1.05 (Target),84.2,3.7,3,0,0,12.6,Low,Active,,0,0
298,31,2026-09-01,89015.0,0.937,0.85-0.95 (Below Median),86.8,6.4,5,0,0,16.9,Low,Voluntary Resignation,Personal / Relocation,1,1
299,47,2026-09-01,97185.0,1.023,0.95-1.05 (Target),89.5,65.0,3,0,0,93.5,Critical Exhaustion,Voluntary Resignation,Work-Life Balance & Fatigue,0,1
300,12,2026-09-01,60125.0,0.925,0.85-0.95 (Below Median),92.7,3.0,2,0,1,13.1,Low,Active,,0,0
301,84,2026-09-01,71825.0,1.105,>1.05 (Premium),83.1,57.6,2,0,1,83.0,Critical Exhaustion,Voluntary Resignation,Work-Life Balance & Fatigue,0,1
302,76,2026-09-01,63700.0,0.98,0.95-1.05 (Target),78.4,11.8,4,1,0,22.6,Low,Active,,0,0
303,11,2026-09-01,78660.0,0.828,<0.85 (Critical Underpay),91.1,4.6,3,1,0,9.0,Low,Active,,0,0
304,18,2026-09-01,157150.0,0.898,0.85-0.95 (Below Median),99.1,24.40788251343318,4,0,1,47.3,Moderate,Active,,0,0
305,57,2026-09-01,49985.0,0.769,<0.85 (Critical Underpay),93.2,2.6,5,1,0,15.7,Low,Active,,0,0
306,51,2026-09-01,167125.0,0.955,0.95-1.05 (Target),84.5,10.1,4,0,1,29.0,Low,Active,,0,0
307,65,2026-09-01,182875.0,1.045,0.95-1.05 (Target),87.7,12.2,4,0,0,21.7,Low,Active,,0,0
308,28,2026-09-01,106020.0,1.116,>1.05 (Premium),88.3,4.5,4,0,0,11.1,Low,Active,,0,0
309,14,2026-09-01,128790.0,0.954,0.95-1.05 (Target),65.7,0.1,3,1,0,17.0,Low,Voluntary Resignation,Personal / Relocation,1,1
310,13,2026-09-01,95285.0,1.003,0.95-1.05 (Target),83.0,1.3,4,0,1,9.5,Low,Active,,0,0
311,67,2026-09-01,56485.0,0.869,0.85-0.95 (Below Median),78.4,9.9,4,1,1,30.5,Low,Active,,0,0
312,38,2026-09-01,93195.0,0.981,0.95-1.05 (Target),88.5,57.8,4,1,0,85.7,Critical Exhaustion,Voluntary Resignation,Work-Life Balance & Fatigue,1,1
313,42,2026-09-01,98325.0,1.035,0.95-1.05 (Target),87.6,11.8,3,0,0,29.5,Low,Active,,0,0
314,19,2026-09-01,64480.0,0.992,0.95-1.05 (Target),92.1,1.6,4,1,1,10.1,Low,Active,,0,0
315,54,2026-09-01,129600.0,0.96,0.95-1.05 (Target),95.5,23.876698756227235,3,1,0,29.5,Low,Active,,0,0
316,44,2026-09-01,55250.0,0.85,<0.85 (Critical Underpay),95.1,31.897929345534656,3,1,0,49.3,Moderate,Voluntary Resignation,Competitive Compensation Offer,0,1
317,21,2026-09-01,93670.0,0.986,0.95-1.05 (Target),84.6,0.3,3,0,1,5.0,Low,Active,,0,0
318,19,2026-09-01,99465.0,1.047,0.95-1.05 (Target),82.1,16.9,3,0,0,27.3,Low,Active,,0,0
319,10,2026-09-01,118125.0,0.875,0.85-0.95 (Below Median),95.4,20.94577598779476,3,0,0,43.6,Moderate,Voluntary Resignation,Competitive Compensation Offer,1,1
320,77,2026-09-01,88635.0,0.933,0.85-0.95 (Below Median),90.3,11.2,3,0,1,14.8,Low,Active,,0,0
321,20,2026-09-01,127035.0,0.941,0.85-0.95 (Below Median),88.4,7.2,5,0,0,25.8,Low,Active,,0,0
322,5,2026-09-01,97565.0,1.027,0.95-1.05 (Target),95.9,23.487215704150262,2,0,0,35.6,Moderate,Voluntary Resignation,Personal / Relocation,0,1
323,73,2026-09-01,141075.0,1.045,0.95-1.05 (Target),90.7,15.6,3,1,0,33.8,Low,Active,,0,0
324,20,2026-09-01,173950.0,0.994,0.95-1.05 (Target),81.1,9.7,4,0,0,19.8,Low,Active,,0,0
325,31,2026-09-01,61555.0,0.947,0.85-0.95 (Below Median),96.6,32.38119785515395,3,1,0,47.9,Moderate,Voluntary Resignation,Personal / Relocation,0,1
326,9,2026-09-01,135405.0,1.003,0.95-1.05 (Target),108.9,26.708335913127318,3,0,1,48.0,Moderate,Active,,0,0
327,17,2026-09-01,90820.0,0.956,0.95-1.05 (Target),81.3,31.0,3,1,1,54.1,Moderate,Active,,0,0
328,34,2026-09-01,63895.0,0.983,0.95-1.05 (Target),88.7,8.3,3,0,0,18.3,Low,Active,,0,0
329,31,2026-09-01,154525.0,0.883,0.85-0.95 (Below Median),93.4,17.8,1,0,0,31.7,Low,Voluntary Resignation,Competitive Compensation Offer,1,1
330,23,2026-09-01,130410.0,0.966,0.95-1.05 (Target),84.8,10.3,3,1,0,29.0,Low,Voluntary Resignation,Personal / Relocation,1,1
331,1,2026-09-01,62400.0,0.96,0.95-1.05 (Target),92.7,25.9,3,0,1,47.9,Moderate,Voluntary Resignation,Personal / Relocation,0,1
332,49,2026-09-01,82555.0,0.869,0.85-0.95 (Below Median),72.3,31.0,4,0,0,55.8,Moderate,Voluntary Resignation,Competitive Compensation Offer,1,1
333,81,2026-09-01,197190.0,0.939,0.85-0.95 (Below Median),94.8,20.1,2,0,0,41.3,Moderate,Active,,0,0
334,69,2026-09-01,55380.0,0.852,0.85-0.95 (Below Median),89.5,3.8,3,1,0,15.5,Low,Active,,0,0
335,34,2026-09-01,118125.0,0.875,0.85-0.95 (Below Median),84.6,4.8,4,1,0,24.3,Low,Active,,0,0
336,44,2026-09-01,213360.0,1.016,0.95-1.05 (Target),104.3,22.537318285119117,2,0,0,34.7,Low,Voluntary Resignation,Personal / Relocation,1,1
337,43,2026-09-01,77710.0,0.818,<0.85 (Critical Underpay),80.5,45.9,5,0,0,74.7,Elevated,Active,,0,0
338,22,2026-09-01,83315.0,0.877,0.85-0.95 (Below Median),91.7,3.8,3,0,0,15.0,Low,Active,,0,0
339,51,2026-09-01,100890.0,1.062,>1.05 (Premium),92.7,0.4,2,0,1,7.2,Low,Active,,0,0
340,33,2026-09-01,174825.0,0.999,0.95-1.05 (Target),90.7,3.1,4,1,0,19.7,Low,Active,,0,0
341,78,2026-09-01,53690.0,0.826,<0.85 (Critical Underpay),95.0,42.9,4,0,1,63.0,Elevated,Voluntary Resignation,Competitive Compensation Offer,1,1
342,78,2026-09-01,156975.0,0.897,0.85-0.95 (Below Median),86.3,13.8,3,1,1,26.6,Low,Voluntary Resignation,Competitive Compensation Offer,1,1
343,49,2026-09-01,89395.0,0.941,0.85-0.95 (Below Median),82.5,29.1,2,0,0,52.1,Moderate,Active,,0,0
344,66,2026-09-01,123660.0,0.916,0.85-0.95 (Below Median),85.2,4.8,3,0,0,23.4,Low,Active,,0,0
345,64,2026-09-01,87875.0,0.925,0.85-0.95 (Below Median),84.6,11.3,3,1,1,23.1,Low,Active,,0,0
346,27,2026-09-01,114075.0,0.845,<0.85 (Critical Underpay),83.8,16.4,4,0,0,30.8,Low,Active,,0,0
347,7,2026-09-01,62075.0,0.955,0.95-1.05 (Target),83.1,20.9,3,0,0,42.0,Moderate,Voluntary Resignation,Personal / Relocation,0,1
348,25,2026-09-01,167650.0,0.958,0.95-1.05 (Target),74.7,1.2,3,1,1,18.3,Low,Active,,0,0
349,11,2026-09-01,130140.0,0.964,0.95-1.05 (Target),98.7,22.268964266940134,3,0,1,35.4,Moderate,Active,,0,0
350,13,2026-09-01,93670.0,0.986,0.95-1.05 (Target),81.9,1.4,1,0,1,10.0,Low,Active,,0,0
351,55,2026-09-01,80845.0,0.851,0.85-0.95 (Below Median),80.0,9.4,3,1,0,30.3,Low,Voluntary Resignation,Competitive Compensation Offer,0,1
352,76,2026-09-01,184975.0,1.057,>1.05 (Premium),78.2,9.9,3,0,0,18.7,Low,Active,,0,0
353,51,2026-09-01,182525.0,1.043,0.95-1.05 (Target),80.4,16.0,4,0,0,26.3,Low,Active,,0,0
354,75,2026-09-01,120825.0,0.895,0.85-0.95 (Below Median),83.7,13.9,2,1,1,26.8,Low,Active,,0,0
355,59,2026-09-01,82745.0,0.871,0.85-0.95 (Below Median),91.5,3.5,4,0,0,14.8,Low,Active,,0,0
356,31,2026-09-01,73580.0,1.132,>1.05 (Premium),93.6,15.2,4,0,0,23.6,Low,Active,,0,0
357,51,2026-09-01,142965.0,1.059,>1.05 (Premium),84.5,45.6,4,0,0,61.5,Elevated,Active,,0,0
358,48,2026-09-01,82555.0,0.869,0.85-0.95 (Below Median),84.7,6.9,5,0,1,18.9,Low,Voluntary Resignation,Competitive Compensation Offer,1,1
359,29,2026-09-01,92530.0,0.974,0.95-1.05 (Target),110.2,20.64298725492655,3,1,1,33.3,Low,Voluntary Resignation,Personal / Relocation,0,1
360,33,2026-09-01,75240.0,0.792,<0.85 (Critical Underpay),91.8,1.2,3,1,0,21.6,Low,Active,,0,0
361,68,2026-09-01,121770.0,0.902,0.85-0.95 (Below Median),88.6,15.6,3,1,1,28.7,Low,Active,,0,0
362,18,2026-09-01,212730.0,1.013,0.95-1.05 (Target),85.5,15.7,2,0,0,26.6,Low,Active,,0,0
363,1,2026-09-01,103455.0,1.089,>1.05 (Premium),94.2,10.4,4,0,1,18.7,Low,Active,,0,0
364,39,2026-09-01,244140.0,0.939,0.85-0.95 (Below Median),96.3,40.50902705678651,3,0,0,65.8,Elevated,Voluntary Resignation,Work-Life Balance & Fatigue,0,1
365,43,2026-09-01,163450.0,0.934,0.85-0.95 (Below Median),92.3,5.3,3,1,0,15.7,Low,Active,,0,0
366,53,2026-09-01,139725.0,1.035,0.95-1.05 (Target),71.0,1.5,4,0,1,9.1,Low,Active,,0,0
367,4,2026-09-01,91865.0,0.967,0.95-1.05 (Target),76.9,4.4,1,0,0,21.9,Low,Voluntary Resignation,Personal / Relocation,0,1
368,49,2026-09-01,92150.0,0.97,0.95-1.05 (Target),83.9,3.7,3,1,0,13.0,Low,Active,,0,0
369,22,2026-09-01,134865.0,0.999,0.95-1.05 (Target),95.0,48.6,4,1,0,74.3,Elevated,Voluntary Resignation,Work-Life Balance & Fatigue,1,1
370,60,2026-09-01,81795.0,0.861,0.85-0.95 (Below Median),69.9,17.6,3,0,0,31.9,Low,Active,,0,0
371,27,2026-09-01,81510.0,0.858,0.85-0.95 (Below Median),94.1,11.5,3,0,1,24.6,Low,Active,,0,0
372,71,2026-09-01,235300.0,0.905,0.85-0.95 (Below Median),80.4,22.0,3,0,1,44.3,Moderate,Voluntary Resignation,Personal / Relocation,0,1
373,23,2026-09-01,62400.0,0.96,0.95-1.05 (Target),95.4,26.618435191397342,3,1,0,48.7,Moderate,Voluntary Resignation,Personal / Relocation,0,1
374,4,2026-09-01,84455.0,0.889,0.85-0.95 (Below Median),97.9,27.12398809677576,5,0,0,42.8,Moderate,Active,,0,0
375,20,2026-09-01,94525.0,0.995,0.95-1.05 (Target),76.9,51.5,4,0,0,77.9,Elevated,Voluntary Resignation,Work-Life Balance & Fatigue,1,1
376,68,2026-09-01,52780.0,0.812,<0.85 (Critical Underpay),82.4,6.8,4,0,0,19.9,Low,Active,,0,0
377,22,2026-09-01,96900.0,1.02,0.95-1.05 (Target),81.1,32.2,4,0,0,54.2,Moderate,Voluntary Resignation,Career Advancement & Role Velocity,1,1
378,6,2026-09-01,101270.0,1.066,>1.05 (Premium),87.4,2.6,4,0,0,9.8,Low,Active,,0,0
379,77,2026-09-01,95095.0,1.001,0.95-1.05 (Target),74.3,16.7,2,0,0,28.0,Low,Active,,0,0
380,46,2026-09-01,95855.0,1.009,0.95-1.05 (Target),71.3,8.2,3,0,1,17.7,Low,Active,,0,0
381,67,2026-09-01,64285.0,0.989,0.95-1.05 (Target),94.2,4.1,3,0,0,13.1,Low,Active,,0,0
382,21,2026-09-01,60515.0,0.931,0.85-0.95 (Below Median),97.1,23.95817272386069,3,0,0,38.1,Moderate,Voluntary Resignation,Personal / Relocation,0,1
383,73,2026-09-01,151335.0,1.121,>1.05 (Premium),90.8,32.7,2,0,1,52.8,Moderate,Active,,0,0
384,77,2026-09-01,144720.0,1.072,>1.05 (Premium),89.1,0.2,3,1,0,6.8,Low,Voluntary Resignation,Personal / Relocation,1,1
385,6,2026-09-01,68055.0,1.047,0.95-1.05 (Target),87.8,9.1,5,0,0,18.0,Low,Active,,0,0
386,9,2026-09-01,62010.0,0.954,0.95-1.05 (Target),93.2,0.9,3,0,0,5.0,Low,Active,,0,0
387,16,2026-09-01,143100.0,1.06,>1.05 (Premium),89.6,2.4,1,0,0,5.0,Low,Active,,0,0
388,29,2026-09-01,143370.0,1.062,>1.05 (Premium),87.7,5.1,3,0,0,12.9,Low,Active,,0,0
389,53,2026-09-01,116235.0,0.861,0.85-0.95 (Below Median),76.4,20.8,2,0,1,43.7,Moderate,Active,,0,0
390,2,2026-09-01,187740.0,0.894,0.85-0.95 (Below Median),92.5,0.9,3,0,1,11.2,Low,Voluntary Resignation,Competitive Compensation Offer,1,1
391,24,2026-09-01,195720.0,0.932,0.85-0.95 (Below Median),75.0,8.3,3,0,0,19.3,Low,Active,,0,0
392,25,2026-09-01,94620.0,0.996,0.95-1.05 (Target),83.2,23.6,3,0,1,36.4,Moderate,Active,,0,0
393,48,2026-09-01,160650.0,0.918,0.85-0.95 (Below Median),81.5,20.5,3,0,0,42.2,Moderate,Active,,0,0
394,30,2026-09-01,131085.0,0.971,0.95-1.05 (Target),98.0,34.40850262041073,4,0,1,49.9,Moderate,Voluntary Resignation,Personal / Relocation,1,1
395,46,2026-09-01,187075.0,1.069,>1.05 (Premium),80.5,15.6,3,0,1,25.3,Low,Active,,0,0
396,61,2026-09-01,122850.0,0.91,0.85-0.95 (Below Median),83.6,7.8,2,1,0,11.2,Low,Voluntary Resignation,Personal / Relocation,1,1
397,55,2026-09-01,58955.0,0.907,0.85-0.95 (Below Median),92.4,33.5,2,0,1,50.1,Moderate,Active,,0,0
398,21,2026-09-01,101935.0,1.073,>1.05 (Premium),75.7,8.9,3,0,0,9.2,Low,Active,,0,0
399,68,2026-09-01,93480.0,0.984,0.95-1.05 (Target),88.5,5.1,3,0,0,14.4,Low,Active,,0,0
400,81,2026-09-01,87020.0,0.916,0.85-0.95 (Below Median),91.7,15.2,3,0,0,35.9,Moderate,Voluntary Resignation,Personal / Relocation,0,1
401,54,2026-09-01,164675.0,0.941,0.85-0.95 (Below Median),88.9,18.9,3,1,1,31.9,Low,Active,,0,0
402,67,2026-09-01,162225.0,0.927,0.85-0.95 (Below Median),91.5,12.5,3,0,1,24.5,Low,Active,,0,0
403,11,2026-09-01,86450.0,0.91,0.85-0.95 (Below Median),92.3,32.2,4,1,0,56.4,Moderate,Voluntary Resignation,Personal / Relocation,1,1
404,29,2026-09-01,86165.0,0.907,0.85-0.95 (Below Median),87.6,9.8,3,0,0,29.6,Low,Voluntary Resignation,Personal / Relocation,0,1
405,1,2026-09-01,243360.0,0.936,0.85-0.95 (Below Median),99.5,20.244011176282505,3,1,0,41.6,Moderate,Active,,0,0
406,78,2026-09-01,169050.0,0.966,0.95-1.05 (Target),74.2,33.4,4,0,0,56.8,Moderate,Voluntary Resignation,Personal / Relocation,1,1
407,53,2026-09-01,61945.0,0.953,0.95-1.05 (Target),87.5,8.6,3,0,0,19.3,Low,Voluntary Resignation,Personal / Relocation,0,1
408,56,2026-09-01,91295.0,0.961,0.95-1.05 (Target),94.4,1.1,3,0,0,5.0,Low,Active,,0,0
409,29,2026-09-01,145260.0,1.076,>1.05 (Premium),94.0,17.4,2,1,0,27.4,Low,Active,,0,0
410,11,2026-09-01,249860.0,0.961,0.95-1.05 (Target),73.4,3.7,3,1,1,21.2,Low,Active,,0,0
411,37,2026-09-01,92530.0,0.974,0.95-1.05 (Target),97.4,28.49235652374167,5,1,0,50.7,Moderate,Active,,0,0
412,75,2026-09-01,164150.0,0.938,0.85-0.95 (Below Median),87.6,1.6,2,0,0,11.2,Low,Active,,0,0
413,37,2026-09-01,60645.0,0.933,0.85-0.95 (Below Median),68.3,13.3,4,0,0,33.3,Low,Voluntary Resignation,Personal / Relocation,1,1
414,18,2026-09-01,127305.0,0.943,0.85-0.95 (Below Median),89.3,32.8,3,0,0,64.5,Elevated,Active,,0,0
415,67,2026-09-01,60710.0,0.934,0.85-0.95 (Below Median),65.6,6.1,3,1,0,16.6,Low,Active,,0,0
416,18,2026-09-01,55900.0,0.86,0.85-0.95 (Below Median),90.4,9.8,3,0,1,22.6,Low,Active,,0,0
417,29,2026-09-01,114210.0,0.846,<0.85 (Critical Underpay),93.7,6.5,3,0,0,18.9,Low,Active,,0,0
418,16,2026-09-01,65650.0,1.01,0.95-1.05 (Target),85.3,4.0,3,0,1,5.0,Low,Active,,0,0
419,31,2026-09-01,62530.0,0.962,0.95-1.05 (Target),76.2,24.8,3,0,0,38.5,Moderate,Active,,0,0
420,2,2026-09-01,63960.0,0.984,0.95-1.05 (Target),84.0,17.1,3,0,1,20.8,Low,Active,,0,0
421,9,2026-09-01,49725.0,0.765,<0.85 (Critical Underpay),91.8,12.4,2,0,0,35.6,Moderate,Voluntary Resignation,Competitive Compensation Offer,0,1
422,32,2026-09-01,127035.0,0.941,0.85-0.95 (Below Median),85.0,2.5,4,0,0,20.2,Low,Active,,0,0
423,47,2026-09-01,54665.0,0.841,<0.85 (Critical Underpay),67.9,4.1,4,0,0,16.1,Low,Active,,0,0
424,35,2026-09-01,71370.0,1.098,>1.05 (Premium),87.7,0.8,4,0,0,7.0,Low,Active,,0,0
425,65,2026-09-01,55315.0,0.851,0.85-0.95 (Below Median),96.4,40.561371170052126,3,0,0,59.7,Moderate,Active,,0,0
426,28,2026-09-01,193830.0,0.923,0.85-0.95 (Below Median),86.9,32.4,3,1,1,56.4,Moderate,Voluntary Resignation,Personal / Relocation,1,1
427,26,2026-09-01,88255.0,0.929,0.85-0.95 (Below Median),87.8,17.6,3,1,1,30.5,Low,Active,,0,0
428,83,2026-09-01,60320.0,0.928,0.85-0.95 (Below Median),90.1,15.5,3,1,0,28.0,Low,Active,,0,0
429,56,2026-09-01,51415.0,0.791,<0.85 (Critical Underpay),84.7,11.2,4,1,0,25.6,Low,Active,,0,0
430,41,2026-09-01,91200.0,0.96,0.95-1.05 (Target),72.9,25.7,4,1,0,39.6,Moderate,Active,,0,0
431,14,2026-09-01,92245.0,0.971,0.95-1.05 (Target),91.2,1.6,3,0,1,18.5,Low,Active,,0,0
432,55,2026-09-01,129600.0,0.96,0.95-1.05 (Target),101.4,60.19806401195814,2,1,0,89.0,Critical Exhaustion,Active,,0,0
433,11,2026-09-01,85405.0,0.899,0.85-0.95 (Below Median),97.8,42.9398873463451,4,0,0,77.5,Elevated,Active,,0,0
434,61,2026-09-01,57200.0,0.88,0.85-0.95 (Below Median),90.4,12.2,4,0,0,33.0,Low,Voluntary Resignation,Competitive Compensation Offer,1,1
435,47,2026-09-01,141480.0,1.048,0.95-1.05 (Target),84.4,11.7,3,0,0,21.1,Low,Active,,0,0
436,77,2026-09-01,181300.0,1.036,0.95-1.05 (Target),87.2,51.3,2,0,0,84.8,Critical Exhaustion,Voluntary Resignation,Work-Life Balance & Fatigue,1,1
437,28,2026-09-01,66690.0,1.026,0.95-1.05 (Target),92.9,17.6,3,0,0,36.6,Moderate,Active,,0,0
438,83,2026-09-01,87210.0,0.918,0.85-0.95 (Below Median),77.8,51.3,5,0,1,79.2,Elevated,Voluntary Resignation,Work-Life Balance & Fatigue,1,1
439,11,2026-09-01,138915.0,1.029,0.95-1.05 (Target),81.8,1.1,4,0,0,5.0,Low,Active,,0,0
440,38,2026-09-01,67470.0,1.038,0.95-1.05 (Target),91.5,5.8,1,0,0,22.2,Low,Voluntary Resignation,Personal / Relocation,0,1
441,48,2026-09-01,168525.0,0.963,0.95-1.05 (Target),88.6,37.4,1,0,1,61.6,Elevated,Voluntary Resignation,Personal / Relocation,1,1
442,81,2026-09-01,96615.0,1.017,0.95-1.05 (Target),109.4,41.897513574216354,3,0,0,57.9,Moderate,Voluntary Resignation,Personal / Relocation,0,1
443,33,2026-09-01,61295.0,0.943,0.85-0.95 (Below Median),77.2,4.0,4,0,1,13.9,Low,Active,,0,0
444,18,2026-09-01,87875.0,0.925,0.85-0.95 (Below Median),92.6,36.0,3,0,0,68.7,Elevated,Voluntary Resignation,Work-Life Balance & Fatigue,0,1
445,41,2026-09-01,88445.0,0.931,0.85-0.95 (Below Median),73.8,14.8,4,0,1,35.1,Moderate,Voluntary Resignation,Personal / Relocation,1,1
446,14,2026-09-01,91485.0,0.963,0.95-1.05 (Target),72.0,26.0,3,0,0,47.9,Moderate,Voluntary Resignation,Personal / Relocation,0,1
447,74,2026-09-01,99845.0,1.051,>1.05 (Premium),84.7,40.4,3,0,0,55.5,Moderate,Voluntary Resignation,Personal / Relocation,0,1
448,25,2026-09-01,139320.0,1.032,0.95-1.05 (Target),90.0,3.6,4,0,1,5.0,Low,Active,,0,0
449,39,2026-09-01,54730.0,0.842,<0.85 (Critical Underpay),94.7,50.6,3,0,0,87.9,Critical Exhaustion,Voluntary Resignation,Competitive Compensation Offer,0,1
450,26,2026-09-01,70330.0,1.082,>1.05 (Premium),81.6,1.4,3,0,0,8.0,Low,Active,,0,0
451,40,2026-09-01,113535.0,0.841,<0.85 (Critical Underpay),70.9,7.3,3,1,1,19.9,Low,Active,,0,0
452,35,2026-09-01,66495.0,1.023,0.95-1.05 (Target),76.5,1.8,2,0,0,9.7,Low,Active,,0,0
453,32,2026-09-01,62075.0,0.955,0.95-1.05 (Target),81.5,1.7,3,1,1,10.9,Low,Active,,0,0
454,9,2026-09-01,65390.0,1.006,0.95-1.05 (Target),90.2,34.3,4,1,0,57.0,Moderate,Voluntary Resignation,Personal / Relocation,1,1
455,3,2026-09-01,57005.0,0.877,0.85-0.95 (Below Median),89.6,33.1,3,0,1,50.2,Moderate,Voluntary Resignation,Competitive Compensation Offer,0,1
456,55,2026-09-01,87400.0,0.92,0.85-0.95 (Below Median),93.1,15.1,2,0,1,27.7,Low,Voluntary Resignation,Career Advancement & Role Velocity,0,1
457,73,2026-09-01,108540.0,0.804,<0.85 (Critical Underpay),94.3,19.8,3,0,0,43.7,Moderate,Active,,0,0
458,8,2026-09-01,58955.0,0.907,0.85-0.95 (Below Median),79.4,5.7,3,0,1,16.7,Low,Voluntary Resignation,Personal / Relocation,0,1
459,79,2026-09-01,60970.0,0.938,0.85-0.95 (Below Median),81.8,27.0,3,1,1,41.6,Moderate,Active,,0,0
460,69,2026-09-01,63700.0,0.98,0.95-1.05 (Target),91.8,20.8,3,0,0,33.4,Low,Active,,0,0
461,34,2026-09-01,98135.0,1.033,0.95-1.05 (Target),90.3,4.0,3,0,0,12.1,Low,Active,,0,0
462,73,2026-09-01,152280.0,1.128,>1.05 (Premium),74.2,52.3,3,1,0,76.2,Elevated,Active,,0,0
463,31,2026-09-01,210000.0,1.0,0.95-1.05 (Target),75.8,16.2,2,1,0,27.4,Low,Active,,0,0
464,22,2026-09-01,81415.0,0.857,0.85-0.95 (Below Median),93.8,0.0,2,1,1,5.0,Low,Active,,0,0
465,5,2026-09-01,98610.0,1.038,0.95-1.05 (Target),83.9,7.5,3,0,0,16.2,Low,Active,,0,0
466,57,2026-09-01,211260.0,1.006,0.95-1.05 (Target),78.7,6.8,3,1,1,24.0,Low,Active,,0,0
467,57,2026-09-01,62075.0,0.955,0.95-1.05 (Target),98.0,29.571390886946787,3,0,1,52.4,Moderate,Voluntary Resignation,Personal / Relocation,0,1
468,65,2026-09-01,58695.0,0.903,0.85-0.95 (Below Median),89.1,3.7,3,0,0,6.4,Low,Active,,0,0
469,66,2026-09-01,121095.0,0.897,0.85-0.95 (Below Median),97.7,26.92967578396585,5,0,1,42.4,Moderate,Voluntary Resignation,Competitive Compensation Offer,1,1
470,56,2026-09-01,64480.0,0.992,0.95-1.05 (Target),97.2,24.620322458437023,4,1,0,37.7,Moderate,Active,,0,0
471,3,2026-09-01,143505.0,1.063,>1.05 (Premium),81.9,22.7,4,0,0,34.0,Low,Active,,0,0
472,48,2026-09-01,69160.0,1.064,>1.05 (Premium),72.6,16.7,3,0,0,34.8,Low,Voluntary Resignation,Personal / Relocation,0,1
473,68,2026-09-01,125820.0,0.932,0.85-0.95 (Below Median),88.3,32.7,3,1,0,56.6,Moderate,Active,,0,0
474,30,2026-09-01,119340.0,0.884,0.85-0.95 (Below Median),91.9,0.6,3,0,0,11.0,Low,Active,,0,0
475,54,2026-09-01,95475.0,1.005,0.95-1.05 (Target),68.7,17.4,3,0,1,28.8,Low,Active,,0,0
476,35,2026-09-01,92815.0,0.977,0.95-1.05 (Target),97.0,24.816373464363693,5,0,1,38.2,Moderate,Voluntary Resignation,Personal / Relocation,1,1
477,72,2026-09-01,94050.0,0.99,0.95-1.05 (Target),82.5,2.0,3,0,0,10.6,Low,Active,,0,0
478,65,2026-09-01,94240.0,0.992,0.95-1.05 (Target),73.7,7.7,3,0,0,9.4,Low,Active,,0,0
479,29,2026-09-01,170310.0,0.811,<0.85 (Critical Underpay),94.7,4.5,4,0,0,25.2,Low,Active,,0,0
480,76,2026-09-01,226980.0,0.873,0.85-0.95 (Below Median),84.8,0.7,4,0,1,5.0,Low,Active,,0,0
481,25,2026-09-01,129330.0,0.958,0.95-1.05 (Target),71.2,7.6,3,0,1,18.0,Low,Active,,0,0
482,82,2026-09-01,177275.0,1.013,0.95-1.05 (Target),95.2,27.12231094807581,3,1,0,48.3,Moderate,Active,,0,0
483,64,2026-09-01,88920.0,0.936,0.85-0.95 (Below Median),80.6,13.2,5,0,0,25.1,Low,Active,,0,0
484,35,2026-09-01,204120.0,0.972,0.95-1.05 (Target),85.3,37.7,4,0,0,61.8,Elevated,Voluntary Resignation,Personal / Relocation,1,1
485,58,2026-09-01,180600.0,0.86,0.85-0.95 (Below Median),87.8,5.3,3,0,0,17.2,Low,Active,,0,0
486,17,2026-09-01,164150.0,0.938,0.85-0.95 (Below Median),76.6,9.2,3,0,0,28.3,Low,Active,,0,0
487,30,2026-09-01,89490.0,0.942,0.85-0.95 (Below Median),79.1,7.3,3,0,0,17.9,Low,Active,,0,0
488,1,2026-09-01,87400.0,0.92,0.85-0.95 (Below Median),96.2,23.335351740870017,4,0,0,45.6,Moderate,Voluntary Resignation,Personal / Relocation,1,1
489,22,2026-09-01,167475.0,0.957,0.95-1.05 (Target),94.8,10.9,4,1,0,29.9,Low,Active,,0,0
490,37,2026-09-01,61945.0,0.953,0.95-1.05 (Target),84.5,20.5,4,0,0,33.5,Low,Active,,0,0
491,17,2026-09-01,191975.0,1.097,>1.05 (Premium),107.0,28.80780800462272,3,0,1,48.6,Moderate,Voluntary Resignation,Personal / Relocation,1,1
492,2,2026-09-01,104215.0,1.097,>1.05 (Premium),70.5,32.6,3,1,1,53.2,Moderate,Active,,0,0
493,72,2026-09-01,54080.0,0.832,<0.85 (Critical Underpay),84.3,31.5,3,1,1,49.2,Moderate,Voluntary Resignation,Competitive Compensation Offer,0,1
494,34,2026-09-01,51610.0,0.794,<0.85 (Critical Underpay),71.0,1.3,4,0,0,21.7,Low,Voluntary Resignation,Competitive Compensation Offer,1,1
495,55,2026-09-01,209580.0,0.998,0.95-1.05 (Target),77.3,0.4,2,0,0,8.5,Low,Active,,0,0
496,10,2026-09-01,64415.0,0.991,0.95-1.05 (Target),76.0,5.8,3,0,0,15.1,Low,Active,,0,0
497,79,2026-09-01,100700.0,1.06,>1.05 (Premium),90.8,14.6,4,1,1,24.3,Low,Active,,0,0
498,2,2026-09-01,177800.0,1.016,0.95-1.05 (Target),89.0,9.6,3,0,0,19.2,Low,Active,,0,0
499,51,2026-09-01,64610.0,0.994,0.95-1.05 (Target),86.1,4.6,3,0,0,13.6,Low,Active,,0,0
500,69,2026-09-01,131490.0,0.974,0.95-1.05 (Target),89.2,19.3,3,0,1,39.7,Moderate,Active,,0,0
501,27,2026-09-01,94430.0,0.994,0.95-1.05 (Target),82.0,22.0,2,0,0,50.5,Moderate,Active,,0,0
502,56,2026-09-01,82935.0,0.873,0.85-0.95 (Below Median),107.8,35.58356871138432,2,0,1,61.2,Elevated,Voluntary Resignation,Competitive Compensation Offer,0,1
503,74,2026-09-01,90155.0,0.949,0.85-0.95 (Below Median),71.6,65.0,3,1,0,100.0,Critical Exhaustion,Voluntary Resignation,Work-Life Balance & Fatigue,0,1
504,65,2026-09-01,140535.0,1.041,0.95-1.05 (Target),70.1,5.9,2,1,0,22.3,Low,Voluntary Resignation,Personal / Relocation,1,1
505,18,2026-09-01,136890.0,1.014,0.95-1.05 (Target),95.6,24.58662706884273,4,1,0,37.2,Moderate,Voluntary Resignation,Personal / Relocation,1,1
506,62,2026-09-01,153125.0,0.875,0.85-0.95 (Below Median),85.6,3.4,2,0,0,14.6,Low,Active,,0,0
507,52,2026-09-01,101650.0,1.07,>1.05 (Premium),93.5,3.6,2,1,0,18.9,Low,Active,,0,0
508,23,2026-09-01,66495.0,1.023,0.95-1.05 (Target),72.3,9.8,2,1,0,19.3,Low,Active,,0,0
509,6,2026-09-01,94525.0,0.995,0.95-1.05 (Target),88.8,3.4,2,0,0,12.2,Low,Active,,0,0
510,73,2026-09-01,141615.0,1.049,0.95-1.05 (Target),88.5,6.2,2,0,1,14.5,Low,Active,,0,0
511,10,2026-09-01,89680.0,0.944,0.85-0.95 (Below Median),89.7,27.9,4,1,0,42.6,Moderate,Active,,0,0
512,29,2026-09-01,59215.0,0.911,0.85-0.95 (Below Median),90.8,14.2,3,1,1,26.8,Low,Active,,0,0
513,59,2026-09-01,97850.0,1.03,0.95-1.05 (Target),97.4,32.02308793362841,3,0,0,45.8,Moderate,Active,,0,0
514,82,2026-09-01,121095.0,0.897,0.85-0.95 (Below Median),88.1,42.4,4,0,0,60.9,Elevated,Voluntary Resignation,Competitive Compensation Offer,1,1
515,79,2026-09-01,78565.0,0.827,<0.85 (Critical Underpay),91.3,6.4,2,0,0,11.1,Low,Voluntary Resignation,Competitive Compensation Offer,0,1
516,54,2026-09-01,91390.0,0.962,0.95-1.05 (Target),95.2,43.62128456499322,2,0,0,69.1,Elevated,Active,,0,0
517,78,2026-09-01,60840.0,0.936,0.85-0.95 (Below Median),72.0,0.4,3,0,1,9.8,Low,Active,,0,0
518,7,2026-09-01,66950.0,1.03,0.95-1.05 (Target),93.6,2.7,4,0,1,10.6,Low,Active,,0,0
519,68,2026-09-01,92530.0,0.974,0.95-1.05 (Target),89.1,19.2,4,0,0,31.6,Low,Voluntary Resignation,Personal / Relocation,1,1
520,19,2026-09-01,99465.0,1.047,0.95-1.05 (Target),86.3,4.8,2,1,0,12.8,Low,Active,,0,0
521,83,2026-09-01,130950.0,0.97,0.95-1.05 (Target),82.3,11.6,3,0,0,14.5,Low,Active,,0,0
522,30,2026-09-01,92245.0,0.971,0.95-1.05 (Target),100.2,31.049102596945858,3,0,0,53.8,Moderate,Active,,0,0
523,41,2026-09-01,86640.0,0.912,0.85-0.95 (Below Median),90.6,14.1,4,0,0,34.7,Low,Voluntary Resignation,Personal / Relocation,1,1
524,73,2026-09-01,63830.0,0.982,0.95-1.05 (Target),71.0,6.0,2,0,0,7.6,Low,Voluntary Resignation,Personal / Relocation,0,1
525,27,2026-09-01,60320.0,0.928,0.85-0.95 (Below Median),82.5,15.6,3,1,0,28.2,Low,Active,,0,0
526,38,2026-09-01,107160.0,1.128,>1.05 (Premium),75.7,9.1,5,0,0,24.4,Low,Active,,0,0
527,22,2026-09-01,79040.0,0.832,<0.85 (Critical Underpay),83.4,21.8,3,0,0,37.5,Moderate,Voluntary Resignation,Competitive Compensation Offer,0,1
528,6,2026-09-01,157150.0,0.898,0.85-0.95 (Below Median),97.6,16.80795538037754,3,0,0,38.2,Moderate,Voluntary Resignation,Competitive Compensation Offer,1,1
529,62,2026-09-01,103170.0,1.086,>1.05 (Premium),80.0,29.3,3,1,1,49.4,Moderate,Active,,0,0
530,43,2026-09-01,118260.0,0.876,0.85-0.95 (Below Median),77.7,2.2,3,0,0,21.1,Low,Active,,0,0
531,51,2026-09-01,158200.0,0.904,0.85-0.95 (Below Median),105.8,40.72824879795574,5,0,0,66.8,Elevated,Voluntary Resignation,Work-Life Balance & Fatigue,1,1
532,24,2026-09-01,62205.0,0.957,0.95-1.05 (Target),99.5,50.75863197200253,3,0,1,85.8,Critical Exhaustion,Voluntary Resignation,Work-Life Balance & Fatigue,0,1
533,33,2026-09-01,56225.0,0.865,0.85-0.95 (Below Median),102.5,31.9345140685181,4,0,0,49.0,Moderate,Active,,0,0
534,81,2026-09-01,94810.0,0.998,0.95-1.05 (Target),102.8,52.42614059704274,2,1,1,87.0,Critical Exhaustion,Voluntary Resignation,Work-Life Balance & Fatigue,0,1
535,73,2026-09-01,116235.0,0.861,0.85-0.95 (Below Median),88.8,18.6,3,0,0,41.1,Moderate,Active,,0,0
536,50,2026-09-01,77220.0,1.188,>1.05 (Premium),83.4,14.9,5,0,0,30.1,Low,Active,,0,0
537,40,2026-09-01,97185.0,1.023,0.95-1.05 (Target),78.3,6.6,1,0,0,23.5,Low,Active,,0,0
538,30,2026-09-01,62595.0,0.963,0.95-1.05 (Target),73.9,2.4,3,0,0,5.0,Low,Active,,0,0
539,22,2026-09-01,86070.0,0.906,0.85-0.95 (Below Median),86.8,4.5,5,0,0,7.3,Low,Active,,0,0
540,71,2026-09-01,143235.0,1.061,>1.05 (Premium),103.3,19.263739740702945,4,1,0,29.9,Low,Active,,0,0
541,82,2026-09-01,110700.0,0.82,<0.85 (Critical Underpay),67.2,4.2,4,0,0,16.6,Low,Active,,0,0
542,61,2026-09-01,62530.0,0.962,0.95-1.05 (Target),66.6,0.6,3,0,0,9.5,Low,Active,,0,0
543,24,2026-09-01,91960.0,0.968,0.95-1.05 (Target),81.8,0.9,5,0,0,9.7,Low,Active,,0,0
544,82,2026-09-01,87020.0,0.916,0.85-0.95 (Below Median),87.9,8.6,4,0,1,20.0,Low,Active,,0,0
545,61,2026-09-01,116100.0,0.86,0.85-0.95 (Below Median),89.2,5.9,3,0,0,17.9,Low,Active,,0,0
546,63,2026-09-01,66235.0,1.019,0.95-1.05 (Target),100.3,41.08407563517027,3,0,0,56.9,Moderate,Voluntary Resignation,Personal / Relocation,0,1
547,30,2026-09-01,69355.0,1.067,>1.05 (Premium),78.2,2.4,3,0,1,9.5,Low,Active,,0,0
548,54,2026-09-01,121635.0,0.901,0.85-0.95 (Below Median),74.1,9.6,3,0,0,21.5,Low,Active,,0,0
549,76,2026-09-01,49920.0,0.768,<0.85 (Critical Underpay),79.1,8.4,5,1,1,30.7,Low,Active,,0,0
550,58,2026-09-01,98800.0,1.04,0.95-1.05 (Target),88.2,0.7,3,0,0,8.0,Low,Active,,0,0
551,37,2026-09-01,116100.0,0.86,0.85-0.95 (Below Median),86.2,7.5,4,1,0,19.8,Low,Active,,0,0
552,28,2026-09-01,63700.0,0.98,0.95-1.05 (Target),97.0,23.038253450300004,2,0,1,44.0,Moderate,Active,,0,0
553,65,2026-09-01,91485.0,0.963,0.95-1.05 (Target),76.2,12.4,3,0,1,31.6,Low,Active,,0,0
554,3,2026-09-01,130140.0,0.964,0.95-1.05 (Target),94.0,1.7,3,0,0,10.8,Low,Active,,0,0
555,41,2026-09-01,90630.0,0.954,0.95-1.05 (Target),76.0,0.2,4,0,0,5.0,Low,Active,,0,0
556,29,2026-09-01,61360.0,0.944,0.85-0.95 (Below Median),100.0,47.59382341525309,3,0,0,74.2,Elevated,Voluntary Resignation,Work-Life Balance & Fatigue,0,1
557,62,2026-09-01,94525.0,0.995,0.95-1.05 (Target),94.5,5.8,4,0,1,15.1,Low,Active,,0,0
558,46,2026-09-01,120825.0,0.895,0.85-0.95 (Below Median),93.6,9.1,4,0,0,21.0,Low,Active,,0,0
559,48,2026-09-01,146205.0,1.083,>1.05 (Premium),88.1,1.3,3,0,0,7.9,Low,Active,,0,0
560,54,2026-09-01,96900.0,1.02,0.95-1.05 (Target),79.9,49.8,3,0,0,75.4,Elevated,Voluntary Resignation,Work-Life Balance & Fatigue,0,1
561,26,2026-09-01,53105.0,0.817,<0.85 (Critical Underpay),86.1,14.6,4,1,0,29.2,Low,Active,,0,0
562,67,2026-09-01,179550.0,1.026,0.95-1.05 (Target),78.3,23.3,4,1,0,35.4,Moderate,Voluntary Resignation,Personal / Relocation,1,1
563,66,2026-09-01,178150.0,1.018,0.95-1.05 (Target),90.3,41.8,4,0,0,65.8,Elevated,Voluntary Resignation,Work-Life Balance & Fatigue,1,1
564,30,2026-09-01,58045.0,0.893,0.85-0.95 (Below Median),80.2,12.8,2,0,0,25.5,Low,Active,,0,0
565,47,2026-09-01,92815.0,0.977,0.95-1.05 (Target),74.9,3.4,3,1,1,12.5,Low,Voluntary Resignation,Personal / Relocation,0,1
566,16,2026-09-01,97470.0,1.026,0.95-1.05 (Target),87.0,7.0,4,0,0,15.9,Low,Active,,0,0
567,18,2026-09-01,94335.0,0.993,0.95-1.05 (Target),70.1,0.3,3,0,0,8.5,Low,Active,,0,0
568,50,2026-09-01,115965.0,0.859,0.85-0.95 (Below Median),94.2,4.1,3,0,0,23.7,Low,Active,,0,0
569,75,2026-09-01,135270.0,1.002,0.95-1.05 (Target),89.4,0.0,3,0,0,5.0,Low,Active,,0,0
570,56,2026-09-01,92815.0,0.977,0.95-1.05 (Target),77.5,15.3,3,1,0,26.8,Low,Active,,0,0
571,16,2026-09-01,138510.0,1.026,0.95-1.05 (Target),76.7,19.0,3,1,1,30.3,Low,Voluntary Resignation,Personal / Relocation,1,1
572,37,2026-09-01,76190.0,0.802,<0.85 (Critical Underpay),100.3,65.0,4,1,0,100.0,Critical Exhaustion,Voluntary Resignation,Competitive Compensation Offer,1,1
573,47,2026-09-01,60385.0,0.929,0.85-0.95 (Below Median),81.7,11.4,4,0,0,23.1,Low,Active,,0,0
574,8,2026-09-01,64870.0,0.998,0.95-1.05 (Target),82.1,34.5,3,0,0,57.4,Moderate,Active,,0,0
575,38,2026-09-01,177870.0,0.847,<0.85 (Critical Underpay),94.3,57.0,3,0,0,87.5,Critical Exhaustion,Voluntary Resignation,Competitive Compensation Offer,1,1
576,26,2026-09-01,55445.0,0.853,0.85-0.95 (Below Median),95.1,28.30210615474865,5,1,0,52.9,Moderate,Voluntary Resignation,Competitive Compensation Offer,1,1
577,15,2026-09-01,130545.0,0.967,0.95-1.05 (Target),71.4,5.4,3,0,0,23.1,Low,Active,,0,0
578,34,2026-09-01,67990.0,1.046,0.95-1.05 (Target),97.7,28.118501178301063,2,1,0,40.8,Moderate,Voluntary Resignation,Personal / Relocation,0,1
579,5,2026-09-01,87495.0,0.921,0.85-0.95 (Below Median),86.5,8.9,5,0,0,20.3,Low,Active,,0,0
580,65,2026-09-01,83790.0,0.882,0.85-0.95 (Below Median),69.2,2.0,3,1,1,12.8,Low,Active,,0,0
581,50,2026-09-01,48945.0,0.753,<0.85 (Critical Underpay),78.9,27.6,3,0,0,54.1,Moderate,Voluntary Resignation,Competitive Compensation Offer,0,1
582,39,2026-09-01,165200.0,0.944,0.85-0.95 (Below Median),84.4,13.9,3,0,1,33.8,Low,Active,,0,0
583,80,2026-09-01,97755.0,1.029,0.95-1.05 (Target),97.3,40.37145528227332,3,1,0,71.9,Elevated,Voluntary Resignation,Work-Life Balance & Fatigue,0,1
584,9,2026-09-01,161525.0,0.923,0.85-0.95 (Below Median),105.1,39.70844175447586,3,0,0,65.2,Elevated,Voluntary Resignation,Work-Life Balance & Fatigue,1,1
585,36,2026-09-01,75145.0,0.791,<0.85 (Critical Underpay),86.7,18.1,3,0,1,33.9,Low,Active,,0,0
586,33,2026-09-01,68380.0,1.052,>1.05 (Premium),96.4,65.0,2,0,0,93.0,Critical Exhaustion,Voluntary Resignation,Work-Life Balance & Fatigue,0,1
587,15,2026-09-01,64350.0,0.99,0.95-1.05 (Target),97.2,65.0,4,0,1,100.0,Critical Exhaustion,Voluntary Resignation,Work-Life Balance & Fatigue,1,1
588,41,2026-09-01,88635.0,0.933,0.85-0.95 (Below Median),93.5,0.7,4,1,1,5.0,Low,Active,,0,0
589,66,2026-09-01,206220.0,0.982,0.95-1.05 (Target),101.6,27.4524147138376,4,0,0,41.3,Moderate,Voluntary Resignation,Career Advancement & Role Velocity,1,1
590,10,2026-09-01,58695.0,0.903,0.85-0.95 (Below Median),94.0,7.2,4,1,0,18.6,Low,Active,,0,0
591,79,2026-09-01,126900.0,0.94,0.85-0.95 (Below Median),96.8,27.8927400379732,3,0,0,50.7,Moderate,Active,,0,0
592,61,2026-09-01,91200.0,0.96,0.95-1.05 (Target),87.2,2.8,3,1,1,12.2,Low,Active,,0,0
593,36,2026-09-01,169575.0,0.969,0.95-1.05 (Target),94.5,14.6,3,0,1,26.1,Low,Active,,0,0
594,28,2026-09-01,93005.0,0.979,0.95-1.05 (Target),84.2,11.6,5,0,0,22.3,Low,Active,,0,0
595,44,2026-09-01,95380.0,1.004,0.95-1.05 (Target),89.8,5.5,4,0,1,14.5,Low,Active,,0,0
596,53,2026-09-01,87590.0,0.922,0.85-0.95 (Below Median),80.1,4.1,3,1,0,22.5,Low,Active,,0,0
597,27,2026-09-01,82840.0,0.872,0.85-0.95 (Below Median),69.9,6.3,4,0,0,18.1,Low,Active,,0,0
598,60,2026-09-01,99085.0,1.043,0.95-1.05 (Target),92.4,3.9,2,1,0,11.8,Low,Active,,0,0
599,45,2026-09-01,143775.0,1.065,>1.05 (Premium),89.9,3.4,2,0,0,5.0,Low,Active,,0,0
600,59,2026-09-01,90535.0,0.953,0.95-1.05 (Target),104.8,36.763000031704415,4,0,0,69.1,Elevated,Active,,0,0
601,66,2026-09-01,63050.0,0.97,0.95-1.05 (Target),81.0,7.8,3,0,0,10.0,Low,Active,,0,0
602,55,2026-09-01,164850.0,0.942,0.85-0.95 (Below Median),75.9,7.2,3,0,1,25.8,Low,Active,,0,0
603,79,2026-09-01,82935.0,0.873,0.85-0.95 (Below Median),78.9,5.9,3,0,0,17.6,Low,Active,,0,0
604,70,2026-09-01,88350.0,0.93,0.85-0.95 (Below Median),88.7,21.0,3,0,0,42.6,Moderate,Voluntary Resignation,Personal / Relocation,0,1
605,37,2026-09-01,210840.0,1.004,0.95-1.05 (Target),84.1,7.6,5,0,0,17.0,Low,Active,,0,0
606,59,2026-09-01,55315.0,0.851,0.85-0.95 (Below Median),78.1,13.4,4,1,0,19.1,Low,Active,,0,0
607,3,2026-09-01,215250.0,1.025,0.95-1.05 (Target),93.0,4.3,3,1,0,5.0,Low,Active,,0,0
608,75,2026-09-01,91105.0,0.959,0.95-1.05 (Target),94.3,12.8,3,0,0,24.2,Low,Active,,0,0
609,39,2026-09-01,57005.0,0.877,0.85-0.95 (Below Median),65.9,4.1,4,0,0,15.4,Low,Active,,0,0
610,31,2026-09-01,53170.0,0.818,<0.85 (Critical Underpay),81.5,8.5,2,1,0,21.8,Low,Voluntary Resignation,Competitive Compensation Offer,0,1
611,72,2026-09-01,127710.0,0.946,0.85-0.95 (Below Median),81.0,25.0,3,0,0,47.1,Moderate,Active,,0,0
612,40,2026-09-01,90155.0,0.949,0.85-0.95 (Below Median),89.1,1.4,5,0,1,18.7,Low,Active,,0,0
613,73,2026-09-01,96140.0,1.012,0.95-1.05 (Target),80.2,9.3,3,0,0,18.9,Low,Active,,0,0
614,44,2026-09-01,119340.0,0.884,0.85-0.95 (Below Median),94.5,19.5,2,0,0,33.7,Low,Active,,0,0
615,55,2026-09-01,85975.0,0.905,0.85-0.95 (Below Median),106.7,38.3054539966044,3,0,0,63.9,Elevated,Active,,0,0
616,10,2026-09-01,119610.0,0.886,0.85-0.95 (Below Median),97.0,41.6840432990554,4,0,0,68.3,Elevated,Active,,0,0
617,80,2026-09-01,231140.0,0.889,0.85-0.95 (Below Median),73.7,21.0,3,0,1,35.4,Moderate,Active,,0,0
618,49,2026-09-01,91675.0,0.965,0.95-1.05 (Target),102.4,29.271212137965424,4,0,0,51.8,Moderate,Voluntary Resignation,Personal / Relocation,1,1
619,83,2026-09-01,111815.0,1.177,>1.05 (Premium),96.4,18.38495834180137,3,0,1,26.5,Low,Active,,0,0
620,20,2026-09-01,65260.0,1.004,0.95-1.05 (Target),87.1,5.8,2,0,0,14.9,Low,Active,,0,0
621,64,2026-09-01,231400.0,0.89,0.85-0.95 (Below Median),93.0,25.1,3,1,0,40.3,Moderate,Active,,0,0
622,72,2026-09-01,124875.0,0.925,0.85-0.95 (Below Median),94.9,13.3,3,0,0,25.5,Low,Active,,0,0
623,36,2026-09-01,61035.0,0.939,0.85-0.95 (Below Median),75.1,23.0,3,0,0,28.8,Low,Voluntary Resignation,Personal / Relocation,0,1
624,52,2026-09-01,65260.0,1.004,0.95-1.05 (Target),82.0,7.6,3,1,1,17.0,Low,Active,,0,0
625,26,2026-09-01,62985.0,0.969,0.95-1.05 (Target),85.6,34.0,5,1,0,57.4,Moderate,Active,,0,0
626,27,2026-09-01,142975.0,0.817,<0.85 (Critical Underpay),110.6,34.471825968345584,3,0,0,61.0,Elevated,Voluntary Resignation,Competitive Compensation Offer,1,1
627,22,2026-09-01,184100.0,1.052,>1.05 (Premium),77.2,4.1,4,0,0,11.9,Low,Active,,0,0
628,53,2026-09-01,65000.0,1.0,0.95-1.05 (Target),91.6,19.6,3,1,0,39.5,Moderate,Active,,0,0
629,10,2026-09-01,95095.0,1.001,0.95-1.05 (Target),87.7,7.1,5,0,0,16.5,Low,Active,,0,0
630,3,2026-09-01,66430.0,1.022,0.95-1.05 (Target),74.2,10.6,2,1,1,28.3,Low,Voluntary Resignation,Personal / Relocation,0,1
631,38,2026-09-01,68055.0,1.047,0.95-1.05 (Target),71.7,38.7,3,0,1,61.5,Elevated,Voluntary Resignation,Personal / Relocation,0,1
632,51,2026-09-01,49790.0,0.766,<0.85 (Critical Underpay),93.0,4.5,2,1,1,26.1,Low,Active,,0,0
633,13,2026-09-01,127305.0,0.943,0.85-0.95 (Below Median),100.6,26.34943356452706,5,0,0,40.8,Moderate,Voluntary Resignation,Personal / Relocation,1,1
634,40,2026-09-01,140130.0,1.038,0.95-1.05 (Target),75.0,14.4,3,0,0,24.5,Low,Active,,0,0
635,52,2026-09-01,91390.0,0.962,0.95-1.05 (Target),93.9,7.4,4,0,1,25.6,Low,Voluntary Resignation,Personal / Relocation,1,1
636,63,2026-09-01,63505.0,0.977,0.95-1.05 (Target),79.8,2.2,3,0,1,11.1,Low,Active,,0,0
637,16,2026-09-01,63115.0,0.971,0.95-1.05 (Target),79.8,32.5,1,0,0,55.6,Moderate,Active,,0,0
638,53,2026-09-01,91485.0,0.963,0.95-1.05 (Target),87.1,0.4,4,1,1,9.2,Low,Active,,0,0
639,39,2026-09-01,60385.0,0.929,0.85-0.95 (Below Median),80.8,25.2,3,0,1,39.7,Moderate,Active,,0,0
640,22,2026-09-01,238940.0,0.919,0.85-0.95 (Below Median),93.1,0.8,2,0,1,5.0,Low,Active,,0,0
641,71,2026-09-01,224910.0,1.071,>1.05 (Premium),83.6,13.2,2,0,0,14.4,Low,Active,,0,0
642,67,2026-09-01,131085.0,0.971,0.95-1.05 (Target),85.6,6.0,3,0,1,15.8,Low,Active,,0,0
643,19,2026-09-01,103930.0,1.094,>1.05 (Premium),82.1,31.5,3,0,1,51.9,Moderate,Active,,0,0
644,41,2026-09-01,121635.0,0.901,0.85-0.95 (Below Median),69.4,17.2,3,0,0,30.6,Low,Active,,0,0
645,79,2026-09-01,64675.0,0.995,0.95-1.05 (Target),79.6,1.0,2,0,0,9.3,Low,Active,,0,0
646,3,2026-09-01,86830.0,0.914,0.85-0.95 (Below Median),70.2,1.7,4,0,1,11.8,Low,Active,,0,0
647,70,2026-09-01,130005.0,0.963,0.95-1.05 (Target),96.1,44.8117512006084,3,0,0,70.5,Elevated,Voluntary Resignation,Work-Life Balance & Fatigue,1,1
648,74,2026-09-01,187950.0,1.074,>1.05 (Premium),90.0,7.8,4,0,0,23.9,Low,Voluntary Resignation,Personal / Relocation,1,1
649,21,2026-09-01,84930.0,0.894,0.85-0.95 (Below Median),80.8,30.0,4,1,0,46.1,Moderate,Active,,0,0
650,31,2026-09-01,273780.0,1.053,>1.05 (Premium),99.5,40.50826016441602,4,0,0,63.5,Elevated,Active,,0,0
651,4,2026-09-01,165725.0,0.947,0.85-0.95 (Below Median),87.0,24.2,3,0,0,38.1,Moderate,Active,,0,0
652,70,2026-09-01,172200.0,0.984,0.95-1.05 (Target),80.2,0.1,3,0,0,8.4,Low,Active,,0,0
653,23,2026-09-01,66755.0,1.027,0.95-1.05 (Target),103.6,38.36211834117249,4,0,1,61.5,Elevated,Active,,0,0
654,34,2026-09-01,170975.0,0.977,0.95-1.05 (Target),80.1,5.7,3,0,0,15.3,Low,Active,,0,0
655,63,2026-09-01,106780.0,1.124,>1.05 (Premium),99.1,23.540985548004493,3,0,1,41.8,Moderate,Voluntary Resignation,Personal / Relocation,0,1
656,40,2026-09-01,99180.0,1.044,0.95-1.05 (Target),86.3,6.1,2,1,0,22.4,Low,Active,,0,0
657,64,2026-09-01,202650.0,0.965,0.95-1.05 (Target),101.9,48.48813013699496,3,0,0,74.9,Elevated,Voluntary Resignation,Work-Life Balance & Fatigue,1,1
658,50,2026-09-01,86640.0,0.912,0.85-0.95 (Below Median),69.0,1.5,2,0,0,11.6,Low,Active,,0,0
659,21,2026-09-01,90155.0,0.949,0.85-0.95 (Below Median),87.0,26.4,3,0,1,48.7,Moderate,Active,,0,0
660,16,2026-09-01,88445.0,0.931,0.85-0.95 (Below Median),85.1,32.9,2,1,0,56.9,Moderate,Active,,0,0
661,40,2026-09-01,96330.0,1.014,0.95-1.05 (Target),95.1,37.49639423052386,3,0,1,60.7,Elevated,Voluntary Resignation,Personal / Relocation,0,1
662,31,2026-09-01,63895.0,0.983,0.95-1.05 (Target),93.0,38.9,2,0,1,63.0,Elevated,Voluntary Resignation,Personal / Relocation,0,1
663,23,2026-09-01,61945.0,0.953,0.95-1.05 (Target),99.7,27.17553365198011,5,1,1,41.6,Moderate,Active,,0,0
664,6,2026-09-01,72800.0,1.12,>1.05 (Premium),88.5,4.7,3,0,0,11.2,Low,Active,,0,0
665,54,2026-09-01,86545.0,0.911,0.85-0.95 (Below Median),96.2,39.4958541189632,3,0,0,73.2,Elevated,Voluntary Resignation,Work-Life Balance & Fatigue,0,1
666,37,2026-09-01,156100.0,0.892,0.85-0.95 (Below Median),94.2,23.5,2,0,0,38.4,Moderate,Active,,0,0
667,72,2026-09-01,167825.0,0.959,0.95-1.05 (Target),76.6,1.6,3,0,0,10.7,Low,Active,,0,0
668,59,2026-09-01,146610.0,1.086,>1.05 (Premium),86.9,2.5,4,0,0,9.3,Low,Active,,0,0
669,18,2026-09-01,48620.0,0.748,<0.85 (Critical Underpay),75.0,17.3,3,0,1,33.8,Low,Active,,0,0
670,25,2026-09-01,122985.0,0.911,0.85-0.95 (Below Median),83.9,40.4,3,0,1,74.3,Elevated,Active,,0,0
671,73,2026-09-01,99845.0,1.051,>1.05 (Premium),87.2,15.9,3,0,1,26.1,Low,Active,,0,0
672,5,2026-09-01,176225.0,1.007,0.95-1.05 (Target),99.3,34.78578015100662,2,0,1,57.6,Moderate,Voluntary Resignation,Personal / Relocation,1,1
673,35,2026-09-01,59865.0,0.921,0.85-0.95 (Below Median),80.6,10.1,3,0,1,29.7,Low,Active,,0,0
674,29,2026-09-01,200550.0,0.955,0.95-1.05 (Target),81.1,22.6,4,1,0,44.0,Moderate,Active,,0,0
675,42,2026-09-01,59410.0,0.914,0.85-0.95 (Below Median),94.2,50.8,3,1,1,78.7,Elevated,Active,,0,0
676,42,2026-09-01,62660.0,0.964,0.95-1.05 (Target),84.6,13.9,5,0,0,33.4,Low,Voluntary Resignation,Personal / Relocation,1,1
677,75,2026-09-01,118395.0,0.877,0.85-0.95 (Below Median),85.3,26.5,5,1,0,50.3,Moderate,Active,,0,0
678,38,2026-09-01,58630.0,0.902,0.85-0.95 (Below Median),89.1,0.9,5,0,0,11.0,Low,Active,,0,0
679,24,2026-09-01,79515.0,0.837,<0.85 (Critical Underpay),89.4,18.6,3,0,0,41.6,Moderate,Voluntary Resignation,Competitive Compensation Offer,0,1
680,58,2026-09-01,65195.0,1.003,0.95-1.05 (Target),81.1,7.5,2,0,0,16.9,Low,Active,,0,0
681,27,2026-09-01,60060.0,0.924,0.85-0.95 (Below Median),93.8,1.3,4,0,0,11.1,Low,Active,,0,0
682,26,2026-09-01,60905.0,0.937,0.85-0.95 (Below Median),80.6,6.9,3,0,1,17.5,Low,Active,,0,0
683,34,2026-09-01,88920.0,0.936,0.85-0.95 (Below Median),85.5,0.5,3,1,1,9.9,Low,Active,,0,0
684,27,2026-09-01,99180.0,1.044,0.95-1.05 (Target),84.3,8.3,5,1,0,17.1,Low,Active,,0,0
685,72,2026-09-01,98990.0,1.042,0.95-1.05 (Target),91.0,4.9,3,0,0,5.0,Low,Active,,0,0
686,62,2026-09-01,91770.0,0.966,0.95-1.05 (Target),83.5,18.4,5,0,0,30.8,Low,Active,,0,0
687,76,2026-09-01,55120.0,0.848,<0.85 (Critical Underpay),89.1,3.3,2,0,0,15.0,Low,Active,,0,0
688,4,2026-09-01,162225.0,0.927,0.85-0.95 (Below Median),86.4,20.2,3,0,0,41.7,Moderate,Active,,0,0
689,8,2026-09-01,88255.0,0.929,0.85-0.95 (Below Median),93.6,5.8,4,0,0,16.4,Low,Active,,0,0
690,25,2026-09-01,66495.0,1.023,0.95-1.05 (Target),81.2,65.0,2,0,1,100.0,Critical Exhaustion,Voluntary Resignation,Work-Life Balance & Fatigue,0,1
691,52,2026-09-01,55315.0,0.851,0.85-0.95 (Below Median),89.1,22.2,3,0,0,37.6,Moderate,Active,,0,0
692,83,2026-09-01,66170.0,1.018,0.95-1.05 (Target),93.2,16.4,3,1,0,27.3,Low,Active,,0,0
693,36,2026-09-01,209370.0,0.997,0.95-1.05 (Target),96.5,21.620519765453054,3,0,0,34.0,Low,Voluntary Resignation,Personal / Relocation,1,1
694,58,2026-09-01,50960.0,0.784,<0.85 (Critical Underpay),96.8,26.811822911034582,4,0,0,60.5,Elevated,Voluntary Resignation,Competitive Compensation Offer,1,1
695,29,2026-09-01,125415.0,0.929,0.85-0.95 (Below Median),88.6,20.1,2,0,1,33.5,Low,Active,,0,0
696,80,2026-09-01,86165.0,0.907,0.85-0.95 (Below Median),88.6,5.6,2,0,0,16.6,Low,Active,,0,0
697,51,2026-09-01,59930.0,0.922,0.85-0.95 (Below Median),84.3,0.5,3,0,0,5.0,Low,Active,,0,0
698,21,2026-09-01,101080.0,1.064,>1.05 (Premium),87.1,56.0,3,0,0,81.9,Critical Exhaustion,Active,,0,0
699,66,2026-09-01,62855.0,0.967,0.95-1.05 (Target),86.9,13.5,5,0,0,32.9,Low,Voluntary Resignation,Personal / Relocation,1,1
700,66,2026-09-01,63245.0,0.973,0.95-1.05 (Target),85.7,8.9,3,1,0,27.2,Low,Active,,0,0
701,32,2026-09-01,92150.0,0.97,0.95-1.05 (Target),86.9,27.2,3,0,0,41.2,Moderate,Active,,0,0
702,33,2026-09-01,130680.0,0.968,0.95-1.05 (Target),86.2,30.0,5,0,0,52.6,Moderate,Active,,0,0
703,48,2026-09-01,94335.0,0.993,0.95-1.05 (Target),81.8,0.9,3,0,1,9.2,Low,Active,,0,0
704,60,2026-09-01,120825.0,0.895,0.85-0.95 (Below Median),76.1,1.1,3,0,1,11.4,Low,Active,,0,0
705,33,2026-09-01,67275.0,1.035,0.95-1.05 (Target),86.5,5.3,3,0,0,13.7,Low,Active,,0,0
706,68,2026-09-01,70525.0,1.085,>1.05 (Premium),90.8,0.1,3,0,0,6.4,Low,Active,,0,0
707,80,2026-09-01,106210.0,1.118,>1.05 (Premium),82.8,25.0,3,0,0,35.6,Moderate,Active,,0,0
708,42,2026-09-01,56095.0,0.863,0.85-0.95 (Below Median),86.3,13.4,3,0,1,26.8,Low,Active,,0,0
709,55,2026-09-01,95950.0,1.01,0.95-1.05 (Target),89.3,49.1,5,1,0,74.7,Elevated,Active,,0,0
710,68,2026-09-01,56615.0,0.871,0.85-0.95 (Below Median),97.3,23.91504230545109,3,0,1,47.3,Moderate,Voluntary Resignation,Competitive Compensation Offer,0,1
711,56,2026-09-01,122985.0,0.911,0.85-0.95 (Below Median),76.6,2.0,2,1,0,5.0,Low,Active,,0,0
712,63,2026-09-01,173880.0,0.828,<0.85 (Critical Underpay),84.2,1.2,3,0,0,20.9,Low,Voluntary Resignation,Competitive Compensation Offer,1,1
713,47,2026-09-01,164850.0,0.942,0.85-0.95 (Below Median),85.6,12.5,1,0,0,24.2,Low,Voluntary Resignation,Personal / Relocation,1,1
714,64,2026-09-01,99560.0,1.048,0.95-1.05 (Target),99.2,33.24404753931704,3,1,0,54.9,Moderate,Voluntary Resignation,Personal / Relocation,0,1
715,80,2026-09-01,85880.0,0.904,0.85-0.95 (Below Median),94.2,19.7,3,0,0,41.6,Moderate,Voluntary Resignation,Personal / Relocation,0,1
716,43,2026-09-01,85215.0,0.897,0.85-0.95 (Below Median),83.8,11.9,2,0,0,24.3,Low,Active,,0,0
717,7,2026-09-01,90535.0,0.953,0.95-1.05 (Target),106.0,26.60527890605057,4,1,0,56.9,Moderate,Active,,0,0
718,14,2026-09-01,155575.0,0.889,0.85-0.95 (Below Median),77.8,33.6,3,0,0,50.5,Moderate,Voluntary Resignation,Competitive Compensation Offer,1,1
719,77,2026-09-01,58565.0,0.901,0.85-0.95 (Below Median),87.5,4.7,3,0,0,15.6,Low,Active,,0,0
720,43,2026-09-01,116910.0,0.866,0.85-0.95 (Below Median),83.3,3.2,3,1,0,22.5,Low,Active,,0,0
721,78,2026-09-01,147285.0,1.091,>1.05 (Premium),94.5,14.9,3,0,1,32.1,Low,Active,,0,0
722,61,2026-09-01,124335.0,0.921,0.85-0.95 (Below Median),81.1,1.9,3,1,0,11.9,Low,Active,,0,0
723,66,2026-09-01,118260.0,0.876,0.85-0.95 (Below Median),88.9,25.3,5,0,0,48.8,Moderate,Voluntary Resignation,Competitive Compensation Offer,1,1
724,37,2026-09-01,94810.0,0.998,0.95-1.05 (Target),77.6,11.2,2,0,0,21.5,Low,Active,,0,0
725,19,2026-09-01,59735.0,0.919,0.85-0.95 (Below Median),74.7,11.5,3,1,1,23.4,Low,Active,,0,0
726,21,2026-09-01,170975.0,0.977,0.95-1.05 (Target),83.0,2.7,3,0,0,5.0,Low,Active,,0,0
727,63,2026-09-01,72020.0,1.108,>1.05 (Premium),74.9,20.1,3,0,1,30.0,Low,Voluntary Resignation,Personal / Relocation,0,1
728,3,2026-09-01,55835.0,0.859,0.85-0.95 (Below Median),90.2,2.2,2,0,0,13.5,Low,Active,,0,0
729,56,2026-09-01,235830.0,1.123,>1.05 (Premium),84.1,8.0,3,0,0,15.1,Low,Active,,0,0
730,22,2026-09-01,64870.0,0.998,0.95-1.05 (Target),62.9,2.2,3,0,0,10.7,Low,Active,,0,0
731,16,2026-09-01,70395.0,1.083,>1.05 (Premium),68.4,3.4,3,1,0,18.4,Low,Active,,0,0
732,21,2026-09-01,146475.0,0.837,<0.85 (Critical Underpay),86.8,7.4,4,0,0,20.1,Low,Active,,0,0
733,22,2026-09-01,81700.0,0.86,0.85-0.95 (Below Median),87.8,47.1,3,0,1,75.3,Elevated,Voluntary Resignation,Competitive Compensation Offer,0,1
734,44,2026-09-01,63635.0,0.979,0.95-1.05 (Target),85.1,21.4,3,0,0,42.1,Moderate,Voluntary Resignation,Personal / Relocation,0,1
735,25,2026-09-01,65260.0,1.004,0.95-1.05 (Target),83.5,21.9,3,0,0,34.2,Low,Active,,0,0
736,10,2026-09-01,177450.0,1.014,0.95-1.05 (Target),85.0,7.8,3,0,0,9.1,Low,Active,,0,0
737,56,2026-09-01,87115.0,0.917,0.85-0.95 (Below Median),79.0,4.7,3,0,1,15.3,Low,Voluntary Resignation,Personal / Relocation,0,1
738,82,2026-09-01,57135.0,0.879,0.85-0.95 (Below Median),84.7,1.8,4,0,0,12.6,Low,Active,,0,0
739,18,2026-09-01,163625.0,0.935,0.85-0.95 (Below Median),87.3,0.5,3,0,0,9.9,Low,Active,,0,0
740,53,2026-09-01,89205.0,0.939,0.85-0.95 (Below Median),78.6,39.4,3,1,0,64.5,Elevated,Active,,0,0
741,78,2026-09-01,84740.0,0.892,0.85-0.95 (Below Median),92.0,26.2,3,0,0,49.6,Moderate,Voluntary Resignation,Competitive Compensation Offer,0,1
742,77,2026-09-01,57980.0,0.892,0.85-0.95 (Below Median),76.9,6.2,3,0,0,9.6,Low,Active,,0,0
743,68,2026-09-01,152950.0,0.874,0.85-0.95 (Below Median),90.1,11.5,5,0,1,32.3,Low,Active,,0,0
744,53,2026-09-01,89015.0,0.937,0.85-0.95 (Below Median),83.7,17.2,5,0,1,37.9,Moderate,Voluntary Resignation,Personal / Relocation,1,1
745,40,2026-09-01,67210.0,1.034,0.95-1.05 (Target),76.7,4.1,3,0,1,20.2,Low,Active,,0,0
746,68,2026-09-01,246480.0,0.948,0.85-0.95 (Below Median),82.5,8.7,3,0,0,27.5,Low,Voluntary Resignation,Personal / Relocation,0,1
747,21,2026-09-01,75525.0,0.795,<0.85 (Critical Underpay),88.3,10.9,5,0,0,25.2,Low,Active,,0,0
748,49,2026-09-01,184100.0,1.052,>1.05 (Premium),69.7,0.4,3,0,0,7.4,Low,Active,,0,0
749,55,2026-09-01,127710.0,0.946,0.85-0.95 (Below Median),84.8,34.5,2,0,0,50.5,Moderate,Active,,0,0
750,26,2026-09-01,95190.0,1.002,0.95-1.05 (Target),92.5,21.9,3,0,0,42.2,Moderate,Voluntary Resignation,Personal / Relocation,0,1
751,67,2026-09-01,191100.0,0.91,0.85-0.95 (Below Median),84.3,11.8,3,1,1,32.0,Low,Active,,0,0
752,74,2026-09-01,65715.0,1.011,0.95-1.05 (Target),75.9,32.9,2,0,1,55.3,Moderate,Voluntary Resignation,Personal / Relocation,0,1
753,18,2026-09-01,93100.0,0.98,0.95-1.05 (Target),87.5,8.1,3,0,1,18.1,Low,Active,,0,0
754,72,2026-09-01,195930.0,0.933,0.85-0.95 (Below Median),84.1,2.2,4,0,0,12.0,Low,Active,,0,0
755,22,2026-09-01,55640.0,0.856,0.85-0.95 (Below Median),82.9,2.9,3,0,0,14.4,Low,Active,,0,0
756,5,2026-09-01,99655.0,1.049,0.95-1.05 (Target),83.9,20.7,2,0,0,39.9,Moderate,Active,,0,0
757,76,2026-09-01,57915.0,0.891,0.85-0.95 (Below Median),97.0,24.15200892035936,3,0,1,39.2,Moderate,Active,,0,0
758,5,2026-09-01,57395.0,0.883,0.85-0.95 (Below Median),86.0,3.1,3,1,0,14.1,Low,Active,,0,0
759,77,2026-09-01,150660.0,1.116,>1.05 (Premium),82.2,14.8,2,0,1,23.4,Low,Active,,0,0
760,76,2026-09-01,212420.0,0.817,<0.85 (Critical Underpay),90.1,3.1,3,0,0,23.4,Low,Voluntary Resignation,Competitive Compensation Offer,0,1
761,67,2026-09-01,93860.0,0.988,0.95-1.05 (Target),89.3,9.1,4,0,0,19.2,Low,Active,,0,0
762,15,2026-09-01,53885.0,0.829,<0.85 (Critical Underpay),68.4,5.2,3,0,0,25.7,Low,Active,,0,0
763,18,2026-09-01,122985.0,0.911,0.85-0.95 (Below Median),99.3,28.745860712834386,3,0,0,52.3,Moderate,Active,,0,0
764,5,2026-09-01,135675.0,1.005,0.95-1.05 (Target),82.0,16.4,4,1,0,35.6,Moderate,Active,,0,0
765,33,2026-09-01,98800.0,1.04,0.95-1.05 (Target),79.6,7.0,4,0,0,15.6,Low,Active,,0,0
766,74,2026-09-01,92530.0,0.974,0.95-1.05 (Target),82.9,11.0,3,0,0,29.7,Low,Voluntary Resignation,Personal / Relocation,0,1
767,81,2026-09-01,79610.0,0.838,<0.85 (Critical Underpay),73.2,9.8,3,1,0,31.0,Low,Active,,0,0
768,66,2026-09-01,162575.0,0.929,0.85-0.95 (Below Median),71.8,17.4,3,1,0,30.3,Low,Active,,0,0
769,26,2026-09-01,97660.0,1.028,0.95-1.05 (Target),93.8,0.7,3,0,1,16.3,Low,Active,,0,0
770,23,2026-09-01,89870.0,0.946,0.85-0.95 (Below Median),92.6,7.0,3,0,0,17.5,Low,Active,,0,0
771,44,2026-09-01,69550.0,1.07,>1.05 (Premium),104.3,44.02358215466992,3,0,1,59.4,Moderate,Active,,0,0
772,73,2026-09-01,85500.0,0.9,0.85-0.95 (Below Median),79.0,39.3,3,0,0,65.2,Elevated,Voluntary Resignation,Work-Life Balance & Fatigue,0,1
773,78,2026-09-01,58435.0,0.899,0.85-0.95 (Below Median),94.5,0.3,5,0,0,10.4,Low,Active,,0,0
774,22,2026-09-01,95095.0,1.001,0.95-1.05 (Target),88.8,12.1,3,0,1,30.5,Low,Active,,0,0
775,66,2026-09-01,52520.0,0.808,<0.85 (Critical Underpay),84.6,26.1,3,0,0,43.2,Moderate,Active,,0,0
776,33,2026-09-01,153225.0,1.135,>1.05 (Premium),82.9,11.4,3,0,1,19.0,Low,Active,,0,0
777,75,2026-09-01,138915.0,1.029,0.95-1.05 (Target),82.3,3.5,3,0,0,19.6,Low,Active,,0,0
778,6,2026-09-01,76760.0,0.808,<0.85 (Critical Underpay),81.9,39.7,4,1,0,67.5,Elevated,Voluntary Resignation,Competitive Compensation Offer,1,1
779,49,2026-09-01,121905.0,0.903,0.85-0.95 (Below Median),87.9,41.1,3,0,0,67.3,Elevated,Active,,0,0
780,76,2026-09-01,196350.0,0.935,0.85-0.95 (Below Median),91.6,5.2,3,0,0,15.5,Low,Active,,0,0
781,69,2026-09-01,192990.0,0.919,0.85-0.95 (Below Median),90.3,3.3,3,0,1,13.6,Low,Active,,0,0
782,34,2026-09-01,142155.0,1.053,>1.05 (Premium),93.7,3.4,2,0,0,5.0,Low,Active,,0,0
783,77,2026-09-01,85025.0,0.895,0.85-0.95 (Below Median),99.0,39.00681140514997,3,0,0,64.9,Elevated,Voluntary Resignation,Competitive Compensation Offer,0,1
784,77,2026-09-01,138915.0,1.029,0.95-1.05 (Target),95.2,22.792506747477415,3,0,1,34.8,Low,Voluntary Resignation,Personal / Relocation,1,1
785,20,2026-09-01,67015.0,1.031,0.95-1.05 (Target),83.9,5.0,3,0,0,13.4,Low,Active,,0,0
786,40,2026-09-01,123795.0,0.917,0.85-0.95 (Below Median),80.1,51.0,3,0,0,78.9,Elevated,Active,,0,0
787,20,2026-09-01,104025.0,1.095,>1.05 (Premium),83.8,1.9,3,0,0,8.4,Low,Active,,0,0
788,30,2026-09-01,263900.0,1.015,0.95-1.05 (Target),82.6,1.1,4,0,0,5.0,Low,Active,,0,0
789,30,2026-09-01,85975.0,0.905,0.85-0.95 (Below Median),94.7,14.4,4,0,0,35.2,Moderate,Active,,0,0
790,71,2026-09-01,127980.0,0.948,0.85-0.95 (Below Median),76.1,0.6,1,0,0,9.8,Low,Active,,0,0
791,14,2026-09-01,64740.0,0.996,0.95-1.05 (Target),96.1,48.236042825610674,3,1,0,74.0,Elevated,Voluntary Resignation,Work-Life Balance & Fatigue,0,1
792,36,2026-09-01,89395.0,0.941,0.85-0.95 (Below Median),84.5,5.9,4,0,0,16.3,Low,Active,,0,0
793,59,2026-09-01,94620.0,0.996,0.95-1.05 (Target),84.0,21.3,3,1,0,33.6,Low,Active,,0,0
794,35,2026-09-01,96520.0,1.016,0.95-1.05 (Target),87.1,0.5,4,0,1,8.3,Low,Active,,0,0
795,18,2026-09-01,88540.0,0.932,0.85-0.95 (Below Median),88.0,7.1,2,1,0,17.9,Low,Voluntary Resignation,Personal / Relocation,0,1
796,43,2026-09-01,95000.0,1.0,0.95-1.05 (Target),83.8,9.8,3,0,0,19.8,Low,Active,,0,0
797,51,2026-09-01,191940.0,0.914,0.85-0.95 (Below Median),92.9,6.0,3,0,0,8.9,Low,Active,,0,0
798,64,2026-09-01,99085.0,1.043,0.95-1.05 (Target),88.3,2.4,1,0,0,5.0,Low,Active,,0,0
799,49,2026-09-01,55315.0,0.851,0.85-0.95 (Below Median),106.7,32.200508637504896,4,0,1,49.6,Moderate,Voluntary Resignation,Competitive Compensation Offer,1,1
800,57,2026-09-01,222180.0,1.058,>1.05 (Premium),100.8,21.689685656532184,3,0,1,32.9,Low,Active,,0,0
801,84,2026-09-01,208950.0,0.995,0.95-1.05 (Target),85.4,16.6,4,0,1,36.0,Moderate,Active,,0,0
802,60,2026-09-01,56615.0,0.871,0.85-0.95 (Below Median),90.3,5.0,3,0,0,16.6,Low,Voluntary Resignation,Competitive Compensation Offer,0,1
803,12,2026-09-01,89015.0,0.937,0.85-0.95 (Below Median),71.9,3.4,3,0,0,5.3,Low,Active,,0,0
804,65,2026-09-01,93765.0,0.987,0.95-1.05 (Target),101.6,31.569868154916897,3,0,0,54.1,Moderate,Active,,0,0
805,1,2026-09-01,140940.0,1.044,0.95-1.05 (Target),96.2,32.04241466852819,4,0,1,53.6,Moderate,Active,,0,0
806,25,2026-09-01,89965.0,0.947,0.85-0.95 (Below Median),83.6,1.4,3,1,0,10.7,Low,Active,,0,0
807,21,2026-09-01,94620.0,0.996,0.95-1.05 (Target),81.0,18.0,3,0,1,37.7,Moderate,Voluntary Resignation,Career Advancement & Role Velocity,0,1
808,26,2026-09-01,182700.0,0.87,0.85-0.95 (Below Median),86.6,11.7,3,1,0,24.6,Low,Voluntary Resignation,Competitive Compensation Offer,1,1
809,14,2026-09-01,63960.0,0.984,0.95-1.05 (Target),81.0,3.2,4,1,1,20.2,Low,Active,,0,0
810,16,2026-09-01,67275.0,1.035,0.95-1.05 (Target),84.5,7.9,3,1,0,16.8,Low,Active,,0,0
811,45,2026-09-01,58955.0,0.907,0.85-0.95 (Below Median),68.1,0.4,3,0,1,10.3,Low,Active,,0,0
812,74,2026-09-01,86735.0,0.913,0.85-0.95 (Below Median),102.7,32.44561619703441,4,0,0,56.7,Moderate,Voluntary Resignation,Personal / Relocation,1,1
813,4,2026-09-01,62010.0,0.954,0.95-1.05 (Target),61.8,31.3,4,0,1,46.5,Moderate,Voluntary Resignation,Personal / Relocation,1,1
814,52,2026-09-01,62660.0,0.964,0.95-1.05 (Target),84.3,12.2,5,1,0,23.4,Low,Active,,0,0
815,42,2026-09-01,89300.0,0.94,0.85-0.95 (Below Median),76.4,2.9,3,0,0,12.7,Low,Active,,0,0
816,45,2026-09-01,97755.0,1.029,0.95-1.05 (Target),79.1,20.9,3,1,1,32.5,Low,Active,,0,0
817,47,2026-09-01,53690.0,0.826,<0.85 (Critical Underpay),92.1,2.3,4,1,1,14.2,Low,Active,,0,0
818,34,2026-09-01,63440.0,0.976,0.95-1.05 (Target),86.4,3.9,3,0,1,13.2,Low,Active,,0,0
819,15,2026-09-01,81035.0,0.853,0.85-0.95 (Below Median),90.6,13.3,3,0,0,34.9,Low,Voluntary Resignation,Competitive Compensation Offer,0,1
820,84,2026-09-01,55380.0,0.852,0.85-0.95 (Below Median),85.4,9.5,3,0,0,22.4,Low,Active,,0,0
821,24,2026-09-01,87685.0,0.923,0.85-0.95 (Below Median),94.7,7.2,4,0,0,18.2,Low,Active,,0,0
822,53,2026-09-01,58565.0,0.901,0.85-0.95 (Below Median),92.6,0.6,5,0,0,10.7,Low,Active,,0,0
823,6,2026-09-01,140130.0,1.038,0.95-1.05 (Target),84.2,11.5,3,0,0,21.0,Low,Voluntary Resignation,Personal / Relocation,1,1
824,38,2026-09-01,126225.0,0.935,0.85-0.95 (Below Median),99.0,27.66808112318595,4,1,0,42.5,Moderate,Active,,0,0
825,29,2026-09-01,155050.0,0.886,0.85-0.95 (Below Median),95.4,28.636544624272343,3,0,0,44.6,Moderate,Active,,0,0
826,50,2026-09-01,56160.0,0.864,0.85-0.95 (Below Median),75.7,12.8,3,0,0,26.1,Low,Active,,0,0
827,74,2026-09-01,111780.0,0.828,<0.85 (Critical Underpay),103.2,27.93568591395283,3,0,1,53.0,Moderate,Voluntary Resignation,Competitive Compensation Offer,1,1
828,63,2026-09-01,194670.0,0.927,0.85-0.95 (Below Median),93.9,5.7,5,0,0,16.3,Low,Active,,0,0
829,32,2026-09-01,93955.0,0.989,0.95-1.05 (Target),92.6,15.0,3,0,0,26.2,Low,Active,,0,0
830,35,2026-09-01,91105.0,0.959,0.95-1.05 (Target),83.8,25.5,3,0,0,47.4,Moderate,Active,,0,0
831,80,2026-09-01,81890.0,0.862,0.85-0.95 (Below Median),78.2,14.9,2,1,1,28.6,Low,Voluntary Resignation,Competitive Compensation Offer,0,1
832,80,2026-09-01,121365.0,0.899,0.85-0.95 (Below Median),74.0,29.9,5,0,0,53.9,Moderate,Active,,0,0
833,49,2026-09-01,134190.0,0.994,0.95-1.05 (Target),90.3,5.6,3,0,0,22.8,Low,Active,,0,0
834,77,2026-09-01,65390.0,1.006,0.95-1.05 (Target),80.3,7.3,4,0,0,16.6,Low,Active,,0,0
835,81,2026-09-01,135540.0,1.004,0.95-1.05 (Target),95.2,22.53755940527117,2,0,0,35.0,Low,Active,,0,0
836,42,2026-09-01,68835.0,1.059,>1.05 (Premium),91.0,10.7,3,1,0,19.7,Low,Active,,0,0
837,33,2026-09-01,177275.0,1.013,0.95-1.05 (Target),108.1,65.0,5,0,0,100.0,Critical Exhaustion,Voluntary Resignation,Work-Life Balance & Fatigue,1,1
838,25,2026-09-01,73710.0,1.134,>1.05 (Premium),70.5,1.6,5,0,0,7.2,Low,Active,,0,0
839,71,2026-09-01,62790.0,0.966,0.95-1.05 (Target),81.6,7.1,5,0,0,17.2,Low,Active,,0,0
840,65,2026-09-01,54860.0,0.844,<0.85 (Critical Underpay),103.9,46.997324515483946,3,0,1,83.5,Critical Exhaustion,Active,,0,0
841,39,2026-09-01,86260.0,0.908,0.85-0.95 (Below Median),81.1,13.4,4,0,0,25.9,Low,Voluntary Resignation,Personal / Relocation,1,1
842,16,2026-09-01,243880.0,0.938,0.85-0.95 (Below Median),90.6,19.6,3,0,1,40.8,Moderate,Active,,0,0
843,24,2026-09-01,144450.0,1.07,>1.05 (Premium),86.7,7.8,4,0,0,8.0,Low,Active,,0,0
844,54,2026-09-01,118260.0,0.876,0.85-0.95 (Below Median),80.2,12.6,2,0,1,25.6,Low,Active,,0,0
845,67,2026-09-01,99560.0,1.048,0.95-1.05 (Target),93.7,0.6,3,0,0,15.8,Low,Voluntary Resignation,Personal / Relocation,0,1
846,82,2026-09-01,207480.0,0.988,0.95-1.05 (Target),74.6,8.8,3,1,0,18.8,Low,Active,,0,0
847,51,2026-09-01,70005.0,1.077,>1.05 (Premium),71.0,35.2,3,0,0,56.7,Moderate,Active,,0,0
848,45,2026-09-01,68055.0,1.047,0.95-1.05 (Target),80.3,4.0,3,0,0,11.9,Low,Active,,0,0
849,1,2026-09-01,96425.0,1.015,0.95-1.05 (Target),84.5,14.8,4,1,0,33.5,Low,Active,,0,0
850,80,2026-09-01,52845.0,0.813,<0.85 (Critical Underpay),82.2,11.9,2,1,0,26.0,Low,Active,,0,0
851,16,2026-09-01,201810.0,0.961,0.95-1.05 (Target),75.5,27.8,3,1,0,50.1,Moderate,Voluntary Resignation,Personal / Relocation,1,1
852,55,2026-09-01,120825.0,0.895,0.85-0.95 (Below Median),75.4,65.0,3,0,0,100.0,Critical Exhaustion,Voluntary Resignation,Competitive Compensation Offer,1,1
853,50,2026-09-01,86830.0,0.914,0.85-0.95 (Below Median),86.7,22.3,3,0,1,44.5,Moderate,Voluntary Resignation,Personal / Relocation,0,1
854,12,2026-09-01,68120.0,1.048,0.95-1.05 (Target),85.2,26.4,3,0,0,38.7,Moderate,Voluntary Resignation,Personal / Relocation,0,1
855,81,2026-09-01,184450.0,1.054,>1.05 (Premium),93.7,16.1,4,0,0,26.2,Low,Voluntary Resignation,Personal / Relocation,1,1
856,9,2026-09-01,99560.0,1.048,0.95-1.05 (Target),85.9,20.9,2,1,0,32.1,Low,Active,,0,0
857,70,2026-09-01,128250.0,0.95,0.85-0.95 (Below Median),102.4,27.03379931447216,3,0,0,49.4,Moderate,Active,,0,0
858,29,2026-09-01,88730.0,0.934,0.85-0.95 (Below Median),81.8,1.5,4,0,0,11.1,Low,Active,,0,0
859,63,2026-09-01,152075.0,0.869,0.85-0.95 (Below Median),83.1,23.4,3,0,0,38.7,Moderate,Voluntary Resignation,Competitive Compensation Offer,1,1
860,4,2026-09-01,144585.0,1.071,>1.05 (Premium),102.6,23.202831153687253,3,0,0,34.4,Low,Active,,0,0
861,43,2026-09-01,83505.0,0.879,0.85-0.95 (Below Median),100.4,34.3061629734172,4,0,0,59.6,Moderate,Voluntary Resignation,Competitive Compensation Offer,1,1
862,24,2026-09-01,70110.0,0.738,<0.85 (Critical Underpay),82.6,7.3,3,1,0,30.0,Low,Active,,0,0
863,70,2026-09-01,91200.0,0.96,0.95-1.05 (Target),86.9,22.9,4,1,0,44.3,Moderate,Active,,0,0
864,58,2026-09-01,93195.0,0.981,0.95-1.05 (Target),73.7,54.2,2,0,0,81.4,Critical Exhaustion,Voluntary Resignation,Work-Life Balance & Fatigue,0,1
865,75,2026-09-01,59410.0,0.914,0.85-0.95 (Below Median),82.1,13.4,5,0,0,25.8,Low,Active,,0,0
866,20,2026-09-01,67730.0,1.042,0.95-1.05 (Target),83.8,39.1,5,1,0,70.1,Elevated,Active,,0,0
867,11,2026-09-01,224910.0,1.071,>1.05 (Premium),82.5,34.0,4,0,0,55.4,Moderate,Active,,0,0
868,50,2026-09-01,211260.0,1.006,0.95-1.05 (Target),84.5,11.7,2,0,0,29.9,Low,Voluntary Resignation,Personal / Relocation,1,1
869,83,2026-09-01,86070.0,0.906,0.85-0.95 (Below Median),97.5,30.406274592230776,3,0,1,54.4,Moderate,Active,,0,0
870,76,2026-09-01,140535.0,1.041,0.95-1.05 (Target),82.1,16.7,3,0,1,35.2,Moderate,Active,,0,0
871,53,2026-09-01,136890.0,1.014,0.95-1.05 (Target),87.4,26.6,2,1,0,47.6,Moderate,Active,,0,0
872,63,2026-09-01,91485.0,0.963,0.95-1.05 (Target),82.8,5.9,3,0,0,23.8,Low,Active,,0,0
873,62,2026-09-01,62790.0,0.966,0.95-1.05 (Target),88.2,8.4,2,0,0,18.8,Low,Active,,0,0
874,17,2026-09-01,87020.0,0.916,0.85-0.95 (Below Median),92.4,18.1,3,1,0,31.4,Low,Active,,0,0
875,57,2026-09-01,170450.0,0.974,0.95-1.05 (Target),90.1,3.7,3,0,1,5.0,Low,Active,,0,0
876,23,2026-09-01,83315.0,0.877,0.85-0.95 (Below Median),89.1,26.1,3,1,0,49.8,Moderate,Active,,0,0
877,21,2026-09-01,60450.0,0.93,0.85-0.95 (Below Median),84.9,7.2,2,0,1,18.0,Low,Voluntary Resignation,Personal / Relocation,0,1
878,8,2026-09-01,163975.0,0.937,0.85-0.95 (Below Median),94.4,6.4,3,1,1,16.9,Low,Active,,0,0
879,28,2026-09-01,62400.0,0.96,0.95-1.05 (Target),87.9,11.9,3,1,0,23.1,Low,Active,,0,0
880,49,2026-09-01,143775.0,1.065,>1.05 (Premium),72.6,33.7,4,0,0,55.1,Moderate,Voluntary Resignation,Personal / Relocation,1,1
881,40,2026-09-01,102410.0,1.078,>1.05 (Premium),92.5,17.9,4,1,0,19.9,Low,Active,,0,0
882,45,2026-09-01,56290.0,0.866,0.85-0.95 (Below Median),102.3,49.32260407303378,2,0,1,77.9,Elevated,Voluntary Resignation,Competitive Compensation Offer,0,1
883,53,2026-09-01,93385.0,0.983,0.95-1.05 (Target),102.4,32.01981675891076,3,1,1,54.8,Moderate,Active,,0,0
884,48,2026-09-01,96330.0,1.014,0.95-1.05 (Target),88.2,1.4,3,1,0,17.4,Low,Active,,0,0
885,50,2026-09-01,52260.0,0.804,<0.85 (Critical Underpay),85.2,1.5,2,0,1,13.7,Low,Voluntary Resignation,Competitive Compensation Offer,0,1
886,4,2026-09-01,165900.0,0.948,0.85-0.95 (Below Median),84.5,43.2,4,0,0,68.9,Elevated,Voluntary Resignation,Work-Life Balance & Fatigue,1,1
887,82,2026-09-01,115560.0,0.856,0.85-0.95 (Below Median),82.2,11.2,2,0,0,24.3,Low,Active,,0,0
888,60,2026-09-01,95760.0,1.008,0.95-1.05 (Target),71.2,15.0,3,1,0,25.8,Low,Active,,0,0
889,32,2026-09-01,139050.0,1.03,0.95-1.05 (Target),83.0,5.2,3,0,1,13.6,Low,Active,,0,0
890,43,2026-09-01,73720.0,0.776,<0.85 (Critical Underpay),85.8,29.9,2,0,0,56.4,Moderate,Voluntary Resignation,Competitive Compensation Offer,0,1
891,4,2026-09-01,174825.0,0.999,0.95-1.05 (Target),90.0,3.0,2,0,0,11.6,Low,Active,,0,0
892,25,2026-09-01,73150.0,0.77,<0.85 (Critical Underpay),84.3,16.6,4,0,0,40.5,Moderate,Active,,0,0
893,59,2026-09-01,263640.0,1.014,0.95-1.05 (Target),82.5,0.0,3,0,0,7.7,Low,Active,,0,0
894,61,2026-09-01,64740.0,0.996,0.95-1.05 (Target),92.6,13.6,3,0,0,32.4,Low,Voluntary Resignation,Personal / Relocation,0,1
895,58,2026-09-01,190050.0,0.905,0.85-0.95 (Below Median),97.0,39.82617808137468,2,0,0,65.7,Elevated,Voluntary Resignation,Work-Life Balance & Fatigue,1,1
896,9,2026-09-01,109725.0,1.155,>1.05 (Premium),80.8,11.8,2,0,1,11.1,Low,Active,,0,0
897,62,2026-09-01,89965.0,0.947,0.85-0.95 (Below Median),79.1,13.5,3,1,0,33.3,Low,Active,,0,0
898,38,2026-09-01,67275.0,1.035,0.95-1.05 (Target),104.3,24.566795368280975,2,0,1,44.8,Moderate,Voluntary Resignation,Personal / Relocation,0,1
899,2,2026-09-01,102695.0,1.081,>1.05 (Premium),79.8,5.5,4,0,0,21.0,Low,Active,,0,0
900,71,2026-09-01,167825.0,0.959,0.95-1.05 (Target),77.0,4.5,3,0,0,14.2,Low,Active,,0,0
901,8,2026-09-01,137835.0,1.021,0.95-1.05 (Target),84.2,4.5,3,0,0,13.0,Low,Active,,0,0
902,35,2026-09-01,179375.0,1.025,0.95-1.05 (Target),76.8,31.1,3,0,0,44.8,Moderate,Voluntary Resignation,Career Advancement & Role Velocity,1,1
903,11,2026-09-01,127575.0,0.945,0.85-0.95 (Below Median),76.2,2.7,3,0,1,12.3,Low,Active,,0,0
904,47,2026-09-01,62400.0,0.96,0.95-1.05 (Target),89.9,0.6,2,1,1,9.5,Low,Active,,0,0
905,22,2026-09-01,147175.0,0.841,<0.85 (Critical Underpay),79.0,4.7,3,0,0,16.8,Low,Active,,0,0
906,45,2026-09-01,165025.0,0.943,0.85-0.95 (Below Median),81.6,3.7,3,0,0,21.6,Low,Active,,0,0
907,70,2026-09-01,83980.0,0.884,0.85-0.95 (Below Median),84.9,13.5,3,0,0,26.5,Low,Active,,0,0
908,64,2026-09-01,162225.0,0.927,0.85-0.95 (Below Median),85.3,6.5,3,0,1,25.3,Low,Active,,0,0
909,39,2026-09-01,81700.0,0.86,0.85-0.95 (Below Median),76.3,2.3,4,0,0,13.6,Low,Active,,0,0
910,17,2026-09-01,138915.0,1.029,0.95-1.05 (Target),72.2,3.8,3,0,0,12.0,Low,Active,,0,0
911,22,2026-09-01,173425.0,0.991,0.95-1.05 (Target),104.6,35.30000623398997,3,0,0,58.5,Moderate,Active,,0,0
912,27,2026-09-01,59865.0,0.921,0.85-0.95 (Below Median),85.8,51.4,3,0,0,79.3,Elevated,Voluntary Resignation,Work-Life Balance & Fatigue,0,1
913,72,2026-09-01,60255.0,0.927,0.85-0.95 (Below Median),86.9,24.0,2,0,0,38.3,Moderate,Voluntary Resignation,Personal / Relocation,0,1
914,9,2026-09-01,70330.0,1.082,>1.05 (Premium),81.8,11.1,3,1,0,19.7,Low,Active,,0,0
915,48,2026-09-01,123255.0,0.913,0.85-0.95 (Below Median),95.4,48.06769603502314,4,0,0,75.4,Elevated,Voluntary Resignation,Work-Life Balance & Fatigue,1,1
916,12,2026-09-01,61880.0,0.952,0.95-1.05 (Target),84.5,11.9,5,1,1,31.2,Low,Active,,0,0
917,66,2026-09-01,157500.0,0.9,0.85-0.95 (Below Median),82.2,9.2,4,0,1,21.0,Low,Active,,0,0
918,79,2026-09-01,92530.0,0.974,0.95-1.05 (Target),77.7,2.6,3,0,1,11.6,Low,Active,,0,0
919,57,2026-09-01,150150.0,0.858,0.85-0.95 (Below Median),77.5,3.7,4,0,0,7.3,Low,Active,,0,0
920,79,2026-09-01,57265.0,0.881,0.85-0.95 (Below Median),85.0,16.2,3,0,0,29.8,Low,Active,,0,0
921,1,2026-09-01,151065.0,1.119,>1.05 (Premium),100.8,28.66759053974971,3,0,0,32.0,Low,Active,,0,0
922,76,2026-09-01,106210.0,1.118,>1.05 (Premium),79.2,0.7,3,1,1,6.5,Low,Active,,0,0
923,36,2026-09-01,89110.0,0.938,0.85-0.95 (Below Median),85.2,4.5,5,0,1,14.6,Low,Active,,0,0
924,23,2026-09-01,218610.0,1.041,0.95-1.05 (Target),76.5,5.8,5,0,0,14.1,Low,Active,,0,0
925,71,2026-09-01,89205.0,0.939,0.85-0.95 (Below Median),75.2,5.9,5,0,0,24.3,Low,Active,,0,0
926,29,2026-09-01,110200.0,1.16,>1.05 (Premium),86.2,5.0,3,0,0,10.8,Low,Active,,0,0
927,26,2026-09-01,99750.0,1.05,0.95-1.05 (Target),79.0,5.3,3,0,0,5.4,Low,Active,,0,0
928,77,2026-09-01,87495.0,0.921,0.85-0.95 (Below Median),81.3,10.6,3,0,0,22.3,Low,Active,,0,0
929,4,2026-09-01,135810.0,1.006,0.95-1.05 (Target),92.6,20.6,3,1,0,40.6,Moderate,Voluntary Resignation,Personal / Relocation,1,1
930,3,2026-09-01,172725.0,0.987,0.95-1.05 (Target),79.9,8.1,4,1,1,18.0,Low,Active,,0,0
931,79,2026-09-01,62270.0,0.958,0.95-1.05 (Target),86.7,21.4,3,1,1,34.5,Low,Active,,0,0
932,79,2026-09-01,98040.0,1.032,0.95-1.05 (Target),93.1,19.2,3,0,0,30.4,Low,Active,,0,0
933,4,2026-09-01,79420.0,0.836,<0.85 (Critical Underpay),80.7,1.4,4,1,0,13.0,Low,Voluntary Resignation,Competitive Compensation Offer,1,1
934,20,2026-09-01,78850.0,0.83,<0.85 (Critical Underpay),71.0,1.3,3,0,0,21.0,Low,Active,,0,0
935,45,2026-09-01,101175.0,1.065,>1.05 (Premium),74.2,12.5,2,1,0,37.7,Moderate,Active,,0,0
936,15,2026-09-01,89300.0,0.94,0.85-0.95 (Below Median),89.3,3.1,3,1,0,20.9,Low,Active,,0,0
937,59,2026-09-01,91200.0,0.96,0.95-1.05 (Target),91.5,7.4,2,1,0,9.7,Low,Active,,0,0
938,28,2026-09-01,99465.0,1.047,0.95-1.05 (Target),94.9,16.1,3,0,0,34.4,Low,Active,,0,0
939,10,2026-09-01,130140.0,0.964,0.95-1.05 (Target),106.9,35.04247438481353,5,0,0,58.8,Moderate,Voluntary Resignation,Personal / Relocation,1,1
940,53,2026-09-01,84930.0,0.894,0.85-0.95 (Below Median),73.6,23.7,3,0,0,46.6,Moderate,Voluntary Resignation,Competitive Compensation Offer,0,1
941,59,2026-09-01,113535.0,0.841,<0.85 (Critical Underpay),86.2,1.1,3,1,0,20.5,Low,Active,,0,0
942,44,2026-09-01,113265.0,0.839,<0.85 (Critical Underpay),82.4,6.4,3,0,0,26.9,Low,Voluntary Resignation,Competitive Compensation Offer,1,1
943,79,2026-09-01,83315.0,0.877,0.85-0.95 (Below Median),84.8,0.5,3,0,0,11.1,Low,Active,,0,0
944,73,2026-09-01,91010.0,0.958,0.95-1.05 (Target),89.9,7.0,3,0,0,17.2,Low,Active,,0,0
945,33,2026-09-01,61620.0,0.948,0.85-0.95 (Below Median),89.5,14.3,3,1,0,34.2,Low,Active,,0,0
946,13,2026-09-01,238420.0,0.917,0.85-0.95 (Below Median),82.3,5.0,4,0,0,15.7,Low,Active,,0,0
947,83,2026-09-01,93575.0,0.985,0.95-1.05 (Target),104.2,33.83665557581241,5,0,0,56.9,Moderate,Voluntary Resignation,Personal / Relocation,1,1
948,13,2026-09-01,190750.0,1.09,>1.05 (Premium),70.8,4.2,3,0,0,11.2,Low,Active,,0,0
949,10,2026-09-01,94715.0,0.997,0.95-1.05 (Target),99.9,21.583092969839697,3,0,0,42.0,Moderate,Active,,0,0
950,27,2026-09-01,69485.0,1.069,>1.05 (Premium),100.4,45.83537051959328,3,0,1,61.6,Elevated,Voluntary Resignation,Personal / Relocation,0,1
951,19,2026-09-01,95950.0,1.01,0.95-1.05 (Target),90.2,13.5,4,0,0,32.0,Low,Active,,0,0
952,67,2026-09-01,79420.0,0.836,<0.85 (Critical Underpay),95.8,21.32632783534949,5,0,0,36.9,Moderate,Active,,0,0
953,54,2026-09-01,85785.0,0.903,0.85-0.95 (Below Median),75.9,3.0,3,0,1,13.5,Low,Active,,0,0
954,14,2026-09-01,84835.0,0.893,0.85-0.95 (Below Median),96.0,38.24226540221602,5,1,0,64.0,Elevated,Active,,0,0
955,16,2026-09-01,69810.0,1.074,>1.05 (Premium),85.1,9.9,3,0,1,18.4,Low,Active,,0,0
956,33,2026-09-01,166775.0,0.953,0.95-1.05 (Target),87.1,10.4,4,0,1,13.4,Low,Active,,0,0
957,72,2026-09-01,71045.0,1.093,>1.05 (Premium),84.8,15.1,3,0,1,24.3,Low,Active,,0,0
958,51,2026-09-01,146475.0,1.085,>1.05 (Premium),75.7,33.4,3,0,0,70.4,Elevated,Voluntary Resignation,Work-Life Balance & Fatigue,1,1
959,44,2026-09-01,184800.0,0.88,0.85-0.95 (Below Median),96.6,19.35127918354412,3,0,1,33.6,Low,Voluntary Resignation,Competitive Compensation Offer,1,1
960,35,2026-09-01,62530.0,0.962,0.95-1.05 (Target),91.8,25.0,4,0,0,38.8,Moderate,Voluntary Resignation,Career Advancement & Role Velocity,1,1
961,33,2026-09-01,87970.0,0.926,0.85-0.95 (Below Median),86.7,1.6,3,0,0,11.4,Low,Active,,0,0
962,74,2026-09-01,62790.0,0.966,0.95-1.05 (Target),85.1,2.1,4,0,1,11.2,Low,Active,,0,0
963,30,2026-09-01,70200.0,1.08,>1.05 (Premium),74.4,23.5,3,0,0,26.6,Low,Active,,0,0
964,38,2026-09-01,95475.0,1.005,0.95-1.05 (Target),98.9,32.30959064851735,5,0,0,54.7,Moderate,Active,,0,0
965,42,2026-09-01,89015.0,0.937,0.85-0.95 (Below Median),88.6,6.4,3,0,1,16.9,Low,Voluntary Resignation,Personal / Relocation,0,1
966,11,2026-09-01,52195.0,0.803,<0.85 (Critical Underpay),81.1,44.3,4,0,0,73.1,Elevated,Voluntary Resignation,Competitive Compensation Offer,1,1
967,42,2026-09-01,89870.0,0.946,0.85-0.95 (Below Median),75.4,4.0,3,1,0,13.9,Low,Active,,0,0
968,59,2026-09-01,100700.0,1.06,>1.05 (Premium),90.8,29.4,4,0,0,42.1,Moderate,Active,,0,0
969,9,2026-09-01,133515.0,0.989,0.95-1.05 (Target),102.5,29.95832216177929,3,0,1,44.2,Moderate,Active,,0,0
970,64,2026-09-01,118260.0,0.876,0.85-0.95 (Below Median),77.7,30.9,5,0,0,55.6,Moderate,Voluntary Resignation,Competitive Compensation Offer,1,1
971,10,2026-09-01,93480.0,0.984,0.95-1.05 (Target),103.7,43.60614788180196,4,0,0,76.6,Elevated,Voluntary Resignation,Work-Life Balance & Fatigue,1,1
972,83,2026-09-01,121635.0,0.901,0.85-0.95 (Below Median),83.3,12.9,4,0,0,25.5,Low,Active,,0,0
973,77,2026-09-01,95570.0,1.006,0.95-1.05 (Target),80.1,3.2,3,0,0,11.7,Low,Active,,0,0
974,64,2026-09-01,91390.0,0.962,0.95-1.05 (Target),87.9,0.5,3,0,0,5.0,Low,Active,,0,0
975,6,2026-09-01,86925.0,0.915,0.85-0.95 (Below Median),82.5,6.6,4,1,0,9.6,Low,Active,,0,0
976,18,2026-09-01,128655.0,0.953,0.95-1.05 (Target),90.7,4.8,3,1,0,14.7,Low,Active,,0,0
977,32,2026-09-01,64610.0,0.994,0.95-1.05 (Target),88.0,18.4,4,0,0,38.2,Moderate,Active,,0,0
978,13,2026-09-01,64740.0,0.996,0.95-1.05 (Target),81.8,9.3,3,0,0,19.2,Low,Active,,0,0
979,54,2026-09-01,130680.0,0.968,0.95-1.05 (Target),90.2,14.2,4,0,1,25.7,Low,Active,,0,0
980,53,2026-09-01,94430.0,0.994,0.95-1.05 (Target),70.6,14.1,3,1,1,33.0,Low,Active,,0,0
981,44,2026-09-01,99180.0,1.044,0.95-1.05 (Target),90.8,13.8,3,0,0,23.7,Low,Active,,0,0
982,20,2026-09-01,57005.0,0.877,0.85-0.95 (Below Median),77.1,1.8,3,0,0,5.0,Low,Active,,0,0
983,2,2026-09-01,96710.0,1.018,0.95-1.05 (Target),90.4,19.5,2,0,0,39.0,Moderate,Active,,0,0
984,62,2026-09-01,66690.0,1.026,0.95-1.05 (Target),87.8,7.1,4,1,1,16.0,Low,Active,,0,0
985,41,2026-09-01,97660.0,1.028,0.95-1.05 (Target),77.0,9.5,4,0,0,18.8,Low,Active,,0,0
986,37,2026-09-01,186200.0,1.064,>1.05 (Premium),96.8,47.372092327365365,2,0,1,71.6,Elevated,Voluntary Resignation,Work-Life Balance & Fatigue,1,1
987,51,2026-09-01,194880.0,0.928,0.85-0.95 (Below Median),99.4,20.600747292509816,3,0,0,42.2,Moderate,Voluntary Resignation,Personal / Relocation,1,1
988,61,2026-09-01,60710.0,0.934,0.85-0.95 (Below Median),78.2,9.1,3,0,0,20.2,Low,Active,,0,0
989,39,2026-09-01,110010.0,1.158,>1.05 (Premium),85.7,31.9,3,0,0,43.1,Moderate,Voluntary Resignation,Personal / Relocation,0,1
990,73,2026-09-01,139455.0,1.033,0.95-1.05 (Target),95.3,40.85047819696848,3,0,0,56.4,Moderate,Voluntary Resignation,Personal / Relocation,1,1
991,52,2026-09-01,94715.0,0.997,0.95-1.05 (Target),95.6,33.2420395410216,4,0,0,56.0,Moderate,Voluntary Resignation,Personal / Relocation,1,1
992,30,2026-09-01,97375.0,1.025,0.95-1.05 (Target),78.0,19.7,3,0,0,39.1,Moderate,Voluntary Resignation,Personal / Relocation,0,1
993,37,2026-09-01,82460.0,0.868,0.85-0.95 (Below Median),85.6,8.0,2,0,0,20.2,Low,Active,,0,0
994,47,2026-09-01,59930.0,0.922,0.85-0.95 (Below Median),80.9,1.1,4,0,0,10.9,Low,Active,,0,0
995,40,2026-09-01,96615.0,1.017,0.95-1.05 (Target),85.1,10.7,3,1,0,20.5,Low,Voluntary Resignation,Personal / Relocation,0,1
996,46,2026-09-01,92720.0,0.976,0.95-1.05 (Target),98.1,56.54211198291498,5,0,0,92.3,Critical Exhaustion,Voluntary Resignation,Work-Life Balance & Fatigue,1,1
997,59,2026-09-01,235300.0,0.905,0.85-0.95 (Below Median),95.3,29.82695463916495,3,0,0,45.7,Moderate,Voluntary Resignation,Personal / Relocation,0,1
998,68,2026-09-01,276900.0,1.065,>1.05 (Premium),83.4,1.3,3,0,0,8.3,Low,Active,,0,0
999,50,2026-09-01,70655.0,1.087,>1.05 (Premium),94.1,9.9,3,0,1,18.1,Low,Active,,0,0
1000,4,2026-09-01,236040.0,1.124,>1.05 (Premium),97.1,34.977240358487364,3,0,1,55.5,Moderate,Active,,0,0
1001,60,2026-09-01,93005.0,0.979,0.95-1.05 (Target),86.9,4.9,3,0,0,6.3,Low,Active,,0,0
1002,80,2026-09-01,104215.0,1.097,>1.05 (Premium),107.4,44.99339298980198,5,0,0,68.1,Elevated,Voluntary Resignation,Work-Life Balance & Fatigue,1,1
1003,22,2026-09-01,129735.0,0.961,0.95-1.05 (Target),100.9,22.98425567892604,4,0,0,36.4,Moderate,Voluntary Resignation,Personal / Relocation,1,1
1004,34,2026-09-01,94050.0,0.99,0.95-1.05 (Target),88.9,2.6,4,0,1,11.3,Low,Active,,0,0
1005,45,2026-09-01,120285.0,0.891,0.85-0.95 (Below Median),98.0,31.15838169243899,5,0,0,47.6,Moderate,Voluntary Resignation,Competitive Compensation Offer,1,1
1006,41,2026-09-01,92150.0,0.97,0.95-1.05 (Target),68.3,2.0,3,0,0,11.0,Low,Active,,0,0
1007,20,2026-09-01,57005.0,0.877,0.85-0.95 (Below Median),79.3,11.7,4,0,1,40.5,Moderate,Active,,0,0
1008,82,2026-09-01,86450.0,0.91,0.85-0.95 (Below Median),89.0,11.8,3,0,0,24.0,Low,Active,,0,0
1009,45,2026-09-01,178920.0,0.852,0.85-0.95 (Below Median),86.3,1.8,2,0,1,13.1,Low,Active,,0,0
1010,58,2026-09-01,206010.0,0.981,0.95-1.05 (Target),76.4,12.9,3,0,1,31.9,Low,Voluntary Resignation,Personal / Relocation,1,1
1011,44,2026-09-01,84075.0,0.885,0.85-0.95 (Below Median),81.1,25.5,4,1,0,48.9,Moderate,Active,,0,0
1012,19,2026-09-01,95570.0,1.006,0.95-1.05 (Target),100.6,47.14043845805176,4,0,0,72.4,Elevated,Voluntary Resignation,Work-Life Balance & Fatigue,1,1
1013,41,2026-09-01,100415.0,1.057,>1.05 (Premium),78.2,13.3,2,0,0,22.8,Low,Active,,0,0
1014,7,2026-09-01,166075.0,0.949,0.85-0.95 (Below Median),78.1,13.4,3,0,1,25.1,Low,Voluntary Resignation,Personal / Relocation,1,1
1015,11,2026-09-01,63895.0,0.983,0.95-1.05 (Target),78.8,3.9,3,1,0,13.0,Low,Active,,0,0
1016,25,2026-09-01,177450.0,0.845,<0.85 (Critical Underpay),84.3,17.2,3,0,1,39.7,Moderate,Active,,0,0
1017,26,2026-09-01,65650.0,1.01,0.95-1.05 (Target),102.8,31.444236574425936,3,1,1,53.5,Moderate,Active,,0,0
1018,67,2026-09-01,50895.0,0.783,<0.85 (Critical Underpay),93.9,11.9,5,1,0,26.6,Low,Active,,0,0
1019,49,2026-09-01,151025.0,0.863,0.85-0.95 (Below Median),87.2,9.6,2,1,0,22.3,Low,Voluntary Resignation,Competitive Compensation Offer,1,1
1020,26,2026-09-01,217770.0,1.037,0.95-1.05 (Target),78.2,12.1,3,0,0,21.8,Low,Active,,0,0
1021,6,2026-09-01,62985.0,0.969,0.95-1.05 (Target),91.6,36.0,3,0,1,51.8,Moderate,Voluntary Resignation,Personal / Relocation,0,1
1022,64,2026-09-01,81605.0,0.859,0.85-0.95 (Below Median),84.8,0.3,3,1,0,11.2,Low,Active,,0,0
1023,66,2026-09-01,82745.0,0.871,0.85-0.95 (Below Median),85.7,24.0,3,0,0,39.4,Moderate,Voluntary Resignation,Competitive Compensation Offer,0,1
1024,12,2026-09-01,64090.0,0.986,0.95-1.05 (Target),91.0,22.9,5,0,1,43.8,Moderate,Active,,0,0
1025,52,2026-09-01,52260.0,0.804,<0.85 (Critical Underpay),78.2,10.8,4,1,0,24.9,Low,Active,,0,0
1026,37,2026-09-01,120015.0,0.889,0.85-0.95 (Below Median),89.2,9.5,3,0,0,13.6,Low,Active,,0,0
1027,83,2026-09-01,122040.0,0.904,0.85-0.95 (Below Median),65.4,17.7,4,0,0,31.2,Low,Voluntary Resignation,Personal / Relocation,1,1
1028,50,2026-09-01,60775.0,0.935,0.85-0.95 (Below Median),91.4,1.4,3,0,1,5.0,Low,Active,,0,0
1029,24,2026-09-01,149715.0,1.109,>1.05 (Premium),83.3,18.7,3,0,1,28.3,Low,Active,,0,0
1030,3,2026-09-01,61425.0,0.945,0.85-0.95 (Below Median),94.1,7.5,3,0,1,18.1,Low,Active,,0,0
1031,13,2026-09-01,207270.0,0.987,0.95-1.05 (Target),95.2,22.54771936582093,3,0,0,43.3,Moderate,Voluntary Resignation,Personal / Relocation,1,1
1032,64,2026-09-01,195720.0,0.932,0.85-0.95 (Below Median),78.5,11.1,3,0,1,30.7,Low,Active,,0,0
1033,44,2026-09-01,85500.0,0.9,0.85-0.95 (Below Median),91.2,0.4,4,0,1,10.5,Low,Active,,0,0
1034,71,2026-09-01,174720.0,0.832,<0.85 (Critical Underpay),97.0,28.09989810974941,5,0,1,53.1,Moderate,Active,,0,0
1035,28,2026-09-01,55705.0,0.857,0.85-0.95 (Below Median),76.9,18.2,3,0,0,32.7,Low,Voluntary Resignation,Competitive Compensation Offer,0,1
1036,57,2026-09-01,99275.0,1.045,0.95-1.05 (Target),80.1,15.6,4,1,1,25.8,Low,Active,,0,0
1037,77,2026-09-01,125955.0,0.933,0.85-0.95 (Below Median),87.5,22.3,4,0,0,44.1,Moderate,Voluntary Resignation,Personal / Relocation,1,1
1038,76,2026-09-01,70200.0,1.08,>1.05 (Premium),88.9,19.9,3,0,1,38.3,Moderate,Voluntary Resignation,Personal / Relocation,0,1
1039,55,2026-09-01,106875.0,1.125,>1.05 (Premium),88.0,22.5,3,0,0,40.5,Moderate,Active,,0,0
1040,10,2026-09-01,57265.0,0.881,0.85-0.95 (Below Median),82.8,6.0,3,1,1,17.6,Low,Active,,0,0
1041,60,2026-09-01,98610.0,1.038,0.95-1.05 (Target),75.2,1.5,3,0,0,5.0,Low,Active,,0,0
1042,58,2026-09-01,92435.0,0.973,0.95-1.05 (Target),86.2,7.7,3,0,0,17.8,Low,Voluntary Resignation,Personal / Relocation,0,1
1043,41,2026-09-01,97375.0,1.025,0.95-1.05 (Target),78.6,42.1,2,0,0,66.0,Elevated,Active,,0,0
1044,73,2026-09-01,137565.0,1.019,0.95-1.05 (Target),97.3,20.460981141695743,4,0,0,32.2,Low,Voluntary Resignation,Career Advancement & Role Velocity,1,1
1045,28,2026-09-01,103645.0,1.091,>1.05 (Premium),76.2,19.9,3,1,0,38.1,Moderate,Voluntary Resignation,Personal / Relocation,0,1
1046,4,2026-09-01,105030.0,0.778,<0.85 (Critical Underpay),86.1,7.9,3,1,1,21.9,Low,Active,,0,0
1047,61,2026-09-01,67405.0,1.037,0.95-1.05 (Target),80.5,15.6,3,0,0,26.0,Low,Active,,0,0
1048,84,2026-09-01,58305.0,0.897,0.85-0.95 (Below Median),83.6,5.5,3,1,0,16.7,Low,Active,,0,0
1049,15,2026-09-01,203910.0,0.971,0.95-1.05 (Target),100.8,22.954978748189266,2,0,0,44.1,Moderate,Voluntary Resignation,Personal / Relocation,1,1
1050,55,2026-09-01,93195.0,0.981,0.95-1.05 (Target),86.3,12.5,2,0,1,31.4,Low,Voluntary Resignation,Personal / Relocation,0,1
1051,66,2026-09-01,65845.0,1.013,0.95-1.05 (Target),79.8,17.2,3,1,0,36.4,Moderate,Active,,0,0
1052,84,2026-09-01,69290.0,1.066,>1.05 (Premium),72.3,8.4,4,0,0,16.8,Low,Active,,0,0
1053,35,2026-09-01,69160.0,1.064,>1.05 (Premium),89.7,19.5,2,1,1,38.1,Moderate,Active,,0,0
1054,43,2026-09-01,126630.0,0.938,0.85-0.95 (Below Median),78.9,3.9,3,1,0,5.9,Low,Active,,0,0
1055,52,2026-09-01,121905.0,0.903,0.85-0.95 (Below Median),82.7,1.7,3,1,0,12.0,Low,Active,,0,0
1056,16,2026-09-01,120285.0,0.891,0.85-0.95 (Below Median),86.7,7.4,3,0,1,27.1,Low,Active,,0,0
1057,49,2026-09-01,95285.0,1.003,0.95-1.05 (Target),95.0,23.6,3,0,0,44.3,Moderate,Active,,0,0
1058,17,2026-09-01,74945.0,1.153,>1.05 (Premium),85.7,5.7,3,0,0,19.8,Low,Active,,0,0
1059,62,2026-09-01,126495.0,0.937,0.85-0.95 (Below Median),78.5,2.1,4,0,1,11.8,Low,Active,,0,0
1060,20,2026-09-01,125280.0,0.928,0.85-0.95 (Below Median),79.2,5.4,4,0,1,15.9,Low,Active,,0,0
1061,64,2026-09-01,52325.0,0.805,<0.85 (Critical Underpay),90.5,1.3,3,1,0,21.5,Low,Active,,0,0
1062,69,2026-09-01,66625.0,1.025,0.95-1.05 (Target),86.5,3.3,3,0,1,11.5,Low,Active,,0,0
1063,56,2026-09-01,87115.0,0.917,0.85-0.95 (Below Median),88.7,3.3,5,0,1,5.6,Low,Active,,0,0
1064,14,2026-09-01,69680.0,1.072,>1.05 (Premium),80.5,34.2,1,0,0,47.6,Moderate,Active,,0,0
1065,26,2026-09-01,66040.0,1.016,0.95-1.05 (Target),65.4,1.8,3,0,1,5.0,Low,Active,,0,0
1066,39,2026-09-01,85690.0,0.902,0.85-0.95 (Below Median),97.9,51.95005708912966,5,0,1,80.3,Critical Exhaustion,Voluntary Resignation,Work-Life Balance & Fatigue,1,1
1067,45,2026-09-01,66495.0,1.023,0.95-1.05 (Target),78.9,8.3,3,1,0,9.5,Low,Active,,0,0
1068,28,2026-09-01,205170.0,0.977,0.95-1.05 (Target),82.4,10.7,1,0,1,21.3,Low,Active,,0,0
1069,49,2026-09-01,166425.0,0.951,0.95-1.05 (Target),94.3,4.5,4,0,0,14.4,Low,Active,,0,0
1070,49,2026-09-01,84740.0,0.892,0.85-0.95 (Below Median),88.0,27.3,3,0,0,50.9,Moderate,Active,,0,0
1071,21,2026-09-01,93575.0,0.985,0.95-1.05 (Target),95.5,47.73657442099622,3,0,1,73.6,Elevated,Voluntary Resignation,Work-Life Balance & Fatigue,0,1
1072,37,2026-09-01,167650.0,0.958,0.95-1.05 (Target),87.9,12.6,4,0,1,24.0,Low,Active,,0,0
1073,18,2026-09-01,64675.0,0.995,0.95-1.05 (Target),87.0,4.1,2,0,0,13.0,Low,Active,,0,0
1074,37,2026-09-01,133110.0,0.986,0.95-1.05 (Target),93.4,30.9,3,0,1,45.4,Moderate,Voluntary Resignation,Personal / Relocation,1,1
1075,12,2026-09-01,93860.0,0.988,0.95-1.05 (Target),99.0,47.76546548817418,3,0,0,73.6,Elevated,Voluntary Resignation,Work-Life Balance & Fatigue,0,1
1076,40,2026-09-01,58500.0,0.9,0.85-0.95 (Below Median),91.0,3.8,4,0,0,14.6,Low,Active,,0,0
1077,57,2026-09-01,134595.0,0.997,0.95-1.05 (Target),74.3,33.0,3,0,1,55.7,Moderate,Voluntary Resignation,Personal / Relocation,1,1
1078,40,2026-09-01,100225.0,1.055,>1.05 (Premium),97.6,28.806425825663148,3,0,0,49.5,Moderate,Active,,0,0
1079,79,2026-09-01,119475.0,0.885,0.85-0.95 (Below Median),87.3,8.0,2,0,1,19.9,Low,Voluntary Resignation,Competitive Compensation Offer,1,1
1080,66,2026-09-01,154525.0,0.883,0.85-0.95 (Below Median),92.0,20.0,4,1,0,34.3,Low,Voluntary Resignation,Competitive Compensation Offer,1,1
1081,72,2026-09-01,64220.0,0.988,0.95-1.05 (Target),75.2,9.3,3,0,0,19.4,Low,Active,,0,0
1082,8,2026-09-01,63375.0,0.975,0.95-1.05 (Target),73.6,9.2,3,0,0,27.5,Low,Active,,0,0
1083,25,2026-09-01,82650.0,0.87,0.85-0.95 (Below Median),79.2,7.4,3,0,1,19.5,Low,Active,,0,0
1084,42,2026-09-01,82745.0,0.871,0.85-0.95 (Below Median),75.8,1.1,4,0,0,11.9,Low,Active,,0,0
1085,29,2026-09-01,79235.0,1.219,>1.05 (Premium),100.1,29.245433206654912,5,0,1,38.7,Moderate,Active,,0,0
1086,79,2026-09-01,104120.0,1.096,>1.05 (Premium),115.7,20.12844084199335,3,0,0,30.2,Low,Active,,0,0
1087,64,2026-09-01,90250.0,0.95,0.85-0.95 (Below Median),93.9,0.7,3,0,0,5.0,Low,Active,,0,0
1088,25,2026-09-01,104120.0,1.096,>1.05 (Premium),82.0,14.9,3,1,0,32.0,Low,Voluntary Resignation,Personal / Relocation,0,1
1089,58,2026-09-01,133920.0,0.992,0.95-1.05 (Target),73.8,4.3,3,0,0,13.3,Low,Active,,0,0
1090,44,2026-09-01,87115.0,0.917,0.85-0.95 (Below Median),98.6,47.70209194271728,3,0,1,74.9,Elevated,Voluntary Resignation,Work-Life Balance & Fatigue,0,1
1091,25,2026-09-01,70070.0,1.078,>1.05 (Premium),73.9,5.1,3,0,0,12.6,Low,Active,,0,0
1092,53,2026-09-01,100130.0,1.054,>1.05 (Premium),77.0,10.5,3,1,0,19.5,Low,Active,,0,0
1093,55,2026-09-01,128925.0,0.955,0.95-1.05 (Target),84.0,1.0,4,0,1,5.0,Low,Active,,0,0
1094,8,2026-09-01,80560.0,0.848,<0.85 (Critical Underpay),71.7,13.1,4,0,0,26.8,Low,Active,,0,0
1095,60,2026-09-01,209580.0,0.998,0.95-1.05 (Target),69.2,2.6,1,0,1,11.2,Low,Active,,0,0
1096,65,2026-09-01,69160.0,1.064,>1.05 (Premium),73.5,2.4,3,1,1,9.6,Low,Active,,0,0
1097,1,2026-09-01,220080.0,1.048,0.95-1.05 (Target),82.8,18.7,4,0,0,29.5,Low,Active,,0,0
1098,62,2026-09-01,134190.0,0.994,0.95-1.05 (Target),79.9,7.9,4,0,0,17.6,Low,Active,,0,0
1099,40,2026-09-01,56875.0,0.875,0.85-0.95 (Below Median),67.5,35.6,3,0,0,53.2,Moderate,Voluntary Resignation,Competitive Compensation Offer,0,1
1100,55,2026-09-01,174825.0,0.999,0.95-1.05 (Target),89.8,42.3,3,0,0,66.8,Elevated,Voluntary Resignation,Work-Life Balance & Fatigue,1,1
1101,21,2026-09-01,167475.0,0.957,0.95-1.05 (Target),83.6,18.3,5,1,0,30.8,Low,Active,,0,0
1102,42,2026-09-01,61945.0,0.953,0.95-1.05 (Target),67.0,0.9,3,0,1,10.0,Low,Active,,0,0
1103,10,2026-09-01,86545.0,0.911,0.85-0.95 (Below Median),90.8,14.7,3,0,0,27.4,Low,Active,,0,0
1104,12,2026-09-01,65845.0,1.013,0.95-1.05 (Target),71.8,29.3,2,0,0,50.9,Moderate,Active,,0,0
1105,54,2026-09-01,140400.0,1.04,0.95-1.05 (Target),78.3,12.5,1,1,0,22.2,Low,Active,,0,0
1106,65,2026-09-01,172025.0,0.983,0.95-1.05 (Target),96.8,16.701599230884923,3,0,0,20.4,Low,Active,,0,0
1107,63,2026-09-01,86450.0,0.91,0.85-0.95 (Below Median),86.8,10.0,3,0,0,13.8,Low,Active,,0,0
1108,5,2026-09-01,63180.0,0.972,0.95-1.05 (Target),85.9,41.7,3,0,0,66.6,Elevated,Voluntary Resignation,Work-Life Balance & Fatigue,0,1
1109,56,2026-09-01,80655.0,0.849,<0.85 (Critical Underpay),86.8,4.3,3,0,0,16.2,Low,Active,,0,0
1110,15,2026-09-01,94620.0,0.996,0.95-1.05 (Target),92.5,30.8,3,0,0,53.0,Moderate,Active,,0,0
1111,68,2026-09-01,144585.0,1.071,>1.05 (Premium),95.7,65.0,3,0,0,100.0,Critical Exhaustion,Voluntary Resignation,Work-Life Balance & Fatigue,1,1
1112,18,2026-09-01,93860.0,0.988,0.95-1.05 (Target),76.9,65.0,3,0,0,100.0,Critical Exhaustion,Voluntary Resignation,Work-Life Balance & Fatigue,0,1
1113,42,2026-09-01,101460.0,1.068,>1.05 (Premium),99.2,32.054751077167765,3,0,0,53.1,Moderate,Active,,0,0
1114,22,2026-09-01,59670.0,0.918,0.85-0.95 (Below Median),88.4,1.0,3,0,0,10.8,Low,Active,,0,0
1115,60,2026-09-01,64480.0,0.992,0.95-1.05 (Target),94.0,0.6,3,0,1,8.9,Low,Active,,0,0
1116,54,2026-09-01,92530.0,0.974,0.95-1.05 (Target),79.4,9.2,5,1,0,19.6,Low,Active,,0,0
1117,27,2026-09-01,132030.0,0.978,0.95-1.05 (Target),82.7,25.1,4,0,1,46.6,Moderate,Voluntary Resignation,Personal / Relocation,1,1
1118,25,2026-09-01,89300.0,0.94,0.85-0.95 (Below Median),93.1,16.4,3,0,0,28.9,Low,Active,,0,0
1119,18,2026-09-01,156465.0,1.159,>1.05 (Premium),88.6,8.4,3,1,0,14.9,Low,Active,,0,0
1120,58,2026-09-01,225680.0,0.868,0.85-0.95 (Below Median),76.8,1.5,4,0,0,12.4,Low,Active,,0,0
1121,53,2026-09-01,59670.0,0.918,0.85-0.95 (Below Median),102.0,55.84188654260606,3,1,0,84.7,Critical Exhaustion,Voluntary Resignation,Work-Life Balance & Fatigue,0,1
1122,54,2026-09-01,84455.0,0.889,0.85-0.95 (Below Median),89.2,4.8,3,0,0,16.0,Low,Active,,0,0
1123,42,2026-09-01,103360.0,1.088,>1.05 (Premium),80.4,3.2,3,0,0,5.0,Low,Active,,0,0
1124,15,2026-09-01,132435.0,0.981,0.95-1.05 (Target),106.7,28.7618706245032,5,0,0,50.9,Moderate,Voluntary Resignation,Career Advancement & Role Velocity,1,1
1125,55,2026-09-01,129465.0,0.959,0.95-1.05 (Target),103.9,31.261170692371397,3,0,0,54.3,Moderate,Active,,0,0
1126,70,2026-09-01,159075.0,0.909,0.85-0.95 (Below Median),83.7,12.3,3,0,0,32.6,Low,Active,,0,0
1127,51,2026-09-01,61035.0,0.939,0.85-0.95 (Below Median),91.2,7.8,4,0,1,26.6,Low,Active,,0,0
1128,20,2026-09-01,53560.0,0.824,<0.85 (Critical Underpay),101.4,29.500144292062878,3,0,0,46.9,Moderate,Voluntary Resignation,Competitive Compensation Offer,0,1
1129,84,2026-09-01,244020.0,1.162,>1.05 (Premium),82.9,4.0,4,0,0,9.6,Low,Active,,0,0
1130,57,2026-09-01,67405.0,1.037,0.95-1.05 (Target),85.4,16.0,3,0,1,26.5,Low,Active,,0,0
1131,34,2026-09-01,56680.0,0.872,0.85-0.95 (Below Median),82.9,30.7,5,0,1,63.4,Elevated,Voluntary Resignation,Competitive Compensation Offer,1,1
1132,27,2026-09-01,60190.0,0.926,0.85-0.95 (Below Median),83.0,5.6,3,0,0,16.2,Low,Active,,0,0
1133,14,2026-09-01,54015.0,0.831,<0.85 (Critical Underpay),82.2,2.7,2,0,0,14.6,Low,Active,,0,0
1134,22,2026-09-01,163275.0,0.933,0.85-0.95 (Below Median),87.0,22.6,4,1,0,36.5,Moderate,Active,,0,0
1135,36,2026-09-01,183750.0,0.875,0.85-0.95 (Below Median),81.2,2.8,3,1,0,21.9,Low,Active,,0,0
1136,45,2026-09-01,67145.0,1.033,0.95-1.05 (Target),79.0,3.8,4,1,0,11.9,Low,Active,,0,0
1137,67,2026-09-01,70200.0,1.08,>1.05 (Premium),78.0,3.7,4,0,0,10.8,Low,Active,,0,0
1138,19,2026-09-01,63505.0,0.977,0.95-1.05 (Target),82.8,4.5,3,0,0,13.9,Low,Active,,0,0
1139,58,2026-09-01,178325.0,1.019,0.95-1.05 (Target),83.5,7.8,4,0,1,17.0,Low,Active,,0,0
1140,6,2026-09-01,168525.0,0.963,0.95-1.05 (Target),77.7,20.7,3,0,1,41.6,Moderate,Active,,0,0
1141,12,2026-09-01,56420.0,0.868,0.85-0.95 (Below Median),75.8,15.6,3,0,0,29.4,Low,Voluntary Resignation,Competitive Compensation Offer,0,1
1142,2,2026-09-01,135000.0,1.0,0.95-1.05 (Target),74.7,9.8,2,0,1,19.8,Low,Active,,0,0
1143,30,2026-09-01,137700.0,1.02,0.95-1.05 (Target),88.5,33.1,5,0,0,55.3,Moderate,Active,,0,0
1144,63,2026-09-01,66560.0,1.024,0.95-1.05 (Target),88.9,1.0,3,0,0,8.7,Low,Active,,0,0
1145,51,2026-09-01,58955.0,0.907,0.85-0.95 (Below Median),120.0,43.37126039577858,4,0,0,69.9,Elevated,Voluntary Resignation,Work-Life Balance & Fatigue,1,1
1146,54,2026-09-01,64870.0,0.998,0.95-1.05 (Target),94.8,8.6,5,1,0,26.4,Low,Active,,0,0
1147,40,2026-09-01,237090.0,1.129,>1.05 (Premium),95.4,28.32962162140296,2,0,0,47.4,Moderate,Voluntary Resignation,Personal / Relocation,1,1
1148,73,2026-09-01,150930.0,1.118,>1.05 (Premium),85.4,14.8,3,1,0,31.4,Low,Voluntary Resignation,Personal / Relocation,1,1
1149,33,2026-09-01,219870.0,1.047,0.95-1.05 (Target),94.5,34.0,4,0,0,55.9,Moderate,Active,,0,0
1150,30,2026-09-01,60580.0,0.932,0.85-0.95 (Below Median),77.1,2.0,4,0,0,19.8,Low,Active,,0,0
1151,34,2026-09-01,95380.0,1.004,0.95-1.05 (Target),92.4,10.6,1,0,0,28.6,Low,Voluntary Resignation,Personal / Relocation,0,1
1152,13,2026-09-01,177275.0,1.013,0.95-1.05 (Target),95.4,30.68214273044832,3,0,0,52.6,Moderate,Voluntary Resignation,Personal / Relocation,1,1
1153,40,2026-09-01,71110.0,1.094,>1.05 (Premium),76.6,2.9,4,0,0,9.6,Low,Active,,0,0
1154,18,2026-09-01,177870.0,0.847,<0.85 (Critical Underpay),90.9,10.4,3,1,0,23.5,Low,Active,,0,0
1155,36,2026-09-01,103170.0,1.086,>1.05 (Premium),93.0,12.6,5,0,1,29.4,Low,Active,,0,0
1156,27,2026-09-01,99750.0,1.05,0.95-1.05 (Target),99.8,28.173519339962127,3,1,1,48.8,Moderate,Active,,0,0
1157,55,2026-09-01,84265.0,0.887,0.85-0.95 (Below Median),82.1,17.3,3,1,0,31.0,Low,Active,,0,0
1158,75,2026-09-01,103545.0,0.767,<0.85 (Critical Underpay),86.5,2.1,3,1,1,15.2,Low,Active,,0,0
1159,18,2026-09-01,65195.0,1.003,0.95-1.05 (Target),98.3,31.37705646529196,3,0,0,45.6,Moderate,Active,,0,0
1160,26,2026-09-01,163100.0,0.932,0.85-0.95 (Below Median),87.6,12.8,3,0,0,24.7,Low,Voluntary Resignation,Personal / Relocation,1,1
1161,72,2026-09-01,89585.0,0.943,0.85-0.95 (Below Median),74.5,39.5,4,0,1,64.5,Elevated,Active,,0,0
1162,59,2026-09-01,107065.0,1.127,>1.05 (Premium),98.3,46.82533158843427,4,0,0,69.7,Elevated,Active,,0,0
1163,11,2026-09-01,94335.0,0.993,0.95-1.05 (Target),83.5,24.4,2,0,1,37.4,Moderate,Active,,0,0
1164,30,2026-09-01,80370.0,0.846,<0.85 (Critical Underpay),82.4,18.0,3,0,0,40.7,Moderate,Voluntary Resignation,Competitive Compensation Offer,0,1
1165,36,2026-09-01,149625.0,0.855,0.85-0.95 (Below Median),96.2,30.36529626356456,3,0,0,55.3,Moderate,Voluntary Resignation,Competitive Compensation Offer,1,1
1166,27,2026-09-01,63895.0,0.983,0.95-1.05 (Target),84.6,28.0,4,0,0,49.9,Moderate,Active,,0,0
1167,33,2026-09-01,136080.0,1.008,0.95-1.05 (Target),82.1,15.3,3,1,0,26.2,Low,Active,,0,0
1168,39,2026-09-01,63700.0,0.98,0.95-1.05 (Target),88.2,1.0,4,1,0,17.6,Low,Active,,0,0
1169,78,2026-09-01,82840.0,0.872,0.85-0.95 (Below Median),90.3,3.2,3,0,0,14.4,Low,Active,,0,0
1170,32,2026-09-01,91295.0,0.961,0.95-1.05 (Target),87.4,25.7,2,0,1,47.6,Moderate,Voluntary Resignation,Personal / Relocation,0,1
1171,13,2026-09-01,137565.0,1.019,0.95-1.05 (Target),97.1,30.37106339402952,1,0,1,52.1,Moderate,Voluntary Resignation,Personal / Relocation,1,1
1172,78,2026-09-01,57850.0,0.89,0.85-0.95 (Below Median),98.0,26.180372247915837,3,1,0,49.6,Moderate,Active,,0,0
1173,73,2026-09-01,212730.0,1.013,0.95-1.05 (Target),95.3,35.37588602675769,4,0,0,58.2,Moderate,Voluntary Resignation,Personal / Relocation,1,1
1174,50,2026-09-01,159950.0,0.914,0.85-0.95 (Below Median),88.2,2.8,3,0,1,13.1,Low,Voluntary Resignation,Personal / Relocation,1,1
1175,63,2026-09-01,55575.0,0.855,0.85-0.95 (Below Median),97.9,38.2771322446865,3,0,0,64.8,Elevated,Active,,0,0
1176,1,2026-09-01,61100.0,0.94,0.85-0.95 (Below Median),91.6,17.5,2,0,0,30.2,Low,Active,,0,0
1177,72,2026-09-01,89775.0,0.945,0.85-0.95 (Below Median),84.0,25.5,2,0,0,47.7,Moderate,Active,,0,0
1178,32,2026-09-01,63830.0,0.982,0.95-1.05 (Target),100.5,23.05000016817317,5,1,1,44.0,Moderate,Active,,0,0
1179,15,2026-09-01,61100.0,0.94,0.85-0.95 (Below Median),77.7,0.6,3,0,0,5.0,Low,Active,,0,0
1180,75,2026-09-01,138240.0,1.024,0.95-1.05 (Target),87.1,4.7,3,0,1,13.2,Low,Active,,0,0
1181,21,2026-09-01,198660.0,0.946,0.85-0.95 (Below Median),69.4,10.1,1,0,1,21.2,Low,Active,,0,0
1182,6,2026-09-01,73055.0,0.769,<0.85 (Critical Underpay),100.4,19.406528501352536,3,1,0,43.9,Moderate,Active,,0,0
1183,25,2026-09-01,55900.0,0.86,0.85-0.95 (Below Median),86.2,12.0,4,1,0,33.2,Low,Active,,0,0
1184,1,2026-09-01,81035.0,0.853,0.85-0.95 (Below Median),95.8,21.764752204220308,5,0,0,45.1,Moderate,Active,,0,0
1185,47,2026-09-01,146340.0,1.084,>1.05 (Premium),86.3,1.5,4,0,0,5.0,Low,Active,,0,0
1186,48,2026-09-01,81225.0,0.855,0.85-0.95 (Below Median),87.3,33.4,3,0,1,59.0,Moderate,Voluntary Resignation,Competitive Compensation Offer,0,1
1187,62,2026-09-01,60710.0,0.934,0.85-0.95 (Below Median),81.8,23.7,3,1,1,45.8,Moderate,Active,,0,0
1188,82,2026-09-01,82650.0,0.87,0.85-0.95 (Below Median),90.9,34.1,3,0,1,59.5,Moderate,Voluntary Resignation,Competitive Compensation Offer,0,1
1189,6,2026-09-01,206850.0,0.985,0.95-1.05 (Target),65.9,8.8,4,0,0,10.9,Low,Active,,0,0
1190,19,2026-09-01,121770.0,0.902,0.85-0.95 (Below Median),78.1,7.8,2,1,1,19.3,Low,Voluntary Resignation,Personal / Relocation,1,1
1191,22,2026-09-01,164675.0,0.941,0.85-0.95 (Below Median),93.9,25.0,3,0,1,39.2,Moderate,Voluntary Resignation,Personal / Relocation,1,1
1192,77,2026-09-01,64025.0,0.985,0.95-1.05 (Target),88.0,13.5,3,0,0,16.5,Low,Active,,0,0
1193,29,2026-09-01,189000.0,0.9,0.85-0.95 (Below Median),76.5,35.7,4,0,0,60.8,Elevated,Active,,0,0
1194,34,2026-09-01,63180.0,0.972,0.95-1.05 (Target),86.2,20.6,3,0,0,33.3,Low,Active,,0,0
1195,55,2026-09-01,60840.0,0.936,0.85-0.95 (Below Median),81.3,1.3,5,0,1,5.0,Low,Active,,0,0
1196,55,2026-09-01,127575.0,0.945,0.85-0.95 (Below Median),82.2,5.3,1,0,0,15.5,Low,Active,,0,0
1197,43,2026-09-01,67795.0,1.043,0.95-1.05 (Target),71.2,27.2,3,0,1,39.8,Moderate,Voluntary Resignation,Personal / Relocation,0,1
1198,40,2026-09-01,70070.0,1.078,>1.05 (Premium),94.6,1.9,5,0,1,8.7,Low,Active,,0,0
1199,35,2026-09-01,121230.0,0.898,0.85-0.95 (Below Median),88.7,65.0,3,0,1,100.0,Critical Exhaustion,Voluntary Resignation,Competitive Compensation Offer,1,1
1200,79,2026-09-01,80370.0,0.846,<0.85 (Critical Underpay),106.9,35.26443332128086,5,0,1,69.4,Elevated,Active,,0,0
1201,75,2026-09-01,83695.0,0.881,0.85-0.95 (Below Median),88.5,4.1,2,0,0,15.3,Low,Active,,0,0
1202,38,2026-09-01,166600.0,0.952,0.95-1.05 (Target),95.2,40.46842116785005,3,0,0,65.5,Elevated,Voluntary Resignation,Work-Life Balance & Fatigue,1,1
1203,78,2026-09-01,173600.0,0.992,0.95-1.05 (Target),86.9,8.4,3,0,0,18.2,Low,Active,,0,0
1204,10,2026-09-01,129330.0,0.958,0.95-1.05 (Target),80.0,4.5,3,0,0,6.2,Low,Active,,0,0
1205,74,2026-09-01,63570.0,0.978,0.95-1.05 (Target),76.7,13.0,3,0,1,24.0,Low,Active,,0,0
1206,2,2026-09-01,86545.0,0.911,0.85-0.95 (Below Median),89.5,13.6,3,0,0,34.1,Low,Active,,0,0
1207,2,2026-09-01,98990.0,1.042,0.95-1.05 (Target),86.1,16.9,4,0,1,27.4,Low,Active,,0,0
1208,78,2026-09-01,87305.0,0.919,0.85-0.95 (Below Median),90.4,28.8,4,0,0,52.2,Moderate,Voluntary Resignation,Personal / Relocation,1,1
1209,55,2026-09-01,130275.0,0.965,0.95-1.05 (Target),78.1,4.3,3,1,0,13.9,Low,Active,,0,0
1210,1,2026-09-01,56810.0,0.874,0.85-0.95 (Below Median),88.4,2.5,3,0,0,13.5,Low,Active,,0,0
1211,60,2026-09-01,65780.0,1.012,0.95-1.05 (Target),86.0,39.6,3,0,0,63.3,Elevated,Voluntary Resignation,Personal / Relocation,0,1
1212,31,2026-09-01,88825.0,0.935,0.85-0.95 (Below Median),78.3,37.6,4,0,0,62.4,Elevated,Voluntary Resignation,Personal / Relocation,1,1
1213,19,2026-09-01,98040.0,1.032,0.95-1.05 (Target),85.6,0.0,3,1,0,5.0,Low,Voluntary Resignation,Personal / Relocation,0,1
1214,71,2026-09-01,87590.0,0.922,0.85-0.95 (Below Median),77.7,12.3,3,0,1,24.3,Low,Voluntary Resignation,Personal / Relocation,0,1
1215,63,2026-09-01,131895.0,0.977,0.95-1.05 (Target),97.1,58.940469638277946,3,0,1,95.2,Critical Exhaustion,Active,,0,0
1216,7,2026-09-01,139455.0,1.033,0.95-1.05 (Target),86.2,7.3,3,0,0,24.1,Low,Active,,0,0
1217,57,2026-09-01,98135.0,1.033,0.95-1.05 (Target),85.1,16.3,2,0,0,26.9,Low,Active,,0,0
1218,56,2026-09-01,92435.0,0.973,0.95-1.05 (Target),94.8,5.6,3,0,0,15.3,Low,Active,,0,0
1219,18,2026-09-01,56160.0,0.864,0.85-0.95 (Below Median),90.9,19.1,3,1,0,33.6,Low,Active,,0,0
1220,43,2026-09-01,64090.0,0.986,0.95-1.05 (Target),88.8,2.3,3,0,1,11.0,Low,Active,,0,0
1221,61,2026-09-01,137430.0,1.018,0.95-1.05 (Target),83.6,5.5,4,0,0,14.2,Low,Active,,0,0
1222,63,2026-09-01,64155.0,0.987,0.95-1.05 (Target),83.5,1.7,4,0,1,10.3,Low,Active,,0,0
1223,75,2026-09-01,63115.0,0.971,0.95-1.05 (Target),87.6,46.0,3,0,0,79.8,Elevated,Voluntary Resignation,Work-Life Balance & Fatigue,0,1
1224,71,2026-09-01,65780.0,1.012,0.95-1.05 (Target),83.1,9.6,4,0,0,19.3,Low,Active,,0,0
1225,25,2026-09-01,80750.0,0.85,<0.85 (Critical Underpay),84.0,1.3,4,1,1,12.6,Low,Active,,0,0
1226,39,2026-09-01,139860.0,1.036,0.95-1.05 (Target),84.5,0.3,3,0,0,7.6,Low,Active,,0,0
1227,24,2026-09-01,186375.0,1.065,>1.05 (Premium),71.8,9.2,3,0,0,17.7,Low,Active,,0,0
1228,48,2026-09-01,201075.0,1.149,>1.05 (Premium),84.4,18.3,3,0,0,27.0,Low,Active,,0,0
1229,7,2026-09-01,79135.0,0.833,<0.85 (Critical Underpay),89.8,8.1,3,0,0,29.1,Low,Active,,0,0
1230,6,2026-09-01,99750.0,1.05,0.95-1.05 (Target),85.3,2.7,1,0,0,18.2,Low,Active,,0,0
1231,81,2026-09-01,69940.0,1.076,>1.05 (Premium),96.8,30.052248065400345,3,0,0,42.5,Moderate,Voluntary Resignation,Personal / Relocation,0,1
1232,18,2026-09-01,93765.0,0.987,0.95-1.05 (Target),89.5,5.3,3,0,0,14.6,Low,Active,,0,0
1233,70,2026-09-01,180950.0,1.034,0.95-1.05 (Target),93.7,1.6,3,0,0,9.2,Low,Active,,0,0
1234,18,2026-09-01,93860.0,0.988,0.95-1.05 (Target),77.0,12.7,3,0,0,23.5,Low,Active,,0,0
1235,23,2026-09-01,64870.0,0.998,0.95-1.05 (Target),80.9,0.8,4,1,0,5.0,Low,Active,,0,0
1236,31,2026-09-01,63765.0,0.981,0.95-1.05 (Target),71.4,25.0,3,0,0,46.4,Moderate,Active,,0,0
1237,59,2026-09-01,116370.0,0.862,0.85-0.95 (Below Median),81.8,49.6,3,1,0,86.3,Critical Exhaustion,Voluntary Resignation,Competitive Compensation Offer,1,1
1238,64,2026-09-01,71370.0,1.098,>1.05 (Premium),82.9,7.2,2,0,0,22.7,Low,Active,,0,0
1239,1,2026-09-01,153630.0,1.138,>1.05 (Premium),86.8,33.7,4,0,1,53.7,Moderate,Active,,0,0
1240,39,2026-09-01,129060.0,0.956,0.95-1.05 (Target),82.4,32.5,4,0,0,55.9,Moderate,Voluntary Resignation,Personal / Relocation,1,1
1241,12,2026-09-01,94620.0,0.996,0.95-1.05 (Target),90.7,0.9,3,1,0,9.2,Low,Active,,0,0
1242,74,2026-09-01,80940.0,0.852,0.85-0.95 (Below Median),90.0,14.1,1,0,1,27.9,Low,Active,,0,0
1243,71,2026-09-01,88445.0,0.931,0.85-0.95 (Below Median),81.1,25.3,4,0,0,39.7,Moderate,Voluntary Resignation,Career Advancement & Role Velocity,1,1
1244,7,2026-09-01,58045.0,0.893,0.85-0.95 (Below Median),82.2,3.5,1,0,0,14.3,Low,Voluntary Resignation,Competitive Compensation Offer,0,1
1245,56,2026-09-01,122310.0,0.906,0.85-0.95 (Below Median),94.7,8.9,3,1,0,28.6,Low,Active,,0,0
1246,81,2026-09-01,77140.0,0.812,<0.85 (Critical Underpay),83.3,20.9,4,0,0,44.8,Moderate,Active,,0,0
1247,70,2026-09-01,100035.0,1.053,>1.05 (Premium),99.7,38.99706806839488,3,1,0,69.7,Elevated,Voluntary Resignation,Work-Life Balance & Fatigue,0,1
1248,29,2026-09-01,128655.0,0.953,0.95-1.05 (Target),90.6,65.0,4,0,0,100.0,Critical Exhaustion,Voluntary Resignation,Work-Life Balance & Fatigue,1,1
1249,2,2026-09-01,222390.0,1.059,>1.05 (Premium),93.2,1.1,2,0,0,16.1,Low,Active,,0,0
1250,71,2026-09-01,63050.0,0.97,0.95-1.05 (Target),92.2,3.9,3,0,0,13.3,Low,Active,,0,0
1251,84,2026-09-01,61620.0,0.948,0.85-0.95 (Below Median),85.4,32.6,3,0,1,56.2,Moderate,Voluntary Resignation,Personal / Relocation,0,1
1252,45,2026-09-01,82365.0,0.867,0.85-0.95 (Below Median),80.6,4.5,3,0,0,16.1,Low,Active,,0,0
1253,40,2026-09-01,125820.0,0.932,0.85-0.95 (Below Median),83.1,11.1,3,1,0,22.7,Low,Active,,0,0
1254,47,2026-09-01,245960.0,0.946,0.85-0.95 (Below Median),88.0,4.0,5,0,0,13.9,Low,Active,,0,0
1255,63,2026-09-01,188790.0,0.899,0.85-0.95 (Below Median),93.8,3.9,4,0,0,6.7,Low,Active,,0,0
1256,63,2026-09-01,87400.0,0.92,0.85-0.95 (Below Median),86.7,6.6,3,1,0,17.5,Low,Active,,0,0
1257,2,2026-09-01,90535.0,0.953,0.95-1.05 (Target),96.5,48.410473735533806,3,1,1,83.0,Critical Exhaustion,Voluntary Resignation,Work-Life Balance & Fatigue,0,1
1258,35,2026-09-01,145260.0,1.076,>1.05 (Premium),75.8,9.4,3,0,0,17.8,Low,Active,,0,0
1259,29,2026-09-01,90915.0,0.957,0.95-1.05 (Target),85.6,35.4,3,0,0,51.3,Moderate,Voluntary Resignation,Personal / Relocation,0,1
1260,80,2026-09-01,171500.0,0.98,0.95-1.05 (Target),93.3,10.5,3,0,0,21.0,Low,Active,,0,0
1261,47,2026-09-01,172725.0,0.987,0.95-1.05 (Target),73.0,6.8,3,0,0,8.4,Low,Active,,0,0
1262,36,2026-09-01,131085.0,0.971,0.95-1.05 (Target),85.5,23.4,4,0,1,44.7,Moderate,Voluntary Resignation,Personal / Relocation,1,1
1263,10,2026-09-01,60515.0,0.931,0.85-0.95 (Below Median),78.5,5.1,4,0,0,15.5,Low,Active,,0,0
1264,78,2026-09-01,66365.0,1.021,0.95-1.05 (Target),73.6,14.6,4,0,0,33.1,Low,Active,,0,0
1265,19,2026-09-01,97565.0,1.027,0.95-1.05 (Target),108.6,38.06036917395333,3,0,1,61.1,Elevated,Active,,0,0
1266,4,2026-09-01,130815.0,0.969,0.95-1.05 (Target),85.4,0.9,4,0,0,9.7,Low,Active,,0,0
1267,13,2026-09-01,64805.0,0.997,0.95-1.05 (Target),94.4,0.9,3,0,0,5.0,Low,Active,,0,0
1268,78,2026-09-01,65715.0,1.011,0.95-1.05 (Target),100.4,23.438013312365072,3,0,1,35.9,Moderate,Voluntary Resignation,Personal / Relocation,0,1
1269,80,2026-09-01,179550.0,1.026,0.95-1.05 (Target),88.4,34.0,4,0,1,64.3,Elevated,Active,,0,0
1270,29,2026-09-01,77710.0,0.818,<0.85 (Critical Underpay),79.7,65.0,3,0,0,100.0,Critical Exhaustion,Voluntary Resignation,Competitive Compensation Offer,0,1
1271,56,2026-09-01,89110.0,0.938,0.85-0.95 (Below Median),97.1,30.9997492808624,3,0,1,54.4,Moderate,Voluntary Resignation,Personal / Relocation,0,1
1272,41,2026-09-01,92815.0,0.977,0.95-1.05 (Target),95.5,45.81630564356468,4,1,0,79.4,Elevated,Active,,0,0
1273,81,2026-09-01,71500.0,1.1,>1.05 (Premium),85.3,6.7,3,1,0,6.0,Low,Active,,0,0
1274,73,2026-09-01,98705.0,1.039,0.95-1.05 (Target),77.6,14.1,2,0,0,24.1,Low,Active,,0,0
1275,41,2026-09-01,111105.0,0.823,<0.85 (Critical Underpay),82.0,20.2,2,1,1,43.8,Moderate,Active,,0,0
1276,12,2026-09-01,88160.0,0.928,0.85-0.95 (Below Median),82.9,17.5,2,0,0,30.4,Low,Voluntary Resignation,Personal / Relocation,0,1
1277,8,2026-09-01,136150.0,0.778,<0.85 (Critical Underpay),72.5,2.7,5,0,0,15.7,Low,Active,,0,0
1278,49,2026-09-01,168875.0,0.965,0.95-1.05 (Target),88.1,2.3,2,0,0,11.5,Low,Active,,0,0
1279,36,2026-09-01,176750.0,1.01,0.95-1.05 (Target),109.3,29.394587873243676,3,0,0,51.1,Moderate,Voluntary Resignation,Career Advancement & Role Velocity,1,1
1280,21,2026-09-01,148230.0,1.098,>1.05 (Premium),70.0,17.0,3,0,1,34.4,Low,Active,,0,0
1281,78,2026-09-01,92530.0,0.974,0.95-1.05 (Target),90.4,49.3,3,1,1,75.7,Elevated,Active,,0,0
1282,67,2026-09-01,83125.0,0.875,0.85-0.95 (Below Median),79.8,7.9,3,0,0,20.0,Low,Active,,0,0
1283,30,2026-09-01,60970.0,0.938,0.85-0.95 (Below Median),89.4,17.1,3,0,1,29.8,Low,Active,,0,0
1284,6,2026-09-01,51610.0,0.794,<0.85 (Critical Underpay),79.2,57.0,4,0,1,88.5,Critical Exhaustion,Voluntary Resignation,Competitive Compensation Offer,1,1
1285,83,2026-09-01,143235.0,1.061,>1.05 (Premium),94.0,14.9,4,0,0,24.7,Low,Active,,0,0
1286,61,2026-09-01,139725.0,1.035,0.95-1.05 (Target),81.2,14.9,3,1,0,25.2,Low,Active,,0,0
1287,69,2026-09-01,92720.0,0.976,0.95-1.05 (Target),97.2,56.09208388587536,3,0,0,83.8,Critical Exhaustion,Voluntary Resignation,Work-Life Balance & Fatigue,0,1
1288,84,2026-09-01,63375.0,0.975,0.95-1.05 (Target),90.2,3.7,4,0,0,12.9,Low,Active,,0,0
1289,52,2026-09-01,66495.0,1.023,0.95-1.05 (Target),95.3,31.13720771437368,3,0,0,44.9,Moderate,Active,,0,0
1290,12,2026-09-01,64870.0,0.998,0.95-1.05 (Target),83.1,2.3,3,0,0,10.8,Low,Active,,0,0
1291,74,2026-09-01,137835.0,1.021,0.95-1.05 (Target),77.0,4.8,3,0,0,13.3,Low,Active,,0,0
1292,80,2026-09-01,122445.0,0.907,0.85-0.95 (Below Median),77.4,1.7,3,1,0,5.0,Low,Active,,0,0
1293,42,2026-09-01,62270.0,0.958,0.95-1.05 (Target),100.7,24.398589074235243,4,0,0,46.1,Moderate,Voluntary Resignation,Personal / Relocation,1,1
1294,14,2026-09-01,134190.0,0.994,0.95-1.05 (Target),102.4,65.0,2,0,0,100.0,Critical Exhaustion,Voluntary Resignation,Work-Life Balance & Fatigue,1,1
1295,3,2026-09-01,82270.0,0.866,0.85-0.95 (Below Median),81.6,4.0,3,0,1,15.5,Low,Active,,0,0
1296,12,2026-09-01,97755.0,1.029,0.95-1.05 (Target),90.6,6.0,2,0,0,22.6,Low,Active,,0,0
1297,35,2026-09-01,141345.0,1.047,0.95-1.05 (Target),99.5,30.28887147638421,4,0,0,43.4,Moderate,Active,,0,0
1298,25,2026-09-01,71110.0,1.094,>1.05 (Premium),79.9,16.1,3,0,0,33.4,Low,Active,,0,0
1299,20,2026-09-01,97185.0,1.023,0.95-1.05 (Target),94.5,5.6,2,0,0,14.3,Low,Active,,0,0
1300,26,2026-09-01,169050.0,0.966,0.95-1.05 (Target),97.9,44.92034731716716,3,0,0,78.6,Elevated,Voluntary Resignation,Work-Life Balance & Fatigue,1,1
1301,10,2026-09-01,60775.0,0.935,0.85-0.95 (Below Median),86.4,21.8,3,0,0,43.5,Moderate,Active,,0,0
1302,31,2026-09-01,135675.0,1.005,0.95-1.05 (Target),77.0,1.4,5,1,0,9.6,Low,Active,,0,0
1303,67,2026-09-01,68770.0,1.058,>1.05 (Premium),80.6,14.8,3,0,0,32.6,Low,Active,,0,0
1304,13,2026-09-01,151335.0,1.121,>1.05 (Premium),75.9,15.8,3,0,0,24.5,Low,Active,,0,0
1305,32,2026-09-01,153650.0,0.878,0.85-0.95 (Below Median),85.7,9.3,2,1,1,29.6,Low,Active,,0,0
1306,7,2026-09-01,65975.0,1.015,0.95-1.05 (Target),81.0,6.1,4,1,0,15.0,Low,Active,,0,0
1307,19,2026-09-01,54210.0,0.834,<0.85 (Critical Underpay),91.9,13.4,2,0,0,19.4,Low,Active,,0,0
1308,77,2026-09-01,196770.0,0.937,0.85-0.95 (Below Median),87.9,7.3,3,0,0,18.0,Low,Active,,0,0
1309,49,2026-09-01,81225.0,0.855,0.85-0.95 (Below Median),77.7,9.0,3,0,0,29.7,Low,Active,,0,0
1310,57,2026-09-01,64025.0,0.985,0.95-1.05 (Target),84.6,4.8,3,1,0,14.1,Low,Active,,0,0
1311,76,2026-09-01,89490.0,0.942,0.85-0.95 (Below Median),80.8,39.5,2,0,1,64.6,Elevated,Voluntary Resignation,Personal / Relocation,0,1
1312,81,2026-09-01,134190.0,0.994,0.95-1.05 (Target),84.3,7.8,5,1,0,17.5,Low,Active,,0,0
1313,84,2026-09-01,119745.0,0.887,0.85-0.95 (Below Median),79.8,6.7,4,0,0,10.3,Low,Active,,0,0
1314,48,2026-09-01,99940.0,1.052,>1.05 (Premium),80.7,19.3,1,0,0,30.1,Low,Active,,0,0
1315,83,2026-09-01,58175.0,0.895,0.85-0.95 (Below Median),89.6,6.2,4,0,0,17.5,Low,Active,,0,0
1316,48,2026-09-01,57720.0,0.888,0.85-0.95 (Below Median),83.0,2.4,4,1,0,13.1,Low,Active,,0,0
1317,19,2026-09-01,87875.0,0.925,0.85-0.95 (Below Median),87.1,21.9,3,0,0,43.8,Moderate,Voluntary Resignation,Personal / Relocation,0,1
1318,34,2026-09-01,94810.0,0.998,0.95-1.05 (Target),90.6,17.9,3,0,0,37.5,Moderate,Active,,0,0
1319,14,2026-09-01,71240.0,1.096,>1.05 (Premium),85.1,1.0,5,0,0,7.3,Low,Active,,0,0
1320,75,2026-09-01,86260.0,0.908,0.85-0.95 (Below Median),73.5,9.8,4,1,0,21.6,Low,Voluntary Resignation,Personal / Relocation,1,1
1321,60,2026-09-01,128115.0,0.949,0.85-0.95 (Below Median),91.0,17.2,2,1,0,29.7,Low,Active,,0,0
1322,10,2026-09-01,99370.0,1.046,0.95-1.05 (Target),78.5,8.7,3,0,0,9.5,Low,Active,,0,0
1323,69,2026-09-01,51480.0,0.792,<0.85 (Critical Underpay),89.4,1.7,2,0,0,6.2,Low,Voluntary Resignation,Competitive Compensation Offer,0,1
1324,70,2026-09-01,65325.0,1.005,0.95-1.05 (Target),84.0,3.0,3,0,0,19.5,Low,Active,,0,0
1325,20,2026-09-01,101745.0,1.071,>1.05 (Premium),83.3,15.2,3,0,1,24.8,Low,Voluntary Resignation,Personal / Relocation,0,1
1326,38,2026-09-01,173425.0,0.991,0.95-1.05 (Target),78.5,53.3,2,0,0,80.1,Critical Exhaustion,Voluntary Resignation,Work-Life Balance & Fatigue,1,1
1327,44,2026-09-01,190400.0,1.088,>1.05 (Premium),105.1,65.0,2,0,0,92.2,Critical Exhaustion,Voluntary Resignation,Work-Life Balance & Fatigue,1,1
1328,15,2026-09-01,63830.0,0.982,0.95-1.05 (Target),99.0,37.54120986311398,1,0,0,61.4,Elevated,Voluntary Resignation,Personal / Relocation,0,1
1329,48,2026-09-01,87115.0,0.917,0.85-0.95 (Below Median),88.5,2.1,3,1,0,5.0,Low,Active,,0,0
1330,41,2026-09-01,131085.0,0.971,0.95-1.05 (Target),77.9,23.2,2,0,1,36.4,Moderate,Active,,0,0
1331,41,2026-09-01,160650.0,0.918,0.85-0.95 (Below Median),89.8,6.2,3,0,0,17.1,Low,Voluntary Resignation,Personal / Relocation,1,1
1332,34,2026-09-01,125685.0,0.931,0.85-0.95 (Below Median),89.3,26.4,3,0,0,49.1,Moderate,Voluntary Resignation,Personal / Relocation,1,1
1333,44,2026-09-01,138240.0,1.024,0.95-1.05 (Target),86.8,34.8,5,0,0,49.3,Moderate,Active,,0,0
1334,48,2026-09-01,61035.0,0.939,0.85-0.95 (Below Median),63.6,2.6,3,0,0,12.3,Low,Active,,0,0
1335,72,2026-09-01,92340.0,0.972,0.95-1.05 (Target),93.1,17.0,4,1,0,37.0,Moderate,Active,,0,0
1336,55,2026-09-01,127035.0,0.941,0.85-0.95 (Below Median),94.8,5.5,3,1,0,23.8,Low,Active,,0,0
1337,6,2026-09-01,79990.0,0.842,<0.85 (Critical Underpay),83.0,6.0,3,1,0,18.4,Low,Voluntary Resignation,Competitive Compensation Offer,0,1
1338,61,2026-09-01,52520.0,0.808,<0.85 (Critical Underpay),66.9,40.5,3,1,1,60.4,Elevated,Active,,0,0
1339,17,2026-09-01,52000.0,0.8,<0.85 (Critical Underpay),78.9,18.7,3,0,1,42.4,Moderate,Active,,0,0
1340,61,2026-09-01,95665.0,1.007,0.95-1.05 (Target),91.9,20.0,3,0,0,31.9,Low,Active,,0,0
1341,77,2026-09-01,62075.0,0.955,0.95-1.05 (Target),94.0,27.3,5,0,0,41.7,Moderate,Voluntary Resignation,Personal / Relocation,1,1
1342,74,2026-09-01,110675.0,1.165,>1.05 (Premium),99.8,40.12055523429288,5,0,1,52.8,Moderate,Voluntary Resignation,Personal / Relocation,1,1
1343,50,2026-09-01,63180.0,0.972,0.95-1.05 (Target),104.2,24.743644245424782,3,1,1,38.3,Moderate,Active,,0,0
1344,26,2026-09-01,62205.0,0.957,0.95-1.05 (Target),89.3,38.8,4,0,0,55.4,Moderate,Voluntary Resignation,Personal / Relocation,1,1
1345,32,2026-09-01,204360.0,0.786,<0.85 (Critical Underpay),97.1,21.74986960420898,3,1,0,38.4,Moderate,Voluntary Resignation,Competitive Compensation Offer,0,1
1346,66,2026-09-01,102125.0,1.075,>1.05 (Premium),93.0,7.9,1,0,0,16.0,Low,Active,,0,0
1347,84,2026-09-01,101365.0,1.067,>1.05 (Premium),76.5,17.0,5,0,0,27.1,Low,Active,,0,0
1348,19,2026-09-01,187250.0,1.07,>1.05 (Premium),89.7,1.9,3,1,0,5.0,Low,Active,,0,0
1349,50,2026-09-01,125415.0,0.929,0.85-0.95 (Below Median),85.3,19.6,5,0,1,32.9,Low,Voluntary Resignation,Career Advancement & Role Velocity,1,1
1350,11,2026-09-01,83600.0,0.88,0.85-0.95 (Below Median),89.5,13.9,3,0,1,35.1,Moderate,Active,,0,0
1351,25,2026-09-01,94525.0,0.995,0.95-1.05 (Target),86.4,16.6,3,0,1,36.0,Moderate,Active,,0,0
1352,44,2026-09-01,63245.0,0.973,0.95-1.05 (Target),85.8,9.4,3,0,1,19.8,Low,Active,,0,0
1353,50,2026-09-01,61490.0,0.946,0.85-0.95 (Below Median),77.7,3.1,4,0,1,12.8,Low,Active,,0,0
1354,68,2026-09-01,88920.0,0.936,0.85-0.95 (Below Median),83.1,0.9,4,1,0,10.4,Low,Active,,0,0
1355,9,2026-09-01,97470.0,1.026,0.95-1.05 (Target),87.2,0.4,4,0,1,8.0,Low,Voluntary Resignation,Personal / Relocation,1,1
1356,53,2026-09-01,147420.0,1.092,>1.05 (Premium),70.7,18.6,2,0,1,36.5,Moderate,Voluntary Resignation,Personal / Relocation,1,1
1357,22,2026-09-01,84645.0,0.891,0.85-0.95 (Below Median),91.2,24.2,3,0,1,39.2,Moderate,Voluntary Resignation,Competitive Compensation Offer,0,1
1358,28,2026-09-01,70330.0,1.082,>1.05 (Premium),91.3,5.8,3,0,1,5.3,Low,Active,,0,0
1359,59,2026-09-01,66040.0,1.016,0.95-1.05 (Target),95.6,49.69138093747908,3,0,0,83.3,Critical Exhaustion,Voluntary Resignation,Work-Life Balance & Fatigue,0,1
1360,78,2026-09-01,136350.0,1.01,0.95-1.05 (Target),79.1,3.0,3,0,0,11.4,Low,Active,,0,0
1361,4,2026-09-01,124200.0,0.92,0.85-0.95 (Below Median),96.0,38.60542775756071,2,0,1,63.9,Elevated,Voluntary Resignation,Personal / Relocation,1,1
1362,53,2026-09-01,82935.0,0.873,0.85-0.95 (Below Median),104.4,19.72560396468776,1,0,0,34.2,Low,Voluntary Resignation,Competitive Compensation Offer,0,1
1363,71,2026-09-01,261820.0,1.007,0.95-1.05 (Target),83.3,19.6,5,0,0,31.4,Low,Active,,0,0
1364,58,2026-09-01,116370.0,0.862,0.85-0.95 (Below Median),79.1,2.7,3,0,0,14.0,Low,Active,,0,0
1365,66,2026-09-01,165550.0,0.946,0.85-0.95 (Below Median),80.7,27.0,2,0,1,41.5,Moderate,Voluntary Resignation,Personal / Relocation,1,1
1366,1,2026-09-01,137160.0,1.016,0.95-1.05 (Target),94.5,33.3,4,1,0,63.6,Elevated,Active,,0,0
1367,71,2026-09-01,86735.0,0.913,0.85-0.95 (Below Median),100.4,35.56971274893523,3,0,0,68.4,Elevated,Voluntary Resignation,Work-Life Balance & Fatigue,0,1
1368,62,2026-09-01,276120.0,1.062,>1.05 (Premium),79.1,14.9,3,0,0,24.6,Low,Active,,0,0
1369,80,2026-09-01,129060.0,0.956,0.95-1.05 (Target),88.9,13.3,3,0,0,32.8,Low,Active,,0,0
1370,51,2026-09-01,122310.0,0.906,0.85-0.95 (Below Median),70.1,3.3,3,0,0,13.8,Low,Voluntary Resignation,Personal / Relocation,1,1
1371,51,2026-09-01,254800.0,0.98,0.95-1.05 (Target),81.4,13.2,5,1,0,32.2,Low,Voluntary Resignation,Personal / Relocation,1,1
1372,3,2026-09-01,143505.0,1.063,>1.05 (Premium),93.1,1.3,4,0,0,8.3,Low,Active,,0,0
1373,59,2026-09-01,128520.0,0.952,0.95-1.05 (Target),82.4,54.4,2,0,1,90.2,Critical Exhaustion,Voluntary Resignation,Work-Life Balance & Fatigue,1,1
1374,69,2026-09-01,84550.0,0.89,0.85-0.95 (Below Median),79.2,13.3,3,0,0,26.2,Low,Active,,0,0
1375,38,2026-09-01,63895.0,0.983,0.95-1.05 (Target),73.9,41.9,3,0,0,66.6,Elevated,Active,,0,0
1376,64,2026-09-01,93195.0,0.981,0.95-1.05 (Target),82.1,1.7,3,0,0,10.4,Low,Active,,0,0
1377,67,2026-09-01,155225.0,0.887,0.85-0.95 (Below Median),92.4,2.4,3,0,1,13.1,Low,Active,,0,0
1378,63,2026-09-01,85025.0,0.895,0.85-0.95 (Below Median),79.6,0.4,3,0,1,5.0,Low,Active,,0,0
1379,54,2026-09-01,131085.0,0.971,0.95-1.05 (Target),84.7,14.5,4,1,1,26.0,Low,Active,,0,0
1380,64,2026-09-01,55380.0,0.852,0.85-0.95 (Below Median),84.2,12.3,3,1,0,25.7,Low,Voluntary Resignation,Competitive Compensation Offer,0,1
1381,15,2026-09-01,87875.0,0.925,0.85-0.95 (Below Median),75.5,45.7,4,0,1,64.3,Elevated,Voluntary Resignation,Personal / Relocation,1,1
1382,66,2026-09-01,79515.0,0.837,<0.85 (Critical Underpay),80.6,3.1,3,0,1,23.0,Low,Active,,0,0
1383,52,2026-09-01,241540.0,0.929,0.85-0.95 (Below Median),82.4,17.6,2,0,0,30.5,Low,Active,,0,0
1384,64,2026-09-01,59150.0,0.91,0.85-0.95 (Below Median),85.7,0.8,4,0,0,10.8,Low,Active,,0,0
1385,3,2026-09-01,130410.0,0.966,0.95-1.05 (Target),88.3,29.0,1,0,0,43.5,Moderate,Active,,0,0
1386,57,2026-09-01,135270.0,1.002,0.95-1.05 (Target),93.4,64.2,5,0,1,93.0,Critical Exhaustion,Voluntary Resignation,Work-Life Balance & Fatigue,1,1
1387,79,2026-09-01,65520.0,1.008,0.95-1.05 (Target),80.4,14.6,3,0,0,25.4,Low,Active,,0,0
1388,77,2026-09-01,63570.0,0.978,0.95-1.05 (Target),73.3,28.4,4,1,0,42.5,Moderate,Voluntary Resignation,Personal / Relocation,1,1
1389,47,2026-09-01,136080.0,1.008,0.95-1.05 (Target),100.1,18.93063436066745,3,0,1,38.6,Moderate,Voluntary Resignation,Personal / Relocation,1,1
1390,83,2026-09-01,61815.0,0.951,0.95-1.05 (Target),108.4,63.77954474602258,2,0,0,100.0,Critical Exhaustion,Voluntary Resignation,Work-Life Balance & Fatigue,0,1
1391,69,2026-09-01,91675.0,0.965,0.95-1.05 (Target),70.8,11.6,5,0,1,22.6,Low,Voluntary Resignation,Personal / Relocation,1,1
1392,71,2026-09-01,68705.0,1.057,>1.05 (Premium),84.4,54.4,3,1,0,80.1,Critical Exhaustion,Voluntary Resignation,Work-Life Balance & Fatigue,0,1
1393,7,2026-09-01,86830.0,0.914,0.85-0.95 (Below Median),99.1,41.8681606370491,4,0,0,68.0,Elevated,Voluntary Resignation,Work-Life Balance & Fatigue,1,1
1394,31,2026-09-01,71045.0,1.093,>1.05 (Premium),82.8,6.7,4,0,0,6.2,Low,Active,,0,0
1395,22,2026-09-01,62530.0,0.962,0.95-1.05 (Target),103.2,39.82786044896482,5,0,0,64.6,Elevated,Voluntary Resignation,Personal / Relocation,1,1
1396,83,2026-09-01,172900.0,0.988,0.95-1.05 (Target),88.4,12.3,3,0,0,23.0,Low,Active,,0,0
1397,24,2026-09-01,58630.0,0.902,0.85-0.95 (Below Median),94.3,17.2,3,0,0,38.6,Moderate,Voluntary Resignation,Personal / Relocation,0,1
1398,31,2026-09-01,116910.0,0.866,0.85-0.95 (Below Median),94.7,22.2,3,0,1,45.3,Moderate,Active,,0,0
1399,35,2026-09-01,160650.0,0.918,0.85-0.95 (Below Median),107.2,28.99184706384155,5,1,1,52.4,Moderate,Active,,0,0
1400,2,2026-09-01,168000.0,0.96,0.95-1.05 (Target),81.0,0.9,3,1,0,17.9,Low,Active,,0,0
1401,83,2026-09-01,126495.0,0.937,0.85-0.95 (Below Median),80.1,6.5,3,0,0,25.1,Low,Active,,0,0
1402,50,2026-09-01,58110.0,0.894,0.85-0.95 (Below Median),70.2,0.9,4,0,1,5.0,Low,Active,,0,0
1403,11,2026-09-01,69095.0,1.063,>1.05 (Premium),88.9,0.5,3,0,1,7.3,Low,Active,,0,0
1404,9,2026-09-01,140130.0,1.038,0.95-1.05 (Target),73.4,30.3,3,0,0,43.6,Moderate,Active,,0,0
1405,3,2026-09-01,98420.0,1.036,0.95-1.05 (Target),83.1,0.4,3,0,0,7.8,Low,Active,,0,0
1406,84,2026-09-01,89110.0,0.938,0.85-0.95 (Below Median),97.8,35.01158615923443,3,0,1,59.3,Moderate,Voluntary Resignation,Personal / Relocation,0,1
1407,25,2026-09-01,134460.0,0.996,0.95-1.05 (Target),91.3,15.2,3,0,1,34.3,Low,Voluntary Resignation,Personal / Relocation,1,1
1408,66,2026-09-01,89300.0,0.94,0.85-0.95 (Below Median),86.2,8.9,3,0,0,11.9,Low,Active,,0,0
1409,74,2026-09-01,62660.0,0.964,0.95-1.05 (Target),81.4,8.4,3,0,0,18.8,Low,Active,,0,0
1410,19,2026-09-01,98515.0,1.037,0.95-1.05 (Target),94.8,3.1,3,0,1,5.0,Low,Active,,0,0
1411,10,2026-09-01,60060.0,0.924,0.85-0.95 (Below Median),98.2,30.083839837170885,3,1,1,53.6,Moderate,Voluntary Resignation,Personal / Relocation,0,1
1412,27,2026-09-01,61685.0,0.949,0.85-0.95 (Below Median),97.2,31.018233498722235,3,1,0,54.2,Moderate,Active,,0,0
1413,14,2026-09-01,87590.0,0.922,0.85-0.95 (Below Median),87.6,12.3,3,0,0,24.3,Low,Active,,0,0
1414,1,2026-09-01,67795.0,1.043,0.95-1.05 (Target),75.2,5.4,3,0,1,13.6,Low,Voluntary Resignation,Personal / Relocation,0,1
1415,23,2026-09-01,89395.0,0.941,0.85-0.95 (Below Median),74.6,9.8,3,0,0,12.9,Low,Active,,0,0
1416,9,2026-09-01,91580.0,0.964,0.95-1.05 (Target),77.8,12.1,4,0,0,23.2,Low,Active,,0,0
1417,52,2026-09-01,87305.0,0.919,0.85-0.95 (Below Median),82.7,3.2,3,0,0,13.5,Low,Active,,0,0
1418,84,2026-09-01,101555.0,1.069,>1.05 (Premium),69.4,11.5,2,0,1,28.4,Low,Active,,0,0
1419,62,2026-09-01,176225.0,1.007,0.95-1.05 (Target),86.9,11.2,3,0,1,29.3,Low,Active,,0,0
1420,55,2026-09-01,61815.0,0.951,0.95-1.05 (Target),96.3,51.42291599865804,3,0,0,78.7,Elevated,Voluntary Resignation,Work-Life Balance & Fatigue,0,1
1421,79,2026-09-01,166775.0,0.953,0.95-1.05 (Target),69.6,6.7,3,1,0,17.0,Low,Active,,0,0
1422,80,2026-09-01,61750.0,0.95,0.85-0.95 (Below Median),84.8,0.1,4,0,0,9.1,Low,Active,,0,0
1423,76,2026-09-01,140400.0,1.04,0.95-1.05 (Target),81.7,18.2,3,1,1,29.0,Low,Active,,0,0
1424,69,2026-09-01,64545.0,0.993,0.95-1.05 (Target),86.8,9.8,2,0,0,19.9,Low,Active,,0,0
1425,65,2026-09-01,177975.0,1.017,0.95-1.05 (Target),85.4,1.4,4,0,0,17.3,Low,Active,,0,0
1426,77,2026-09-01,177450.0,0.845,<0.85 (Critical Underpay),88.5,8.4,3,1,1,21.2,Low,Active,,0,0
1427,71,2026-09-01,187950.0,0.895,0.85-0.95 (Below Median),94.1,26.2,2,1,0,49.5,Moderate,Active,,0,0
1428,26,2026-09-01,61555.0,0.947,0.85-0.95 (Below Median),83.2,5.9,4,1,0,8.1,Low,Active,,0,0
1429,67,2026-09-01,177800.0,1.016,0.95-1.05 (Target),105.1,39.95071864810912,3,0,0,63.6,Elevated,Active,,0,0
1430,24,2026-09-01,129465.0,0.959,0.95-1.05 (Target),92.3,1.6,3,0,0,18.7,Low,Active,,0,0
1431,56,2026-09-01,89965.0,0.947,0.85-0.95 (Below Median),92.4,4.7,2,0,1,6.7,Low,Active,,0,0
1432,68,2026-09-01,93765.0,0.987,0.95-1.05 (Target),103.4,55.35454151803922,3,0,0,82.7,Critical Exhaustion,Voluntary Resignation,Work-Life Balance & Fatigue,0,1
1433,69,2026-09-01,119880.0,0.888,0.85-0.95 (Below Median),92.4,43.9,1,0,0,70.9,Elevated,Voluntary Resignation,Competitive Compensation Offer,1,1
1434,79,2026-09-01,62660.0,0.964,0.95-1.05 (Target),86.0,21.0,5,0,0,41.9,Moderate,Voluntary Resignation,Personal / Relocation,1,1
1435,39,2026-09-01,97200.0,0.72,<0.85 (Critical Underpay),80.5,12.1,3,0,0,28.1,Low,Active,,0,0
1436,18,2026-09-01,54015.0,0.831,<0.85 (Critical Underpay),83.4,5.3,4,0,1,17.7,Low,Active,,0,0
1437,17,2026-09-01,65715.0,1.011,0.95-1.05 (Target),85.1,9.7,3,0,0,19.4,Low,Active,,0,0
1438,28,2026-09-01,67600.0,1.04,0.95-1.05 (Target),87.6,4.7,3,0,0,12.8,Low,Active,,0,0
1439,29,2026-09-01,61165.0,0.941,0.85-0.95 (Below Median),84.2,13.7,3,0,0,25.6,Low,Voluntary Resignation,Personal / Relocation,0,1
1440,4,2026-09-01,118530.0,0.878,0.85-0.95 (Below Median),93.4,4.6,2,0,0,16.0,Low,Active,,0,0
1441,62,2026-09-01,79800.0,0.84,<0.85 (Critical Underpay),105.9,50.49565694072578,4,0,0,87.8,Critical Exhaustion,Voluntary Resignation,Competitive Compensation Offer,1,1
1442,52,2026-09-01,134730.0,0.998,0.95-1.05 (Target),89.2,2.2,2,0,0,10.7,Low,Active,,0,0
1443,78,2026-09-01,101080.0,1.064,>1.05 (Premium),83.2,6.7,4,0,0,6.8,Low,Active,,0,0
1444,73,2026-09-01,97470.0,1.026,0.95-1.05 (Target),77.6,8.3,3,0,0,17.4,Low,Active,,0,0
1445,4,2026-09-01,123525.0,0.915,0.85-0.95 (Below Median),97.6,63.80243625204574,3,0,0,100.0,Critical Exhaustion,Active,,0,0
1446,9,2026-09-01,64935.0,0.999,0.95-1.05 (Target),98.6,24.985602460179457,5,0,0,30.0,Low,Active,,0,0
1447,71,2026-09-01,72150.0,1.11,>1.05 (Premium),78.4,0.5,3,1,0,6.4,Low,Active,,0,0
1448,55,2026-09-01,94430.0,0.994,0.95-1.05 (Target),91.3,0.4,3,0,1,8.6,Low,Active,,0,0
1449,49,2026-09-01,96235.0,1.013,0.95-1.05 (Target),81.3,17.2,1,1,1,36.4,Moderate,Active,,0,0
1450,52,2026-09-01,200375.0,1.145,>1.05 (Premium),83.9,1.6,3,0,0,7.0,Low,Active,,0,0
1451,5,2026-09-01,61100.0,0.94,0.85-0.95 (Below Median),84.6,1.4,3,0,1,18.9,Low,Voluntary Resignation,Personal / Relocation,0,1
1452,24,2026-09-01,59930.0,0.922,0.85-0.95 (Below Median),82.7,5.5,3,0,0,8.2,Low,Active,,0,0
1453,18,2026-09-01,110835.0,0.821,<0.85 (Critical Underpay),98.1,45.47738438166876,3,0,0,82.2,Critical Exhaustion,Voluntary Resignation,Competitive Compensation Offer,1,1
1454,44,2026-09-01,129600.0,0.96,0.95-1.05 (Target),105.3,34.8346016471194,3,0,0,58.6,Moderate,Voluntary Resignation,Personal / Relocation,1,1
1455,54,2026-09-01,83980.0,0.884,0.85-0.95 (Below Median),102.0,39.66639627527403,3,1,1,65.9,Elevated,Voluntary Resignation,Competitive Compensation Offer,0,1
1456,25,2026-09-01,86260.0,0.908,0.85-0.95 (Below Median),76.9,0.3,2,0,0,10.2,Low,Active,,0,0
1457,28,2026-09-01,92340.0,0.972,0.95-1.05 (Target),82.5,0.8,1,0,0,9.5,Low,Active,,0,0
1458,60,2026-09-01,98420.0,1.036,0.95-1.05 (Target),79.1,3.1,4,0,0,11.0,Low,Active,,0,0
1459,58,2026-09-01,51610.0,0.794,<0.85 (Critical Underpay),73.0,10.9,5,1,1,25.2,Low,Active,,0,0
1460,79,2026-09-01,200550.0,0.955,0.95-1.05 (Target),96.0,35.27409022726852,2,1,0,59.2,Moderate,Active,,0,0
1461,54,2026-09-01,57850.0,0.89,0.85-0.95 (Below Median),90.6,9.0,3,0,0,21.0,Low,Active,,0,0
1462,64,2026-09-01,90250.0,0.95,0.85-0.95 (Below Median),75.9,18.5,1,0,0,31.2,Low,Active,,0,0
1463,49,2026-09-01,64220.0,0.988,0.95-1.05 (Target),102.1,39.32690184001197,4,0,1,63.4,Elevated,Voluntary Resignation,Personal / Relocation,1,1
1464,5,2026-09-01,66690.0,1.026,0.95-1.05 (Target),83.7,3.2,3,0,1,11.3,Low,Active,,0,0
1465,73,2026-09-01,75525.0,0.795,<0.85 (Critical Underpay),81.0,45.9,1,0,0,75.2,Elevated,Active,,0,0
1466,57,2026-09-01,66105.0,1.017,0.95-1.05 (Target),86.8,2.7,4,0,1,10.9,Low,Active,,0,0
1467,38,2026-09-01,181475.0,1.037,0.95-1.05 (Target),95.4,24.943917565504748,3,0,1,45.2,Moderate,Voluntary Resignation,Personal / Relocation,1,1
1468,23,2026-09-01,60450.0,0.93,0.85-0.95 (Below Median),76.3,24.2,3,1,0,38.4,Moderate,Active,,0,0
1469,79,2026-09-01,81415.0,0.857,0.85-0.95 (Below Median),91.8,3.6,3,0,0,15.2,Low,Active,,0,0
1470,68,2026-09-01,94525.0,0.995,0.95-1.05 (Target),80.9,11.1,3,0,0,21.4,Low,Active,,0,0
1471,13,2026-09-01,158725.0,0.907,0.85-0.95 (Below Median),84.7,19.9,3,0,0,33.7,Low,Active,,0,0
1472,46,2026-09-01,61490.0,0.946,0.85-0.95 (Below Median),79.3,24.1,4,0,0,46.0,Moderate,Voluntary Resignation,Personal / Relocation,1,1
1473,10,2026-09-01,134190.0,0.994,0.95-1.05 (Target),85.9,24.5,4,0,1,37.5,Moderate,Voluntary Resignation,Personal / Relocation,1,1
1474,25,2026-09-01,85310.0,0.898,0.85-0.95 (Below Median),76.4,23.5,3,0,0,38.2,Moderate,Voluntary Resignation,Competitive Compensation Offer,0,1
1475,64,2026-09-01,95190.0,1.002,0.95-1.05 (Target),91.1,9.7,3,0,0,27.6,Low,Active,,0,0
1476,18,2026-09-01,152075.0,0.869,0.85-0.95 (Below Median),74.5,2.8,4,0,0,22.0,Low,Active,,0,0
1477,83,2026-09-01,94715.0,0.997,0.95-1.05 (Target),91.9,30.7,4,1,0,44.9,Moderate,Active,,0,0
1478,51,2026-09-01,92055.0,0.969,0.95-1.05 (Target),81.2,0.7,4,0,0,9.5,Low,Active,,0,0
1479,6,2026-09-01,62400.0,0.96,0.95-1.05 (Target),87.0,38.6,4,1,0,63.1,Elevated,Voluntary Resignation,Personal / Relocation,1,1
1480,59,2026-09-01,99085.0,1.043,0.95-1.05 (Target),92.9,19.8,2,0,0,30.9,Low,Active,,0,0
1481,78,2026-09-01,62530.0,0.962,0.95-1.05 (Target),93.5,2.4,3,0,0,11.6,Low,Active,,0,0
1482,53,2026-09-01,59280.0,0.912,0.85-0.95 (Below Median),97.9,51.08853694879678,3,0,0,87.1,Critical Exhaustion,Voluntary Resignation,Work-Life Balance & Fatigue,0,1
1483,31,2026-09-01,87875.0,0.925,0.85-0.95 (Below Median),86.2,7.9,3,0,0,19.0,Low,Active,,0,0
1484,54,2026-09-01,135945.0,1.007,0.95-1.05 (Target),74.6,30.5,3,1,0,52.5,Moderate,Active,,0,0
1485,21,2026-09-01,49855.0,0.767,<0.85 (Critical Underpay),94.5,5.8,2,1,1,27.6,Low,Active,,0,0
1486,69,2026-09-01,57395.0,0.883,0.85-0.95 (Below Median),87.8,13.4,3,0,0,26.4,Low,Active,,0,0
1487,69,2026-09-01,114075.0,0.845,<0.85 (Critical Underpay),83.8,4.7,3,0,0,16.7,Low,Active,,0,0
1488,78,2026-09-01,61555.0,0.947,0.85-0.95 (Below Median),82.6,0.9,3,0,0,5.0,Low,Active,,0,0
1489,38,2026-09-01,53625.0,0.825,<0.85 (Critical Underpay),98.7,27.14732186571209,3,0,0,52.1,Moderate,Voluntary Resignation,Competitive Compensation Offer,0,1
1490,65,2026-09-01,69420.0,1.068,>1.05 (Premium),89.2,0.2,3,1,0,6.9,Low,Active,,0,0
1491,1,2026-09-01,119610.0,0.886,0.85-0.95 (Below Median),94.0,11.9,3,1,0,32.6,Low,Active,,0,0
1492,60,2026-09-01,158025.0,0.903,0.85-0.95 (Below Median),89.9,6.0,3,0,0,25.1,Low,Voluntary Resignation,Personal / Relocation,1,1
1493,61,2026-09-01,143235.0,1.061,>1.05 (Premium),91.5,2.6,3,0,0,5.0,Low,Active,,0,0
1494,16,2026-09-01,161525.0,0.923,0.85-0.95 (Below Median),92.2,13.2,2,0,0,25.4,Low,Active,,0,0
1495,14,2026-09-01,83125.0,0.875,0.85-0.95 (Below Median),98.8,34.927892162171865,3,1,1,60.4,Elevated,Voluntary Resignation,Competitive Compensation Offer,0,1
1496,17,2026-09-01,180810.0,0.861,0.85-0.95 (Below Median),85.6,24.4,3,0,0,48.1,Moderate,Active,,0,0
1497,1,2026-09-01,65195.0,1.003,0.95-1.05 (Target),101.0,36.41681957436194,2,0,0,59.6,Moderate,Voluntary Resignation,Personal / Relocation,0,1
1498,26,2026-09-01,130140.0,0.964,0.95-1.05 (Target),72.0,36.2,3,0,0,60.2,Elevated,Active,,0,0
1499,45,2026-09-01,133650.0,0.99,0.95-1.05 (Target),102.0,65.0,4,0,0,100.0,Critical Exhaustion,Active,,0,0
1500,64,2026-09-01,157500.0,0.9,0.85-0.95 (Below Median),81.2,3.1,4,1,0,5.7,Low,Active,,0,0
1501,10,2026-09-01,140265.0,1.039,0.95-1.05 (Target),81.7,26.5,3,0,1,47.0,Moderate,Active,,0,0
1502,63,2026-09-01,213360.0,1.016,0.95-1.05 (Target),79.5,10.9,3,0,0,20.8,Low,Active,,0,0
1503,54,2026-09-01,106115.0,1.117,>1.05 (Premium),93.6,39.5,3,0,0,61.1,Elevated,Voluntary Resignation,Personal / Relocation,0,1
1504,51,2026-09-01,61945.0,0.953,0.95-1.05 (Target),82.5,1.6,2,1,0,10.9,Low,Active,,0,0
1505,73,2026-09-01,95665.0,1.007,0.95-1.05 (Target),85.4,2.2,4,0,1,10.5,Low,Active,,0,0
1506,57,2026-09-01,95475.0,1.005,0.95-1.05 (Target),76.8,1.7,4,0,0,9.9,Low,Active,,0,0
1507,77,2026-09-01,95000.0,1.0,0.95-1.05 (Target),85.6,2.1,4,0,0,5.0,Low,Active,,0,0
1508,45,2026-09-01,89205.0,0.939,0.85-0.95 (Below Median),82.6,12.7,3,1,0,32.5,Low,Active,,0,0
1509,8,2026-09-01,73060.0,1.124,>1.05 (Premium),88.7,2.4,3,0,0,8.4,Low,Active,,0,0
1510,46,2026-09-01,138375.0,1.025,0.95-1.05 (Target),97.1,65.0,3,0,0,93.5,Critical Exhaustion,Voluntary Resignation,Work-Life Balance & Fatigue,1,1
1511,27,2026-09-01,82680.0,1.272,>1.05 (Premium),105.6,55.3487735389287,3,0,1,77.0,Elevated,Voluntary Resignation,Work-Life Balance & Fatigue,0,1
1512,4,2026-09-01,61620.0,0.948,0.85-0.95 (Below Median),74.6,14.2,4,0,1,18.1,Low,Active,,0,0
1513,4,2026-09-01,93195.0,0.981,0.95-1.05 (Target),89.2,4.0,5,0,1,21.2,Low,Active,,0,0
1514,64,2026-09-01,99750.0,1.05,0.95-1.05 (Target),99.1,34.95139175500887,3,0,1,56.9,Moderate,Active,,0,0
1515,45,2026-09-01,96805.0,1.019,0.95-1.05 (Target),90.5,1.6,3,0,0,5.0,Low,Active,,0,0
1516,30,2026-09-01,83125.0,0.875,0.85-0.95 (Below Median),93.4,6.2,3,1,0,17.9,Low,Active,,0,0
1517,10,2026-09-01,131895.0,0.977,0.95-1.05 (Target),67.0,9.7,3,1,1,20.1,Low,Active,,0,0
1518,40,2026-09-01,135540.0,1.004,0.95-1.05 (Target),89.0,7.8,3,0,1,17.3,Low,Active,,0,0
1519,31,2026-09-01,62660.0,0.964,0.95-1.05 (Target),85.0,0.6,4,0,0,9.4,Low,Voluntary Resignation,Personal / Relocation,1,1
1520,59,2026-09-01,116235.0,0.861,0.85-0.95 (Below Median),83.9,10.1,2,0,0,22.9,Low,Active,,0,0
1521,70,2026-09-01,93860.0,0.988,0.95-1.05 (Target),89.4,16.8,3,0,0,20.4,Low,Active,,0,0
1522,81,2026-09-01,94050.0,0.99,0.95-1.05 (Target),86.7,12.3,3,0,1,31.0,Low,Active,,0,0
1523,69,2026-09-01,109485.0,0.811,<0.85 (Critical Underpay),92.0,18.2,3,0,1,33.6,Low,Active,,0,0
1524,63,2026-09-01,207270.0,0.987,0.95-1.05 (Target),71.9,13.5,3,1,0,32.5,Low,Active,,0,0
1525,74,2026-09-01,88540.0,0.932,0.85-0.95 (Below Median),93.5,7.7,3,0,1,18.6,Low,Active,,0,0
1526,72,2026-09-01,117585.0,0.871,0.85-0.95 (Below Median),88.1,4.1,3,0,1,15.5,Low,Active,,0,0
1527,75,2026-09-01,77235.0,0.813,<0.85 (Critical Underpay),83.2,16.7,3,1,0,31.8,Low,Active,,0,0
1528,84,2026-09-01,66105.0,1.017,0.95-1.05 (Target),91.9,3.7,3,1,0,12.1,Low,Active,,0,0
1529,27,2026-09-01,122040.0,0.904,0.85-0.95 (Below Median),82.8,9.5,4,0,1,21.3,Low,Active,,0,0
1530,37,2026-09-01,71305.0,1.097,>1.05 (Premium),95.8,37.65050526355573,3,0,0,59.2,Moderate,Active,,0,0
1531,38,2026-09-01,93765.0,0.987,0.95-1.05 (Target),78.2,15.9,3,0,0,27.3,Low,Active,,0,0
1532,20,2026-09-01,98800.0,1.04,0.95-1.05 (Target),81.3,7.2,3,0,1,23.8,Low,Active,,0,0
1533,26,2026-09-01,161000.0,0.92,0.85-0.95 (Below Median),86.6,1.2,4,0,1,11.0,Low,Active,,0,0
1534,11,2026-09-01,80465.0,0.847,<0.85 (Critical Underpay),88.6,3.7,4,0,0,23.5,Low,Active,,0,0
1535,36,2026-09-01,92910.0,0.978,0.95-1.05 (Target),68.0,12.4,4,0,1,31.3,Low,Active,,0,0
1536,57,2026-09-01,202650.0,0.965,0.95-1.05 (Target),89.9,22.1,4,0,0,35.2,Moderate,Active,,0,0
1537,66,2026-09-01,207900.0,0.99,0.95-1.05 (Target),67.5,21.6,3,0,0,34.1,Low,Voluntary Resignation,Personal / Relocation,1,1
1538,38,2026-09-01,102695.0,1.081,>1.05 (Premium),78.6,45.4,3,1,0,68.9,Elevated,Active,,0,0
1539,27,2026-09-01,56810.0,0.874,0.85-0.95 (Below Median),81.4,33.2,3,0,0,58.4,Moderate,Active,,0,0
1540,38,2026-09-01,63700.0,0.98,0.95-1.05 (Target),87.4,12.9,2,0,0,23.9,Low,Voluntary Resignation,Personal / Relocation,0,1
1541,22,2026-09-01,91010.0,0.958,0.95-1.05 (Target),76.3,41.8,4,0,1,67.0,Elevated,Voluntary Resignation,Work-Life Balance & Fatigue,1,1
1542,46,2026-09-01,160475.0,0.917,0.85-0.95 (Below Median),84.0,21.3,5,0,0,35.2,Moderate,Active,,0,0
1543,29,2026-09-01,90155.0,0.949,0.85-0.95 (Below Median),96.7,20.02448375580402,3,1,0,33.0,Low,Voluntary Resignation,Personal / Relocation,0,1
1544,61,2026-09-01,94335.0,0.993,0.95-1.05 (Target),80.4,19.9,4,1,0,32.0,Low,Active,,0,0
1545,49,2026-09-01,208320.0,0.992,0.95-1.05 (Target),97.8,44.054954196046445,3,1,0,69.0,Elevated,Active,,0,0
1546,47,2026-09-01,129735.0,0.961,0.95-1.05 (Target),80.2,1.0,3,0,0,5.0,Low,Active,,0,0
1547,3,2026-09-01,82935.0,0.873,0.85-0.95 (Below Median),78.3,23.5,5,0,0,46.7,Moderate,Voluntary Resignation,Competitive Compensation Offer,1,1
1548,19,2026-09-01,62335.0,0.959,0.95-1.05 (Target),84.5,14.0,3,0,1,25.6,Low,Active,,0,0
1549,64,2026-09-01,69355.0,1.067,>1.05 (Premium),81.4,1.9,3,0,0,8.9,Low,Active,,0,0
1550,81,2026-09-01,60320.0,0.928,0.85-0.95 (Below Median),74.5,11.8,3,0,1,23.6,Low,Voluntary Resignation,Career Advancement & Role Velocity,0,1
1551,84,2026-09-01,59670.0,0.918,0.85-0.95 (Below Median),84.1,22.8,5,0,0,45.0,Moderate,Active,,0,0
1552,39,2026-09-01,123930.0,0.918,0.85-0.95 (Below Median),86.0,15.5,3,0,0,28.2,Low,Active,,0,0
1553,18,2026-09-01,77330.0,0.814,<0.85 (Critical Underpay),84.2,2.6,2,0,0,14.8,Low,Active,,0,0
1554,19,2026-09-01,96805.0,1.019,0.95-1.05 (Target),88.5,21.3,3,1,1,33.2,Low,Active,,0,0
1555,47,2026-09-01,67795.0,1.043,0.95-1.05 (Target),95.1,43.31070093779236,2,0,1,75.1,Elevated,Voluntary Resignation,Work-Life Balance & Fatigue,0,1
1556,14,2026-09-01,152075.0,0.869,0.85-0.95 (Below Median),99.3,27.17103992250708,3,0,0,43.2,Moderate,Voluntary Resignation,Competitive Compensation Offer,1,1
1557,71,2026-09-01,215880.0,1.028,0.95-1.05 (Target),86.6,40.8,3,0,1,64.4,Elevated,Active,,0,0
1558,82,2026-09-01,123120.0,0.912,0.85-0.95 (Below Median),79.5,10.7,3,0,1,22.6,Low,Active,,0,0
1559,75,2026-09-01,87970.0,0.926,0.85-0.95 (Below Median),95.9,40.75966794704389,3,0,1,66.4,Elevated,Voluntary Resignation,Work-Life Balance & Fatigue,0,1
1560,6,2026-09-01,98515.0,1.037,0.95-1.05 (Target),98.8,26.70481432938908,3,1,1,39.3,Moderate,Active,,0,0
1561,33,2026-09-01,84265.0,0.887,0.85-0.95 (Below Median),89.1,0.6,3,0,1,11.0,Low,Voluntary Resignation,Competitive Compensation Offer,0,1
1562,20,2026-09-01,133515.0,0.989,0.95-1.05 (Target),85.2,2.4,3,0,0,5.0,Low,Active,,0,0
1563,13,2026-09-01,139590.0,1.034,0.95-1.05 (Target),82.2,20.8,3,1,1,40.3,Moderate,Active,,0,0
1564,37,2026-09-01,189525.0,1.083,>1.05 (Premium),93.9,1.4,4,0,1,8.0,Low,Active,,0,0
1565,79,2026-09-01,56745.0,0.873,0.85-0.95 (Below Median),98.2,55.57307805699875,3,0,0,93.2,Critical Exhaustion,Voluntary Resignation,Competitive Compensation Offer,0,1
1566,38,2026-09-01,98230.0,1.034,0.95-1.05 (Target),74.5,4.9,3,0,0,13.2,Low,Active,,0,0
1567,27,2026-09-01,62010.0,0.954,0.95-1.05 (Target),81.3,12.9,5,0,0,24.4,Low,Voluntary Resignation,Personal / Relocation,1,1
1568,3,2026-09-01,78375.0,0.825,<0.85 (Critical Underpay),72.4,30.7,3,0,0,72.3,Elevated,Voluntary Resignation,Competitive Compensation Offer,0,1
1569,18,2026-09-01,131490.0,0.974,0.95-1.05 (Target),82.5,14.5,4,0,0,17.9,Low,Active,,0,0
1570,43,2026-09-01,123660.0,0.916,0.85-0.95 (Below Median),88.6,18.3,3,0,0,39.6,Moderate,Active,,0,0
1571,52,2026-09-01,193725.0,1.107,>1.05 (Premium),82.1,3.5,5,0,0,10.1,Low,Active,,0,0
1572,2,2026-09-01,96425.0,1.015,0.95-1.05 (Target),88.4,10.9,3,1,1,20.8,Low,Active,,0,0
1573,32,2026-09-01,95190.0,1.002,0.95-1.05 (Target),71.9,17.6,4,0,1,37.1,Moderate,Active,,0,0
1574,59,2026-09-01,93860.0,0.988,0.95-1.05 (Target),80.8,2.2,5,0,1,10.9,Low,Active,,0,0
1575,68,2026-09-01,86165.0,0.907,0.85-0.95 (Below Median),83.0,4.2,3,0,0,14.9,Low,Active,,0,0
1576,73,2026-09-01,83125.0,0.875,0.85-0.95 (Below Median),75.6,8.0,3,1,0,20.1,Low,Active,,0,0
1577,71,2026-09-01,97660.0,1.028,0.95-1.05 (Target),74.3,6.7,3,0,0,15.5,Low,Active,,0,0
1578,78,2026-09-01,110970.0,0.822,<0.85 (Critical Underpay),93.3,5.2,2,1,0,9.8,Low,Active,,0,0
1579,25,2026-09-01,126360.0,0.936,0.85-0.95 (Below Median),88.4,65.0,3,0,1,95.3,Critical Exhaustion,Voluntary Resignation,Work-Life Balance & Fatigue,1,1
1580,64,2026-09-01,59150.0,0.91,0.85-0.95 (Below Median),79.0,24.1,3,1,0,46.7,Moderate,Active,,0,0
1581,44,2026-09-01,85215.0,0.897,0.85-0.95 (Below Median),97.3,40.428128991742966,3,0,0,66.6,Elevated,Voluntary Resignation,Competitive Compensation Offer,0,1
1582,42,2026-09-01,96900.0,1.02,0.95-1.05 (Target),94.8,6.3,3,0,0,7.2,Low,Active,,0,0
1583,67,2026-09-01,84075.0,0.885,0.85-0.95 (Below Median),101.9,52.18371895493994,3,0,0,72.9,Elevated,Active,,0,0
1584,26,2026-09-01,87210.0,0.918,0.85-0.95 (Below Median),88.2,20.1,3,0,0,33.8,Low,Voluntary Resignation,Personal / Relocation,0,1
1585,29,2026-09-01,173775.0,0.993,0.95-1.05 (Target),90.6,13.2,4,0,0,24.0,Low,Active,,0,0
1586,54,2026-09-01,61295.0,0.943,0.85-0.95 (Below Median),83.2,8.6,4,1,1,19.5,Low,Active,,0,0
1587,61,2026-09-01,134595.0,0.997,0.95-1.05 (Target),79.4,17.4,3,0,0,36.9,Moderate,Voluntary Resignation,Personal / Relocation,1,1
1588,12,2026-09-01,57395.0,0.883,0.85-0.95 (Below Median),87.5,29.7,2,0,0,54.0,Moderate,Active,,0,0
1589,63,2026-09-01,125280.0,0.928,0.85-0.95 (Below Median),84.4,4.7,2,0,1,23.1,Low,Active,,0,0
1590,56,2026-09-01,191310.0,0.911,0.85-0.95 (Below Median),84.5,18.8,5,0,0,32.3,Low,Active,,0,0
1591,17,2026-09-01,126360.0,0.936,0.85-0.95 (Below Median),82.9,16.3,4,0,1,28.8,Low,Active,,0,0
1592,82,2026-09-01,168875.0,0.965,0.95-1.05 (Target),85.1,4.1,3,0,1,13.6,Low,Active,,0,0
1593,34,2026-09-01,51610.0,0.794,<0.85 (Critical Underpay),84.8,17.8,4,0,0,33.5,Low,Active,,0,0
1594,21,2026-09-01,71060.0,0.748,<0.85 (Critical Underpay),81.5,18.0,3,0,1,42.6,Moderate,Active,,0,0
1595,76,2026-09-01,108395.0,1.141,>1.05 (Premium),98.8,46.35541032530645,4,0,0,68.8,Elevated,Voluntary Resignation,Work-Life Balance & Fatigue,1,1
1596,5,2026-09-01,196770.0,0.937,0.85-0.95 (Below Median),83.7,2.9,3,0,1,12.7,Low,Active,,0,0
1597,16,2026-09-01,63700.0,0.98,0.95-1.05 (Target),85.7,10.4,4,1,0,28.9,Low,Active,,0,0
1598,8,2026-09-01,84550.0,0.89,0.85-0.95 (Below Median),99.2,38.10040945193643,3,1,0,63.9,Elevated,Voluntary Resignation,Competitive Compensation Offer,0,1
1599,37,2026-09-01,167300.0,0.956,0.95-1.05 (Target),98.6,18.493944084981926,3,0,0,39.1,Moderate,Active,,0,0
1600,31,2026-09-01,76475.0,0.805,<0.85 (Critical Underpay),86.9,10.0,4,0,1,23.9,Low,Active,,0,0
1601,56,2026-09-01,58175.0,0.895,0.85-0.95 (Below Median),84.5,1.7,4,0,0,12.1,Low,Active,,0,0
1602,70,2026-09-01,118125.0,0.875,0.85-0.95 (Below Median),103.1,25.78431532012512,2,1,0,57.4,Moderate,Active,,0,0
1603,58,2026-09-01,83600.0,0.88,0.85-0.95 (Below Median),94.4,12.8,3,0,1,33.8,Low,Voluntary Resignation,Competitive Compensation Offer,0,1
1604,32,2026-09-01,90820.0,0.956,0.95-1.05 (Target),82.8,7.8,3,1,0,18.2,Low,Active,,0,0
1605,52,2026-09-01,59605.0,0.917,0.85-0.95 (Below Median),82.7,9.7,4,0,0,21.3,Low,Active,,0,0
1606,23,2026-09-01,60125.0,0.925,0.85-0.95 (Below Median),93.5,1.0,5,0,1,5.0,Low,Voluntary Resignation,Personal / Relocation,1,1
1607,27,2026-09-01,91485.0,0.963,0.95-1.05 (Target),78.5,4.9,3,0,0,6.6,Low,Active,,0,0
1608,40,2026-09-01,138780.0,1.028,0.95-1.05 (Target),88.7,22.7,5,1,0,42.7,Moderate,Active,,0,0
1609,76,2026-09-01,71630.0,1.102,>1.05 (Premium),96.2,21.685638672934918,3,0,0,32.0,Low,Active,,0,0
1610,27,2026-09-01,98230.0,1.034,0.95-1.05 (Target),87.5,3.4,5,0,1,11.4,Low,Active,,0,0
1611,83,2026-09-01,87305.0,0.919,0.85-0.95 (Below Median),84.2,30.9,3,0,0,46.7,Moderate,Active,,0,0
1612,75,2026-09-01,79705.0,0.839,<0.85 (Critical Underpay),75.5,1.6,2,1,0,13.1,Low,Active,,0,0
1613,31,2026-09-01,120960.0,0.896,0.85-0.95 (Below Median),78.9,6.8,2,0,0,18.2,Low,Active,,0,0
1614,62,2026-09-01,99085.0,1.043,0.95-1.05 (Target),99.3,44.6745074741357,4,1,1,68.7,Elevated,Voluntary Resignation,Work-Life Balance & Fatigue,1,1
1615,51,2026-09-01,85025.0,0.895,0.85-0.95 (Below Median),72.1,0.3,3,0,1,10.5,Low,Active,,0,0
1616,19,2026-09-01,129735.0,0.961,0.95-1.05 (Target),90.3,4.6,3,0,0,6.3,Low,Active,,0,0
1617,7,2026-09-01,96330.0,1.014,0.95-1.05 (Target),85.2,0.4,3,0,0,8.2,Low,Active,,0,0
1618,59,2026-09-01,88445.0,0.931,0.85-0.95 (Below Median),91.7,1.3,2,0,1,5.0,Low,Active,,0,0
1619,65,2026-09-01,177625.0,1.015,0.95-1.05 (Target),81.0,25.1,2,1,0,45.8,Moderate,Active,,0,0
1620,11,2026-09-01,86925.0,0.915,0.85-0.95 (Below Median),90.7,1.0,2,0,0,10.9,Low,Voluntary Resignation,Personal / Relocation,0,1
1621,68,2026-09-01,100605.0,1.059,>1.05 (Premium),89.4,25.8,3,0,1,37.8,Moderate,Voluntary Resignation,Personal / Relocation,0,1
1622,75,2026-09-01,82270.0,0.866,0.85-0.95 (Below Median),92.9,16.9,5,0,0,39.0,Moderate,Active,,0,0
1623,70,2026-09-01,128115.0,0.949,0.85-0.95 (Below Median),74.9,14.6,3,0,0,26.5,Low,Active,,0,0
1624,61,2026-09-01,100130.0,1.054,>1.05 (Premium),67.5,0.9,3,1,0,8.0,Low,Active,,0,0
1625,44,2026-09-01,62270.0,0.958,0.95-1.05 (Target),98.2,36.159418904762,3,0,0,60.2,Elevated,Voluntary Resignation,Personal / Relocation,0,1
1626,31,2026-09-01,51870.0,0.798,<0.85 (Critical Underpay),88.7,19.8,3,1,1,43.8,Moderate,Active,,0,0
1627,39,2026-09-01,80655.0,0.849,<0.85 (Critical Underpay),97.3,30.019723695007883,3,0,1,55.0,Moderate,Active,,0,0
1628,17,2026-09-01,131895.0,0.977,0.95-1.05 (Target),88.3,36.4,3,0,1,60.1,Elevated,Voluntary Resignation,Personal / Relocation,1,1
1629,10,2026-09-01,125010.0,0.926,0.85-0.95 (Below Median),85.0,3.7,4,1,0,5.9,Low,Active,,0,0
1630,38,2026-09-01,178500.0,1.02,0.95-1.05 (Target),89.5,23.1,3,0,0,35.3,Moderate,Active,,0,0
1631,67,2026-09-01,163975.0,0.937,0.85-0.95 (Below Median),96.0,45.268495914843925,3,1,0,71.6,Elevated,Active,,0,0
1632,62,2026-09-01,223230.0,1.063,>1.05 (Premium),96.8,31.429352420771856,3,1,0,44.5,Moderate,Active,,0,0
1633,11,2026-09-01,73645.0,1.133,>1.05 (Premium),94.4,16.7,4,1,0,25.4,Low,Active,,0,0
1634,66,2026-09-01,59930.0,0.922,0.85-0.95 (Below Median),90.0,18.3,3,0,0,31.5,Low,Voluntary Resignation,Personal / Relocation,0,1
1635,50,2026-09-01,104975.0,1.105,>1.05 (Premium),76.9,15.2,3,0,1,24.1,Low,Active,,0,0
1636,51,2026-09-01,93480.0,0.984,0.95-1.05 (Target),84.0,28.8,2,0,0,50.9,Moderate,Active,,0,0
1637,3,2026-09-01,69485.0,1.069,>1.05 (Premium),75.9,1.8,4,1,0,5.0,Low,Active,,0,0
1638,65,2026-09-01,62920.0,0.968,0.95-1.05 (Target),95.2,65.0,2,0,0,100.0,Critical Exhaustion,Voluntary Resignation,Work-Life Balance & Fatigue,0,1
1639,47,2026-09-01,56550.0,0.87,0.85-0.95 (Below Median),83.0,1.7,3,0,1,20.6,Low,Active,,0,0
1640,64,2026-09-01,59150.0,0.91,0.85-0.95 (Below Median),95.3,21.99302536760112,3,0,0,44.2,Moderate,Voluntary Resignation,Personal / Relocation,0,1
1641,64,2026-09-01,176750.0,1.01,0.95-1.05 (Target),89.9,13.5,3,0,0,32.0,Low,Active,,0,0
1642,80,2026-09-01,88730.0,0.934,0.85-0.95 (Below Median),81.1,12.5,3,0,0,24.3,Low,Voluntary Resignation,Personal / Relocation,0,1
1643,64,2026-09-01,74860.0,0.788,<0.85 (Critical Underpay),78.3,34.3,3,0,0,61.4,Elevated,Voluntary Resignation,Competitive Compensation Offer,0,1
1644,61,2026-09-01,62855.0,0.967,0.95-1.05 (Target),97.7,19.729265079120516,3,0,1,40.3,Moderate,Active,,0,0
1645,9,2026-09-01,98990.0,1.042,0.95-1.05 (Target),77.3,14.8,3,0,0,24.9,Low,Active,,0,0
1646,71,2026-09-01,83695.0,0.881,0.85-0.95 (Below Median),93.7,8.4,4,0,0,28.5,Low,Active,,0,0
1647,67,2026-09-01,65390.0,1.006,0.95-1.05 (Target),83.2,3.1,3,0,0,19.6,Low,Voluntary Resignation,Personal / Relocation,0,1
1648,40,2026-09-01,92340.0,0.972,0.95-1.05 (Target),69.7,14.5,5,1,1,34.0,Low,Active,,0,0
1649,19,2026-09-01,124065.0,0.919,0.85-0.95 (Below Median),77.5,4.3,4,0,0,22.8,Low,Voluntary Resignation,Personal / Relocation,1,1
1650,57,2026-09-01,100710.0,0.746,<0.85 (Critical Underpay),81.5,10.3,3,0,0,25.4,Low,Active,,0,0
1651,48,2026-09-01,58370.0,0.898,0.85-0.95 (Below Median),79.0,17.9,4,0,1,31.5,Low,Active,,0,0
1652,59,2026-09-01,88160.0,0.928,0.85-0.95 (Below Median),91.2,13.4,3,0,0,17.5,Low,Active,,0,0
1653,40,2026-09-01,60840.0,0.936,0.85-0.95 (Below Median),85.5,3.7,3,1,0,21.7,Low,Active,,0,0
1654,55,2026-09-01,62985.0,0.969,0.95-1.05 (Target),74.4,16.3,3,0,0,28.2,Low,Active,,0,0
1655,19,2026-09-01,67535.0,1.039,0.95-1.05 (Target),84.4,2.3,4,1,0,10.0,Low,Active,,0,0
1656,34,2026-09-01,108490.0,1.142,>1.05 (Premium),93.1,11.1,3,0,0,18.5,Low,Active,,0,0
1657,37,2026-09-01,58825.0,0.905,0.85-0.95 (Below Median),97.3,31.05492404648076,3,0,0,47.2,Moderate,Voluntary Resignation,Personal / Relocation,0,1
1658,25,2026-09-01,152955.0,1.133,>1.05 (Premium),82.1,3.3,4,1,0,5.0,Low,Active,,0,0
1659,1,2026-09-01,67535.0,1.039,0.95-1.05 (Target),84.0,23.9,4,0,0,43.9,Moderate,Active,,0,0
1660,28,2026-09-01,134730.0,0.998,0.95-1.05 (Target),102.0,33.55407679159863,4,0,0,56.3,Moderate,Active,,0,0
1661,47,2026-09-01,66755.0,1.027,0.95-1.05 (Target),90.1,0.3,3,1,0,5.0,Low,Active,,0,0
1662,76,2026-09-01,98990.0,1.042,0.95-1.05 (Target),79.9,14.8,5,0,1,24.9,Low,Active,,0,0
1663,28,2026-09-01,77045.0,0.811,<0.85 (Critical Underpay),85.7,36.8,2,0,1,71.9,Elevated,Voluntary Resignation,Competitive Compensation Offer,0,1
1664,39,2026-09-01,98800.0,1.04,0.95-1.05 (Target),86.9,29.3,3,0,0,50.4,Moderate,Voluntary Resignation,Personal / Relocation,0,1
1665,14,2026-09-01,83885.0,0.883,0.85-0.95 (Below Median),89.2,14.1,3,0,1,27.3,Low,Voluntary Resignation,Competitive Compensation Offer,0,1
1666,1,2026-09-01,52845.0,0.813,<0.85 (Critical Underpay),84.1,8.5,4,0,0,21.9,Low,Voluntary Resignation,Competitive Compensation Offer,1,1
1667,9,2026-09-01,89870.0,0.946,0.85-0.95 (Below Median),79.0,6.1,3,0,0,8.4,Low,Voluntary Resignation,Personal / Relocation,0,1
1668,74,2026-09-01,62465.0,0.961,0.95-1.05 (Target),74.3,18.9,3,1,1,39.5,Moderate,Active,,0,0
1669,67,2026-09-01,66105.0,1.017,0.95-1.05 (Target),77.6,28.4,2,0,0,49.7,Moderate,Active,,0,0
1670,81,2026-09-01,64155.0,0.987,0.95-1.05 (Target),81.9,4.2,3,0,0,13.3,Low,Active,,0,0
1671,70,2026-09-01,59215.0,0.911,0.85-0.95 (Below Median),90.8,23.7,4,0,0,46.2,Moderate,Voluntary Resignation,Personal / Relocation,1,1
1672,56,2026-09-01,172725.0,0.987,0.95-1.05 (Target),92.7,43.9,1,0,0,68.9,Elevated,Voluntary Resignation,Work-Life Balance & Fatigue,1,1
1673,84,2026-09-01,53950.0,0.83,<0.85 (Critical Underpay),96.7,27.59345292525122,4,0,0,52.5,Moderate,Voluntary Resignation,Competitive Compensation Offer,1,1
1674,38,2026-09-01,213570.0,1.017,0.95-1.05 (Target),81.9,7.3,4,0,1,8.4,Low,Active,,0,0
1675,35,2026-09-01,68965.0,1.061,>1.05 (Premium),92.9,4.7,3,0,1,12.4,Low,Active,,0,0
1676,2,2026-09-01,172200.0,0.984,0.95-1.05 (Target),91.0,47.4,2,1,1,73.2,Elevated,Voluntary Resignation,Work-Life Balance & Fatigue,1,1
1677,78,2026-09-01,182910.0,0.871,0.85-0.95 (Below Median),76.3,23.0,2,0,0,46.2,Moderate,Active,,0,0
1678,6,2026-09-01,151200.0,0.864,0.85-0.95 (Below Median),83.6,4.7,3,0,0,8.4,Low,Active,,0,0
1679,60,2026-09-01,132165.0,0.979,0.95-1.05 (Target),72.8,10.8,4,0,0,21.4,Low,Active,,0,0
1680,6,2026-09-01,60905.0,0.937,0.85-0.95 (Below Median),75.5,8.0,3,1,0,10.9,Low,Active,,0,0
1681,69,2026-09-01,56810.0,0.874,0.85-0.95 (Below Median),98.0,32.78979630151724,3,0,0,57.9,Moderate,Voluntary Resignation,Competitive Compensation Offer,0,1
1682,61,2026-09-01,95000.0,1.0,0.95-1.05 (Target),94.8,4.3,2,0,1,13.2,Low,Active,,0,0
1683,8,2026-09-01,88540.0,0.932,0.85-0.95 (Below Median),74.8,4.7,3,0,0,7.0,Low,Active,,0,0
1684,75,2026-09-01,281320.0,1.082,>1.05 (Premium),89.9,10.1,3,1,0,10.5,Low,Active,,0,0
1685,1,2026-09-01,87020.0,0.916,0.85-0.95 (Below Median),99.0,40.10899099544663,3,1,1,65.8,Elevated,Voluntary Resignation,Work-Life Balance & Fatigue,0,1
1686,61,2026-09-01,64025.0,0.985,0.95-1.05 (Target),83.1,3.6,3,0,1,12.6,Low,Active,,0,0
1687,80,2026-09-01,148050.0,0.846,<0.85 (Critical Underpay),74.4,1.8,2,0,1,21.2,Low,Voluntary Resignation,Competitive Compensation Offer,1,1
1688,55,2026-09-01,136890.0,1.014,0.95-1.05 (Target),87.6,12.0,3,0,0,22.1,Low,Voluntary Resignation,Personal / Relocation,1,1
1689,27,2026-09-01,192850.0,1.102,>1.05 (Premium),74.3,14.4,4,0,0,31.2,Low,Active,,0,0
1690,50,2026-09-01,92150.0,0.97,0.95-1.05 (Target),79.6,12.0,3,0,1,23.0,Low,Active,,0,0
1691,8,2026-09-01,66625.0,1.025,0.95-1.05 (Target),73.2,2.9,4,0,1,11.0,Low,Active,,0,0
1692,10,2026-09-01,58955.0,0.907,0.85-0.95 (Below Median),97.6,30.980422329699984,4,1,1,55.0,Moderate,Voluntary Resignation,Personal / Relocation,1,1
1693,13,2026-09-01,113265.0,0.839,<0.85 (Critical Underpay),88.2,2.3,3,0,0,14.0,Low,Active,,0,0
1694,27,2026-09-01,83885.0,0.883,0.85-0.95 (Below Median),93.5,12.2,4,0,1,25.0,Low,Active,,0,0
1695,13,2026-09-01,82650.0,0.87,0.85-0.95 (Below Median),78.1,9.5,4,0,0,30.0,Low,Active,,0,0
1696,75,2026-09-01,96520.0,1.016,0.95-1.05 (Target),80.8,3.9,4,0,0,5.0,Low,Active,,0,0
1697,68,2026-09-01,124200.0,0.92,0.85-0.95 (Below Median),90.0,4.2,5,1,0,14.6,Low,Active,,0,0
1698,18,2026-09-01,155520.0,1.152,>1.05 (Premium),89.8,23.3,4,0,0,32.9,Low,Active,,0,0
1699,56,2026-09-01,62205.0,0.957,0.95-1.05 (Target),66.0,13.4,5,0,1,24.9,Low,Active,,0,0
1700,79,2026-09-01,89110.0,0.938,0.85-0.95 (Below Median),100.7,53.14071997535656,4,0,1,81.0,Critical Exhaustion,Voluntary Resignation,Work-Life Balance & Fatigue,1,1
1701,36,2026-09-01,173075.0,0.989,0.95-1.05 (Target),91.0,0.3,3,0,0,5.0,Low,Active,,0,0
1702,23,2026-09-01,154700.0,0.884,0.85-0.95 (Below Median),79.1,0.3,3,0,0,10.7,Low,Voluntary Resignation,Competitive Compensation Offer,1,1
1703,56,2026-09-01,199710.0,0.951,0.95-1.05 (Target),84.9,5.2,3,0,0,15.2,Low,Voluntary Resignation,Personal / Relocation,1,1
1704,35,2026-09-01,61360.0,0.944,0.85-0.95 (Below Median),81.8,1.0,4,0,0,18.3,Low,Active,,0,0
1705,18,2026-09-01,59930.0,0.922,0.85-0.95 (Below Median),91.6,2.2,3,0,0,12.2,Low,Active,,0,0
1706,32,2026-09-01,65065.0,1.001,0.95-1.05 (Target),85.9,4.1,5,0,0,12.9,Low,Active,,0,0
1707,80,2026-09-01,96805.0,1.019,0.95-1.05 (Target),81.4,7.6,3,0,0,16.7,Low,Active,,0,0
1708,43,2026-09-01,69550.0,1.07,>1.05 (Premium),90.5,2.6,3,0,0,9.7,Low,Active,,0,0
1709,54,2026-09-01,167475.0,0.957,0.95-1.05 (Target),92.3,0.9,3,0,1,9.9,Low,Voluntary Resignation,Personal / Relocation,1,1
1710,66,2026-09-01,61490.0,0.946,0.85-0.95 (Below Median),84.0,7.7,4,0,1,18.3,Low,Active,,0,0
1711,9,2026-09-01,172725.0,0.987,0.95-1.05 (Target),76.8,13.9,2,0,0,24.9,Low,Active,,0,0
1712,28,2026-09-01,147555.0,1.093,>1.05 (Premium),94.6,2.6,3,0,0,9.3,Low,Voluntary Resignation,Personal / Relocation,1,1
1713,29,2026-09-01,63115.0,0.971,0.95-1.05 (Target),85.5,8.0,3,0,1,18.2,Low,Voluntary Resignation,Personal / Relocation,0,1
1714,54,2026-09-01,57525.0,0.885,0.85-0.95 (Below Median),82.1,2.7,4,0,1,21.5,Low,Active,,0,0
1715,50,2026-09-01,168700.0,0.964,0.95-1.05 (Target),88.5,50.8,1,0,1,77.7,Elevated,Voluntary Resignation,Work-Life Balance & Fatigue,1,1
1716,12,2026-09-01,66690.0,1.026,0.95-1.05 (Target),74.2,52.4,2,0,0,78.4,Elevated,Voluntary Resignation,Work-Life Balance & Fatigue,0,1
1717,54,2026-09-01,167125.0,0.955,0.95-1.05 (Target),104.5,65.0,5,1,0,100.0,Critical Exhaustion,Voluntary Resignation,Work-Life Balance & Fatigue,1,1
1718,17,2026-09-01,60255.0,0.927,0.85-0.95 (Below Median),65.0,2.6,2,0,0,12.6,Low,Active,,0,0
1719,55,2026-09-01,155750.0,0.89,0.85-0.95 (Below Median),85.3,22.3,3,0,0,45.0,Moderate,Active,,0,0
1720,80,2026-09-01,156625.0,0.895,0.85-0.95 (Below Median),71.0,17.8,3,0,0,39.5,Moderate,Active,,0,0
1721,3,2026-09-01,89680.0,0.944,0.85-0.95 (Below Median),73.0,0.1,3,1,0,9.2,Low,Active,,0,0
1722,17,2026-09-01,54990.0,0.846,<0.85 (Critical Underpay),106.2,28.35339447059,3,0,0,45.1,Moderate,Voluntary Resignation,Competitive Compensation Offer,0,1
1723,38,2026-09-01,128250.0,0.95,0.85-0.95 (Below Median),94.7,12.1,4,0,1,31.5,Low,Active,,0,0
1724,29,2026-09-01,80275.0,0.845,<0.85 (Critical Underpay),82.0,14.8,3,1,0,28.9,Low,Active,,0,0
1725,49,2026-09-01,172550.0,0.986,0.95-1.05 (Target),101.0,47.00740886388731,3,0,0,72.7,Elevated,Active,,0,0
1726,74,2026-09-01,290940.0,1.119,>1.05 (Premium),88.9,11.6,3,0,0,27.5,Low,Active,,0,0
1727,5,2026-09-01,118935.0,0.881,0.85-0.95 (Below Median),77.4,3.7,3,1,0,14.8,Low,Active,,0,0
1728,37,2026-09-01,100510.0,1.058,>1.05 (Premium),77.4,0.1,3,0,0,7.0,Low,Active,,0,0
1729,56,2026-09-01,167475.0,0.957,0.95-1.05 (Target),87.8,23.9,3,0,1,45.5,Moderate,Voluntary Resignation,Personal / Relocation,1,1
1730,7,2026-09-01,189000.0,0.9,0.85-0.95 (Below Median),82.3,16.7,3,1,1,30.0,Low,Active,,0,0
1731,77,2026-09-01,55055.0,0.847,<0.85 (Critical Underpay),76.5,4.1,3,0,0,16.0,Low,Active,,0,0
1732,16,2026-09-01,100510.0,1.058,>1.05 (Premium),95.2,25.09364309868872,3,0,1,45.0,Moderate,Voluntary Resignation,Personal / Relocation,0,1
1733,14,2026-09-01,95855.0,1.009,0.95-1.05 (Target),80.0,20.6,4,1,0,32.5,Low,Active,,0,0
1734,35,2026-09-01,61035.0,0.939,0.85-0.95 (Below Median),86.0,1.4,3,0,1,10.9,Low,Active,,0,0
1735,47,2026-09-01,192675.0,1.101,>1.05 (Premium),96.2,64.64799725947455,3,0,0,99.6,Critical Exhaustion,Voluntary Resignation,Work-Life Balance & Fatigue,1,1
1736,40,2026-09-01,125820.0,0.932,0.85-0.95 (Below Median),94.9,1.8,3,1,0,5.0,Low,Active,,0,0
1737,28,2026-09-01,178675.0,1.021,0.95-1.05 (Target),83.5,5.6,2,0,0,14.3,Low,Active,,0,0
1738,82,2026-09-01,129195.0,0.957,0.95-1.05 (Target),88.9,4.9,3,0,1,14.7,Low,Active,,0,0
1739,68,2026-09-01,79230.0,0.834,<0.85 (Critical Underpay),102.9,27.519323954718978,3,0,0,60.3,Elevated,Voluntary Resignation,Competitive Compensation Offer,0,1
1740,18,2026-09-01,125685.0,0.931,0.85-0.95 (Below Median),81.7,8.2,4,0,1,27.2,Low,Active,,0,0
1741,3,2026-09-01,61685.0,0.949,0.85-0.95 (Below Median),83.6,3.3,3,0,0,5.0,Low,Active,,0,0
1742,17,2026-09-01,95000.0,1.0,0.95-1.05 (Target),80.8,12.0,3,0,1,30.4,Low,Active,,0,0
1743,29,2026-09-01,115155.0,0.853,0.85-0.95 (Below Median),96.6,34.150189112705945,3,1,0,51.9,Moderate,Voluntary Resignation,Competitive Compensation Offer,1,1
1744,43,2026-09-01,59215.0,0.911,0.85-0.95 (Below Median),93.9,7.9,5,0,0,27.3,Low,Active,,0,0
1745,62,2026-09-01,55705.0,0.857,0.85-0.95 (Below Median),73.9,19.1,3,0,0,33.8,Low,Active,,0,0
1746,39,2026-09-01,62270.0,0.958,0.95-1.05 (Target),97.7,39.603832294526,3,0,0,64.4,Elevated,Voluntary Resignation,Personal / Relocation,0,1
1747,30,2026-09-01,57655.0,0.887,0.85-0.95 (Below Median),79.7,23.7,5,0,0,38.7,Moderate,Active,,0,0
1748,29,2026-09-01,104880.0,1.104,>1.05 (Premium),81.7,14.1,2,0,0,22.8,Low,Active,,0,0
1749,76,2026-09-01,86545.0,0.911,0.85-0.95 (Below Median),90.5,0.7,4,0,0,18.6,Low,Voluntary Resignation,Personal / Relocation,1,1
1750,9,2026-09-01,135945.0,1.007,0.95-1.05 (Target),88.2,2.1,3,0,0,10.4,Low,Active,,0,0
1751,24,2026-09-01,90535.0,0.953,0.95-1.05 (Target),90.4,5.3,5,1,0,23.3,Low,Active,,0,0
1752,69,2026-09-01,204750.0,0.975,0.95-1.05 (Target),81.2,26.5,5,0,0,40.3,Moderate,Active,,0,0
1753,72,2026-09-01,59150.0,0.91,0.85-0.95 (Below Median),91.2,23.9,5,0,1,46.5,Moderate,Active,,0,0
1754,72,2026-09-01,54600.0,0.84,<0.85 (Critical Underpay),88.3,1.2,4,0,1,12.6,Low,Active,,0,0
1755,38,2026-09-01,117180.0,0.868,0.85-0.95 (Below Median),94.7,1.3,3,0,0,20.2,Low,Active,,0,0
1756,39,2026-09-01,130005.0,0.963,0.95-1.05 (Target),74.2,17.3,4,0,0,21.5,Low,Active,,0,0
1757,21,2026-09-01,55315.0,0.851,0.85-0.95 (Below Median),91.3,2.6,5,0,1,14.1,Low,Voluntary Resignation,Competitive Compensation Offer,1,1
1758,61,2026-09-01,116505.0,0.863,0.85-0.95 (Below Median),84.3,9.6,3,0,0,14.3,Low,Active,,0,0
1759,33,2026-09-01,57005.0,0.877,0.85-0.95 (Below Median),90.7,15.2,3,0,0,28.7,Low,Active,,0,0
1760,55,2026-09-01,87875.0,0.925,0.85-0.95 (Below Median),91.9,7.4,4,0,1,18.4,Low,Active,,0,0
1761,25,2026-09-01,72930.0,1.122,>1.05 (Premium),64.8,3.3,3,0,0,9.5,Low,Active,,0,0
1762,63,2026-09-01,54730.0,0.842,<0.85 (Critical Underpay),87.9,20.3,3,0,0,35.5,Moderate,Active,,0,0
1763,1,2026-09-01,54210.0,0.834,<0.85 (Critical Underpay),99.1,41.13210531838559,3,0,0,68.7,Elevated,Voluntary Resignation,Competitive Compensation Offer,0,1
1764,44,2026-09-01,63245.0,0.973,0.95-1.05 (Target),78.2,1.8,3,1,1,10.7,Low,Active,,0,0
1765,1,2026-09-01,59085.0,0.909,0.85-0.95 (Below Median),79.2,4.7,3,1,0,15.5,Low,Voluntary Resignation,Personal / Relocation,0,1
1766,1,2026-09-01,83695.0,0.881,0.85-0.95 (Below Median),78.6,24.0,3,0,1,47.2,Moderate,Voluntary Resignation,Competitive Compensation Offer,0,1
1767,77,2026-09-01,260520.0,1.002,0.95-1.05 (Target),95.3,62.281404293630274,3,0,1,98.7,Critical Exhaustion,Voluntary Resignation,Work-Life Balance & Fatigue,0,1
1768,13,2026-09-01,58565.0,0.901,0.85-0.95 (Below Median),93.2,8.3,3,0,1,19.9,Low,Voluntary Resignation,Personal / Relocation,0,1
1769,51,2026-09-01,130815.0,0.969,0.95-1.05 (Target),94.7,15.7,3,0,0,27.5,Low,Active,,0,0
1770,20,2026-09-01,69095.0,1.063,>1.05 (Premium),88.5,1.1,3,0,1,8.1,Low,Active,,0,0
1771,56,2026-09-01,70265.0,1.081,>1.05 (Premium),102.4,40.48427402280726,3,0,0,63.0,Elevated,Voluntary Resignation,Personal / Relocation,0,1
1772,10,2026-09-01,102125.0,1.075,>1.05 (Premium),67.0,6.2,4,0,0,13.9,Low,Active,,0,0
1773,57,2026-09-01,61035.0,0.939,0.85-0.95 (Below Median),78.5,1.1,3,0,1,10.5,Low,Active,,0,0
1774,14,2026-09-01,224700.0,1.07,>1.05 (Premium),71.5,6.6,3,0,0,14.5,Low,Active,,0,0
1775,57,2026-09-01,140265.0,1.039,0.95-1.05 (Target),98.8,40.25469946803486,2,0,0,71.5,Elevated,Voluntary Resignation,Work-Life Balance & Fatigue,1,1
1776,17,2026-09-01,110700.0,0.82,<0.85 (Critical Underpay),91.4,25.9,3,0,0,50.7,Moderate,Active,,0,0
1777,40,2026-09-01,77615.0,0.817,<0.85 (Critical Underpay),86.6,42.7,4,1,0,70.9,Elevated,Voluntary Resignation,Competitive Compensation Offer,1,1
1778,20,2026-09-01,139185.0,1.031,0.95-1.05 (Target),88.6,2.7,4,0,1,10.6,Low,Active,,0,0
1779,42,2026-09-01,66300.0,1.02,0.95-1.05 (Target),85.3,29.6,4,0,0,51.1,Moderate,Voluntary Resignation,Career Advancement & Role Velocity,1,1
1780,82,2026-09-01,233220.0,0.897,0.85-0.95 (Below Median),83.9,2.8,3,0,1,13.4,Low,Active,,0,0
1781,29,2026-09-01,191940.0,0.914,0.85-0.95 (Below Median),75.3,1.5,3,0,0,11.5,Low,Active,,0,0
1782,37,2026-09-01,85880.0,0.904,0.85-0.95 (Below Median),115.8,28.49202540574146,2,0,0,44.1,Moderate,Active,,0,0
1783,2,2026-09-01,56745.0,0.873,0.85-0.95 (Below Median),72.6,2.3,3,0,0,13.3,Low,Active,,0,0
1784,66,2026-09-01,100890.0,1.062,>1.05 (Premium),94.0,2.6,2,0,0,9.9,Low,Active,,0,0
1785,5,2026-09-01,57720.0,0.888,0.85-0.95 (Below Median),80.2,13.3,3,0,0,26.2,Low,Voluntary Resignation,Competitive Compensation Offer,0,1
1786,34,2026-09-01,156975.0,0.897,0.85-0.95 (Below Median),92.3,13.7,4,0,0,34.5,Low,Active,,0,0
1787,68,2026-09-01,64545.0,0.993,0.95-1.05 (Target),76.8,10.9,3,1,0,29.2,Low,Active,,0,0
1788,24,2026-09-01,145600.0,0.832,<0.85 (Critical Underpay),84.4,40.7,4,0,1,68.2,Elevated,Voluntary Resignation,Competitive Compensation Offer,1,1
1789,12,2026-09-01,143675.0,0.821,<0.85 (Critical Underpay),72.1,29.5,3,1,0,47.0,Moderate,Voluntary Resignation,Competitive Compensation Offer,1,1
1790,54,2026-09-01,120825.0,0.895,0.85-0.95 (Below Median),82.5,5.7,3,0,1,16.9,Low,Active,,0,0
1791,23,2026-09-01,52650.0,0.81,<0.85 (Critical Underpay),88.8,21.0,3,1,1,37.0,Moderate,Voluntary Resignation,Competitive Compensation Offer,0,1
1792,36,2026-09-01,88920.0,0.936,0.85-0.95 (Below Median),80.8,32.0,3,1,0,55.7,Moderate,Active,,0,0
1793,47,2026-09-01,62790.0,0.966,0.95-1.05 (Target),95.4,65.0,5,0,0,100.0,Critical Exhaustion,Voluntary Resignation,Work-Life Balance & Fatigue,1,1
1794,32,2026-09-01,145425.0,0.831,<0.85 (Critical Underpay),74.6,32.1,3,0,1,49.9,Moderate,Voluntary Resignation,Competitive Compensation Offer,1,1
1795,53,2026-09-01,57135.0,0.879,0.85-0.95 (Below Median),74.0,8.9,3,1,1,29.1,Low,Active,,0,0
1796,42,2026-09-01,62010.0,0.954,0.95-1.05 (Target),94.4,3.0,2,1,1,5.0,Low,Active,,0,0
1797,20,2026-09-01,96235.0,1.013,0.95-1.05 (Target),86.7,33.6,3,0,0,48.1,Moderate,Active,,0,0
1798,44,2026-09-01,86450.0,0.91,0.85-0.95 (Below Median),97.7,24.771578253773708,3,0,0,47.5,Moderate,Active,,0,0
1799,35,2026-09-01,61750.0,0.95,0.85-0.95 (Below Median),89.4,0.7,5,1,0,5.0,Low,Active,,0,0
1800,72,2026-09-01,61945.0,0.953,0.95-1.05 (Target),77.5,12.1,4,0,1,31.5,Low,Voluntary Resignation,Personal / Relocation,1,1
1801,31,2026-09-01,202650.0,0.965,0.95-1.05 (Target),81.9,21.8,3,0,0,34.9,Low,Active,,0,0
1802,1,2026-09-01,73190.0,1.126,>1.05 (Premium),90.8,5.3,3,0,0,5.0,Low,Active,,0,0
1803,70,2026-09-01,200760.0,0.956,0.95-1.05 (Target),89.6,42.8,3,0,1,68.2,Elevated,Voluntary Resignation,Work-Life Balance & Fatigue,1,1
1804,22,2026-09-01,146070.0,1.082,>1.05 (Premium),86.1,2.9,3,0,0,9.8,Low,Active,,0,0
1805,47,2026-09-01,127305.0,0.943,0.85-0.95 (Below Median),92.3,6.5,3,0,0,24.9,Low,Active,,0,0
1806,53,2026-09-01,62530.0,0.962,0.95-1.05 (Target),88.0,14.6,4,0,0,26.3,Low,Active,,0,0
1807,69,2026-09-01,86450.0,0.91,0.85-0.95 (Below Median),98.5,27.19185802680937,4,0,0,50.4,Moderate,Active,,0,0
1808,16,2026-09-01,66690.0,1.026,0.95-1.05 (Target),97.7,23.55671878808246,2,0,0,35.7,Moderate,Active,,0,0
1809,39,2026-09-01,87970.0,0.926,0.85-0.95 (Below Median),86.0,50.2,5,0,1,77.7,Elevated,Voluntary Resignation,Work-Life Balance & Fatigue,1,1
1810,8,2026-09-01,52910.0,0.814,<0.85 (Critical Underpay),84.0,60.5,3,1,0,92.3,Critical Exhaustion,Active,,0,0
1811,66,2026-09-01,54210.0,0.834,<0.85 (Critical Underpay),76.5,5.6,4,0,1,10.0,Low,Active,,0,0
1812,6,2026-09-01,172725.0,0.987,0.95-1.05 (Target),82.1,6.2,4,1,0,23.7,Low,Active,,0,0
1813,63,2026-09-01,61035.0,0.939,0.85-0.95 (Below Median),95.6,29.825734559829847,5,0,0,53.0,Moderate,Voluntary Resignation,Personal / Relocation,1,1
1814,9,2026-09-01,78280.0,0.824,<0.85 (Critical Underpay),86.7,3.5,3,0,0,15.7,Low,Active,,0,0
1815,40,2026-09-01,135540.0,1.004,0.95-1.05 (Target),77.1,9.1,4,0,0,18.8,Low,Active,,0,0
1816,21,2026-09-01,57460.0,0.884,0.85-0.95 (Below Median),85.3,30.2,3,0,0,62.6,Elevated,Active,,0,0
1817,31,2026-09-01,207060.0,0.986,0.95-1.05 (Target),90.9,2.6,3,0,0,11.4,Low,Active,,0,0
1818,26,2026-09-01,88920.0,0.936,0.85-0.95 (Below Median),85.6,17.7,2,0,0,38.5,Moderate,Active,,0,0
1819,42,2026-09-01,177800.0,1.016,0.95-1.05 (Target),79.2,36.5,2,0,1,59.5,Moderate,Voluntary Resignation,Personal / Relocation,1,1
1820,51,2026-09-01,85785.0,0.903,0.85-0.95 (Below Median),84.4,3.7,3,0,0,14.4,Low,Active,,0,0
1821,48,2026-09-01,83030.0,0.874,0.85-0.95 (Below Median),73.5,9.2,3,0,0,21.6,Low,Active,,0,0
1822,66,2026-09-01,143505.0,1.063,>1.05 (Premium),99.0,31.75260470553212,2,0,0,52.8,Moderate,Active,,0,0
1823,29,2026-09-01,127305.0,0.943,0.85-0.95 (Below Median),85.9,12.7,3,1,0,24.4,Low,Active,,0,0
1824,31,2026-09-01,187600.0,1.072,>1.05 (Premium),91.8,6.2,5,0,0,14.0,Low,Active,,0,0
1825,13,2026-09-01,166075.0,0.949,0.85-0.95 (Below Median),85.4,14.7,3,0,0,34.7,Low,Active,,0,0
1826,28,2026-09-01,63050.0,0.97,0.95-1.05 (Target),88.4,0.1,4,1,1,5.0,Low,Active,,0,0
1827,54,2026-09-01,84740.0,0.892,0.85-0.95 (Below Median),70.0,11.4,4,0,0,23.8,Low,Voluntary Resignation,Competitive Compensation Offer,1,1
1828,27,2026-09-01,70200.0,1.08,>1.05 (Premium),93.0,5.2,4,0,1,12.6,Low,Active,,0,0
1829,41,2026-09-01,62465.0,0.961,0.95-1.05 (Target),97.5,49.73055600824366,3,0,0,84.5,Critical Exhaustion,Active,,0,0
1830,54,2026-09-01,106495.0,1.121,>1.05 (Premium),87.1,7.5,3,0,0,6.6,Low,Active,,0,0
1831,45,2026-09-01,100890.0,1.062,>1.05 (Premium),101.9,36.89695866370738,3,0,0,59.0,Moderate,Active,,0,0
1832,27,2026-09-01,155400.0,0.888,0.85-0.95 (Below Median),98.7,27.675233296141457,3,0,1,43.5,Moderate,Voluntary Resignation,Competitive Compensation Offer,1,1
1833,13,2026-09-01,124470.0,0.922,0.85-0.95 (Below Median),96.8,22.566393922896932,3,0,0,44.6,Moderate,Voluntary Resignation,Personal / Relocation,1,1
1834,29,2026-09-01,166775.0,0.953,0.95-1.05 (Target),72.7,8.6,3,1,0,19.3,Low,Active,,0,0
1835,80,2026-09-01,55055.0,0.847,<0.85 (Critical Underpay),107.1,40.14526490807502,2,0,0,67.2,Elevated,Voluntary Resignation,Competitive Compensation Offer,0,1
1836,44,2026-09-01,174650.0,0.998,0.95-1.05 (Target),85.8,7.4,3,0,0,16.9,Low,Active,,0,0
1837,10,2026-09-01,176400.0,0.84,<0.85 (Critical Underpay),98.3,32.62268223968032,4,0,0,58.3,Moderate,Active,,0,0
1838,31,2026-09-01,89585.0,0.943,0.85-0.95 (Below Median),91.5,13.3,3,0,0,25.1,Low,Active,,0,0
1839,3,2026-09-01,164675.0,0.941,0.85-0.95 (Below Median),82.6,20.1,3,0,0,33.3,Low,Voluntary Resignation,Personal / Relocation,1,1
1840,53,2026-09-01,75050.0,0.79,<0.85 (Critical Underpay),75.5,0.8,3,0,1,13.2,Low,Voluntary Resignation,Competitive Compensation Offer,0,1
1841,21,2026-09-01,212100.0,1.01,0.95-1.05 (Target),88.2,16.8,3,0,0,28.0,Low,Active,,0,0
1842,64,2026-09-01,132165.0,0.979,0.95-1.05 (Target),78.7,22.7,5,0,1,43.7,Moderate,Active,,0,0
1843,45,2026-09-01,65650.0,1.01,0.95-1.05 (Target),103.1,22.168084026772807,3,0,1,34.4,Low,Active,,0,0
1844,28,2026-09-01,52975.0,0.815,<0.85 (Critical Underpay),103.7,21.150535774868302,3,0,1,37.1,Moderate,Voluntary Resignation,Competitive Compensation Offer,0,1
1845,14,2026-09-01,65130.0,1.002,0.95-1.05 (Target),77.6,47.8,3,0,0,81.3,Critical Exhaustion,Voluntary Resignation,Work-Life Balance & Fatigue,0,1
1846,83,2026-09-01,52975.0,0.815,<0.85 (Critical Underpay),90.9,0.6,3,1,0,12.4,Low,Active,,0,0
1847,33,2026-09-01,97565.0,1.027,0.95-1.05 (Target),87.8,0.7,3,0,1,8.3,Low,Active,,0,0
1848,70,2026-09-01,57265.0,0.881,0.85-0.95 (Below Median),87.9,30.8,3,0,1,55.3,Moderate,Active,,0,0
1849,27,2026-09-01,72280.0,1.112,>1.05 (Premium),82.3,9.1,5,0,1,16.7,Low,Active,,0,0
1850,53,2026-09-01,116910.0,0.866,0.85-0.95 (Below Median),92.9,23.8,3,1,0,39.2,Moderate,Active,,0,0
1851,54,2026-09-01,101555.0,1.069,>1.05 (Premium),89.1,10.7,3,0,0,19.5,Low,Active,,0,0
1852,8,2026-09-01,84645.0,0.891,0.85-0.95 (Below Median),76.3,15.4,2,0,1,36.7,Moderate,Voluntary Resignation,Competitive Compensation Offer,0,1
1853,18,2026-09-01,180810.0,0.861,0.85-0.95 (Below Median),84.3,28.1,3,0,0,52.5,Moderate,Voluntary Resignation,Competitive Compensation Offer,1,1
1854,28,2026-09-01,67600.0,1.04,0.95-1.05 (Target),78.1,3.9,4,0,0,19.9,Low,Active,,0,0
1855,54,2026-09-01,65650.0,1.01,0.95-1.05 (Target),86.6,4.2,4,0,0,12.8,Low,Active,,0,0
1856,81,2026-09-01,101650.0,1.07,>1.05 (Premium),75.7,1.4,3,0,0,8.3,Low,Active,,0,0
1857,57,2026-09-01,117315.0,0.869,0.85-0.95 (Below Median),101.7,23.693731601472837,4,0,0,47.1,Moderate,Active,,0,0
1858,53,2026-09-01,63895.0,0.983,0.95-1.05 (Target),87.6,20.6,4,1,0,33.1,Low,Active,,0,0
1859,33,2026-09-01,62075.0,0.955,0.95-1.05 (Target),92.5,6.8,4,0,0,25.1,Low,Voluntary Resignation,Personal / Relocation,1,1
1860,40,2026-09-01,74425.0,1.145,>1.05 (Premium),76.3,20.7,3,0,1,37.9,Moderate,Voluntary Resignation,Personal / Relocation,0,1
1861,23,2026-09-01,112670.0,1.186,>1.05 (Premium),78.0,24.2,3,0,0,33.3,Low,Active,,0,0
1862,38,2026-09-01,185430.0,0.883,0.85-0.95 (Below Median),90.4,1.8,4,1,0,12.5,Low,Active,,0,0
1863,79,2026-09-01,90440.0,0.952,0.95-1.05 (Target),92.0,10.6,3,0,0,21.7,Low,Active,,0,0
1864,7,2026-09-01,102315.0,1.077,>1.05 (Premium),95.2,35.63957305361824,3,0,0,49.2,Moderate,Active,,0,0
1865,32,2026-09-01,91390.0,0.962,0.95-1.05 (Target),81.1,4.8,3,0,0,14.5,Low,Voluntary Resignation,Personal / Relocation,0,1
1866,19,2026-09-01,89585.0,0.943,0.85-0.95 (Below Median),76.3,37.8,3,0,1,54.5,Moderate,Voluntary Resignation,Personal / Relocation,0,1
1867,8,2026-09-01,91675.0,0.965,0.95-1.05 (Target),90.7,2.3,3,0,0,11.5,Low,Active,,0,0
1868,46,2026-09-01,193620.0,0.922,0.85-0.95 (Below Median),75.1,36.8,2,0,0,61.7,Elevated,Active,,0,0
1869,59,2026-09-01,56875.0,0.875,0.85-0.95 (Below Median),94.6,3.3,4,1,0,14.5,Low,Active,,0,0
1870,71,2026-09-01,55380.0,0.852,0.85-0.95 (Below Median),82.3,16.5,3,1,0,38.8,Moderate,Voluntary Resignation,Competitive Compensation Offer,0,1
1871,56,2026-09-01,87495.0,0.921,0.85-0.95 (Below Median),70.3,9.0,4,0,0,20.4,Low,Active,,0,0
1872,65,2026-09-01,169400.0,0.968,0.95-1.05 (Target),92.5,8.3,5,0,0,18.6,Low,Active,,0,0
1873,47,2026-09-01,64350.0,0.99,0.95-1.05 (Target),87.2,12.2,3,1,0,22.8,Low,Active,,0,0
1874,77,2026-09-01,149850.0,1.11,>1.05 (Premium),72.4,7.7,3,0,0,15.0,Low,Active,,0,0
1875,53,2026-09-01,78565.0,0.827,<0.85 (Critical Underpay),83.8,12.5,4,0,0,26.5,Low,Active,,0,0
1876,75,2026-09-01,63245.0,0.973,0.95-1.05 (Target),67.4,2.8,3,1,1,11.9,Low,Active,,0,0
1877,70,2026-09-01,77140.0,0.812,<0.85 (Critical Underpay),74.9,6.1,4,0,1,19.1,Low,Active,,0,0
1878,34,2026-09-01,98135.0,1.033,0.95-1.05 (Target),82.2,5.9,4,0,0,22.4,Low,Active,,0,0
1879,3,2026-09-01,82745.0,0.871,0.85-0.95 (Below Median),74.5,12.8,3,0,0,25.9,Low,Active,,0,0
1880,81,2026-09-01,57785.0,0.889,0.85-0.95 (Below Median),98.0,28.699371810883704,3,0,0,52.7,Moderate,Active,,0,0
1881,32,2026-09-01,130005.0,0.963,0.95-1.05 (Target),95.2,54.08028860608543,3,0,0,81.6,Critical Exhaustion,Voluntary Resignation,Work-Life Balance & Fatigue,1,1
1882,36,2026-09-01,91010.0,0.958,0.95-1.05 (Target),86.7,6.1,3,1,1,16.2,Low,Active,,0,0
1883,50,2026-09-01,82270.0,0.866,0.85-0.95 (Below Median),79.2,10.1,3,0,1,30.8,Low,Active,,0,0
1884,50,2026-09-01,86830.0,0.914,0.85-0.95 (Below Median),78.9,10.4,4,0,0,22.2,Low,Active,,0,0
1885,44,2026-09-01,97660.0,1.028,0.95-1.05 (Target),87.5,12.7,3,1,0,14.7,Low,Active,,0,0
1886,22,2026-09-01,88350.0,0.93,0.85-0.95 (Below Median),93.6,14.1,3,0,0,26.3,Low,Active,,0,0
1887,57,2026-09-01,94430.0,0.994,0.95-1.05 (Target),99.4,20.281380649373904,3,0,0,32.5,Low,Active,,0,0
1888,41,2026-09-01,167825.0,0.959,0.95-1.05 (Target),69.0,20.9,4,0,0,33.9,Low,Active,,0,0
1889,31,2026-09-01,165550.0,0.946,0.85-0.95 (Below Median),94.7,13.1,4,1,0,32.8,Low,Voluntary Resignation,Personal / Relocation,1,1
1890,75,2026-09-01,74165.0,1.141,>1.05 (Premium),91.1,7.2,4,0,1,5.8,Low,Active,,0,0
1891,80,2026-09-01,68055.0,1.047,0.95-1.05 (Target),85.3,1.7,5,1,0,9.1,Low,Active,,0,0
1892,40,2026-09-01,71695.0,1.103,>1.05 (Premium),86.7,3.7,3,0,1,5.0,Low,Active,,0,0
1893,2,2026-09-01,131625.0,0.975,0.95-1.05 (Target),85.1,4.8,3,0,0,14.3,Low,Active,,0,0
1894,67,2026-09-01,102505.0,1.079,>1.05 (Premium),87.5,11.6,3,0,1,20.3,Low,Active,,0,0
1895,30,2026-09-01,121095.0,0.897,0.85-0.95 (Below Median),78.4,2.4,3,0,1,12.9,Low,Active,,0,0
1896,42,2026-09-01,118125.0,0.875,0.85-0.95 (Below Median),74.6,12.0,4,0,0,24.9,Low,Voluntary Resignation,Competitive Compensation Offer,1,1
1897,53,2026-09-01,98515.0,1.037,0.95-1.05 (Target),91.6,35.0,3,0,0,57.3,Moderate,Active,,0,0
1898,29,2026-09-01,131895.0,0.977,0.95-1.05 (Target),88.1,8.3,3,0,0,10.4,Low,Active,,0,0
1899,46,2026-09-01,62920.0,0.968,0.95-1.05 (Target),88.4,21.4,3,0,0,26.3,Low,Voluntary Resignation,Personal / Relocation,0,1
1900,25,2026-09-01,60970.0,0.938,0.85-0.95 (Below Median),95.6,50.87762144332841,3,1,1,78.3,Elevated,Voluntary Resignation,Work-Life Balance & Fatigue,0,1
1901,40,2026-09-01,205380.0,0.978,0.95-1.05 (Target),86.0,16.0,4,0,1,19.6,Low,Active,,0,0
1902,22,2026-09-01,87020.0,0.916,0.85-0.95 (Below Median),86.9,22.3,3,1,0,28.4,Low,Active,,0,0
1903,48,2026-09-01,216720.0,1.032,0.95-1.05 (Target),96.7,23.83265998269804,3,0,0,36.0,Moderate,Active,,0,0
1904,71,2026-09-01,81320.0,0.856,0.85-0.95 (Below Median),81.4,2.2,3,0,0,13.5,Low,Voluntary Resignation,Competitive Compensation Offer,0,1
1905,73,2026-09-01,115155.0,0.853,0.85-0.95 (Below Median),89.4,13.2,3,0,1,18.8,Low,Active,,0,0
1906,19,2026-09-01,86450.0,0.91,0.85-0.95 (Below Median),93.1,6.3,2,0,1,25.4,Low,Active,,0,0
1907,8,2026-09-01,150525.0,1.115,>1.05 (Premium),71.3,0.5,3,0,1,14.3,Low,Active,,0,0
1908,37,2026-09-01,182280.0,0.868,0.85-0.95 (Below Median),91.6,0.7,2,0,0,5.0,Low,Active,,0,0
1909,15,2026-09-01,86260.0,0.908,0.85-0.95 (Below Median),90.0,28.0,5,0,0,43.4,Moderate,Voluntary Resignation,Personal / Relocation,1,1
1910,26,2026-09-01,59020.0,0.908,0.85-0.95 (Below Median),101.9,25.21089086581736,2,0,0,48.1,Moderate,Active,,0,0
1911,17,2026-09-01,87210.0,0.918,0.85-0.95 (Below Median),79.7,2.0,3,0,0,12.0,Low,Active,,0,0
1912,37,2026-09-01,59215.0,0.911,0.85-0.95 (Below Median),77.4,9.3,4,0,0,20.9,Low,Active,,0,0
1913,39,2026-09-01,64285.0,0.989,0.95-1.05 (Target),85.1,22.1,2,1,0,34.7,Low,Active,,0,0
1914,2,2026-09-01,64545.0,0.993,0.95-1.05 (Target),80.1,54.1,3,0,1,81.1,Critical Exhaustion,Voluntary Resignation,Work-Life Balance & Fatigue,0,1
1915,58,2026-09-01,150150.0,0.858,0.85-0.95 (Below Median),92.5,2.8,3,0,1,14.2,Low,Voluntary Resignation,Competitive Compensation Offer,1,1
1916,66,2026-09-01,136485.0,1.011,0.95-1.05 (Target),79.2,4.6,3,0,0,5.3,Low,Active,,0,0
1917,24,2026-09-01,56095.0,0.863,0.85-0.95 (Below Median),91.9,3.6,4,0,1,15.1,Low,Active,,0,0
1918,63,2026-09-01,60645.0,0.933,0.85-0.95 (Below Median),87.6,10.2,3,0,1,21.6,Low,Active,,0,0
1919,21,2026-09-01,95285.0,1.003,0.95-1.05 (Target),87.0,53.6,4,1,0,80.3,Critical Exhaustion,Voluntary Resignation,Work-Life Balance & Fatigue,1,1
1920,62,2026-09-01,130410.0,0.966,0.95-1.05 (Target),95.7,28.238089709209227,3,1,0,42.6,Moderate,Active,,0,0
1921,30,2026-09-01,88350.0,0.93,0.85-0.95 (Below Median),76.2,3.0,4,0,0,13.0,Low,Active,,0,0
1922,78,2026-09-01,89300.0,0.94,0.85-0.95 (Below Median),83.7,0.2,3,0,0,9.4,Low,Active,,0,0
1923,17,2026-09-01,199710.0,0.951,0.95-1.05 (Target),77.3,18.0,3,0,0,30.6,Low,Voluntary Resignation,Personal / Relocation,1,1
1924,4,2026-09-01,66885.0,1.029,0.95-1.05 (Target),91.3,64.1,4,0,0,100.0,Critical Exhaustion,Voluntary Resignation,Work-Life Balance & Fatigue,1,1
1925,70,2026-09-01,64935.0,0.999,0.95-1.05 (Target),80.4,22.5,5,0,0,35.0,Low,Voluntary Resignation,Personal / Relocation,1,1
1926,62,2026-09-01,96330.0,1.014,0.95-1.05 (Target),100.8,34.85154839482662,5,0,0,57.5,Moderate,Voluntary Resignation,Personal / Relocation,1,1
1927,25,2026-09-01,84360.0,0.888,0.85-0.95 (Below Median),95.3,33.80555328575403,5,0,0,58.8,Moderate,Active,,0,0
1928,47,2026-09-01,60255.0,0.927,0.85-0.95 (Below Median),79.3,10.1,2,0,0,13.6,Low,Active,,0,0
1929,39,2026-09-01,91295.0,0.961,0.95-1.05 (Target),84.2,11.2,3,0,1,14.2,Low,Active,,0,0
1930,83,2026-09-01,46800.0,0.72,<0.85 (Critical Underpay),78.5,3.1,3,0,1,17.3,Low,Active,,0,0
1931,45,2026-09-01,207900.0,0.99,0.95-1.05 (Target),63.5,2.0,3,0,1,5.0,Low,Active,,0,0
1932,52,2026-09-01,69940.0,1.076,>1.05 (Premium),81.7,1.9,3,0,0,5.0,Low,Active,,0,0
1933,59,2026-09-01,161175.0,0.921,0.85-0.95 (Below Median),78.6,5.6,2,0,0,16.3,Low,Active,,0,0
1934,4,2026-09-01,82080.0,0.864,0.85-0.95 (Below Median),96.5,31.391826593919568,4,0,0,56.4,Moderate,Active,,0,0
1935,7,2026-09-01,89775.0,0.945,0.85-0.95 (Below Median),92.2,11.0,4,1,0,22.3,Low,Active,,0,0
1936,63,2026-09-01,145395.0,1.077,>1.05 (Premium),88.1,24.8,3,0,1,36.2,Moderate,Active,,0,0
1937,34,2026-09-01,133650.0,0.99,0.95-1.05 (Target),87.3,6.4,2,1,0,15.9,Low,Active,,0,0
1938,26,2026-09-01,135135.0,1.001,0.95-1.05 (Target),87.9,18.5,5,0,0,38.2,Moderate,Active,,0,0
1939,13,2026-09-01,60060.0,0.924,0.85-0.95 (Below Median),82.4,22.9,3,0,0,45.0,Moderate,Active,,0,0
1940,36,2026-09-01,88445.0,0.931,0.85-0.95 (Below Median),76.4,18.2,3,0,0,31.2,Low,Active,,0,0
1941,12,2026-09-01,130950.0,0.97,0.95-1.05 (Target),91.8,1.4,3,0,0,10.3,Low,Voluntary Resignation,Personal / Relocation,1,1
1942,44,2026-09-01,145530.0,1.078,>1.05 (Premium),78.7,37.1,4,0,1,59.0,Moderate,Active,,0,0
1943,64,2026-09-01,71695.0,1.103,>1.05 (Premium),88.7,15.2,3,1,0,24.2,Low,Active,,0,0
1944,14,2026-09-01,131355.0,0.973,0.95-1.05 (Target),84.9,17.1,4,0,0,37.1,Moderate,Voluntary Resignation,Personal / Relocation,1,1
1945,11,2026-09-01,118260.0,0.876,0.85-0.95 (Below Median),82.7,2.5,5,0,0,13.5,Low,Active,,0,0
1946,84,2026-09-01,207900.0,0.99,0.95-1.05 (Target),82.2,21.6,3,0,0,34.1,Low,Voluntary Resignation,Personal / Relocation,1,1
1947,71,2026-09-01,134595.0,0.997,0.95-1.05 (Target),72.9,11.0,4,0,0,21.3,Low,Active,,0,0
1948,27,2026-09-01,129735.0,0.961,0.95-1.05 (Target),75.3,6.2,3,1,0,16.2,Low,Active,,0,0
1949,43,2026-09-01,63115.0,0.971,0.95-1.05 (Target),91.6,2.9,4,0,1,12.1,Low,Active,,0,0
1950,40,2026-09-01,194040.0,0.924,0.85-0.95 (Below Median),81.2,20.1,3,0,0,41.6,Moderate,Voluntary Resignation,Personal / Relocation,1,1
1951,7,2026-09-01,61100.0,0.94,0.85-0.95 (Below Median),83.8,3.1,3,0,0,12.9,Low,Active,,0,0
1952,28,2026-09-01,89775.0,0.945,0.85-0.95 (Below Median),84.1,23.8,2,0,0,45.7,Moderate,Active,,0,0
1953,3,2026-09-01,81985.0,0.863,0.85-0.95 (Below Median),84.2,19.5,3,0,0,42.1,Moderate,Active,,0,0
1954,81,2026-09-01,181475.0,1.037,0.95-1.05 (Target),97.1,45.18664817985811,3,0,1,69.5,Elevated,Voluntary Resignation,Work-Life Balance & Fatigue,1,1
1955,80,2026-09-01,183225.0,1.047,0.95-1.05 (Target),93.6,4.5,1,0,0,12.5,Low,Active,,0,0
1956,5,2026-09-01,167650.0,0.958,0.95-1.05 (Target),76.2,0.4,3,1,1,5.0,Low,Active,,0,0
1957,16,2026-09-01,79230.0,0.834,<0.85 (Critical Underpay),73.5,4.7,5,0,0,17.0,Low,Active,,0,0
1958,47,2026-09-01,63375.0,0.975,0.95-1.05 (Target),87.8,5.8,3,0,0,23.5,Low,Active,,0,0
1959,56,2026-09-01,219440.0,0.844,<0.85 (Critical Underpay),85.4,14.6,3,0,0,36.6,Moderate,Active,,0,0
1960,43,2026-09-01,136215.0,1.009,0.95-1.05 (Target),94.8,6.0,4,0,0,7.0,Low,Active,,0,0
1961,81,2026-09-01,149175.0,1.105,>1.05 (Premium),87.2,2.6,3,0,0,9.0,Low,Active,,0,0
1962,14,2026-09-01,140130.0,1.038,0.95-1.05 (Target),82.2,21.5,5,0,1,41.0,Moderate,Voluntary Resignation,Personal / Relocation,1,1
1963,64,2026-09-01,105260.0,1.108,>1.05 (Premium),93.1,0.9,3,1,0,5.0,Low,Active,,0,0
1964,38,2026-09-01,92245.0,0.971,0.95-1.05 (Target),89.6,7.1,3,0,0,17.1,Low,Voluntary Resignation,Personal / Relocation,0,1
1965,45,2026-09-01,56810.0,0.874,0.85-0.95 (Below Median),91.2,30.6,3,0,0,63.2,Elevated,Active,,0,0
1966,6,2026-09-01,62140.0,0.956,0.95-1.05 (Target),90.6,21.3,3,0,0,34.4,Low,Voluntary Resignation,Personal / Relocation,0,1
1967,6,2026-09-01,171500.0,0.98,0.95-1.05 (Target),87.3,12.1,3,0,1,30.9,Low,Voluntary Resignation,Personal / Relocation,1,1
1968,34,2026-09-01,126700.0,0.724,<0.85 (Critical Underpay),109.0,40.47675220327318,3,0,1,70.1,Elevated,Voluntary Resignation,Competitive Compensation Offer,1,1
1969,66,2026-09-01,57265.0,0.881,0.85-0.95 (Below Median),87.3,0.4,3,0,0,10.9,Low,Active,,0,0
1970,81,2026-09-01,66365.0,1.021,0.95-1.05 (Target),97.1,61.27166290814013,3,1,0,97.1,Critical Exhaustion,Active,,0,0
1971,12,2026-09-01,122850.0,0.91,0.85-0.95 (Below Median),76.4,12.0,3,0,0,24.2,Low,Voluntary Resignation,Personal / Relocation,1,1
1972,11,2026-09-01,96995.0,1.021,0.95-1.05 (Target),87.2,21.9,4,1,1,41.9,Moderate,Active,,0,0
1973,56,2026-09-01,127305.0,0.943,0.85-0.95 (Below Median),98.0,27.664300049695587,3,0,1,50.3,Moderate,Voluntary Resignation,Personal / Relocation,1,1
1974,21,2026-09-01,79420.0,0.836,<0.85 (Critical Underpay),95.6,46.647161186513074,3,1,0,75.3,Elevated,Voluntary Resignation,Competitive Compensation Offer,0,1
1975,18,2026-09-01,194040.0,0.924,0.85-0.95 (Below Median),82.8,16.7,3,0,0,29.6,Low,Active,,0,0
1976,19,2026-09-01,94050.0,0.99,0.95-1.05 (Target),94.5,38.1,3,0,0,61.9,Elevated,Voluntary Resignation,Personal / Relocation,0,1
1977,67,2026-09-01,60645.0,0.933,0.85-0.95 (Below Median),83.6,13.2,3,0,0,25.2,Low,Active,,0,0
1978,29,2026-09-01,198030.0,0.943,0.85-0.95 (Below Median),91.4,13.6,3,0,1,33.5,Low,Active,,0,0
1979,81,2026-09-01,126495.0,0.937,0.85-0.95 (Below Median),68.7,17.1,4,0,0,37.8,Moderate,Voluntary Resignation,Personal / Relocation,1,1
1980,15,2026-09-01,83410.0,0.878,0.85-0.95 (Below Median),78.2,9.3,3,0,0,21.6,Low,Active,,0,0
1981,54,2026-09-01,69290.0,1.066,>1.05 (Premium),78.9,12.8,4,0,0,22.0,Low,Active,,0,0
1982,68,2026-09-01,56160.0,0.864,0.85-0.95 (Below Median),86.1,21.1,3,0,0,44.0,Moderate,Voluntary Resignation,Competitive Compensation Offer,0,1
1983,25,2026-09-01,66300.0,1.02,0.95-1.05 (Target),90.6,0.9,3,0,0,5.0,Low,Active,,0,0
1984,12,2026-09-01,89395.0,0.941,0.85-0.95 (Below Median),77.3,23.9,3,0,0,45.9,Moderate,Active,,0,0
1985,68,2026-09-01,62985.0,0.969,0.95-1.05 (Target),91.7,7.7,1,0,0,17.9,Low,Active,,0,0
1986,64,2026-09-01,63310.0,0.974,0.95-1.05 (Target),77.7,5.8,3,0,0,15.5,Low,Active,,0,0
1987,5,2026-09-01,60905.0,0.937,0.85-0.95 (Below Median),80.6,0.4,3,0,1,9.7,Low,Active,,0,0
1988,17,2026-09-01,62010.0,0.954,0.95-1.05 (Target),83.0,3.5,3,0,0,5.1,Low,Active,,0,0
1989,11,2026-09-01,77805.0,0.819,<0.85 (Critical Underpay),85.5,1.6,4,0,0,21.5,Low,Active,,0,0
1990,24,2026-09-01,157850.0,0.902,0.85-0.95 (Below Median),79.3,10.8,3,0,1,22.9,Low,Active,,0,0
1991,45,2026-09-01,163625.0,0.935,0.85-0.95 (Below Median),75.0,26.4,4,0,0,41.0,Moderate,Voluntary Resignation,Personal / Relocation,1,1
1992,21,2026-09-01,56680.0,0.872,0.85-0.95 (Below Median),79.4,18.9,5,0,1,41.2,Moderate,Voluntary Resignation,Competitive Compensation Offer,1,1
1993,27,2026-09-01,56485.0,0.869,0.85-0.95 (Below Median),82.6,30.6,4,1,0,55.3,Moderate,Active,,0,0
1994,55,2026-09-01,115830.0,0.858,0.85-0.95 (Below Median),75.8,0.8,4,0,0,19.8,Low,Voluntary Resignation,Competitive Compensation Offer,1,1
1995,29,2026-09-01,99085.0,1.043,0.95-1.05 (Target),95.1,37.96469119217092,4,1,0,52.7,Moderate,Active,,0,0
1996,61,2026-09-01,93005.0,0.979,0.95-1.05 (Target),70.7,16.1,2,0,1,27.7,Low,Active,,0,0
1997,17,2026-09-01,120015.0,0.889,0.85-0.95 (Below Median),71.1,13.8,3,0,0,26.8,Low,Active,,0,0
1998,46,2026-09-01,85405.0,0.899,0.85-0.95 (Below Median),82.4,2.6,5,0,0,13.1,Low,Active,,0,0
1999,53,2026-09-01,185640.0,0.884,0.85-0.95 (Below Median),78.1,37.0,3,0,0,62.7,Elevated,Voluntary Resignation,Competitive Compensation Offer,1,1
2000,67,2026-09-01,85500.0,0.9,0.85-0.95 (Below Median),95.2,24.682309431501693,3,0,0,47.6,Moderate,Active,,0,0
2001,34,2026-09-01,170275.0,0.973,0.95-1.05 (Target),65.9,0.6,5,0,0,9.3,Low,Active,,0,0
2002,68,2026-09-01,93575.0,0.985,0.95-1.05 (Target),84.8,57.5,4,0,0,93.3,Critical Exhaustion,Voluntary Resignation,Work-Life Balance & Fatigue,1,1
2003,66,2026-09-01,157150.0,0.898,0.85-0.95 (Below Median),76.5,6.7,3,0,0,18.1,Low,Active,,0,0
2004,34,2026-09-01,96425.0,1.015,0.95-1.05 (Target),92.0,9.5,2,1,0,19.1,Low,Active,,0,0
2005,37,2026-09-01,63700.0,0.98,0.95-1.05 (Target),77.1,0.5,3,0,1,5.0,Low,Active,,0,0
2006,19,2026-09-01,95190.0,1.002,0.95-1.05 (Target),79.5,2.1,3,0,0,10.5,Low,Active,,0,0
2007,48,2026-09-01,55380.0,0.852,0.85-0.95 (Below Median),90.9,9.1,2,0,0,21.9,Low,Voluntary Resignation,Competitive Compensation Offer,0,1
2008,29,2026-09-01,178850.0,1.022,0.95-1.05 (Target),87.4,2.6,3,1,0,10.7,Low,Active,,0,0
2009,35,2026-09-01,98040.0,1.032,0.95-1.05 (Target),92.5,0.9,3,1,0,5.0,Low,Active,,0,0
2010,65,2026-09-01,86070.0,0.906,0.85-0.95 (Below Median),79.8,5.5,3,0,1,24.5,Low,Active,,0,0
2011,5,2026-09-01,81415.0,0.857,0.85-0.95 (Below Median),85.1,22.9,3,1,0,46.3,Moderate,Active,,0,0
2012,47,2026-09-01,83410.0,0.878,0.85-0.95 (Below Median),84.3,28.8,2,0,0,53.0,Moderate,Voluntary Resignation,Competitive Compensation Offer,0,1
2013,64,2026-09-01,134190.0,0.994,0.95-1.05 (Target),104.3,24.320446637179717,3,0,1,37.3,Moderate,Active,,0,0
2014,5,2026-09-01,91485.0,0.963,0.95-1.05 (Target),96.7,39.652378727966216,1,0,0,64.3,Elevated,Voluntary Resignation,Personal / Relocation,0,1
2015,37,2026-09-01,60125.0,0.925,0.85-0.95 (Below Median),80.8,13.3,3,0,0,25.5,Low,Voluntary Resignation,Personal / Relocation,0,1
2016,12,2026-09-01,64545.0,0.993,0.95-1.05 (Target),93.1,3.1,2,0,0,11.9,Low,Active,,0,0
2017,42,2026-09-01,91960.0,0.968,0.95-1.05 (Target),98.4,24.466753383268063,3,0,0,46.0,Moderate,Active,,0,0
2018,2,2026-09-01,69485.0,1.069,>1.05 (Premium),72.4,59.7,3,0,0,94.3,Critical Exhaustion,Voluntary Resignation,Work-Life Balance & Fatigue,0,1
2019,81,2026-09-01,87970.0,0.926,0.85-0.95 (Below Median),87.1,65.0,1,0,0,100.0,Critical Exhaustion,Voluntary Resignation,Work-Life Balance & Fatigue,0,1
2020,44,2026-09-01,58240.0,0.896,0.85-0.95 (Below Median),81.9,10.7,3,1,1,22.9,Low,Active,,0,0
2021,70,2026-09-01,118530.0,0.878,0.85-0.95 (Below Median),85.5,10.6,3,0,0,23.2,Low,Active,,0,0
2022,37,2026-09-01,109440.0,1.152,>1.05 (Premium),85.8,21.0,5,1,1,30.2,Low,Active,,0,0
2023,36,2026-09-01,95570.0,1.006,0.95-1.05 (Target),90.6,17.6,2,0,0,29.0,Low,Active,,0,0
2024,42,2026-09-01,55965.0,0.861,0.85-0.95 (Below Median),90.4,24.5,3,0,0,48.2,Moderate,Active,,0,0
2025,30,2026-09-01,100890.0,1.062,>1.05 (Premium),78.9,0.6,3,0,0,5.0,Low,Active,,0,0
2026,65,2026-09-01,136485.0,1.011,0.95-1.05 (Target),99.7,32.88981894609751,3,0,0,47.2,Moderate,Active,,0,0
2027,48,2026-09-01,101555.0,1.069,>1.05 (Premium),67.5,33.1,3,1,1,54.3,Moderate,Active,,0,0
2028,24,2026-09-01,162050.0,0.926,0.85-0.95 (Below Median),87.7,9.3,3,1,0,20.6,Low,Active,,0,0
2029,29,2026-09-01,65000.0,1.0,0.95-1.05 (Target),102.4,38.46513900160808,3,0,0,54.2,Moderate,Voluntary Resignation,Personal / Relocation,0,1
2030,47,2026-09-01,158375.0,0.905,0.85-0.95 (Below Median),75.8,15.6,3,0,0,28.6,Low,Active,,0,0
2031,15,2026-09-01,189175.0,1.081,>1.05 (Premium),78.2,2.8,5,0,0,5.0,Low,Active,,0,0
2032,54,2026-09-01,130140.0,0.964,0.95-1.05 (Target),79.7,1.9,3,1,0,11.0,Low,Active,,0,0
2033,47,2026-09-01,65455.0,1.007,0.95-1.05 (Target),70.3,14.9,3,0,0,25.7,Low,Active,,0,0
2034,31,2026-09-01,89965.0,0.947,0.85-0.95 (Below Median),73.1,0.3,3,0,0,9.4,Low,Voluntary Resignation,Personal / Relocation,0,1
2035,56,2026-09-01,62140.0,0.956,0.95-1.05 (Target),84.2,21.8,4,0,0,35.0,Low,Active,,0,0
2036,28,2026-09-01,138105.0,1.023,0.95-1.05 (Target),85.8,4.6,2,0,0,21.1,Low,Active,,0,0
2037,67,2026-09-01,97090.0,1.022,0.95-1.05 (Target),82.6,5.7,3,0,0,22.4,Low,Active,,0,0
2038,84,2026-09-01,166075.0,0.949,0.85-0.95 (Below Median),88.4,16.0,2,0,0,28.2,Low,Voluntary Resignation,Personal / Relocation,1,1
2039,37,2026-09-01,76665.0,0.807,<0.85 (Critical Underpay),72.0,14.0,3,0,0,36.7,Moderate,Voluntary Resignation,Competitive Compensation Offer,0,1
2040,10,2026-09-01,65585.0,1.009,0.95-1.05 (Target),93.5,1.9,3,0,0,10.1,Low,Active,,0,0
2041,34,2026-09-01,105640.0,1.112,>1.05 (Premium),84.8,8.3,3,1,0,15.7,Low,Active,,0,0
2042,67,2026-09-01,88160.0,0.928,0.85-0.95 (Below Median),91.8,9.8,3,0,0,21.2,Low,Active,,0,0
2043,55,2026-09-01,127305.0,0.943,0.85-0.95 (Below Median),81.8,7.5,3,0,0,18.1,Low,Active,,0,0
2044,19,2026-09-01,65520.0,1.008,0.95-1.05 (Target),86.4,0.5,3,0,1,8.4,Low,Active,,0,0
2045,60,2026-09-01,63765.0,0.981,0.95-1.05 (Target),79.1,9.1,5,0,1,19.3,Low,Voluntary Resignation,Personal / Relocation,1,1
2046,70,2026-09-01,98420.0,1.036,0.95-1.05 (Target),90.7,4.3,4,0,1,12.4,Low,Active,,0,0
2047,28,2026-09-01,101840.0,1.072,>1.05 (Premium),95.6,51.25722127678472,3,0,0,84.1,Critical Exhaustion,Voluntary Resignation,Work-Life Balance & Fatigue,0,1
2048,9,2026-09-01,120420.0,0.892,0.85-0.95 (Below Median),76.2,5.8,4,1,1,17.1,Low,Active,,0,0
2049,65,2026-09-01,93480.0,0.984,0.95-1.05 (Target),92.4,27.6,2,0,0,49.4,Moderate,Voluntary Resignation,Personal / Relocation,0,1
2050,67,2026-09-01,86450.0,0.91,0.85-0.95 (Below Median),77.9,0.9,3,0,0,10.9,Low,Active,,0,0
2051,17,2026-09-01,85405.0,0.899,0.85-0.95 (Below Median),80.7,13.8,4,0,0,26.6,Low,Voluntary Resignation,Competitive Compensation Offer,1,1
2052,61,2026-09-01,54730.0,0.842,<0.85 (Critical Underpay),78.1,24.4,3,1,0,40.4,Moderate,Active,,0,0
2053,44,2026-09-01,65195.0,1.003,0.95-1.05 (Target),79.3,0.9,3,0,0,5.0,Low,Active,,0,0
2054,35,2026-09-01,275340.0,1.059,>1.05 (Premium),97.8,63.01901459084945,3,0,1,98.4,Critical Exhaustion,Voluntary Resignation,Work-Life Balance & Fatigue,0,1
2055,73,2026-09-01,63115.0,0.971,0.95-1.05 (Target),97.6,36.6313192771428,3,0,0,52.5,Moderate,Voluntary Resignation,Personal / Relocation,0,1
2056,55,2026-09-01,186375.0,1.065,>1.05 (Premium),88.2,12.2,3,1,0,13.3,Low,Active,,0,0
2057,24,2026-09-01,56615.0,0.871,0.85-0.95 (Below Median),75.3,31.8,2,0,1,56.7,Moderate,Voluntary Resignation,Competitive Compensation Offer,0,1
2058,43,2026-09-01,203910.0,0.971,0.95-1.05 (Target),76.5,65.0,3,0,1,100.0,Critical Exhaustion,Voluntary Resignation,Work-Life Balance & Fatigue,1,1
2059,70,2026-09-01,159075.0,0.909,0.85-0.95 (Below Median),84.3,35.2,3,0,0,60.1,Elevated,Voluntary Resignation,Personal / Relocation,1,1
2060,8,2026-09-01,102030.0,1.074,>1.05 (Premium),97.2,38.22834344473959,3,1,0,60.4,Elevated,Active,,0,0
2061,77,2026-09-01,109890.0,0.814,<0.85 (Critical Underpay),81.8,9.0,1,0,0,22.5,Low,Voluntary Resignation,Competitive Compensation Offer,1,1
2062,38,2026-09-01,60450.0,0.93,0.85-0.95 (Below Median),70.2,7.0,4,0,0,17.8,Low,Active,,0,0
2063,62,2026-09-01,97850.0,1.03,0.95-1.05 (Target),102.7,26.95617857706697,3,0,0,47.7,Moderate,Active,,0,0
2064,76,2026-09-01,62400.0,0.96,0.95-1.05 (Target),84.9,5.7,3,0,0,15.6,Low,Active,,0,0
2065,51,2026-09-01,79515.0,0.837,<0.85 (Critical Underpay),86.8,10.2,3,0,1,23.5,Low,Active,,0,0
2066,8,2026-09-01,59280.0,0.912,0.85-0.95 (Below Median),84.9,5.6,3,0,0,8.5,Low,Active,,0,0
2067,13,2026-09-01,124470.0,0.922,0.85-0.95 (Below Median),92.5,7.9,3,0,1,19.0,Low,Active,,0,0
2068,56,2026-09-01,86165.0,0.907,0.85-0.95 (Below Median),94.3,23.6,3,1,1,46.2,Moderate,Voluntary Resignation,Personal / Relocation,0,1
2069,1,2026-09-01,78090.0,0.822,<0.85 (Critical Underpay),95.4,21.802298291856022,4,1,0,45.7,Moderate,Active,,0,0
2070,53,2026-09-01,97470.0,1.026,0.95-1.05 (Target),88.6,11.4,3,0,0,21.2,Low,Active,,0,0
2071,46,2026-09-01,64480.0,0.992,0.95-1.05 (Target),82.9,11.5,3,0,1,22.0,Low,Active,,0,0
2072,74,2026-09-01,49985.0,0.769,<0.85 (Critical Underpay),76.7,0.2,2,0,0,12.9,Low,Active,,0,0
2073,46,2026-09-01,152820.0,1.132,>1.05 (Premium),79.4,13.7,3,0,0,21.8,Low,Active,,0,0
2074,15,2026-09-01,117450.0,0.87,0.85-0.95 (Below Median),74.9,3.7,2,0,1,15.0,Low,Active,,0,0
2075,83,2026-09-01,90725.0,0.955,0.95-1.05 (Target),88.5,5.1,3,0,0,23.0,Low,Voluntary Resignation,Personal / Relocation,0,1
2076,80,2026-09-01,132570.0,0.982,0.95-1.05 (Target),75.9,3.4,3,0,1,12.4,Low,Active,,0,0
2077,67,2026-09-01,92150.0,0.97,0.95-1.05 (Target),83.7,3.0,3,0,0,12.2,Low,Active,,0,0
2078,22,2026-09-01,93385.0,0.983,0.95-1.05 (Target),73.3,4.1,3,0,0,21.3,Low,Active,,0,0
2079,52,2026-09-01,188650.0,1.078,>1.05 (Premium),88.7,3.4,3,0,1,10.5,Low,Active,,0,0
2080,73,2026-09-01,81605.0,0.859,0.85-0.95 (Below Median),83.8,22.1,4,0,1,37.3,Moderate,Voluntary Resignation,Competitive Compensation Offer,1,1
2081,71,2026-09-01,122850.0,0.91,0.85-0.95 (Below Median),85.2,41.8,2,0,0,68.0,Elevated,Voluntary Resignation,Work-Life Balance & Fatigue,1,1
2082,33,2026-09-01,168875.0,0.965,0.95-1.05 (Target),97.2,21.4763921494458,3,1,1,42.5,Moderate,Voluntary Resignation,Personal / Relocation,1,1
2083,37,2026-09-01,80085.0,0.843,<0.85 (Critical Underpay),93.5,17.5,3,0,1,32.1,Low,Active,,0,0
2084,13,2026-09-01,126630.0,0.938,0.85-0.95 (Below Median),82.5,15.9,4,0,0,28.3,Low,Active,,0,0
2085,75,2026-09-01,82650.0,0.87,0.85-0.95 (Below Median),90.9,17.0,3,0,0,39.0,Moderate,Voluntary Resignation,Competitive Compensation Offer,0,1
2086,7,2026-09-01,166775.0,0.953,0.95-1.05 (Target),90.1,4.0,3,0,0,13.7,Low,Voluntary Resignation,Personal / Relocation,1,1
2087,12,2026-09-01,66235.0,1.019,0.95-1.05 (Target),92.6,2.1,2,0,1,5.0,Low,Active,,0,0
2088,14,2026-09-01,183120.0,0.872,0.85-0.95 (Below Median),84.6,18.2,3,0,0,32.4,Low,Active,,0,0
2089,80,2026-09-01,60450.0,0.93,0.85-0.95 (Below Median),87.3,10.1,3,0,1,21.5,Low,Active,,0,0
2090,50,2026-09-01,186480.0,0.888,0.85-0.95 (Below Median),89.2,24.4,3,1,0,39.5,Moderate,Active,,0,0
2091,30,2026-09-01,60450.0,0.93,0.85-0.95 (Below Median),79.2,3.6,3,0,0,13.7,Low,Active,,0,0
2092,74,2026-09-01,59605.0,0.917,0.85-0.95 (Below Median),88.2,13.6,4,0,0,26.0,Low,Active,,0,0
2093,36,2026-09-01,131490.0,0.974,0.95-1.05 (Target),72.9,5.4,3,0,0,15.0,Low,Active,,0,0
2094,4,2026-09-01,87780.0,0.924,0.85-0.95 (Below Median),104.1,34.24073846265206,5,0,0,58.6,Moderate,Voluntary Resignation,Personal / Relocation,1,1
2095,38,2026-09-01,98705.0,1.039,0.95-1.05 (Target),78.3,2.8,3,0,0,5.0,Low,Active,,0,0
2096,10,2026-09-01,62075.0,0.955,0.95-1.05 (Target),85.1,12.3,4,0,0,23.7,Low,Active,,0,0
2097,46,2026-09-01,224070.0,1.067,>1.05 (Premium),77.2,5.7,3,0,0,13.5,Low,Active,,0,0
2098,65,2026-09-01,143910.0,1.066,>1.05 (Premium),89.4,2.6,3,0,0,5.0,Low,Active,,0,0
2099,21,2026-09-01,221000.0,0.85,<0.85 (Critical Underpay),77.1,29.7,3,0,0,54.6,Moderate,Active,,0,0
2100,11,2026-09-01,61035.0,0.939,0.85-0.95 (Below Median),93.2,4.9,3,0,1,7.1,Low,Active,,0,0
2101,57,2026-09-01,63180.0,0.972,0.95-1.05 (Target),95.2,35.06364529870207,5,0,1,58.6,Moderate,Active,,0,0
2102,71,2026-09-01,51805.0,0.797,<0.85 (Critical Underpay),89.9,0.4,3,0,1,12.5,Low,Active,,0,0
2103,34,2026-09-01,135540.0,1.004,0.95-1.05 (Target),87.7,1.1,3,0,0,9.2,Low,Active,,0,0
2104,14,2026-09-01,58370.0,0.898,0.85-0.95 (Below Median),72.6,19.1,5,1,0,41.0,Moderate,Active,,0,0
2105,44,2026-09-01,61750.0,0.95,0.85-0.95 (Below Median),81.8,1.5,4,0,0,10.8,Low,Active,,0,0
2106,45,2026-09-01,195930.0,0.933,0.85-0.95 (Below Median),73.1,11.6,4,1,0,31.3,Low,Active,,0,0
2107,81,2026-09-01,156450.0,0.894,0.85-0.95 (Below Median),71.9,3.6,3,1,0,14.4,Low,Active,,0,0
2108,8,2026-09-01,81510.0,0.858,0.85-0.95 (Below Median),90.5,18.1,3,0,0,40.6,Moderate,Voluntary Resignation,Competitive Compensation Offer,0,1
2109,54,2026-09-01,86070.0,0.906,0.85-0.95 (Below Median),83.0,1.2,4,1,1,11.3,Low,Active,,0,0
2110,28,2026-09-01,58240.0,0.896,0.85-0.95 (Below Median),82.2,0.1,3,1,0,5.0,Low,Active,,0,0
2111,11,2026-09-01,67210.0,1.034,0.95-1.05 (Target),77.8,1.1,3,0,0,16.6,Low,Active,,0,0
2112,71,2026-09-01,247780.0,0.953,0.95-1.05 (Target),82.4,38.8,3,1,0,63.5,Elevated,Voluntary Resignation,Personal / Relocation,0,1
2113,20,2026-09-01,63180.0,0.972,0.95-1.05 (Target),74.0,4.0,3,0,1,13.4,Low,Voluntary Resignation,Career Advancement & Role Velocity,0,1
2114,10,2026-09-01,78090.0,0.822,<0.85 (Critical Underpay),89.7,4.3,3,1,0,8.7,Low,Active,,0,0
2115,46,2026-09-01,68185.0,1.049,0.95-1.05 (Target),85.5,6.2,4,0,0,14.5,Low,Active,,0,0
2116,20,2026-09-01,66495.0,1.023,0.95-1.05 (Target),76.3,23.0,3,0,1,35.1,Moderate,Active,,0,0
2117,25,2026-09-01,67080.0,1.032,0.95-1.05 (Target),77.8,9.0,4,0,0,18.2,Low,Active,,0,0
2118,84,2026-09-01,178850.0,1.022,0.95-1.05 (Target),60.7,1.1,3,0,1,8.9,Low,Active,,0,0
2119,76,2026-09-01,161000.0,0.92,0.85-0.95 (Below Median),82.9,27.2,2,0,0,58.2,Moderate,Voluntary Resignation,Personal / Relocation,1,1
2120,27,2026-09-01,92150.0,0.97,0.95-1.05 (Target),109.0,41.014503154588745,3,0,1,65.8,Elevated,Voluntary Resignation,Work-Life Balance & Fatigue,0,1
2121,12,2026-09-01,140535.0,1.041,0.95-1.05 (Target),77.2,8.0,3,0,1,8.8,Low,Active,,0,0
2122,55,2026-09-01,65260.0,1.004,0.95-1.05 (Target),79.2,9.7,4,1,0,27.6,Low,Active,,0,0
2123,19,2026-09-01,135810.0,1.006,0.95-1.05 (Target),103.0,29.49508126324691,3,0,1,51.3,Moderate,Voluntary Resignation,Personal / Relocation,1,1
2124,81,2026-09-01,56225.0,0.865,0.85-0.95 (Below Median),74.7,29.4,4,0,0,46.0,Moderate,Active,,0,0
2125,9,2026-09-01,89965.0,0.947,0.85-0.95 (Below Median),68.1,25.3,3,0,0,47.4,Moderate,Voluntary Resignation,Career Advancement & Role Velocity,0,1
2126,74,2026-09-01,207480.0,0.988,0.95-1.05 (Target),89.9,2.4,3,0,0,11.1,Low,Active,,0,0
2127,52,2026-09-01,83790.0,0.882,0.85-0.95 (Below Median),89.7,2.2,3,0,0,5.0,Low,Active,,0,0
2128,69,2026-09-01,130950.0,0.97,0.95-1.05 (Target),74.4,0.6,2,1,1,5.0,Low,Active,,0,0
2129,54,2026-09-01,174300.0,0.996,0.95-1.05 (Target),76.5,30.3,3,0,0,52.4,Moderate,Voluntary Resignation,Personal / Relocation,1,1
2130,64,2026-09-01,201180.0,0.958,0.95-1.05 (Target),83.0,0.0,4,0,0,8.8,Low,Active,,0,0
2131,66,2026-09-01,134055.0,0.993,0.95-1.05 (Target),91.7,25.1,4,0,0,38.3,Moderate,Voluntary Resignation,Personal / Relocation,1,1
2132,75,2026-09-01,65455.0,1.007,0.95-1.05 (Target),87.8,12.8,4,1,1,23.2,Low,Active,,0,0
2133,55,2026-09-01,63505.0,0.977,0.95-1.05 (Target),79.3,12.6,3,0,1,23.6,Low,Active,,0,0
2134,49,2026-09-01,111645.0,0.827,<0.85 (Critical Underpay),81.2,8.3,1,0,0,21.4,Low,Voluntary Resignation,Competitive Compensation Offer,1,1
2135,21,2026-09-01,182875.0,1.045,0.95-1.05 (Target),81.7,0.4,3,0,1,15.6,Low,Active,,0,0
2136,50,2026-09-01,67600.0,1.04,0.95-1.05 (Target),76.6,20.0,2,0,1,31.2,Low,Voluntary Resignation,Career Advancement & Role Velocity,0,1
2137,49,2026-09-01,129600.0,0.96,0.95-1.05 (Target),93.1,3.6,1,0,0,13.1,Low,Active,,0,0
2138,41,2026-09-01,88255.0,0.929,0.85-0.95 (Below Median),83.2,16.5,3,0,1,37.2,Moderate,Active,,0,0
2139,42,2026-09-01,131355.0,0.973,0.95-1.05 (Target),89.6,12.7,3,1,0,23.8,Low,Active,,0,0
2140,61,2026-09-01,243810.0,1.161,>1.05 (Premium),95.5,47.69207883682135,3,0,0,70.0,Elevated,Voluntary Resignation,Work-Life Balance & Fatigue,1,1
2141,48,2026-09-01,252720.0,0.972,0.95-1.05 (Target),86.5,13.3,2,0,0,32.5,Low,Active,,0,0
2142,23,2026-09-01,65975.0,1.015,0.95-1.05 (Target),71.1,5.4,3,1,0,22.2,Low,Active,,0,0
2143,39,2026-09-01,67210.0,1.034,0.95-1.05 (Target),80.5,2.6,3,0,0,18.4,Low,Active,,0,0
2144,51,2026-09-01,64610.0,0.994,0.95-1.05 (Target),90.2,25.8,4,1,1,39.1,Moderate,Active,,0,0
2145,11,2026-09-01,90535.0,0.953,0.95-1.05 (Target),85.6,11.0,3,0,1,14.1,Low,Active,,0,0
2146,35,2026-09-01,65390.0,1.006,0.95-1.05 (Target),90.0,2.1,3,0,1,10.4,Low,Active,,0,0
2147,54,2026-09-01,80940.0,0.852,0.85-0.95 (Below Median),95.9,65.0,3,0,0,100.0,Critical Exhaustion,Voluntary Resignation,Competitive Compensation Offer,0,1
2148,81,2026-09-01,107445.0,1.131,>1.05 (Premium),82.8,13.1,3,0,1,21.1,Low,Active,,0,0
2149,71,2026-09-01,77520.0,0.816,<0.85 (Critical Underpay),69.2,23.1,4,0,0,47.4,Moderate,Voluntary Resignation,Competitive Compensation Offer,1,1
2150,23,2026-09-01,91485.0,0.963,0.95-1.05 (Target),92.3,2.7,3,0,0,12.0,Low,Active,,0,0
2151,82,2026-09-01,181300.0,1.036,0.95-1.05 (Target),79.1,2.0,3,1,0,5.0,Low,Active,,0,0
2152,2,2026-09-01,59865.0,0.921,0.85-0.95 (Below Median),73.5,12.2,4,0,1,32.2,Low,Voluntary Resignation,Personal / Relocation,1,1
2153,26,2026-09-01,130545.0,0.967,0.95-1.05 (Target),80.5,5.3,4,0,1,15.0,Low,Active,,0,0
2154,31,2026-09-01,53235.0,0.819,<0.85 (Critical Underpay),71.0,3.3,5,0,1,7.6,Low,Active,,0,0
2155,19,2026-09-01,159600.0,0.912,0.85-0.95 (Below Median),83.8,2.5,3,0,0,12.8,Low,Active,,0,0
2156,4,2026-09-01,167125.0,0.955,0.95-1.05 (Target),92.9,1.6,1,0,0,10.8,Low,Active,,0,0
2157,21,2026-09-01,89680.0,0.944,0.85-0.95 (Below Median),86.0,4.3,3,0,0,14.3,Low,Active,,0,0
2158,31,2026-09-01,56810.0,0.874,0.85-0.95 (Below Median),85.3,0.3,2,1,1,10.9,Low,Active,,0,0
2159,83,2026-09-01,62270.0,0.958,0.95-1.05 (Target),86.5,7.6,1,0,0,18.0,Low,Active,,0,0
2160,34,2026-09-01,85880.0,0.904,0.85-0.95 (Below Median),91.2,28.2,1,0,1,51.8,Moderate,Active,,0,0
2161,65,2026-09-01,65585.0,1.009,0.95-1.05 (Target),83.8,2.9,3,1,0,11.3,Low,Active,,0,0
2162,77,2026-09-01,98895.0,1.041,0.95-1.05 (Target),90.5,4.2,4,0,0,12.2,Low,Voluntary Resignation,Personal / Relocation,1,1
2163,78,2026-09-01,130680.0,0.968,0.95-1.05 (Target),93.5,8.4,4,0,0,18.7,Low,Active,,0,0
2164,13,2026-09-01,96330.0,1.014,0.95-1.05 (Target),80.4,3.7,2,1,0,5.0,Low,Active,,0,0
2165,51,2026-09-01,61100.0,0.94,0.85-0.95 (Below Median),88.3,2.4,3,0,0,20.1,Low,Active,,0,0
2166,45,2026-09-01,61360.0,0.944,0.85-0.95 (Below Median),93.9,0.1,4,1,0,9.2,Low,Active,,0,0
2167,46,2026-09-01,54145.0,0.833,<0.85 (Critical Underpay),81.9,31.4,3,0,0,49.0,Moderate,Voluntary Resignation,Competitive Compensation Offer,0,1
2168,37,2026-09-01,85025.0,0.895,0.85-0.95 (Below Median),88.3,30.6,4,0,0,62.8,Elevated,Voluntary Resignation,Competitive Compensation Offer,1,1
2169,33,2026-09-01,131355.0,0.973,0.95-1.05 (Target),93.3,16.2,4,0,0,28.0,Low,Active,,0,0
2170,43,2026-09-01,132840.0,0.984,0.95-1.05 (Target),79.9,13.2,4,0,0,24.2,Low,Active,,0,0
2171,18,2026-09-01,82460.0,0.868,0.85-0.95 (Below Median),102.8,51.84441985459349,3,0,1,96.9,Critical Exhaustion,Voluntary Resignation,Competitive Compensation Offer,0,1
2172,83,2026-09-01,65455.0,1.007,0.95-1.05 (Target),93.7,20.7,2,0,0,32.7,Low,Active,,0,0
2173,54,2026-09-01,131950.0,0.754,<0.85 (Critical Underpay),82.1,15.3,3,0,1,39.3,Moderate,Active,,0,0
2174,40,2026-09-01,227760.0,0.876,0.85-0.95 (Below Median),92.6,2.2,4,0,0,13.1,Low,Active,,0,0
2175,71,2026-09-01,108585.0,1.143,>1.05 (Premium),94.2,8.2,2,0,1,15.0,Low,Active,,0,0
2176,47,2026-09-01,89585.0,0.943,0.85-0.95 (Below Median),71.2,19.5,3,1,0,40.5,Moderate,Voluntary Resignation,Personal / Relocation,0,1
2177,35,2026-09-01,117990.0,0.874,0.85-0.95 (Below Median),83.6,2.4,4,1,0,5.4,Low,Active,,0,0
2178,60,2026-09-01,134190.0,0.994,0.95-1.05 (Target),81.4,1.7,4,1,1,5.0,Low,Active,,0,0
2179,13,2026-09-01,171850.0,0.982,0.95-1.05 (Target),82.8,12.1,3,0,0,22.9,Low,Active,,0,0
2180,50,2026-09-01,102505.0,1.079,>1.05 (Premium),73.0,5.2,3,0,1,12.7,Low,Active,,0,0
2181,13,2026-09-01,63115.0,0.971,0.95-1.05 (Target),69.5,10.6,3,1,0,29.3,Low,Active,,0,0
2182,68,2026-09-01,86545.0,0.911,0.85-0.95 (Below Median),93.6,26.5,3,0,0,49.6,Moderate,Voluntary Resignation,Personal / Relocation,0,1
2183,5,2026-09-01,88920.0,0.936,0.85-0.95 (Below Median),92.1,13.1,3,0,0,33.0,Low,Active,,0,0
2184,58,2026-09-01,100845.0,0.747,<0.85 (Critical Underpay),85.4,34.6,3,0,0,70.6,Elevated,Voluntary Resignation,Competitive Compensation Offer,1,1
2185,32,2026-09-01,73060.0,1.124,>1.05 (Premium),75.6,9.7,2,0,0,17.2,Low,Active,,0,0
2186,49,2026-09-01,89395.0,0.941,0.85-0.95 (Below Median),75.1,26.8,2,1,1,41.3,Moderate,Active,,0,0
2187,42,2026-09-01,162400.0,0.928,0.85-0.95 (Below Median),94.6,2.7,3,0,0,5.0,Low,Active,,0,0
2188,49,2026-09-01,132030.0,0.978,0.95-1.05 (Target),92.6,15.4,2,0,1,34.9,Low,Active,,0,0
2189,13,2026-09-01,157150.0,0.898,0.85-0.95 (Below Median),85.8,42.9,3,0,0,77.5,Elevated,Voluntary Resignation,Competitive Compensation Offer,1,1
2190,10,2026-09-01,101555.0,1.069,>1.05 (Premium),85.8,4.6,3,0,0,5.0,Low,Active,,0,0
2191,22,2026-09-01,127710.0,0.946,0.85-0.95 (Below Median),74.9,3.7,4,0,0,13.5,Low,Active,,0,0
2192,17,2026-09-01,87590.0,0.922,0.85-0.95 (Below Median),76.6,3.9,3,0,0,14.2,Low,Voluntary Resignation,Personal / Relocation,0,1
2193,20,2026-09-01,135810.0,1.006,0.95-1.05 (Target),90.4,11.5,3,0,0,21.7,Low,Active,,0,0
2194,56,2026-09-01,48620.0,0.748,<0.85 (Critical Underpay),101.3,47.34988839443323,3,0,0,85.9,Critical Exhaustion,Voluntary Resignation,Competitive Compensation Offer,0,1
2195,53,2026-09-01,91865.0,0.967,0.95-1.05 (Target),106.1,26.36779530284167,5,0,0,48.3,Moderate,Active,,0,0
2196,31,2026-09-01,113130.0,0.838,<0.85 (Critical Underpay),80.0,13.3,5,0,1,35.2,Moderate,Voluntary Resignation,Competitive Compensation Offer,1,1
2197,65,2026-09-01,92435.0,0.973,0.95-1.05 (Target),75.8,12.4,4,0,0,31.4,Low,Voluntary Resignation,Personal / Relocation,1,1
2198,35,2026-09-01,59475.0,0.915,0.85-0.95 (Below Median),99.0,37.25147011255108,4,0,0,62.4,Elevated,Active,,0,0
2199,19,2026-09-01,55640.0,0.856,0.85-0.95 (Below Median),95.3,34.28967409695663,3,0,0,60.0,Moderate,Voluntary Resignation,Competitive Compensation Offer,0,1
2200,48,2026-09-01,81130.0,0.854,0.85-0.95 (Below Median),75.7,24.0,3,0,0,47.7,Moderate,Voluntary Resignation,Competitive Compensation Offer,0,1
2201,73,2026-09-01,55770.0,0.858,0.85-0.95 (Below Median),93.3,17.7,3,1,0,32.1,Low,Active,,0,0
2202,33,2026-09-01,130815.0,0.969,0.95-1.05 (Target),101.4,36.402739472782166,1,0,0,60.3,Elevated,Active,,0,0
2203,46,2026-09-01,75430.0,0.794,<0.85 (Critical Underpay),83.1,43.5,3,0,0,72.3,Elevated,Voluntary Resignation,Competitive Compensation Offer,0,1
2204,72,2026-09-01,68120.0,1.048,0.95-1.05 (Target),93.1,5.1,3,0,0,13.2,Low,Active,,0,0
2205,29,2026-09-01,91105.0,0.959,0.95-1.05 (Target),83.1,5.5,2,0,0,7.4,Low,Active,,0,0
2206,65,2026-09-01,63115.0,0.971,0.95-1.05 (Target),86.1,11.9,3,0,1,22.9,Low,Active,,0,0
2207,71,2026-09-01,200340.0,0.954,0.95-1.05 (Target),101.5,31.098222812776104,3,1,1,54.2,Moderate,Voluntary Resignation,Personal / Relocation,1,1
2208,57,2026-09-01,66040.0,1.016,0.95-1.05 (Target),76.8,8.5,3,1,0,25.9,Low,Active,,0,0
2209,35,2026-09-01,145125.0,1.075,>1.05 (Premium),68.0,33.4,2,0,1,46.6,Moderate,Voluntary Resignation,Personal / Relocation,1,1
2210,63,2026-09-01,116910.0,0.866,0.85-0.95 (Below Median),83.4,43.4,3,0,1,70.8,Elevated,Voluntary Resignation,Competitive Compensation Offer,1,1
2211,28,2026-09-01,99370.0,1.046,0.95-1.05 (Target),78.3,29.7,2,0,0,50.7,Moderate,Active,,0,0
2212,14,2026-09-01,60775.0,0.935,0.85-0.95 (Below Median),85.5,6.7,4,0,0,9.3,Low,Active,,0,0
2213,37,2026-09-01,116910.0,0.866,0.85-0.95 (Below Median),99.1,65.0,3,0,1,96.7,Critical Exhaustion,Voluntary Resignation,Competitive Compensation Offer,1,1
2214,8,2026-09-01,120555.0,0.893,0.85-0.95 (Below Median),70.9,22.1,3,0,0,36.7,Moderate,Active,,0,0
2215,30,2026-09-01,82650.0,0.87,0.85-0.95 (Below Median),75.7,14.5,3,0,1,28.0,Low,Active,,0,0
2216,25,2026-09-01,110390.0,1.162,>1.05 (Premium),70.8,11.3,3,0,0,10.3,Low,Active,,0,0
2217,57,2026-09-01,61945.0,0.953,0.95-1.05 (Target),80.4,23.3,3,0,0,36.9,Moderate,Active,,0,0
2218,44,2026-09-01,77900.0,0.82,<0.85 (Critical Underpay),90.6,3.3,2,0,0,7.6,Low,Active,,0,0
2219,37,2026-09-01,96805.0,1.019,0.95-1.05 (Target),87.0,5.2,3,0,0,13.9,Low,Active,,0,0
2220,8,2026-09-01,102315.0,1.077,>1.05 (Premium),80.1,5.8,2,0,0,13.4,Low,Active,,0,0
2221,81,2026-09-01,96045.0,1.011,0.95-1.05 (Target),105.7,22.635164653382983,3,0,0,42.9,Moderate,Voluntary Resignation,Personal / Relocation,0,1
2222,66,2026-09-01,61490.0,0.946,0.85-0.95 (Below Median),83.4,17.5,3,0,0,30.1,Low,Active,,0,0
2223,50,2026-09-01,128655.0,0.953,0.95-1.05 (Target),86.7,0.8,3,0,0,9.9,Low,Active,,0,0
2224,35,2026-09-01,100320.0,1.056,>1.05 (Premium),69.2,41.1,3,0,0,72.2,Elevated,Voluntary Resignation,Work-Life Balance & Fatigue,0,1
2225,31,2026-09-01,119610.0,0.886,0.85-0.95 (Below Median),82.5,10.2,4,0,1,30.5,Low,Active,,0,0
2226,68,2026-09-01,58825.0,0.905,0.85-0.95 (Below Median),97.2,39.99803264620631,2,1,0,65.9,Elevated,Active,,0,0
2227,21,2026-09-01,209160.0,0.996,0.95-1.05 (Target),81.5,10.2,4,0,0,12.3,Low,Active,,0,0
2228,73,2026-09-01,192675.0,1.101,>1.05 (Premium),75.3,1.2,4,0,0,7.4,Low,Active,,0,0
2229,14,2026-09-01,104595.0,1.101,>1.05 (Premium),87.3,0.0,4,1,0,5.0,Low,Active,,0,0
2230,78,2026-09-01,139050.0,1.03,0.95-1.05 (Target),78.7,1.9,3,1,0,9.7,Low,Active,,0,0
2231,81,2026-09-01,87495.0,0.921,0.85-0.95 (Below Median),93.7,41.0,4,0,1,66.8,Elevated,Active,,0,0
2232,65,2026-09-01,90060.0,0.948,0.85-0.95 (Below Median),92.8,0.4,2,1,1,9.5,Low,Active,,0,0
2233,47,2026-09-01,95855.0,1.009,0.95-1.05 (Target),80.5,2.5,3,0,0,18.8,Low,Active,,0,0
2234,22,2026-09-01,61360.0,0.944,0.85-0.95 (Below Median),89.9,20.2,3,0,0,33.4,Low,Active,,0,0
2235,5,2026-09-01,59670.0,0.918,0.85-0.95 (Below Median),91.9,0.8,3,1,0,10.6,Low,Active,,0,0
2236,72,2026-09-01,84360.0,0.888,0.85-0.95 (Below Median),77.2,16.5,2,1,0,30.0,Low,Active,,0,0
2237,75,2026-09-01,109350.0,0.81,<0.85 (Critical Underpay),87.2,0.9,2,0,1,12.9,Low,Active,,0,0
2238,33,2026-09-01,123390.0,0.914,0.85-0.95 (Below Median),84.5,13.3,5,0,0,25.7,Low,Active,,0,0
2239,5,2026-09-01,85690.0,0.902,0.85-0.95 (Below Median),88.9,4.0,3,0,0,14.8,Low,Active,,0,0
2240,50,2026-09-01,72865.0,1.121,>1.05 (Premium),76.4,4.6,3,0,0,11.1,Low,Voluntary Resignation,Personal / Relocation,0,1
2241,68,2026-09-01,92245.0,0.971,0.95-1.05 (Target),88.9,8.6,4,0,0,26.9,Low,Active,,0,0
2242,35,2026-09-01,123120.0,0.912,0.85-0.95 (Below Median),85.1,13.5,3,1,1,26.0,Low,Active,,0,0
2243,7,2026-09-01,59215.0,0.911,0.85-0.95 (Below Median),80.3,12.0,5,1,1,32.2,Low,Active,,0,0
2244,42,2026-09-01,173670.0,0.827,<0.85 (Critical Underpay),79.1,6.7,3,0,0,19.5,Low,Active,,0,0
2245,57,2026-09-01,142020.0,1.052,>1.05 (Premium),98.5,23.366947843412845,4,0,0,35.0,Low,Active,,0,0
2246,81,2026-09-01,60450.0,0.93,0.85-0.95 (Below Median),84.3,15.5,5,0,0,36.0,Moderate,Active,,0,0
2247,56,2026-09-01,142155.0,1.053,>1.05 (Premium),100.8,46.8894171807539,3,0,1,71.2,Elevated,Voluntary Resignation,Work-Life Balance & Fatigue,1,1
2248,48,2026-09-01,133110.0,0.986,0.95-1.05 (Target),73.2,4.1,5,0,0,13.2,Low,Active,,0,0
2249,18,2026-09-01,97755.0,1.029,0.95-1.05 (Target),90.6,20.5,3,0,0,40.0,Moderate,Active,,0,0
2250,22,2026-09-01,59540.0,0.916,0.85-0.95 (Below Median),89.1,0.4,3,0,0,10.2,Low,Active,,0,0
2251,57,2026-09-01,98705.0,1.039,0.95-1.05 (Target),91.0,32.5,3,0,0,54.2,Moderate,Voluntary Resignation,Personal / Relocation,0,1
2252,46,2026-09-01,63050.0,0.97,0.95-1.05 (Target),96.7,19.56931612336092,3,0,1,40.1,Moderate,Active,,0,0
2253,3,2026-09-01,77615.0,0.817,<0.85 (Critical Underpay),80.3,40.9,4,0,0,76.7,Elevated,Active,,0,0
2254,1,2026-09-01,138915.0,1.029,0.95-1.05 (Target),91.1,7.5,3,0,0,16.4,Low,Active,,0,0
2255,71,2026-09-01,64610.0,0.994,0.95-1.05 (Target),78.4,9.5,4,0,0,19.5,Low,Active,,0,0
2256,52,2026-09-01,89490.0,0.942,0.85-0.95 (Below Median),77.8,5.6,3,0,0,23.9,Low,Voluntary Resignation,Personal / Relocation,0,1
2257,6,2026-09-01,115425.0,0.855,0.85-0.95 (Below Median),92.7,10.3,5,0,0,23.3,Low,Voluntary Resignation,Competitive Compensation Offer,1,1
2258,39,2026-09-01,61750.0,0.95,0.85-0.95 (Below Median),77.2,20.2,5,0,0,33.2,Low,Active,,0,0
2259,9,2026-09-01,60385.0,0.929,0.85-0.95 (Below Median),79.0,3.8,2,0,1,14.0,Low,Active,,0,0
2260,36,2026-09-01,164325.0,0.939,0.85-0.95 (Below Median),93.1,6.7,4,0,0,9.3,Low,Active,,0,0
2261,41,2026-09-01,133785.0,0.991,0.95-1.05 (Target),95.5,28.580587162530566,3,0,1,42.5,Moderate,Voluntary Resignation,Personal / Relocation,1,1
2262,61,2026-09-01,78375.0,0.825,<0.85 (Critical Underpay),88.3,9.9,4,0,0,23.4,Low,Active,,0,0
2263,83,2026-09-01,93100.0,0.98,0.95-1.05 (Target),87.4,20.0,3,1,0,32.4,Low,Active,,0,0
2264,14,2026-09-01,58240.0,0.896,0.85-0.95 (Below Median),103.8,41.87995222239933,5,0,0,68.3,Elevated,Voluntary Resignation,Competitive Compensation Offer,1,1
2265,50,2026-09-01,135675.0,1.005,0.95-1.05 (Target),72.7,2.3,2,1,0,10.7,Low,Active,,0,0
2266,52,2026-09-01,216300.0,1.03,0.95-1.05 (Target),88.1,13.9,3,1,0,24.1,Low,Active,,0,0
2267,23,2026-09-01,151900.0,0.868,0.85-0.95 (Below Median),84.8,2.6,3,0,0,13.8,Low,Active,,0,0
2268,33,2026-09-01,71725.0,0.755,<0.85 (Critical Underpay),79.1,27.1,2,1,0,53.4,Moderate,Active,,0,0
2269,24,2026-09-01,144900.0,0.828,<0.85 (Critical Underpay),84.5,12.9,2,0,1,34.9,Low,Voluntary Resignation,Competitive Compensation Offer,1,1
2270,59,2026-09-01,66755.0,1.027,0.95-1.05 (Target),79.7,9.8,2,0,0,19.2,Low,Voluntary Resignation,Personal / Relocation,0,1
2271,68,2026-09-01,55315.0,0.851,0.85-0.95 (Below Median),99.3,22.224130440393573,4,0,0,37.6,Moderate,Active,,0,0
2272,53,2026-09-01,60190.0,0.926,0.85-0.95 (Below Median),85.9,33.2,3,0,1,57.3,Moderate,Active,,0,0
2273,42,2026-09-01,84075.0,0.885,0.85-0.95 (Below Median),87.5,15.7,3,0,0,29.1,Low,Active,,0,0
2274,63,2026-09-01,53105.0,0.817,<0.85 (Critical Underpay),76.9,20.9,3,1,0,36.7,Moderate,Active,,0,0
2275,48,2026-09-01,69355.0,1.067,>1.05 (Premium),101.7,19.46193717129706,4,0,1,30.0,Low,Active,,0,0
2276,11,2026-09-01,120285.0,0.891,0.85-0.95 (Below Median),83.7,21.0,2,0,0,35.4,Moderate,Voluntary Resignation,Competitive Compensation Offer,1,1
2277,22,2026-09-01,63440.0,0.976,0.95-1.05 (Target),92.7,6.3,4,0,0,16.0,Low,Active,,0,0
2278,46,2026-09-01,62140.0,0.956,0.95-1.05 (Target),97.0,38.0673569637065,2,1,1,62.6,Elevated,Voluntary Resignation,Personal / Relocation,0,1
2279,51,2026-09-01,59670.0,0.918,0.85-0.95 (Below Median),76.6,10.3,3,1,0,14.0,Low,Active,,0,0
2280,25,2026-09-01,89680.0,0.944,0.85-0.95 (Below Median),81.7,14.8,3,0,0,26.9,Low,Voluntary Resignation,Personal / Relocation,0,1
2281,67,2026-09-01,130950.0,0.97,0.95-1.05 (Target),85.6,59.0,3,0,0,95.4,Critical Exhaustion,Voluntary Resignation,Work-Life Balance & Fatigue,1,1
2282,39,2026-09-01,61100.0,0.94,0.85-0.95 (Below Median),80.5,25.5,3,0,0,47.8,Moderate,Active,,0,0
2283,6,2026-09-01,64610.0,0.994,0.95-1.05 (Target),98.3,25.130894570898704,3,0,1,46.3,Moderate,Active,,0,0
2284,35,2026-09-01,62140.0,0.956,0.95-1.05 (Target),77.7,6.8,3,0,0,17.0,Low,Active,,0,0
2285,25,2026-09-01,56875.0,0.875,0.85-0.95 (Below Median),76.4,21.1,1,0,1,35.8,Moderate,Voluntary Resignation,Competitive Compensation Offer,0,1
2286,79,2026-09-01,62660.0,0.964,0.95-1.05 (Target),87.0,1.8,3,1,0,10.9,Low,Active,,0,0
2287,15,2026-09-01,123390.0,0.914,0.85-0.95 (Below Median),76.3,0.2,3,0,0,10.0,Low,Active,,0,0
2288,67,2026-09-01,115425.0,0.855,0.85-0.95 (Below Median),80.2,32.6,5,0,0,58.0,Moderate,Voluntary Resignation,Competitive Compensation Offer,1,1
2289,36,2026-09-01,58825.0,0.905,0.85-0.95 (Below Median),77.9,1.4,3,1,1,11.6,Low,Voluntary Resignation,Personal / Relocation,0,1
2290,23,2026-09-01,140940.0,1.044,0.95-1.05 (Target),85.6,23.6,5,0,0,43.4,Moderate,Active,,0,0
2291,77,2026-09-01,64610.0,0.994,0.95-1.05 (Target),75.1,11.7,3,0,0,14.2,Low,Active,,0,0
2292,63,2026-09-01,61035.0,0.939,0.85-0.95 (Below Median),86.4,7.4,3,1,0,10.1,Low,Active,,0,0
2293,40,2026-09-01,62010.0,0.954,0.95-1.05 (Target),89.7,10.1,4,0,0,29.0,Low,Active,,0,0
2294,30,2026-09-01,105165.0,0.779,<0.85 (Critical Underpay),95.5,29.932871251282823,3,0,0,56.3,Moderate,Voluntary Resignation,Competitive Compensation Offer,1,1
2295,10,2026-09-01,91295.0,0.961,0.95-1.05 (Target),86.7,3.8,4,1,1,13.3,Low,Active,,0,0
2296,77,2026-09-01,72280.0,1.112,>1.05 (Premium),88.8,7.0,2,0,0,14.2,Low,Active,,0,0
2297,10,2026-09-01,59930.0,0.922,0.85-0.95 (Below Median),93.0,2.5,2,0,0,12.6,Low,Voluntary Resignation,Personal / Relocation,0,1
2298,3,2026-09-01,107635.0,1.133,>1.05 (Premium),92.2,41.1,3,0,0,54.7,Moderate,Voluntary Resignation,Personal / Relocation,0,1
2299,5,2026-09-01,70460.0,1.084,>1.05 (Premium),94.0,5.4,4,0,0,12.8,Low,Active,,0,0
2300,81,2026-09-01,126765.0,0.939,0.85-0.95 (Below Median),85.4,33.0,3,0,0,56.8,Moderate,Voluntary Resignation,Personal / Relocation,1,1
2301,49,2026-09-01,253240.0,0.974,0.95-1.05 (Target),88.8,4.8,3,1,1,14.3,Low,Active,,0,0
2302,9,2026-09-01,98705.0,1.039,0.95-1.05 (Target),70.2,59.7,2,1,0,86.9,Critical Exhaustion,Voluntary Resignation,Work-Life Balance & Fatigue,0,1
2303,7,2026-09-01,86260.0,0.908,0.85-0.95 (Below Median),78.7,13.7,2,0,0,34.3,Low,Active,,0,0
2304,15,2026-09-01,58500.0,0.9,0.85-0.95 (Below Median),82.1,1.3,3,0,1,19.6,Low,Active,,0,0
2305,47,2026-09-01,140940.0,1.044,0.95-1.05 (Target),92.3,65.0,4,0,0,100.0,Critical Exhaustion,Voluntary Resignation,Work-Life Balance & Fatigue,1,1
2306,71,2026-09-01,102410.0,1.078,>1.05 (Premium),78.7,7.2,2,0,0,15.1,Low,Active,,0,0
2307,20,2026-09-01,85785.0,0.903,0.85-0.95 (Below Median),88.8,29.7,3,0,0,53.6,Moderate,Active,,0,0
2308,62,2026-09-01,236040.0,1.124,>1.05 (Premium),80.7,2.6,1,1,0,8.6,Low,Active,,0,0
2309,27,2026-09-01,208950.0,0.995,0.95-1.05 (Target),80.7,23.6,4,1,0,36.4,Moderate,Active,,0,0
2310,2,2026-09-01,144315.0,1.069,>1.05 (Premium),74.5,18.1,2,0,0,28.3,Low,Active,,0,0
2311,51,2026-09-01,181125.0,1.035,0.95-1.05 (Target),85.2,0.7,4,0,0,8.1,Low,Active,,0,0
2312,40,2026-09-01,90725.0,0.955,0.95-1.05 (Target),83.4,65.0,3,0,0,100.0,Critical Exhaustion,Voluntary Resignation,Work-Life Balance & Fatigue,0,1
2313,24,2026-09-01,56680.0,0.872,0.85-0.95 (Below Median),83.0,12.2,3,1,0,25.2,Low,Active,,0,0
2314,33,2026-09-01,62205.0,0.957,0.95-1.05 (Target),91.6,44.6,1,0,0,78.4,Elevated,Voluntary Resignation,Work-Life Balance & Fatigue,0,1
2315,18,2026-09-01,130950.0,0.97,0.95-1.05 (Target),91.6,21.6,3,0,0,42.5,Moderate,Voluntary Resignation,Personal / Relocation,1,1
2316,13,2026-09-01,58890.0,0.906,0.85-0.95 (Below Median),74.4,2.8,3,0,0,5.2,Low,Voluntary Resignation,Career Advancement & Role Velocity,0,1
2317,46,2026-09-01,161875.0,0.925,0.85-0.95 (Below Median),69.8,9.5,3,0,1,20.9,Low,Voluntary Resignation,Personal / Relocation,1,1
2318,58,2026-09-01,204750.0,0.975,0.95-1.05 (Target),87.4,1.2,3,0,0,9.9,Low,Voluntary Resignation,Personal / Relocation,1,1
2319,10,2026-09-01,132705.0,0.983,0.95-1.05 (Target),86.2,17.2,3,0,1,37.0,Moderate,Active,,0,0
2320,81,2026-09-01,116910.0,0.866,0.85-0.95 (Below Median),87.3,3.4,3,0,1,14.8,Low,Active,,0,0
2321,31,2026-09-01,122985.0,0.911,0.85-0.95 (Below Median),95.1,46.05164009706052,3,1,0,73.0,Elevated,Active,,0,0
2322,21,2026-09-01,59605.0,0.917,0.85-0.95 (Below Median),73.3,24.4,4,0,0,38.9,Moderate,Active,,0,0
2323,14,2026-09-01,58565.0,0.901,0.85-0.95 (Below Median),79.1,9.8,3,0,0,21.7,Low,Active,,0,0
2324,5,2026-09-01,90820.0,0.956,0.95-1.05 (Target),85.1,36.9,3,0,0,61.2,Elevated,Voluntary Resignation,Personal / Relocation,0,1
2325,4,2026-09-01,98610.0,1.038,0.95-1.05 (Target),81.5,24.7,5,0,1,36.9,Moderate,Active,,0,0
2326,68,2026-09-01,140265.0,1.039,0.95-1.05 (Target),79.3,1.8,2,0,0,5.0,Low,Active,,0,0
2327,27,2026-09-01,91485.0,0.963,0.95-1.05 (Target),75.9,11.9,2,0,0,23.0,Low,Active,,0,0
2328,7,2026-09-01,198660.0,0.946,0.85-0.95 (Below Median),71.2,4.8,4,1,1,14.8,Low,Active,,0,0
2329,83,2026-09-01,91010.0,0.958,0.95-1.05 (Target),97.4,34.52077327926586,2,0,0,58.3,Moderate,Active,,0,0
2330,76,2026-09-01,94810.0,0.998,0.95-1.05 (Target),87.4,6.2,5,0,0,15.5,Low,Active,,0,0
2331,39,2026-09-01,64285.0,0.989,0.95-1.05 (Target),84.3,2.9,3,0,0,11.7,Low,Active,,0,0
2332,3,2026-09-01,67470.0,1.038,0.95-1.05 (Target),85.9,0.9,4,0,0,8.3,Low,Active,,0,0
2333,82,2026-09-01,118800.0,0.88,0.85-0.95 (Below Median),84.6,44.1,3,0,0,79.3,Elevated,Voluntary Resignation,Competitive Compensation Offer,1,1
2334,56,2026-09-01,54015.0,0.831,<0.85 (Critical Underpay),74.8,24.9,3,1,0,41.3,Moderate,Voluntary Resignation,Competitive Compensation Offer,0,1
2335,20,2026-09-01,90630.0,0.954,0.95-1.05 (Target),82.9,21.5,3,0,1,42.7,Moderate,Voluntary Resignation,Personal / Relocation,0,1
2336,51,2026-09-01,83790.0,0.882,0.85-0.95 (Below Median),85.8,40.1,3,0,0,66.5,Elevated,Voluntary Resignation,Competitive Compensation Offer,0,1
2337,1,2026-09-01,127170.0,0.942,0.85-0.95 (Below Median),81.1,8.9,3,0,0,19.8,Low,Active,,0,0
2338,9,2026-09-01,55900.0,0.86,0.85-0.95 (Below Median),73.1,1.1,4,0,0,12.1,Low,Voluntary Resignation,Competitive Compensation Offer,1,1
2339,40,2026-09-01,86545.0,0.911,0.85-0.95 (Below Median),79.8,15.7,3,0,1,28.6,Low,Active,,0,0
2340,36,2026-09-01,252980.0,0.973,0.95-1.05 (Target),83.9,3.4,3,0,0,12.6,Low,Active,,0,0
2341,27,2026-09-01,145530.0,1.078,>1.05 (Premium),78.0,8.0,5,0,0,16.0,Low,Active,,0,0
2342,78,2026-09-01,65975.0,1.015,0.95-1.05 (Target),76.6,27.2,2,1,1,40.3,Moderate,Active,,0,0
2343,71,2026-09-01,88635.0,0.933,0.85-0.95 (Below Median),98.4,65.0,5,0,0,95.3,Critical Exhaustion,Voluntary Resignation,Work-Life Balance & Fatigue,1,1
2344,28,2026-09-01,132300.0,0.98,0.95-1.05 (Target),91.8,27.7,3,1,0,33.6,Low,Active,,0,0
2345,38,2026-09-01,198030.0,0.943,0.85-0.95 (Below Median),82.9,8.1,3,0,0,18.9,Low,Voluntary Resignation,Career Advancement & Role Velocity,1,1
2346,34,2026-09-01,67210.0,1.034,0.95-1.05 (Target),76.3,1.4,4,1,0,5.0,Low,Active,,0,0
2347,63,2026-09-01,56745.0,0.873,0.85-0.95 (Below Median),78.4,9.9,4,0,1,30.4,Low,Voluntary Resignation,Competitive Compensation Offer,1,1
2348,64,2026-09-01,163975.0,0.937,0.85-0.95 (Below Median),77.7,12.5,3,1,0,24.3,Low,Active,,0,0
2349,47,2026-09-01,78470.0,0.826,<0.85 (Critical Underpay),81.6,2.5,3,1,1,14.5,Low,Active,,0,0
2350,4,2026-09-01,195825.0,1.119,>1.05 (Premium),93.3,2.0,2,0,0,8.0,Low,Voluntary Resignation,Personal / Relocation,1,1
2351,54,2026-09-01,57265.0,0.881,0.85-0.95 (Below Median),100.1,47.57291167563598,3,0,0,75.5,Elevated,Voluntary Resignation,Competitive Compensation Offer,0,1
2352,12,2026-09-01,99465.0,1.047,0.95-1.05 (Target),77.8,15.5,3,0,0,33.7,Low,Active,,0,0
2353,53,2026-09-01,64090.0,0.986,0.95-1.05 (Target),77.4,9.1,3,1,1,27.2,Low,Active,,0,0
2354,68,2026-09-01,122040.0,0.904,0.85-0.95 (Below Median),90.6,8.8,3,0,1,20.5,Low,Active,,0,0
2355,2,2026-09-01,71155.0,0.749,<0.85 (Critical Underpay),83.7,54.2,5,0,1,86.1,Critical Exhaustion,Voluntary Resignation,Competitive Compensation Offer,1,1
2356,15,2026-09-01,202230.0,0.963,0.95-1.05 (Target),55.0,15.7,2,1,0,35.6,Moderate,Active,,0,0
2357,26,2026-09-01,83790.0,0.882,0.85-0.95 (Below Median),86.8,5.4,4,0,0,16.8,Low,Active,,0,0
2358,10,2026-09-01,121500.0,0.9,0.85-0.95 (Below Median),91.7,22.0,3,1,0,44.4,Moderate,Active,,0,0
2359,54,2026-09-01,108135.0,0.801,<0.85 (Critical Underpay),91.9,0.6,3,0,0,12.7,Low,Voluntary Resignation,Competitive Compensation Offer,1,1
2360,30,2026-09-01,104120.0,1.096,>1.05 (Premium),87.5,3.9,2,0,1,10.8,Low,Voluntary Resignation,Personal / Relocation,0,1
2361,8,2026-09-01,236080.0,0.908,0.85-0.95 (Below Median),86.2,12.7,3,0,0,33.1,Low,Active,,0,0
2362,73,2026-09-01,62725.0,0.965,0.95-1.05 (Target),85.1,9.4,2,0,0,20.0,Low,Active,,0,0
2363,26,2026-09-01,96805.0,1.019,0.95-1.05 (Target),91.8,25.3,3,0,0,46.0,Moderate,Voluntary Resignation,Personal / Relocation,0,1
2364,62,2026-09-01,55315.0,0.851,0.85-0.95 (Below Median),94.5,11.1,5,0,1,16.3,Low,Voluntary Resignation,Competitive Compensation Offer,1,1
2365,46,2026-09-01,111150.0,1.17,>1.05 (Premium),97.4,45.47417236884775,3,0,0,67.2,Elevated,Voluntary Resignation,Work-Life Balance & Fatigue,0,1
2366,11,2026-09-01,60710.0,0.934,0.85-0.95 (Below Median),86.2,15.5,3,0,1,19.9,Low,Voluntary Resignation,Personal / Relocation,0,1
2367,75,2026-09-01,182175.0,1.041,0.95-1.05 (Target),94.2,2.7,3,0,0,10.4,Low,Active,,0,0
2368,19,2026-09-01,132840.0,0.984,0.95-1.05 (Target),83.9,11.5,2,1,0,30.1,Low,Active,,0,0
2369,8,2026-09-01,99655.0,1.049,0.95-1.05 (Target),73.7,34.7,4,0,1,56.7,Moderate,Voluntary Resignation,Personal / Relocation,1,1
2370,70,2026-09-01,61165.0,0.941,0.85-0.95 (Below Median),92.1,12.5,3,1,0,24.2,Low,Voluntary Resignation,Personal / Relocation,0,1
2371,79,2026-09-01,64870.0,0.998,0.95-1.05 (Target),89.3,7.5,4,1,1,17.0,Low,Active,,0,0
2372,2,2026-09-01,75810.0,0.798,<0.85 (Critical Underpay),71.7,20.8,5,0,1,53.0,Moderate,Voluntary Resignation,Competitive Compensation Offer,1,1
2373,14,2026-09-01,49595.0,0.763,<0.85 (Critical Underpay),87.1,14.3,3,0,1,37.9,Moderate,Voluntary Resignation,Competitive Compensation Offer,0,1
2374,74,2026-09-01,95190.0,1.002,0.95-1.05 (Target),80.5,2.3,5,0,1,5.0,Low,Active,,0,0
2375,16,2026-09-01,92720.0,0.976,0.95-1.05 (Target),84.0,6.5,3,0,0,16.3,Low,Active,,0,0
2376,84,2026-09-01,138780.0,1.028,0.95-1.05 (Target),86.9,1.9,3,0,0,17.7,Low,Active,,0,0
2377,36,2026-09-01,208320.0,0.992,0.95-1.05 (Target),89.8,15.6,3,0,0,34.9,Low,Voluntary Resignation,Personal / Relocation,1,1
2378,4,2026-09-01,85785.0,0.903,0.85-0.95 (Below Median),77.1,0.0,3,0,1,9.9,Low,Active,,0,0
2379,24,2026-09-01,131220.0,0.972,0.95-1.05 (Target),90.8,23.0,2,0,0,44.2,Moderate,Active,,0,0
2380,61,2026-09-01,59995.0,0.923,0.85-0.95 (Below Median),94.2,7.9,5,0,0,19.0,Low,Active,,0,0
2381,20,2026-09-01,64675.0,0.995,0.95-1.05 (Target),70.1,3.0,2,1,0,11.7,Low,Active,,0,0
2382,16,2026-09-01,66235.0,1.019,0.95-1.05 (Target),97.0,42.27613107135851,2,0,1,66.4,Elevated,Voluntary Resignation,Work-Life Balance & Fatigue,0,1
2383,34,2026-09-01,132570.0,0.982,0.95-1.05 (Target),87.8,27.7,3,0,1,41.6,Moderate,Active,,0,0
2384,63,2026-09-01,100510.0,1.058,>1.05 (Premium),81.6,6.2,5,0,1,14.3,Low,Active,,0,0
2385,13,2026-09-01,131355.0,0.973,0.95-1.05 (Target),89.2,11.8,4,1,1,22.7,Low,Active,,0,0
2386,52,2026-09-01,85975.0,0.905,0.85-0.95 (Below Median),96.9,31.30769754954488,3,0,1,55.5,Moderate,Voluntary Resignation,Personal / Relocation,0,1
2387,61,2026-09-01,77900.0,0.82,<0.85 (Critical Underpay),86.5,1.5,4,0,0,13.4,Low,Active,,0,0
2388,74,2026-09-01,237380.0,0.913,0.85-0.95 (Below Median),94.1,5.8,2,0,0,16.7,Low,Active,,0,0
2389,22,2026-09-01,149100.0,0.852,0.85-0.95 (Below Median),97.6,38.77910599916551,3,1,1,73.5,Elevated,Voluntary Resignation,Competitive Compensation Offer,1,1
2390,67,2026-09-01,128385.0,0.951,0.95-1.05 (Target),82.3,11.4,3,0,0,22.7,Low,Voluntary Resignation,Career Advancement & Role Velocity,1,1
2391,4,2026-09-01,88350.0,0.93,0.85-0.95 (Below Median),92.1,19.3,3,0,1,32.6,Low,Voluntary Resignation,Personal / Relocation,0,1
2392,46,2026-09-01,65065.0,1.001,0.95-1.05 (Target),79.4,2.9,5,0,0,11.5,Low,Active,,0,0
2393,64,2026-09-01,81415.0,0.857,0.85-0.95 (Below Median),95.4,55.74707975123121,3,0,0,93.8,Critical Exhaustion,Voluntary Resignation,Competitive Compensation Offer,0,1
2394,53,2026-09-01,63115.0,0.971,0.95-1.05 (Target),88.5,1.5,3,0,1,10.4,Low,Active,,0,0
2395,25,2026-09-01,74670.0,0.786,<0.85 (Critical Underpay),93.1,1.9,3,0,1,14.6,Low,Active,,0,0
2396,61,2026-09-01,131220.0,0.972,0.95-1.05 (Target),84.1,28.6,5,0,0,50.9,Moderate,Voluntary Resignation,Personal / Relocation,1,1
2397,13,2026-09-01,91200.0,0.96,0.95-1.05 (Target),74.7,43.1,3,0,0,76.5,Elevated,Voluntary Resignation,Work-Life Balance & Fatigue,0,1
2398,64,2026-09-01,174475.0,0.997,0.95-1.05 (Target),67.1,8.6,3,0,0,18.4,Low,Active,,0,0
2399,60,2026-09-01,172900.0,0.988,0.95-1.05 (Target),90.0,40.3,3,1,0,64.6,Elevated,Voluntary Resignation,Personal / Relocation,1,1
2400,64,2026-09-01,86450.0,0.91,0.85-0.95 (Below Median),79.8,5.9,4,0,0,16.9,Low,Voluntary Resignation,Personal / Relocation,1,1
2401,70,2026-09-01,181125.0,1.035,0.95-1.05 (Target),98.3,39.32425880555793,3,1,0,62.5,Elevated,Voluntary Resignation,Personal / Relocation,1,1
2402,11,2026-09-01,263380.0,1.013,0.95-1.05 (Target),83.9,5.6,3,0,1,14.5,Low,Active,,0,0
2403,73,2026-09-01,83695.0,0.881,0.85-0.95 (Below Median),82.9,19.5,4,0,1,33.8,Low,Voluntary Resignation,Competitive Compensation Offer,1,1
2404,33,2026-09-01,59085.0,0.909,0.85-0.95 (Below Median),85.7,30.1,3,0,0,53.9,Moderate,Voluntary Resignation,Personal / Relocation,0,1
2405,70,2026-09-01,57850.0,0.89,0.85-0.95 (Below Median),91.7,43.5,1,0,0,78.4,Elevated,Voluntary Resignation,Competitive Compensation Offer,0,1
2406,37,2026-09-01,107865.0,0.799,<0.85 (Critical Underpay),91.2,16.7,5,0,0,32.1,Low,Active,,0,0
2407,63,2026-09-01,92625.0,0.975,0.95-1.05 (Target),70.5,65.0,3,0,0,94.5,Critical Exhaustion,Voluntary Resignation,Work-Life Balance & Fatigue,0,1
2408,57,2026-09-01,92055.0,0.969,0.95-1.05 (Target),88.8,26.6,2,0,0,48.5,Moderate,Active,,0,0
2409,58,2026-09-01,136620.0,1.012,0.95-1.05 (Target),96.7,31.28720984813245,3,1,0,45.3,Moderate,Active,,0,0
2410,48,2026-09-01,66495.0,1.023,0.95-1.05 (Target),88.3,4.6,4,1,0,21.1,Low,Active,,0,0
2411,78,2026-09-01,67470.0,1.038,0.95-1.05 (Target),67.7,2.9,3,0,0,10.7,Low,Active,,0,0
2412,47,2026-09-01,57265.0,0.881,0.85-0.95 (Below Median),85.9,15.5,4,0,0,37.0,Moderate,Voluntary Resignation,Competitive Compensation Offer,1,1
2413,40,2026-09-01,70655.0,1.087,>1.05 (Premium),75.8,65.0,4,1,0,100.0,Critical Exhaustion,Active,,0,0
2414,48,2026-09-01,61360.0,0.944,0.85-0.95 (Below Median),98.2,33.33830221085802,3,1,0,65.1,Elevated,Voluntary Resignation,Work-Life Balance & Fatigue,0,1
2415,16,2026-09-01,187425.0,1.071,>1.05 (Premium),99.6,34.449729632772495,5,0,0,55.9,Moderate,Voluntary Resignation,Career Advancement & Role Velocity,1,1
2416,22,2026-09-01,98135.0,1.033,0.95-1.05 (Target),86.4,9.3,3,0,0,18.5,Low,Active,,0,0
2417,56,2026-09-01,65065.0,1.001,0.95-1.05 (Target),87.9,27.1,3,0,0,48.5,Moderate,Active,,0,0
2418,75,2026-09-01,66365.0,1.021,0.95-1.05 (Target),89.0,1.9,4,1,0,9.9,Low,Active,,0,0
2419,55,2026-09-01,100225.0,1.055,>1.05 (Premium),92.2,9.2,5,1,0,17.9,Low,Active,,0,0
2420,7,2026-09-01,61555.0,0.947,0.85-0.95 (Below Median),78.2,24.6,3,1,0,38.6,Moderate,Voluntary Resignation,Personal / Relocation,0,1
2421,48,2026-09-01,116910.0,0.866,0.85-0.95 (Below Median),89.7,40.4,3,0,1,59.2,Moderate,Voluntary Resignation,Competitive Compensation Offer,1,1
2422,61,2026-09-01,109890.0,0.814,<0.85 (Critical Underpay),91.7,1.7,3,0,0,13.8,Low,Active,,0,0
2423,4,2026-09-01,59735.0,0.919,0.85-0.95 (Below Median),74.4,5.9,3,0,0,16.7,Low,Active,,0,0
2424,66,2026-09-01,113400.0,0.84,<0.85 (Critical Underpay),94.9,9.9,3,0,1,23.1,Low,Active,,0,0
2425,3,2026-09-01,303160.0,1.166,>1.05 (Premium),92.6,29.1,3,0,0,47.6,Moderate,Voluntary Resignation,Personal / Relocation,0,1
2426,83,2026-09-01,94525.0,0.995,0.95-1.05 (Target),79.3,6.1,3,0,0,15.4,Low,Active,,0,0
2427,23,2026-09-01,125550.0,0.93,0.85-0.95 (Below Median),80.2,4.2,4,0,1,14.4,Low,Active,,0,0
2428,20,2026-09-01,132435.0,0.981,0.95-1.05 (Target),91.0,17.4,5,1,1,37.3,Moderate,Active,,0,0
2429,4,2026-09-01,57590.0,0.886,0.85-0.95 (Below Median),92.7,10.7,3,1,1,31.1,Low,Active,,0,0
2430,66,2026-09-01,104595.0,1.101,>1.05 (Premium),87.2,5.5,3,0,1,5.0,Low,Active,,0,0
2431,12,2026-09-01,60385.0,0.929,0.85-0.95 (Below Median),93.0,38.1,3,0,1,55.1,Moderate,Voluntary Resignation,Personal / Relocation,0,1
2432,83,2026-09-01,222600.0,1.06,>1.05 (Premium),100.3,34.931141234808415,4,0,0,56.7,Moderate,Voluntary Resignation,Personal / Relocation,1,1
2433,84,2026-09-01,58240.0,0.896,0.85-0.95 (Below Median),88.5,3.9,3,0,1,22.8,Low,Active,,0,0
2434,42,2026-09-01,105640.0,1.112,>1.05 (Premium),82.8,46.9,4,0,0,78.0,Elevated,Voluntary Resignation,Work-Life Balance & Fatigue,1,1
2435,65,2026-09-01,90915.0,0.957,0.95-1.05 (Target),86.5,13.6,3,0,0,25.2,Low,Active,,0,0
2436,47,2026-09-01,84740.0,0.892,0.85-0.95 (Below Median),88.0,27.1,4,0,0,42.7,Moderate,Voluntary Resignation,Competitive Compensation Offer,1,1
2437,58,2026-09-01,115425.0,0.855,0.85-0.95 (Below Median),74.7,6.9,4,0,0,19.2,Low,Voluntary Resignation,Competitive Compensation Offer,1,1
2438,63,2026-09-01,98610.0,1.038,0.95-1.05 (Target),87.2,11.8,3,1,1,21.4,Low,Active,,0,0
2439,18,2026-09-01,96330.0,1.014,0.95-1.05 (Target),91.3,20.0,3,0,1,39.7,Moderate,Voluntary Resignation,Career Advancement & Role Velocity,0,1
2440,8,2026-09-01,177800.0,1.016,0.95-1.05 (Target),83.5,12.3,3,0,1,14.4,Low,Voluntary Resignation,Career Advancement & Role Velocity,1,1
2441,41,2026-09-01,92815.0,0.977,0.95-1.05 (Target),103.7,48.21342737862736,3,0,0,74.3,Elevated,Voluntary Resignation,Work-Life Balance & Fatigue,0,1
2442,17,2026-09-01,93575.0,0.985,0.95-1.05 (Target),79.2,3.8,3,1,0,12.9,Low,Active,,0,0
2443,43,2026-09-01,89395.0,0.941,0.85-0.95 (Below Median),72.3,12.1,3,1,1,31.7,Low,Active,,0,0
2444,45,2026-09-01,76000.0,0.8,<0.85 (Critical Underpay),87.2,7.9,4,0,1,21.5,Low,Active,,0,0
2445,76,2026-09-01,85595.0,0.901,0.85-0.95 (Below Median),96.2,28.53758667419535,3,1,1,52.2,Moderate,Active,,0,0
2446,48,2026-09-01,89680.0,0.944,0.85-0.95 (Below Median),74.9,17.4,2,0,0,38.0,Moderate,Active,,0,0
2447,47,2026-09-01,86450.0,0.91,0.85-0.95 (Below Median),81.3,4.5,3,0,0,15.2,Low,Active,,0,0
2448,65,2026-09-01,118800.0,0.88,0.85-0.95 (Below Median),89.8,16.6,4,1,1,38.3,Moderate,Active,,0,0
2449,45,2026-09-01,96995.0,1.021,0.95-1.05 (Target),95.7,26.9751452623842,2,1,1,40.0,Moderate,Voluntary Resignation,Personal / Relocation,0,1
2450,31,2026-09-01,154175.0,0.881,0.85-0.95 (Below Median),77.9,32.6,4,0,0,57.5,Moderate,Voluntary Resignation,Competitive Compensation Offer,1,1
2451,29,2026-09-01,132840.0,0.984,0.95-1.05 (Target),95.6,28.5431762587284,2,1,0,50.6,Moderate,Voluntary Resignation,Personal / Relocation,1,1
2452,56,2026-09-01,200970.0,0.957,0.95-1.05 (Target),89.5,51.4,4,0,0,78.5,Elevated,Voluntary Resignation,Work-Life Balance & Fatigue,1,1
2453,11,2026-09-01,64740.0,0.996,0.95-1.05 (Target),92.4,3.5,4,0,0,12.3,Low,Voluntary Resignation,Personal / Relocation,1,1
2454,64,2026-09-01,51350.0,0.79,<0.85 (Critical Underpay),80.5,41.7,3,0,0,78.2,Elevated,Active,,0,0
2455,75,2026-09-01,64740.0,0.996,0.95-1.05 (Target),84.1,64.4,4,0,0,93.4,Critical Exhaustion,Voluntary Resignation,Work-Life Balance & Fatigue,1,1
2456,42,2026-09-01,186270.0,0.887,0.85-0.95 (Below Median),77.6,14.0,3,0,0,27.1,Low,Active,,0,0
2457,65,2026-09-01,93385.0,0.983,0.95-1.05 (Target),90.9,2.6,3,0,1,19.5,Low,Active,,0,0
2458,14,2026-09-01,154175.0,0.881,0.85-0.95 (Below Median),94.2,16.1,3,0,1,37.7,Moderate,Active,,0,0
2459,10,2026-09-01,95190.0,1.002,0.95-1.05 (Target),77.9,15.2,4,0,0,26.2,Low,Active,,0,0
2460,71,2026-09-01,82935.0,0.873,0.85-0.95 (Below Median),75.8,65.0,4,1,0,96.5,Critical Exhaustion,Voluntary Resignation,Competitive Compensation Offer,1,1
2461,21,2026-09-01,67600.0,1.04,0.95-1.05 (Target),94.6,10.6,3,0,0,19.9,Low,Active,,0,0
2462,35,2026-09-01,96140.0,1.012,0.95-1.05 (Target),94.3,28.8,3,0,0,50.3,Moderate,Active,,0,0
2463,56,2026-09-01,64740.0,0.996,0.95-1.05 (Target),89.5,0.4,4,0,1,8.6,Low,Active,,0,0
2464,24,2026-09-01,91580.0,0.964,0.95-1.05 (Target),75.7,29.9,3,0,0,52.6,Moderate,Active,,0,0
2465,14,2026-09-01,78130.0,1.202,>1.05 (Premium),89.7,32.7,4,0,1,51.2,Moderate,Active,,0,0
2466,59,2026-09-01,195300.0,0.93,0.85-0.95 (Below Median),90.0,24.5,3,0,1,46.8,Moderate,Voluntary Resignation,Personal / Relocation,1,1
2467,77,2026-09-01,135275.0,0.773,<0.85 (Critical Underpay),86.9,6.9,3,0,1,28.8,Low,Active,,0,0
2468,59,2026-09-01,100035.0,1.053,>1.05 (Premium),90.4,18.7,2,0,1,29.4,Low,Voluntary Resignation,Personal / Relocation,0,1
2469,74,2026-09-01,94525.0,0.995,0.95-1.05 (Target),88.2,33.6,3,0,0,56.4,Moderate,Voluntary Resignation,Personal / Relocation,0,1
2470,45,2026-09-01,137295.0,1.017,0.95-1.05 (Target),94.9,10.2,4,1,1,27.9,Low,Active,,0,0
2471,40,2026-09-01,129735.0,0.961,0.95-1.05 (Target),82.1,12.2,2,0,0,23.4,Low,Voluntary Resignation,Personal / Relocation,1,1
2472,9,2026-09-01,98990.0,1.042,0.95-1.05 (Target),103.5,60.22188276757307,4,0,1,87.4,Critical Exhaustion,Voluntary Resignation,Work-Life Balance & Fatigue,1,1
2473,70,2026-09-01,55965.0,0.861,0.85-0.95 (Below Median),93.5,2.3,3,0,0,5.5,Low,Active,,0,0
2474,80,2026-09-01,78945.0,0.831,<0.85 (Critical Underpay),65.4,0.8,5,1,0,20.3,Low,Active,,0,0
2475,9,2026-09-01,154175.0,0.881,0.85-0.95 (Below Median),88.4,21.1,3,1,0,35.7,Moderate,Active,,0,0
2476,82,2026-09-01,89205.0,0.939,0.85-0.95 (Below Median),77.2,10.8,2,0,0,22.2,Low,Voluntary Resignation,Personal / Relocation,0,1
2477,62,2026-09-01,181020.0,0.862,0.85-0.95 (Below Median),70.4,18.4,3,1,1,32.8,Low,Active,,0,0
2478,15,2026-09-01,196140.0,0.934,0.85-0.95 (Below Median),85.1,18.1,3,0,1,39.0,Moderate,Voluntary Resignation,Personal / Relocation,1,1
2479,35,2026-09-01,66430.0,1.022,0.95-1.05 (Target),90.9,10.1,4,1,0,19.7,Low,Active,,0,0
2480,4,2026-09-01,54535.0,0.839,<0.85 (Critical Underpay),98.7,31.188997619287942,3,0,0,56.6,Moderate,Voluntary Resignation,Competitive Compensation Offer,0,1
2481,7,2026-09-01,127170.0,0.942,0.85-0.95 (Below Median),96.2,28.662507524268385,3,0,1,51.6,Moderate,Voluntary Resignation,Personal / Relocation,1,1
2482,28,2026-09-01,119340.0,0.884,0.85-0.95 (Below Median),84.3,0.9,5,0,0,11.4,Low,Voluntary Resignation,Competitive Compensation Offer,1,1
2483,46,2026-09-01,61425.0,0.945,0.85-0.95 (Below Median),76.0,4.0,3,0,1,13.9,Low,Active,,0,0
2484,34,2026-09-01,95570.0,1.006,0.95-1.05 (Target),81.0,43.2,2,0,1,75.7,Elevated,Active,,0,0
2485,8,2026-09-01,135135.0,1.001,0.95-1.05 (Target),85.1,4.0,3,0,0,5.0,Low,Active,,0,0
2486,56,2026-09-01,59475.0,0.915,0.85-0.95 (Below Median),94.8,10.3,4,0,0,22.1,Low,Active,,0,0
2487,72,2026-09-01,62985.0,0.969,0.95-1.05 (Target),78.8,5.9,1,0,0,23.7,Low,Active,,0,0
2488,75,2026-09-01,58630.0,0.902,0.85-0.95 (Below Median),78.8,11.6,3,1,0,31.9,Low,Voluntary Resignation,Personal / Relocation,0,1
2489,48,2026-09-01,91295.0,0.961,0.95-1.05 (Target),99.5,27.17439467550737,4,0,1,33.4,Low,Active,,0,0
2490,10,2026-09-01,58500.0,0.9,0.85-0.95 (Below Median),89.1,27.3,3,1,0,50.8,Moderate,Voluntary Resignation,Personal / Relocation,0,1
2491,83,2026-09-01,257400.0,0.99,0.95-1.05 (Target),96.3,20.2240736701752,3,1,1,32.5,Low,Active,,0,0
2492,81,2026-09-01,55120.0,0.848,<0.85 (Critical Underpay),94.0,1.5,4,0,0,12.8,Low,Active,,0,0
2493,82,2026-09-01,55575.0,0.855,0.85-0.95 (Below Median),92.5,46.7,4,0,1,74.9,Elevated,Voluntary Resignation,Competitive Compensation Offer,1,1
2494,73,2026-09-01,84740.0,0.892,0.85-0.95 (Below Median),78.6,18.8,3,0,0,32.7,Low,Voluntary Resignation,Competitive Compensation Offer,0,1
2495,13,2026-09-01,229580.0,0.883,0.85-0.95 (Below Median),84.1,3.8,3,1,1,14.9,Low,Active,,0,0
2496,19,2026-09-01,77330.0,0.814,<0.85 (Critical Underpay),83.5,14.2,2,0,1,28.8,Low,Voluntary Resignation,Competitive Compensation Offer,0,1
2497,62,2026-09-01,60060.0,0.924,0.85-0.95 (Below Median),69.4,6.3,1,0,0,17.1,Low,Active,,0,0
2498,1,2026-09-01,127575.0,0.945,0.85-0.95 (Below Median),87.8,7.8,2,0,1,18.5,Low,Active,,0,0
2499,28,2026-09-01,66820.0,1.028,0.95-1.05 (Target),85.3,17.8,2,0,1,28.8,Low,Active,,0,0
2500,37,2026-09-01,272740.0,1.049,0.95-1.05 (Target),64.6,7.0,3,0,0,15.4,Low,Active,,0,0
2501,48,2026-09-01,62140.0,0.956,0.95-1.05 (Target),84.8,9.0,2,0,0,27.7,Low,Active,,0,0
2502,25,2026-09-01,125010.0,0.926,0.85-0.95 (Below Median),91.0,33.2,3,0,1,57.3,Moderate,Voluntary Resignation,Personal / Relocation,1,1
2503,23,2026-09-01,69290.0,1.066,>1.05 (Premium),92.3,8.8,3,0,0,17.2,Low,Active,,0,0
2504,5,2026-09-01,87305.0,0.919,0.85-0.95 (Below Median),79.7,31.1,3,0,1,54.9,Moderate,Voluntary Resignation,Personal / Relocation,0,1
2505,28,2026-09-01,85595.0,0.901,0.85-0.95 (Below Median),79.4,14.0,2,0,0,34.8,Low,Active,,0,0
2506,44,2026-09-01,82460.0,0.868,0.85-0.95 (Below Median),84.9,11.5,3,0,0,24.4,Low,Active,,0,0
2507,47,2026-09-01,133785.0,0.991,0.95-1.05 (Target),103.4,25.755719847185112,3,0,1,47.1,Moderate,Active,,0,0
2508,2,2026-09-01,165725.0,0.947,0.85-0.95 (Below Median),67.7,4.5,3,1,0,14.5,Low,Active,,0,0
2509,63,2026-09-01,95095.0,1.001,0.95-1.05 (Target),89.2,0.9,3,0,0,17.1,Low,Active,,0,0
2510,13,2026-09-01,90915.0,0.957,0.95-1.05 (Target),79.2,14.9,5,0,0,26.7,Low,Voluntary Resignation,Personal / Relocation,1,1
2511,66,2026-09-01,99655.0,1.049,0.95-1.05 (Target),82.9,2.3,3,0,0,9.8,Low,Active,,0,0
2512,70,2026-09-01,87115.0,0.917,0.85-0.95 (Below Median),83.0,12.6,4,0,0,24.8,Low,Active,,0,0
2513,53,2026-09-01,89965.0,0.947,0.85-0.95 (Below Median),95.5,33.23616771081092,3,0,1,64.9,Elevated,Voluntary Resignation,Personal / Relocation,0,1
2514,69,2026-09-01,46800.0,0.72,<0.85 (Critical Underpay),95.7,28.513082832595902,3,0,1,47.8,Moderate,Active,,0,0
2515,83,2026-09-01,85025.0,0.895,0.85-0.95 (Below Median),83.8,6.0,3,0,1,17.3,Low,Voluntary Resignation,Competitive Compensation Offer,0,1
2516,46,2026-09-01,63505.0,0.977,0.95-1.05 (Target),94.1,22.1,2,0,0,35.0,Low,Voluntary Resignation,Personal / Relocation,0,1
2517,78,2026-09-01,56030.0,0.862,0.85-0.95 (Below Median),79.0,26.0,4,1,0,42.0,Moderate,Active,,0,0
2518,14,2026-09-01,84645.0,0.891,0.85-0.95 (Below Median),92.5,12.7,3,0,0,25.4,Low,Active,,0,0
2519,41,2026-09-01,66170.0,1.018,0.95-1.05 (Target),95.4,38.99215172856153,3,0,0,62.4,Elevated,Voluntary Resignation,Personal / Relocation,0,1
2520,18,2026-09-01,91675.0,0.965,0.95-1.05 (Target),84.1,7.0,3,0,0,17.1,Low,Voluntary Resignation,Personal / Relocation,0,1
2521,64,2026-09-01,124470.0,0.922,0.85-0.95 (Below Median),93.2,20.9,2,0,0,42.6,Moderate,Voluntary Resignation,Personal / Relocation,1,1
2522,43,2026-09-01,124470.0,0.922,0.85-0.95 (Below Median),88.9,5.7,2,0,1,24.4,Low,Active,,0,0
2523,73,2026-09-01,60645.0,0.933,0.85-0.95 (Below Median),100.2,37.48631453002873,4,0,0,54.3,Moderate,Voluntary Resignation,Personal / Relocation,1,1
2524,2,2026-09-01,190260.0,0.906,0.85-0.95 (Below Median),90.7,5.6,3,0,0,24.6,Low,Active,,0,0
2525,29,2026-09-01,171150.0,0.978,0.95-1.05 (Target),73.4,21.4,4,0,0,50.1,Moderate,Voluntary Resignation,Personal / Relocation,1,1
2526,43,2026-09-01,66170.0,1.018,0.95-1.05 (Target),69.1,17.4,2,0,1,28.5,Low,Voluntary Resignation,Personal / Relocation,0,1
2527,64,2026-09-01,86545.0,0.911,0.85-0.95 (Below Median),80.9,24.7,3,0,1,47.4,Moderate,Voluntary Resignation,Personal / Relocation,0,1
2528,11,2026-09-01,57785.0,0.889,0.85-0.95 (Below Median),86.7,19.2,5,0,0,33.3,Low,Active,,0,0
2529,69,2026-09-01,97335.0,0.721,<0.85 (Critical Underpay),80.7,65.0,4,0,0,100.0,Critical Exhaustion,Voluntary Resignation,Competitive Compensation Offer,1,1
2530,56,2026-09-01,215250.0,1.025,0.95-1.05 (Target),80.9,6.9,3,0,0,23.8,Low,Active,,0,0
2531,54,2026-09-01,129465.0,0.959,0.95-1.05 (Target),95.5,28.345157702041853,4,1,1,42.8,Moderate,Active,,0,0
2532,3,2026-09-01,147285.0,1.091,>1.05 (Premium),88.4,0.5,5,0,0,6.8,Low,Active,,0,0
2533,62,2026-09-01,60255.0,0.927,0.85-0.95 (Below Median),99.2,17.471583483132818,3,0,0,30.4,Low,Active,,0,0
2534,71,2026-09-01,110010.0,1.158,>1.05 (Premium),70.5,13.7,3,0,0,21.3,Low,Active,,0,0
2535,6,2026-09-01,116100.0,0.86,0.85-0.95 (Below Median),89.1,8.8,3,0,0,21.4,Low,Voluntary Resignation,Competitive Compensation Offer,1,1
2536,70,2026-09-01,58305.0,0.897,0.85-0.95 (Below Median),79.0,5.4,4,0,1,16.5,Low,Voluntary Resignation,Competitive Compensation Offer,1,1
2537,25,2026-09-01,69745.0,1.073,>1.05 (Premium),98.3,33.07616891853672,3,1,1,54.2,Moderate,Voluntary Resignation,Personal / Relocation,0,1
2538,65,2026-09-01,58500.0,0.9,0.85-0.95 (Below Median),79.5,18.8,3,0,0,32.6,Low,Active,,0,0
2539,70,2026-09-01,68315.0,1.051,>1.05 (Premium),73.4,11.4,3,0,0,20.7,Low,Active,,0,0
2540,30,2026-09-01,87780.0,0.924,0.85-0.95 (Below Median),85.0,12.5,3,0,0,24.5,Low,Active,,0,0
2541,28,2026-09-01,90725.0,0.955,0.95-1.05 (Target),81.3,1.1,3,1,0,18.2,Low,Active,,0,0
2542,1,2026-09-01,58695.0,0.903,0.85-0.95 (Below Median),92.8,9.7,2,1,0,21.6,Low,Active,,0,0
2543,74,2026-09-01,65780.0,1.012,0.95-1.05 (Target),99.5,65.0,3,0,0,93.8,Critical Exhaustion,Voluntary Resignation,Work-Life Balance & Fatigue,0,1
2544,28,2026-09-01,128520.0,0.952,0.95-1.05 (Target),92.4,4.7,3,0,1,22.6,Low,Active,,0,0
2545,14,2026-09-01,243100.0,0.935,0.85-0.95 (Below Median),93.6,3.8,4,1,0,13.9,Low,Active,,0,0
2546,3,2026-09-01,61880.0,0.952,0.95-1.05 (Target),100.9,50.81086048574227,3,0,0,77.9,Elevated,Voluntary Resignation,Work-Life Balance & Fatigue,0,1
2547,28,2026-09-01,200550.0,1.146,>1.05 (Premium),88.9,8.2,3,0,0,14.9,Low,Active,,0,0
2548,31,2026-09-01,129150.0,0.738,<0.85 (Critical Underpay),74.4,2.2,3,0,0,15.9,Low,Active,,0,0
2549,62,2026-09-01,159775.0,0.913,0.85-0.95 (Below Median),91.3,12.4,3,0,0,24.6,Low,Voluntary Resignation,Personal / Relocation,1,1
2550,51,2026-09-01,96995.0,1.021,0.95-1.05 (Target),87.3,0.1,3,1,1,5.0,Low,Active,,0,0
2551,38,2026-09-01,128655.0,0.953,0.95-1.05 (Target),99.2,18.48164016480604,4,0,0,39.1,Moderate,Active,,0,0
2552,84,2026-09-01,76000.0,0.8,<0.85 (Critical Underpay),84.6,4.6,5,0,0,25.5,Low,Active,,0,0
2553,78,2026-09-01,59930.0,0.922,0.85-0.95 (Below Median),83.0,8.9,4,0,0,28.2,Low,Active,,0,0
2554,31,2026-09-01,135810.0,1.006,0.95-1.05 (Target),88.7,48.3,3,0,1,73.8,Elevated,Voluntary Resignation,Work-Life Balance & Fatigue,1,1
2555,83,2026-09-01,80465.0,0.847,<0.85 (Critical Underpay),89.0,23.8,4,0,0,47.6,Moderate,Active,,0,0
2556,75,2026-09-01,149450.0,0.854,0.85-0.95 (Below Median),75.7,3.5,4,0,1,7.1,Low,Active,,0,0
2557,65,2026-09-01,95475.0,1.005,0.95-1.05 (Target),78.0,64.7,3,1,1,100.0,Critical Exhaustion,Voluntary Resignation,Work-Life Balance & Fatigue,0,1
2558,33,2026-09-01,88445.0,0.931,0.85-0.95 (Below Median),75.4,14.3,5,0,0,26.5,Low,Active,,0,0
2559,4,2026-09-01,85690.0,0.902,0.85-0.95 (Below Median),102.8,22.093448718318403,3,0,0,44.5,Moderate,Active,,0,0
2560,78,2026-09-01,98325.0,1.035,0.95-1.05 (Target),85.8,54.8,5,0,0,89.1,Critical Exhaustion,Voluntary Resignation,Work-Life Balance & Fatigue,1,1
2561,56,2026-09-01,124335.0,0.921,0.85-0.95 (Below Median),89.7,2.4,3,1,0,5.0,Low,Voluntary Resignation,Personal / Relocation,1,1
2562,60,2026-09-01,177975.0,1.017,0.95-1.05 (Target),88.5,4.5,3,0,0,5.1,Low,Active,,0,0
2563,16,2026-09-01,80940.0,0.852,0.85-0.95 (Below Median),78.7,11.2,3,0,1,24.4,Low,Voluntary Resignation,Competitive Compensation Offer,0,1
2564,44,2026-09-01,59605.0,0.917,0.85-0.95 (Below Median),80.4,3.7,3,0,0,22.1,Low,Active,,0,0
2565,8,2026-09-01,148365.0,1.099,>1.05 (Premium),92.1,25.1,4,0,0,44.1,Moderate,Active,,0,0
2566,48,2026-09-01,60775.0,0.935,0.85-0.95 (Below Median),87.7,3.8,3,1,1,13.9,Low,Active,,0,0
2567,49,2026-09-01,144375.0,0.825,<0.85 (Critical Underpay),81.0,0.1,3,0,0,11.6,Low,Active,,0,0
2568,76,2026-09-01,132030.0,0.978,0.95-1.05 (Target),89.8,30.3,5,0,0,52.8,Moderate,Active,,0,0
2569,61,2026-09-01,61165.0,0.941,0.85-0.95 (Below Median),73.6,2.6,3,0,0,12.3,Low,Voluntary Resignation,Personal / Relocation,0,1
2570,69,2026-09-01,88920.0,0.936,0.85-0.95 (Below Median),90.8,5.4,2,0,0,7.8,Low,Active,,0,0
2571,10,2026-09-01,62140.0,0.956,0.95-1.05 (Target),85.6,3.0,4,1,1,5.0,Low,Active,,0,0
2572,32,2026-09-01,159180.0,0.758,<0.85 (Critical Underpay),78.3,19.4,3,1,1,44.1,Moderate,Active,,0,0
2573,35,2026-09-01,127980.0,0.948,0.85-0.95 (Below Median),98.7,39.39410469163352,3,0,1,72.3,Elevated,Voluntary Resignation,Work-Life Balance & Fatigue,1,1
2574,27,2026-09-01,99750.0,1.05,0.95-1.05 (Target),95.2,41.77940043035943,3,0,1,57.1,Moderate,Voluntary Resignation,Personal / Relocation,0,1
2575,3,2026-09-01,182700.0,0.87,0.85-0.95 (Below Median),90.8,4.9,3,1,0,16.5,Low,Active,,0,0
2576,26,2026-09-01,135540.0,1.004,0.95-1.05 (Target),85.2,8.2,3,1,0,17.8,Low,Active,,0,0
2577,80,2026-09-01,97375.0,1.025,0.95-1.05 (Target),79.1,14.3,3,1,1,32.7,Low,Active,,0,0
2578,12,2026-09-01,59605.0,0.917,0.85-0.95 (Below Median),81.9,28.2,3,0,1,43.5,Moderate,Voluntary Resignation,Personal / Relocation,0,1
2579,14,2026-09-01,146125.0,0.835,<0.85 (Critical Underpay),75.2,2.3,4,0,0,6.1,Low,Active,,0,0
2580,2,2026-09-01,93955.0,0.989,0.95-1.05 (Target),83.5,7.8,5,0,0,17.6,Low,Active,,0,0
2581,80,2026-09-01,99750.0,1.05,0.95-1.05 (Target),90.4,2.0,3,1,0,9.4,Low,Active,,0,0
2582,19,2026-09-01,196350.0,0.935,0.85-0.95 (Below Median),68.5,3.8,1,0,0,13.9,Low,Active,,0,0
2583,17,2026-09-01,86070.0,0.906,0.85-0.95 (Below Median),79.2,6.2,3,1,0,17.3,Low,Active,,0,0
2584,5,2026-09-01,162575.0,0.929,0.85-0.95 (Below Median),86.4,24.1,3,0,0,46.3,Moderate,Active,,0,0
2585,32,2026-09-01,163275.0,0.933,0.85-0.95 (Below Median),78.9,13.5,3,0,0,33.5,Low,Active,,0,0
2586,32,2026-09-01,174125.0,0.995,0.95-1.05 (Target),74.2,2.7,4,0,0,11.3,Low,Active,,0,0
2587,54,2026-09-01,102410.0,1.078,>1.05 (Premium),93.9,0.9,4,0,0,15.5,Low,Active,,0,0
2588,31,2026-09-01,201390.0,0.959,0.95-1.05 (Target),85.2,1.4,2,0,0,10.5,Low,Active,,0,0
2589,8,2026-09-01,174125.0,0.995,0.95-1.05 (Target),71.8,7.6,3,0,1,9.2,Low,Active,,0,0
2590,12,2026-09-01,139185.0,1.031,0.95-1.05 (Target),72.9,11.4,3,0,0,29.1,Low,Voluntary Resignation,Personal / Relocation,1,1
2591,32,2026-09-01,59670.0,0.918,0.85-0.95 (Below Median),89.9,35.2,3,1,0,67.9,Elevated,Voluntary Resignation,Work-Life Balance & Fatigue,0,1
2592,61,2026-09-01,65845.0,1.013,0.95-1.05 (Target),87.9,33.9,2,1,0,56.4,Moderate,Active,,0,0
2593,75,2026-09-01,58955.0,0.907,0.85-0.95 (Below Median),91.2,0.8,2,0,0,10.8,Low,Active,,0,0
2594,19,2026-09-01,212730.0,1.013,0.95-1.05 (Target),94.0,4.6,3,0,0,13.3,Low,Active,,0,0
2595,76,2026-09-01,123255.0,0.913,0.85-0.95 (Below Median),93.1,0.8,3,0,0,10.7,Low,Active,,0,0
2596,62,2026-09-01,85025.0,0.895,0.85-0.95 (Below Median),83.7,8.8,3,0,0,20.7,Low,Voluntary Resignation,Competitive Compensation Offer,0,1
2597,66,2026-09-01,87115.0,0.917,0.85-0.95 (Below Median),91.4,1.3,3,0,0,11.2,Low,Voluntary Resignation,Personal / Relocation,0,1
2598,74,2026-09-01,92910.0,0.978,0.95-1.05 (Target),77.4,7.0,3,1,0,8.8,Low,Active,,0,0
2599,17,2026-09-01,157325.0,0.899,0.85-0.95 (Below Median),90.9,9.7,3,0,0,21.7,Low,Active,,0,0
2600,32,2026-09-01,180950.0,1.034,0.95-1.05 (Target),91.7,3.5,3,0,0,11.5,Low,Active,,0,0
2601,9,2026-09-01,49660.0,0.764,<0.85 (Critical Underpay),98.5,39.66727486481619,2,0,1,68.3,Elevated,Voluntary Resignation,Competitive Compensation Offer,0,1
2602,48,2026-09-01,88065.0,0.927,0.85-0.95 (Below Median),96.9,29.44851800401868,3,1,0,44.8,Moderate,Voluntary Resignation,Personal / Relocation,0,1
2603,65,2026-09-01,111915.0,0.829,<0.85 (Critical Underpay),88.0,16.7,5,1,0,31.5,Low,Active,,0,0
2604,73,2026-09-01,82555.0,0.869,0.85-0.95 (Below Median),88.6,56.0,3,0,0,85.8,Critical Exhaustion,Voluntary Resignation,Competitive Compensation Offer,0,1
2605,18,2026-09-01,205170.0,0.977,0.95-1.05 (Target),91.5,3.5,3,0,0,5.0,Low,Active,,0,0
2606,74,2026-09-01,72800.0,1.12,>1.05 (Premium),102.1,30.05430286141109,3,0,0,41.7,Moderate,Voluntary Resignation,Personal / Relocation,0,1
2607,76,2026-09-01,89015.0,0.937,0.85-0.95 (Below Median),91.9,23.0,4,0,0,36.9,Moderate,Voluntary Resignation,Personal / Relocation,1,1
2608,3,2026-09-01,86165.0,0.907,0.85-0.95 (Below Median),95.6,35.59568480950688,4,1,1,60.6,Elevated,Voluntary Resignation,Personal / Relocation,1,1
2609,22,2026-09-01,206150.0,1.178,>1.05 (Premium),82.1,5.4,4,1,0,18.9,Low,Active,,0,0
2610,21,2026-09-01,81130.0,0.854,0.85-0.95 (Below Median),70.9,8.3,3,1,0,20.9,Low,Active,,0,0
2611,37,2026-09-01,219030.0,1.043,0.95-1.05 (Target),101.8,40.60109441755896,4,0,0,63.9,Elevated,Active,,0,0
2612,47,2026-09-01,173425.0,0.991,0.95-1.05 (Target),79.6,11.6,3,0,0,30.1,Low,Voluntary Resignation,Personal / Relocation,1,1
2613,32,2026-09-01,155575.0,0.889,0.85-0.95 (Below Median),94.0,2.2,2,1,0,12.9,Low,Active,,0,0
2614,26,2026-09-01,166950.0,0.954,0.95-1.05 (Target),79.0,7.1,4,0,0,17.4,Low,Voluntary Resignation,Personal / Relocation,1,1
2615,66,2026-09-01,83505.0,0.879,0.85-0.95 (Below Median),80.0,1.2,1,0,1,5.0,Low,Active,,0,0
2616,26,2026-09-01,94810.0,0.998,0.95-1.05 (Target),80.6,12.8,2,0,1,31.4,Low,Active,,0,0
2617,76,2026-09-01,90820.0,0.956,0.95-1.05 (Target),94.1,0.1,4,0,0,5.0,Low,Voluntary Resignation,Personal / Relocation,1,1
2618,34,2026-09-01,120420.0,0.892,0.85-0.95 (Below Median),81.4,9.8,3,1,1,21.9,Low,Voluntary Resignation,Competitive Compensation Offer,1,1
2619,65,2026-09-01,124335.0,0.921,0.85-0.95 (Below Median),91.1,15.9,2,0,0,36.7,Moderate,Active,,0,0
2620,33,2026-09-01,81605.0,0.859,0.85-0.95 (Below Median),92.8,6.4,2,1,1,26.5,Low,Active,,0,0
2621,38,2026-09-01,103075.0,1.085,>1.05 (Premium),81.8,28.9,3,0,0,41.0,Moderate,Voluntary Resignation,Personal / Relocation,0,1
2622,67,2026-09-01,120960.0,0.896,0.85-0.95 (Below Median),100.2,25.856765833147243,1,0,0,49.1,Moderate,Voluntary Resignation,Competitive Compensation Offer,1,1
2623,42,2026-09-01,199500.0,0.95,0.85-0.95 (Below Median),83.1,11.6,2,0,0,22.9,Low,Voluntary Resignation,Personal / Relocation,1,1
2624,19,2026-09-01,61295.0,0.943,0.85-0.95 (Below Median),91.9,0.9,3,0,0,18.2,Low,Active,,0,0
2625,18,2026-09-01,207220.0,0.797,<0.85 (Critical Underpay),97.8,36.712524951290376,3,0,0,56.1,Moderate,Active,,0,0
2626,9,2026-09-01,60515.0,0.931,0.85-0.95 (Below Median),75.2,6.3,4,0,0,16.9,Low,Active,,0,0
2627,71,2026-09-01,86260.0,0.908,0.85-0.95 (Below Median),109.2,37.837397003469135,4,0,0,63.2,Elevated,Voluntary Resignation,Personal / Relocation,1,1
2628,8,2026-09-01,65065.0,1.001,0.95-1.05 (Target),74.9,6.9,2,0,0,16.3,Low,Active,,0,0
2629,80,2026-09-01,57720.0,0.888,0.85-0.95 (Below Median),71.6,9.2,4,0,0,21.3,Low,Voluntary Resignation,Competitive Compensation Offer,1,1
2630,39,2026-09-01,95190.0,1.002,0.95-1.05 (Target),96.3,24.54228992501126,4,1,0,45.4,Moderate,Active,,0,0
2631,71,2026-09-01,66625.0,1.025,0.95-1.05 (Target),88.7,2.8,4,0,0,5.0,Low,Active,,0,0
2632,19,2026-09-01,250640.0,0.964,0.95-1.05 (Target),87.3,5.5,3,0,0,7.3,Low,Active,,0,0
2633,79,2026-09-01,64155.0,0.987,0.95-1.05 (Target),87.5,14.0,4,1,0,25.1,Low,Active,,0,0
2634,10,2026-09-01,88065.0,0.927,0.85-0.95 (Below Median),83.7,8.8,3,0,0,20.0,Low,Active,,0,0
2635,84,2026-09-01,170625.0,0.975,0.95-1.05 (Target),94.5,42.6,4,0,0,75.6,Elevated,Voluntary Resignation,Work-Life Balance & Fatigue,1,1
2636,48,2026-09-01,108205.0,1.139,>1.05 (Premium),88.9,4.6,4,0,1,10.7,Low,Active,,0,0
2637,40,2026-09-01,57460.0,0.884,0.85-0.95 (Below Median),88.4,1.0,3,1,0,5.0,Low,Active,,0,0
2638,1,2026-09-01,62270.0,0.958,0.95-1.05 (Target),89.5,2.4,5,0,0,11.7,Low,Active,,0,0
2639,18,2026-09-01,112320.0,0.832,<0.85 (Critical Underpay),89.4,3.8,4,0,0,15.9,Low,Active,,0,0
2640,3,2026-09-01,57135.0,0.879,0.85-0.95 (Below Median),86.5,16.8,3,1,0,30.6,Low,Voluntary Resignation,Competitive Compensation Offer,0,1
2641,4,2026-09-01,109620.0,0.812,<0.85 (Critical Underpay),85.7,21.2,4,0,1,45.2,Moderate,Voluntary Resignation,Competitive Compensation Offer,1,1
2642,24,2026-09-01,56615.0,0.871,0.85-0.95 (Below Median),87.7,17.5,4,1,0,31.6,Low,Active,,0,0
2643,82,2026-09-01,87305.0,0.919,0.85-0.95 (Below Median),99.5,32.67249968619678,3,0,0,56.8,Moderate,Voluntary Resignation,Career Advancement & Role Velocity,0,1
2644,79,2026-09-01,65195.0,1.003,0.95-1.05 (Target),95.6,30.03725794997152,4,0,0,52.0,Moderate,Voluntary Resignation,Personal / Relocation,1,1
2645,33,2026-09-01,97660.0,1.028,0.95-1.05 (Target),94.9,1.4,5,0,0,9.1,Low,Active,,0,0
2646,12,2026-09-01,142975.0,0.817,<0.85 (Critical Underpay),96.5,22.62812156823552,5,0,0,54.8,Moderate,Voluntary Resignation,Competitive Compensation Offer,1,1
2647,35,2026-09-01,54275.0,0.835,<0.85 (Critical Underpay),89.3,15.6,4,1,0,38.0,Moderate,Active,,0,0
2648,12,2026-09-01,123390.0,0.914,0.85-0.95 (Below Median),78.7,35.4,2,1,1,68.2,Elevated,Active,,0,0
2649,13,2026-09-01,91865.0,0.967,0.95-1.05 (Target),91.1,8.2,3,0,0,18.5,Low,Active,,0,0
2650,2,2026-09-01,64480.0,0.992,0.95-1.05 (Target),91.6,17.5,3,1,0,29.2,Low,Active,,0,0
2651,23,2026-09-01,68380.0,1.052,>1.05 (Premium),81.2,8.3,3,0,0,16.9,Low,Active,,0,0
2652,17,2026-09-01,58955.0,0.907,0.85-0.95 (Below Median),94.2,4.8,2,0,0,15.6,Low,Voluntary Resignation,Personal / Relocation,0,1
2653,63,2026-09-01,66040.0,1.016,0.95-1.05 (Target),78.6,14.5,2,0,0,25.1,Low,Voluntary Resignation,Personal / Relocation,0,1
2654,32,2026-09-01,123120.0,0.912,0.85-0.95 (Below Median),74.8,15.0,3,1,0,27.8,Low,Active,,0,0
2655,69,2026-09-01,122310.0,0.906,0.85-0.95 (Below Median),108.3,34.708964711859615,3,0,0,59.5,Moderate,Voluntary Resignation,Personal / Relocation,1,1
2656,83,2026-09-01,56940.0,0.876,0.85-0.95 (Below Median),83.9,0.2,3,0,0,18.7,Low,Voluntary Resignation,Competitive Compensation Offer,0,1
2657,26,2026-09-01,89205.0,0.939,0.85-0.95 (Below Median),85.8,4.6,3,1,0,14.7,Low,Active,,0,0
2658,71,2026-09-01,156975.0,0.897,0.85-0.95 (Below Median),94.0,2.1,3,1,0,12.6,Low,Active,,0,0
2659,71,2026-09-01,59930.0,0.922,0.85-0.95 (Below Median),82.7,0.3,3,0,0,9.9,Low,Voluntary Resignation,Personal / Relocation,0,1
2660,83,2026-09-01,63245.0,0.973,0.95-1.05 (Target),89.0,7.4,4,0,1,17.4,Low,Active,,0,0
2661,40,2026-09-01,124605.0,0.923,0.85-0.95 (Below Median),84.9,1.7,3,1,1,11.6,Low,Active,,0,0
2662,11,2026-09-01,97850.0,1.03,0.95-1.05 (Target),83.9,12.4,4,0,0,22.3,Low,Active,,0,0
2663,39,2026-09-01,75620.0,0.796,<0.85 (Critical Underpay),75.6,13.7,5,0,0,36.5,Moderate,Active,,0,0
2664,45,2026-09-01,99845.0,1.051,>1.05 (Premium),81.7,10.9,3,0,0,20.1,Low,Active,,0,0
2665,58,2026-09-01,85595.0,0.901,0.85-0.95 (Below Median),79.1,18.4,3,0,0,32.1,Low,Active,,0,0
2666,31,2026-09-01,56680.0,0.872,0.85-0.95 (Below Median),85.5,29.2,4,0,1,45.6,Moderate,Voluntary Resignation,Competitive Compensation Offer,1,1
2667,73,2026-09-01,106780.0,1.124,>1.05 (Premium),67.5,10.7,3,0,0,18.4,Low,Active,,0,0
2668,4,2026-09-01,166950.0,0.954,0.95-1.05 (Target),86.1,3.5,3,1,0,13.1,Low,Active,,0,0
2669,76,2026-09-01,64025.0,0.985,0.95-1.05 (Target),66.7,9.1,3,0,1,19.2,Low,Active,,0,0
2670,32,2026-09-01,154440.0,1.144,>1.05 (Premium),68.3,50.2,4,0,0,73.4,Elevated,Active,,0,0
2671,30,2026-09-01,132030.0,0.978,0.95-1.05 (Target),88.8,0.2,3,1,0,5.0,Low,Active,,0,0
2672,4,2026-09-01,130005.0,0.963,0.95-1.05 (Target),83.3,6.0,2,0,0,15.9,Low,Active,,0,0
2673,83,2026-09-01,117180.0,0.868,0.85-0.95 (Below Median),77.5,21.2,3,1,1,44.1,Moderate,Active,,0,0
2674,69,2026-09-01,62205.0,0.957,0.95-1.05 (Target),77.9,2.7,2,0,0,20.1,Low,Active,,0,0
2675,39,2026-09-01,82270.0,0.866,0.85-0.95 (Below Median),86.4,9.7,4,0,0,22.3,Low,Voluntary Resignation,Competitive Compensation Offer,1,1
2676,62,2026-09-01,61360.0,0.944,0.85-0.95 (Below Median),72.3,8.3,3,1,0,19.1,Low,Active,,0,0
2677,10,2026-09-01,82080.0,0.864,0.85-0.95 (Below Median),86.2,37.7,3,0,1,56.0,Moderate,Voluntary Resignation,Competitive Compensation Offer,0,1
2678,63,2026-09-01,91010.0,0.958,0.95-1.05 (Target),86.1,27.7,3,0,1,42.1,Moderate,Active,,0,0
2679,46,2026-09-01,126090.0,0.934,0.85-0.95 (Below Median),78.6,9.4,3,0,0,20.6,Low,Active,,0,0
2680,28,2026-09-01,126495.0,0.937,0.85-0.95 (Below Median),80.9,9.8,3,0,0,21.0,Low,Voluntary Resignation,Personal / Relocation,1,1
2681,54,2026-09-01,64350.0,0.99,0.95-1.05 (Target),89.9,12.1,3,0,1,22.7,Low,Active,,0,0
2682,76,2026-09-01,262080.0,1.008,0.95-1.05 (Target),90.6,7.4,3,1,0,16.7,Low,Active,,0,0
2683,58,2026-09-01,83220.0,0.876,0.85-0.95 (Below Median),91.7,9.7,5,1,0,30.1,Low,Active,,0,0
2684,49,2026-09-01,125955.0,0.933,0.85-0.95 (Below Median),70.5,17.0,2,0,1,37.7,Moderate,Active,,0,0
2685,2,2026-09-01,61295.0,0.943,0.85-0.95 (Below Median),92.7,17.2,2,0,0,37.8,Moderate,Active,,0,0
2686,32,2026-09-01,65065.0,1.001,0.95-1.05 (Target),99.4,27.20664541600369,1,1,0,40.6,Moderate,Active,,0,0
2687,46,2026-09-01,121635.0,0.901,0.85-0.95 (Below Median),80.7,52.4,4,0,0,88.9,Critical Exhaustion,Voluntary Resignation,Work-Life Balance & Fatigue,1,1
2688,19,2026-09-01,103740.0,1.092,>1.05 (Premium),66.2,8.7,3,0,1,16.6,Low,Active,,0,0
2689,40,2026-09-01,71630.0,1.102,>1.05 (Premium),76.5,6.1,1,0,1,13.3,Low,Active,,0,0
2690,3,2026-09-01,90250.0,0.95,0.85-0.95 (Below Median),99.0,27.12500185159353,2,0,0,49.6,Moderate,Voluntary Resignation,Career Advancement & Role Velocity,0,1
2691,18,2026-09-01,129735.0,0.961,0.95-1.05 (Target),77.6,4.2,3,0,1,13.8,Low,Active,,0,0
2692,3,2026-09-01,82080.0,0.864,0.85-0.95 (Below Median),77.0,32.7,2,1,1,58.0,Moderate,Active,,0,0
2693,38,2026-09-01,140265.0,1.039,0.95-1.05 (Target),85.1,2.2,4,0,0,9.9,Low,Active,,0,0
2694,17,2026-09-01,60255.0,0.927,0.85-0.95 (Below Median),93.8,45.9,3,0,0,72.5,Elevated,Voluntary Resignation,Work-Life Balance & Fatigue,0,1
2695,43,2026-09-01,64025.0,0.985,0.95-1.05 (Target),85.9,11.2,1,0,1,21.7,Low,Active,,0,0
2696,16,2026-09-01,95570.0,1.006,0.95-1.05 (Target),89.5,15.2,5,1,0,26.1,Low,Active,,0,0
2697,15,2026-09-01,103075.0,1.085,>1.05 (Premium),86.7,10.7,4,0,0,19.1,Low,Active,,0,0
2698,7,2026-09-01,64935.0,0.999,0.95-1.05 (Target),93.2,17.9,3,0,0,37.5,Moderate,Voluntary Resignation,Personal / Relocation,0,1
2699,83,2026-09-01,85500.0,0.9,0.85-0.95 (Below Median),88.4,0.6,4,0,0,10.7,Low,Active,,0,0
2700,51,2026-09-01,99085.0,1.043,0.95-1.05 (Target),90.9,0.6,3,0,0,5.0,Low,Active,,0,0
2701,11,2026-09-01,90820.0,0.956,0.95-1.05 (Target),92.3,5.0,3,1,0,14.9,Low,Active,,0,0
2702,60,2026-09-01,93765.0,0.987,0.95-1.05 (Target),76.2,7.3,3,0,0,17.0,Low,Active,,0,0
2703,33,2026-09-01,96140.0,1.012,0.95-1.05 (Target),76.7,0.7,3,1,1,5.0,Low,Active,,0,0
2704,21,2026-09-01,62595.0,0.963,0.95-1.05 (Target),80.2,0.3,3,0,0,9.1,Low,Active,,0,0
2705,66,2026-09-01,53885.0,0.829,<0.85 (Critical Underpay),88.1,2.3,3,0,1,14.2,Low,Active,,0,0
2706,14,2026-09-01,54925.0,0.845,<0.85 (Critical Underpay),80.1,31.5,3,0,0,56.9,Moderate,Voluntary Resignation,Competitive Compensation Offer,0,1
2707,25,2026-09-01,129330.0,0.958,0.95-1.05 (Target),97.2,32.92014126924168,4,0,0,48.3,Moderate,Active,,0,0
2708,19,2026-09-01,87875.0,0.925,0.85-0.95 (Below Median),81.5,32.7,3,1,0,56.7,Moderate,Active,,0,0
2709,64,2026-09-01,177800.0,1.016,0.95-1.05 (Target),69.9,9.5,5,0,1,19.1,Low,Voluntary Resignation,Personal / Relocation,1,1
2710,77,2026-09-01,123390.0,0.914,0.85-0.95 (Below Median),86.8,3.2,3,0,1,13.6,Low,Active,,0,0
2711,31,2026-09-01,156975.0,0.897,0.85-0.95 (Below Median),79.7,10.4,5,0,0,30.5,Low,Active,,0,0
2712,9,2026-09-01,99465.0,1.047,0.95-1.05 (Target),102.7,29.623157751030405,5,1,0,42.6,Moderate,Active,,0,0
2713,33,2026-09-01,69550.0,1.07,>1.05 (Premium),94.2,9.5,3,0,0,18.0,Low,Active,,0,0
2714,19,2026-09-01,242580.0,0.933,0.85-0.95 (Below Median),77.7,35.1,4,0,0,59.5,Moderate,Voluntary Resignation,Personal / Relocation,1,1
2715,1,2026-09-01,125145.0,0.927,0.85-0.95 (Below Median),77.9,3.4,3,0,1,13.5,Low,Active,,0,0
2716,28,2026-09-01,123795.0,0.917,0.85-0.95 (Below Median),79.2,0.7,3,0,0,10.5,Low,Active,,0,0
2717,81,2026-09-01,79990.0,0.842,<0.85 (Critical Underpay),104.6,44.16240044417868,4,1,0,72.2,Elevated,Voluntary Resignation,Competitive Compensation Offer,1,1
2718,84,2026-09-01,55965.0,0.861,0.85-0.95 (Below Median),95.5,65.0,4,1,1,100.0,Critical Exhaustion,Voluntary Resignation,Competitive Compensation Offer,1,1
2719,42,2026-09-01,113265.0,0.839,<0.85 (Critical Underpay),88.1,7.2,3,0,0,11.9,Low,Active,,0,0
2720,4,2026-09-01,98895.0,1.041,0.95-1.05 (Target),86.4,10.3,3,0,0,19.5,Low,Active,,0,0
2721,5,2026-09-01,198030.0,0.943,0.85-0.95 (Below Median),94.8,25.8,3,0,1,40.1,Moderate,Active,,0,0
2722,61,2026-09-01,148225.0,0.847,<0.85 (Critical Underpay),85.8,8.6,4,1,0,21.4,Low,Active,,0,0
2723,60,2026-09-01,91295.0,0.961,0.95-1.05 (Target),74.6,12.1,3,1,0,23.3,Low,Active,,0,0
2724,41,2026-09-01,126765.0,0.939,0.85-0.95 (Below Median),66.7,6.5,5,0,0,17.0,Low,Active,,0,0
2725,26,2026-09-01,247520.0,0.952,0.95-1.05 (Target),86.4,0.3,3,1,1,17.3,Low,Active,,0,0
2726,84,2026-09-01,123255.0,0.913,0.85-0.95 (Below Median),67.8,7.4,4,0,0,18.6,Low,Active,,0,0
2727,79,2026-09-01,64350.0,0.99,0.95-1.05 (Target),73.4,7.8,3,1,1,25.6,Low,Active,,0,0
2728,74,2026-09-01,99750.0,1.05,0.95-1.05 (Target),79.2,21.8,2,0,1,33.2,Low,Active,,0,0
2729,20,2026-09-01,59345.0,0.913,0.85-0.95 (Below Median),84.3,13.3,3,0,0,25.7,Low,Active,,0,0
2730,2,2026-09-01,91200.0,0.96,0.95-1.05 (Target),76.8,47.6,4,1,0,73.9,Elevated,Voluntary Resignation,Work-Life Balance & Fatigue,1,1
2731,73,2026-09-01,166950.0,0.954,0.95-1.05 (Target),73.1,0.5,3,0,0,9.5,Low,Active,,0,0
2732,40,2026-09-01,65390.0,1.006,0.95-1.05 (Target),100.2,30.64024727841793,3,0,0,52.6,Moderate,Active,,0,0
2733,80,2026-09-01,63115.0,0.971,0.95-1.05 (Target),73.4,27.1,4,0,1,49.1,Moderate,Voluntary Resignation,Personal / Relocation,1,1
2734,71,2026-09-01,148365.0,1.099,>1.05 (Premium),95.9,33.23008479055893,3,0,0,53.9,Moderate,Active,,0,0
2735,19,2026-09-01,139995.0,1.037,0.95-1.05 (Target),74.2,47.0,3,0,1,71.7,Elevated,Voluntary Resignation,Work-Life Balance & Fatigue,1,1
2736,3,2026-09-01,223860.0,1.066,>1.05 (Premium),87.5,4.8,3,1,1,12.4,Low,Active,,0,0
2737,16,2026-09-01,157675.0,0.901,0.85-0.95 (Below Median),98.3,55.71803754567836,2,1,1,84.8,Critical Exhaustion,Voluntary Resignation,Work-Life Balance & Fatigue,1,1
2738,37,2026-09-01,59020.0,0.908,0.85-0.95 (Below Median),90.0,3.6,3,0,0,14.2,Low,Voluntary Resignation,Personal / Relocation,0,1
2739,14,2026-09-01,129330.0,0.958,0.95-1.05 (Target),98.9,23.946796937777407,2,0,0,37.6,Moderate,Voluntary Resignation,Personal / Relocation,1,1
2740,82,2026-09-01,64155.0,0.987,0.95-1.05 (Target),91.6,5.3,3,0,0,14.6,Low,Active,,0,0
2741,19,2026-09-01,94715.0,0.997,0.95-1.05 (Target),89.3,7.5,3,0,0,17.1,Low,Active,,0,0
2742,73,2026-09-01,136080.0,1.008,0.95-1.05 (Target),67.1,57.6,4,0,0,93.0,Critical Exhaustion,Voluntary Resignation,Work-Life Balance & Fatigue,1,1
2743,60,2026-09-01,57850.0,0.89,0.85-0.95 (Below Median),83.4,23.5,3,0,0,38.4,Moderate,Voluntary Resignation,Competitive Compensation Offer,0,1
2744,1,2026-09-01,93385.0,0.983,0.95-1.05 (Target),89.9,8.0,4,1,0,17.9,Low,Active,,0,0
2745,53,2026-09-01,92055.0,0.969,0.95-1.05 (Target),93.9,4.9,2,0,0,14.5,Low,Active,,0,0
2746,10,2026-09-01,53105.0,0.817,<0.85 (Critical Underpay),92.0,9.7,2,0,0,23.3,Low,Active,,0,0
2747,35,2026-09-01,65585.0,1.009,0.95-1.05 (Target),78.7,4.9,3,1,1,13.7,Low,Active,,0,0
2748,1,2026-09-01,55510.0,0.854,0.85-0.95 (Below Median),88.6,6.4,2,1,0,26.6,Low,Active,,0,0
2749,29,2026-09-01,88350.0,0.93,0.85-0.95 (Below Median),92.7,21.8,4,1,0,43.6,Moderate,Active,,0,0
2750,35,2026-09-01,134190.0,0.994,0.95-1.05 (Target),93.9,0.1,4,0,1,8.2,Low,Active,,0,0
2751,39,2026-09-01,122715.0,0.909,0.85-0.95 (Below Median),103.5,19.27655972553648,3,1,1,41.0,Moderate,Active,,0,0
2752,67,2026-09-01,85120.0,0.896,0.85-0.95 (Below Median),87.1,6.6,3,0,0,26.0,Low,Active,,0,0
2753,2,2026-09-01,59670.0,0.918,0.85-0.95 (Below Median),78.0,19.2,2,0,0,40.7,Moderate,Active,,0,0
2754,54,2026-09-01,68055.0,1.047,0.95-1.05 (Target),86.5,0.4,3,1,0,7.5,Low,Active,,0,0
2755,64,2026-09-01,98230.0,1.034,0.95-1.05 (Target),73.6,19.8,2,0,0,39.1,Moderate,Voluntary Resignation,Personal / Relocation,0,1
2756,46,2026-09-01,236340.0,0.909,0.85-0.95 (Below Median),91.4,4.0,3,0,0,14.6,Low,Active,,0,0
2757,52,2026-09-01,66235.0,1.019,0.95-1.05 (Target),93.1,17.7,3,1,0,36.9,Moderate,Active,,0,0
2758,14,2026-09-01,82365.0,0.867,0.85-0.95 (Below Median),83.3,17.4,3,0,0,31.5,Low,Active,,0,0
2759,36,2026-09-01,87495.0,0.921,0.85-0.95 (Below Median),79.5,32.0,3,0,0,56.0,Moderate,Voluntary Resignation,Personal / Relocation,0,1
2760,78,2026-09-01,94430.0,0.994,0.95-1.05 (Target),88.7,29.2,3,1,1,51.2,Moderate,Active,,0,0
2761,84,2026-09-01,139860.0,1.036,0.95-1.05 (Target),88.7,20.3,2,1,0,31.6,Low,Active,,0,0
2762,48,2026-09-01,94430.0,0.994,0.95-1.05 (Target),83.4,3.6,3,1,1,20.4,Low,Active,,0,0
2763,28,2026-09-01,79325.0,0.835,<0.85 (Critical Underpay),78.2,19.6,1,0,0,42.8,Moderate,Active,,0,0
2764,2,2026-09-01,64350.0,0.99,0.95-1.05 (Target),81.0,8.8,3,0,1,18.8,Low,Active,,0,0
2765,3,2026-09-01,95095.0,1.001,0.95-1.05 (Target),75.6,17.7,2,1,0,29.2,Low,Voluntary Resignation,Personal / Relocation,0,1
2766,16,2026-09-01,94145.0,0.991,0.95-1.05 (Target),78.0,33.6,4,1,0,64.5,Elevated,Active,,0,0
2767,4,2026-09-01,87970.0,0.926,0.85-0.95 (Below Median),85.2,20.1,3,0,0,33.6,Low,Active,,0,0
2768,14,2026-09-01,198030.0,0.943,0.85-0.95 (Below Median),84.5,9.6,3,1,1,20.7,Low,Active,,0,0
2769,16,2026-09-01,93480.0,0.984,0.95-1.05 (Target),85.3,29.9,3,0,1,44.2,Moderate,Voluntary Resignation,Personal / Relocation,0,1
2770,24,2026-09-01,127710.0,0.946,0.85-0.95 (Below Median),73.5,33.9,3,0,0,49.8,Moderate,Voluntary Resignation,Personal / Relocation,1,1
2771,32,2026-09-01,91390.0,0.962,0.95-1.05 (Target),86.9,7.7,3,0,0,10.0,Low,Active,,0,0
2772,10,2026-09-01,110105.0,1.159,>1.05 (Premium),76.9,17.4,3,0,0,25.7,Low,Active,,0,0
2773,6,2026-09-01,69550.0,1.07,>1.05 (Premium),98.5,22.686415461718973,2,0,1,41.8,Moderate,Active,,0,0
2774,10,2026-09-01,168350.0,0.962,0.95-1.05 (Target),90.8,1.8,3,1,0,10.9,Low,Active,,0,0
2775,10,2026-09-01,87210.0,0.918,0.85-0.95 (Below Median),92.7,23.8,3,0,0,38.2,Moderate,Voluntary Resignation,Personal / Relocation,0,1
2776,14,2026-09-01,86450.0,0.91,0.85-0.95 (Below Median),87.2,26.4,5,1,0,49.5,Moderate,Active,,0,0
2777,28,2026-09-01,129330.0,0.958,0.95-1.05 (Target),105.1,35.23724178490245,3,1,0,59.1,Moderate,Voluntary Resignation,Personal / Relocation,1,1
2778,83,2026-09-01,62855.0,0.967,0.95-1.05 (Target),87.8,18.4,3,0,0,38.7,Moderate,Voluntary Resignation,Personal / Relocation,0,1
2779,18,2026-09-01,85215.0,0.897,0.85-0.95 (Below Median),86.8,13.4,3,1,1,26.1,Low,Active,,0,0
2780,70,2026-09-01,90535.0,0.953,0.95-1.05 (Target),80.4,22.4,2,0,0,35.8,Moderate,Active,,0,0
2781,77,2026-09-01,60450.0,0.93,0.85-0.95 (Below Median),90.8,19.1,3,0,0,32.3,Low,Active,,0,0
2782,46,2026-09-01,85500.0,0.9,0.85-0.95 (Below Median),100.3,22.13013372926296,5,0,0,44.6,Moderate,Active,,0,0
2783,24,2026-09-01,97470.0,1.026,0.95-1.05 (Target),111.5,22.37501549071941,3,0,1,34.3,Low,Voluntary Resignation,Personal / Relocation,0,1
2784,17,2026-09-01,188580.0,0.898,0.85-0.95 (Below Median),73.3,14.1,3,1,0,27.0,Low,Active,,0,0
2785,23,2026-09-01,68380.0,1.052,>1.05 (Premium),91.7,0.9,1,0,1,8.0,Low,Active,,0,0
2786,2,2026-09-01,53885.0,0.829,<0.85 (Critical Underpay),100.0,26.33346480980441,3,0,1,51.0,Moderate,Voluntary Resignation,Competitive Compensation Offer,0,1
2787,46,2026-09-01,60580.0,0.932,0.85-0.95 (Below Median),65.8,18.5,3,0,0,39.6,Moderate,Active,,0,0
2788,39,2026-09-01,96615.0,1.017,0.95-1.05 (Target),88.5,14.2,4,0,0,24.7,Low,Voluntary Resignation,Career Advancement & Role Velocity,1,1
2789,49,2026-09-01,76285.0,0.803,<0.85 (Critical Underpay),96.1,40.28839811812365,3,0,1,68.3,Elevated,Active,,0,0
2790,42,2026-09-01,89205.0,0.939,0.85-0.95 (Below Median),96.2,49.78894753930946,3,0,0,85.0,Critical Exhaustion,Voluntary Resignation,Work-Life Balance & Fatigue,0,1
2791,4,2026-09-01,89110.0,0.938,0.85-0.95 (Below Median),90.5,2.2,2,1,0,11.9,Low,Active,,0,0
2792,10,2026-09-01,125280.0,0.928,0.85-0.95 (Below Median),89.1,3.0,3,0,1,13.0,Low,Active,,0,0
2793,52,2026-09-01,93860.0,0.988,0.95-1.05 (Target),88.4,7.3,3,0,0,17.0,Low,Active,,0,0
2794,4,2026-09-01,274300.0,1.055,>1.05 (Premium),87.7,0.2,3,0,0,7.1,Low,Active,,0,0
2795,83,2026-09-01,94620.0,0.996,0.95-1.05 (Target),83.9,17.8,3,0,0,29.4,Low,Active,,0,0
2796,47,2026-09-01,207690.0,0.989,0.95-1.05 (Target),83.4,19.4,4,0,1,39.5,Moderate,Active,,0,0
2797,12,2026-09-01,68510.0,1.054,>1.05 (Premium),97.5,28.8071691799818,3,0,0,57.5,Moderate,Active,,0,0
2798,82,2026-09-01,159600.0,0.912,0.85-0.95 (Below Median),88.2,19.3,3,0,0,32.9,Low,Active,,0,0
2799,34,2026-09-01,54340.0,0.836,<0.85 (Critical Underpay),73.3,6.0,2,0,1,26.5,Low,Active,,0,0
2800,2,2026-09-01,85785.0,0.903,0.85-0.95 (Below Median),84.9,7.0,4,0,1,26.3,Low,Active,,0,0
2801,19,2026-09-01,67730.0,1.042,0.95-1.05 (Target),87.9,14.0,5,1,0,32.0,Low,Active,,0,0
2802,30,2026-09-01,93005.0,0.979,0.95-1.05 (Target),85.1,4.3,4,0,0,13.6,Low,Active,,0,0
2803,54,2026-09-01,127845.0,0.947,0.85-0.95 (Below Median),76.2,4.6,5,0,0,6.6,Low,Active,,0,0
2804,42,2026-09-01,142155.0,1.053,>1.05 (Premium),91.8,9.2,4,0,1,10.0,Low,Voluntary Resignation,Personal / Relocation,1,1
2805,15,2026-09-01,144315.0,1.069,>1.05 (Premium),91.6,2.8,3,1,0,10.0,Low,Active,,0,0
2806,16,2026-09-01,89870.0,0.946,0.85-0.95 (Below Median),96.8,42.328933528504265,4,0,1,67.9,Elevated,Voluntary Resignation,Work-Life Balance & Fatigue,1,1
2807,5,2026-09-01,205800.0,0.98,0.95-1.05 (Target),85.1,9.9,3,1,0,12.3,Low,Voluntary Resignation,Personal / Relocation,1,1
2808,28,2026-09-01,66950.0,1.03,0.95-1.05 (Target),87.8,5.5,5,0,1,14.0,Low,Active,,0,0
2809,35,2026-09-01,60645.0,0.933,0.85-0.95 (Below Median),102.1,29.878190600451973,3,0,0,61.2,Elevated,Voluntary Resignation,Personal / Relocation,0,1
2810,76,2026-09-01,254020.0,0.977,0.95-1.05 (Target),80.9,7.3,3,0,0,17.2,Low,Active,,0,0
2811,16,2026-09-01,104025.0,1.095,>1.05 (Premium),84.2,33.5,3,1,0,46.3,Moderate,Active,,0,0
2812,58,2026-09-01,78280.0,0.824,<0.85 (Critical Underpay),88.7,2.9,3,0,0,15.0,Low,Active,,0,0
2813,25,2026-09-01,92910.0,0.978,0.95-1.05 (Target),78.8,7.3,3,0,0,17.2,Low,Active,,0,0
2814,77,2026-09-01,81795.0,0.861,0.85-0.95 (Below Median),84.9,1.3,4,0,1,12.3,Low,Active,,0,0
2815,42,2026-09-01,62140.0,0.956,0.95-1.05 (Target),80.8,10.4,3,0,1,29.4,Low,Active,,0,0
2816,8,2026-09-01,68575.0,1.055,>1.05 (Premium),83.3,28.7,4,0,0,41.3,Moderate,Voluntary Resignation,Personal / Relocation,1,1
2817,20,2026-09-01,99560.0,1.048,0.95-1.05 (Target),89.1,0.7,3,0,0,5.0,Low,Active,,0,0
2818,64,2026-09-01,63115.0,0.971,0.95-1.05 (Target),79.6,5.9,1,0,0,15.7,Low,Voluntary Resignation,Personal / Relocation,0,1
2819,22,2026-09-01,104120.0,1.096,>1.05 (Premium),85.7,3.4,4,0,0,10.2,Low,Active,,0,0
2820,57,2026-09-01,136755.0,1.013,0.95-1.05 (Target),94.4,12.0,3,1,0,30.1,Low,Active,,0,0
2821,81,2026-09-01,170275.0,0.973,0.95-1.05 (Target),77.6,9.7,3,1,0,28.2,Low,Active,,0,0
2822,78,2026-09-01,228060.0,1.086,>1.05 (Premium),73.5,21.2,5,0,0,31.7,Low,Active,,0,0
2823,40,2026-09-01,71955.0,1.107,>1.05 (Premium),87.2,22.1,2,0,1,40.4,Moderate,Active,,0,0
2824,13,2026-09-01,74670.0,0.786,<0.85 (Critical Underpay),82.9,32.4,2,0,0,67.2,Elevated,Voluntary Resignation,Competitive Compensation Offer,0,1
2825,23,2026-09-01,93195.0,0.981,0.95-1.05 (Target),89.2,16.9,3,0,1,36.7,Moderate,Active,,0,0
2826,67,2026-09-01,82840.0,0.872,0.85-0.95 (Below Median),75.9,7.4,3,0,0,19.4,Low,Active,,0,0
2827,33,2026-09-01,134595.0,0.997,0.95-1.05 (Target),94.3,6.0,3,0,0,15.3,Low,Active,,0,0
2828,19,2026-09-01,62335.0,0.959,0.95-1.05 (Target),86.9,6.6,3,0,1,16.7,Low,Active,,0,0
2829,47,2026-09-01,98895.0,1.041,0.95-1.05 (Target),99.4,43.73667516274948,3,0,0,67.7,Elevated,Active,,0,0
2830,5,2026-09-01,183575.0,1.049,0.95-1.05 (Target),76.2,17.7,5,0,0,36.3,Moderate,Voluntary Resignation,Career Advancement & Role Velocity,1,1
2831,74,2026-09-01,123930.0,0.918,0.85-0.95 (Below Median),83.0,17.9,5,0,0,31.1,Low,Voluntary Resignation,Personal / Relocation,1,1
2832,21,2026-09-01,68510.0,1.054,>1.05 (Premium),75.4,25.7,3,0,0,45.8,Moderate,Active,,0,0
2833,9,2026-09-01,64480.0,0.992,0.95-1.05 (Target),93.7,1.5,4,0,0,5.0,Low,Active,,0,0
2834,2,2026-09-01,68250.0,1.05,0.95-1.05 (Target),79.8,1.5,3,0,0,8.8,Low,Active,,0,0
2835,2,2026-09-01,93195.0,0.981,0.95-1.05 (Target),80.1,9.6,4,0,0,19.9,Low,Voluntary Resignation,Personal / Relocation,1,1
2836,34,2026-09-01,68510.0,1.054,>1.05 (Premium),90.9,52.8,4,0,0,78.3,Elevated,Voluntary Resignation,Work-Life Balance & Fatigue,1,1
2837,62,2026-09-01,129195.0,0.957,0.95-1.05 (Target),65.3,2.5,3,0,0,11.9,Low,Active,,0,0
2838,64,2026-09-01,63310.0,0.974,0.95-1.05 (Target),92.3,0.8,3,0,0,9.5,Low,Active,,0,0
2839,54,2026-09-01,95665.0,1.007,0.95-1.05 (Target),90.2,4.8,4,0,1,5.6,Low,Active,,0,0
2840,23,2026-09-01,146205.0,1.083,>1.05 (Premium),83.4,30.5,3,1,0,42.9,Moderate,Active,,0,0
2841,34,2026-09-01,46800.0,0.72,<0.85 (Critical Underpay),92.2,7.2,3,0,1,14.2,Low,Active,,0,0
2842,62,2026-09-01,59670.0,0.918,0.85-0.95 (Below Median),85.3,18.5,3,1,0,39.8,Moderate,Active,,0,0
2843,54,2026-09-01,64350.0,0.99,0.95-1.05 (Target),79.2,14.0,4,0,0,25.0,Low,Active,,0,0
2844,79,2026-09-01,87305.0,0.919,0.85-0.95 (Below Median),78.9,8.8,4,0,1,28.2,Low,Active,,0,0
2845,14,2026-09-01,97755.0,1.029,0.95-1.05 (Target),87.6,3.4,3,0,1,5.0,Low,Active,,0,0
2846,26,2026-09-01,84835.0,0.893,0.85-0.95 (Below Median),77.0,3.9,3,0,1,14.8,Low,Active,,0,0
2847,80,2026-09-01,54015.0,0.831,<0.85 (Critical Underpay),92.2,4.0,3,0,1,24.2,Low,Active,,0,0
2848,3,2026-09-01,85120.0,0.896,0.85-0.95 (Below Median),85.2,10.9,4,0,1,23.2,Low,Voluntary Resignation,Competitive Compensation Offer,1,1
2849,71,2026-09-01,114345.0,0.847,<0.85 (Critical Underpay),85.8,18.7,3,0,0,41.5,Moderate,Active,,0,0
2850,42,2026-09-01,57655.0,0.887,0.85-0.95 (Below Median),74.8,14.2,3,0,0,27.3,Low,Active,,0,0
2851,83,2026-09-01,93290.0,0.982,0.95-1.05 (Target),70.5,7.9,4,0,1,17.8,Low,Active,,0,0
2852,33,2026-09-01,69355.0,1.067,>1.05 (Premium),90.6,9.1,3,0,0,17.6,Low,Active,,0,0
2853,23,2026-09-01,46800.0,0.72,<0.85 (Critical Underpay),73.0,4.7,3,0,0,19.2,Low,Active,,0,0
2854,13,2026-09-01,86260.0,0.908,0.85-0.95 (Below Median),83.7,26.9,3,0,0,50.1,Moderate,Voluntary Resignation,Personal / Relocation,0,1
2855,13,2026-09-01,91485.0,0.963,0.95-1.05 (Target),75.6,7.6,3,0,0,17.9,Low,Active,,0,0
2856,26,2026-09-01,55185.0,0.849,<0.85 (Critical Underpay),91.7,15.0,3,0,0,45.0,Moderate,Voluntary Resignation,Competitive Compensation Offer,0,1
2857,14,2026-09-01,91960.0,0.968,0.95-1.05 (Target),70.9,6.1,1,0,0,16.0,Low,Active,,0,0
2858,34,2026-09-01,65390.0,1.006,0.95-1.05 (Target),77.2,1.6,3,1,1,9.8,Low,Active,,0,0
2859,33,2026-09-01,170625.0,0.975,0.95-1.05 (Target),82.7,20.5,3,0,0,33.1,Low,Voluntary Resignation,Personal / Relocation,1,1
2860,16,2026-09-01,61945.0,0.953,0.95-1.05 (Target),84.9,5.7,2,0,0,15.8,Low,Voluntary Resignation,Personal / Relocation,0,1
2861,69,2026-09-01,78565.0,0.827,<0.85 (Critical Underpay),92.1,6.2,3,1,0,26.9,Low,Active,,0,0
2862,28,2026-09-01,164675.0,0.941,0.85-0.95 (Below Median),88.2,8.8,4,0,0,27.7,Low,Active,,0,0
2863,27,2026-09-01,68315.0,1.051,>1.05 (Premium),83.8,9.8,3,0,0,18.7,Low,Active,,0,0
2864,24,2026-09-01,112455.0,0.833,<0.85 (Critical Underpay),85.1,46.1,3,0,1,82.7,Critical Exhaustion,Voluntary Resignation,Competitive Compensation Offer,1,1
2865,48,2026-09-01,58695.0,0.903,0.85-0.95 (Below Median),79.8,16.3,3,0,0,29.5,Low,Active,,0,0
2866,23,2026-09-01,199920.0,0.952,0.95-1.05 (Target),85.4,8.5,3,0,0,19.2,Low,Voluntary Resignation,Personal / Relocation,1,1
2867,49,2026-09-01,70200.0,1.08,>1.05 (Premium),82.1,10.0,4,0,0,18.4,Low,Active,,0,0
2868,18,2026-09-01,62205.0,0.957,0.95-1.05 (Target),72.9,7.6,5,1,0,18.0,Low,Active,,0,0
2869,63,2026-09-01,65650.0,1.01,0.95-1.05 (Target),90.6,4.8,3,0,1,13.6,Low,Active,,0,0
2870,58,2026-09-01,96710.0,1.018,0.95-1.05 (Target),79.2,1.5,1,1,0,9.4,Low,Active,,0,0
2871,50,2026-09-01,95760.0,1.008,0.95-1.05 (Target),83.1,20.8,3,0,1,40.8,Moderate,Active,,0,0
2872,34,2026-09-01,70980.0,1.092,>1.05 (Premium),97.1,25.17202517592417,3,0,0,44.4,Moderate,Voluntary Resignation,Personal / Relocation,0,1
2873,24,2026-09-01,93480.0,0.984,0.95-1.05 (Target),89.6,0.8,3,0,0,5.0,Low,Active,,0,0
2874,52,2026-09-01,73840.0,1.136,>1.05 (Premium),80.7,18.3,3,0,0,19.2,Low,Voluntary Resignation,Personal / Relocation,0,1
2875,4,2026-09-01,144855.0,1.073,>1.05 (Premium),96.1,43.72537623405656,1,1,0,67.0,Elevated,Voluntary Resignation,Work-Life Balance & Fatigue,1,1
2876,11,2026-09-01,59020.0,0.908,0.85-0.95 (Below Median),85.9,23.6,4,0,0,46.2,Moderate,Active,,0,0
2877,16,2026-09-01,90155.0,0.949,0.85-0.95 (Below Median),96.2,29.26317833277349,3,0,1,44.1,Moderate,Active,,0,0
2878,51,2026-09-01,126495.0,0.937,0.85-0.95 (Below Median),94.3,11.1,3,0,1,30.6,Low,Active,,0,0
2879,8,2026-09-01,92720.0,0.976,0.95-1.05 (Target),86.4,7.2,3,0,1,17.1,Low,Active,,0,0
2880,43,2026-09-01,179025.0,1.023,0.95-1.05 (Target),90.8,4.8,3,0,0,13.3,Low,Active,,0,0
2881,69,2026-09-01,81320.0,0.856,0.85-0.95 (Below Median),94.3,2.6,3,0,0,14.0,Low,Active,,0,0
2882,83,2026-09-01,86450.0,0.91,0.85-0.95 (Below Median),91.7,5.0,3,0,1,15.8,Low,Active,,0,0
2883,56,2026-09-01,94240.0,0.992,0.95-1.05 (Target),84.4,3.4,4,0,0,12.2,Low,Voluntary Resignation,Personal / Relocation,1,1
2884,81,2026-09-01,93575.0,0.985,0.95-1.05 (Target),77.0,18.9,4,1,0,39.0,Moderate,Active,,0,0
2885,10,2026-09-01,158375.0,0.905,0.85-0.95 (Below Median),103.3,40.89848186039208,3,0,0,67.0,Elevated,Voluntary Resignation,Work-Life Balance & Fatigue,1,1
2886,65,2026-09-01,125145.0,0.927,0.85-0.95 (Below Median),86.2,7.3,3,1,0,18.2,Low,Active,,0,0
2887,34,2026-09-01,80940.0,0.852,0.85-0.95 (Below Median),80.3,16.9,2,1,1,39.2,Moderate,Active,,0,0
2888,25,2026-09-01,97755.0,1.029,0.95-1.05 (Target),91.4,12.6,3,0,1,22.5,Low,Active,,0,0
2889,7,2026-09-01,87400.0,0.92,0.85-0.95 (Below Median),86.8,4.2,3,0,1,14.6,Low,Active,,0,0
2890,47,2026-09-01,239980.0,0.923,0.85-0.95 (Below Median),100.7,40.0474455186435,4,1,1,65.6,Elevated,Active,,0,0
2891,44,2026-09-01,127575.0,0.945,0.85-0.95 (Below Median),87.2,10.8,4,1,0,22.1,Low,Active,,0,0
2892,65,2026-09-01,86355.0,0.909,0.85-0.95 (Below Median),91.1,16.8,3,0,1,30.0,Low,Active,,0,0
2893,4,2026-09-01,58955.0,0.907,0.85-0.95 (Below Median),89.2,2.7,5,0,0,13.1,Low,Active,,0,0
2894,66,2026-09-01,145125.0,1.075,>1.05 (Premium),96.8,54.68607710813217,3,0,1,88.1,Critical Exhaustion,Voluntary Resignation,Work-Life Balance & Fatigue,1,1
2895,16,2026-09-01,105070.0,1.106,>1.05 (Premium),104.0,59.13767835774591,3,0,1,92.8,Critical Exhaustion,Voluntary Resignation,Work-Life Balance & Fatigue,0,1
2896,72,2026-09-01,63700.0,0.98,0.95-1.05 (Target),101.3,30.57475575012932,4,0,0,45.1,Moderate,Active,,0,0
2897,27,2026-09-01,268840.0,1.034,0.95-1.05 (Target),99.2,24.37584698756949,4,0,0,44.6,Moderate,Voluntary Resignation,Personal / Relocation,1,1
2898,70,2026-09-01,66755.0,1.027,0.95-1.05 (Target),87.0,25.2,3,0,0,37.7,Moderate,Active,,0,0
2899,55,2026-09-01,57330.0,0.882,0.85-0.95 (Below Median),95.5,65.0,4,0,0,100.0,Critical Exhaustion,Voluntary Resignation,Competitive Compensation Offer,1,1
2900,41,2026-09-01,181650.0,0.865,0.85-0.95 (Below Median),70.8,17.6,3,0,0,39.8,Moderate,Active,,0,0
2901,66,2026-09-01,90630.0,0.954,0.95-1.05 (Target),81.8,16.9,4,0,0,21.2,Low,Active,,0,0
2902,20,2026-09-01,58760.0,0.904,0.85-0.95 (Below Median),80.0,4.6,2,0,0,15.4,Low,Active,,0,0
2903,37,2026-09-01,92910.0,0.978,0.95-1.05 (Target),86.9,29.4,2,0,0,51.7,Moderate,Active,,0,0
2904,82,2026-09-01,128115.0,0.949,0.85-0.95 (Below Median),97.1,30.214601444254345,3,0,0,53.3,Moderate,Active,,0,0
2905,83,2026-09-01,93480.0,0.984,0.95-1.05 (Target),103.0,62.93016782959144,5,0,0,83.8,Critical Exhaustion,Voluntary Resignation,Work-Life Balance & Fatigue,1,1
2906,69,2026-09-01,60580.0,0.932,0.85-0.95 (Below Median),97.7,65.0,3,0,0,100.0,Critical Exhaustion,Voluntary Resignation,Work-Life Balance & Fatigue,0,1
2907,38,2026-09-01,93290.0,0.982,0.95-1.05 (Target),72.8,8.4,2,0,0,18.4,Low,Voluntary Resignation,Personal / Relocation,0,1
2908,7,2026-09-01,145800.0,1.08,>1.05 (Premium),88.4,17.0,3,0,1,34.8,Low,Active,,0,0
2909,64,2026-09-01,53300.0,0.82,<0.85 (Critical Underpay),95.6,61.42705842936084,3,1,1,93.3,Critical Exhaustion,Voluntary Resignation,Competitive Compensation Offer,0,1
2910,35,2026-09-01,171675.0,0.981,0.95-1.05 (Target),86.0,14.2,4,0,0,25.4,Low,Active,,0,0
2911,40,2026-09-01,97470.0,1.026,0.95-1.05 (Target),88.4,17.7,3,0,1,28.7,Low,Voluntary Resignation,Personal / Relocation,0,1
2912,29,2026-09-01,139455.0,1.033,0.95-1.05 (Target),75.6,16.2,4,1,0,18.8,Low,Active,,0,0
2913,74,2026-09-01,190400.0,1.088,>1.05 (Premium),76.1,28.7,3,0,0,40.7,Moderate,Active,,0,0
2914,80,2026-09-01,69810.0,1.074,>1.05 (Premium),92.5,5.9,4,0,0,13.6,Low,Active,,0,0
2915,21,2026-09-01,60645.0,0.933,0.85-0.95 (Below Median),94.5,9.4,3,1,0,28.6,Low,Active,,0,0
2916,71,2026-09-01,75985.0,1.169,>1.05 (Premium),86.1,1.5,3,0,1,6.4,Low,Active,,0,0
2917,72,2026-09-01,96140.0,1.012,0.95-1.05 (Target),72.1,2.2,4,1,0,18.4,Low,Active,,0,0
2918,4,2026-09-01,90915.0,0.957,0.95-1.05 (Target),84.5,3.7,3,0,0,5.3,Low,Active,,0,0
2919,78,2026-09-01,58760.0,0.904,0.85-0.95 (Below Median),91.6,3.4,3,1,0,6.0,Low,Active,,0,0
2920,83,2026-09-01,64480.0,0.992,0.95-1.05 (Target),73.3,27.3,2,0,0,48.9,Moderate,Active,,0,0
2921,63,2026-09-01,95190.0,1.002,0.95-1.05 (Target),91.3,6.4,3,0,0,15.6,Low,Active,,0,0
2922,68,2026-09-01,208950.0,0.995,0.95-1.05 (Target),82.3,21.7,4,0,0,42.1,Moderate,Active,,0,0
2923,76,2026-09-01,129870.0,0.962,0.95-1.05 (Target),84.2,56.4,3,0,0,92.4,Critical Exhaustion,Voluntary Resignation,Work-Life Balance & Fatigue,1,1
2924,22,2026-09-01,63375.0,0.975,0.95-1.05 (Target),93.7,6.1,3,0,0,15.8,Low,Active,,0,0
2925,60,2026-09-01,62855.0,0.967,0.95-1.05 (Target),79.9,2.1,3,0,0,11.2,Low,Active,,0,0
2926,23,2026-09-01,132435.0,0.981,0.95-1.05 (Target),85.3,2.1,3,0,1,10.9,Low,Active,,0,0
2927,66,2026-09-01,59345.0,0.913,0.85-0.95 (Below Median),81.7,19.3,3,1,0,24.9,Low,Active,,0,0
2928,35,2026-09-01,131490.0,0.974,0.95-1.05 (Target),88.6,5.5,2,0,1,15.1,Low,Active,,0,0
2929,71,2026-09-01,61880.0,0.952,0.95-1.05 (Target),92.8,11.5,3,1,1,22.8,Low,Active,,0,0
2930,12,2026-09-01,95380.0,1.004,0.95-1.05 (Target),92.4,13.7,4,1,0,32.4,Low,Active,,0,0
2931,82,2026-09-01,161875.0,0.925,0.85-0.95 (Below Median),79.8,9.5,4,0,0,20.9,Low,Active,,0,0
2932,46,2026-09-01,129195.0,0.957,0.95-1.05 (Target),86.3,41.2,3,1,1,66.3,Elevated,Active,,0,0
2933,3,2026-09-01,94525.0,0.995,0.95-1.05 (Target),93.3,1.4,3,1,0,5.0,Low,Active,,0,0
2934,32,2026-09-01,70870.0,0.746,<0.85 (Critical Underpay),82.3,5.1,5,1,0,19.2,Low,Voluntary Resignation,Competitive Compensation Offer,1,1
2935,20,2026-09-01,193200.0,0.92,0.85-0.95 (Below Median),85.0,6.3,1,0,1,17.2,Low,Voluntary Resignation,Personal / Relocation,1,1
2936,47,2026-09-01,226380.0,1.078,>1.05 (Premium),90.7,27.3,3,0,0,31.2,Low,Voluntary Resignation,Personal / Relocation,1,1
2937,9,2026-09-01,134730.0,0.998,0.95-1.05 (Target),95.5,43.04367814129039,4,0,0,67.7,Elevated,Voluntary Resignation,Work-Life Balance & Fatigue,1,1
2938,54,2026-09-01,141575.0,0.809,<0.85 (Critical Underpay),95.6,35.68074419093193,5,0,0,62.6,Elevated,Active,,0,0
2939,9,2026-09-01,66300.0,1.02,0.95-1.05 (Target),71.1,0.3,3,0,0,5.0,Low,Active,,0,0
2940,37,2026-09-01,120960.0,0.896,0.85-0.95 (Below Median),81.1,32.1,3,0,1,48.6,Moderate,Active,,0,0
2941,37,2026-09-01,96140.0,1.012,0.95-1.05 (Target),89.9,23.8,3,0,0,36.3,Moderate,Active,,0,0
2942,11,2026-09-01,159425.0,0.911,0.85-0.95 (Below Median),88.5,1.4,3,0,0,11.5,Low,Active,,0,0
2943,25,2026-09-01,100415.0,1.057,>1.05 (Premium),86.7,9.0,3,0,0,17.7,Low,Active,,0,0
2944,7,2026-09-01,59800.0,0.92,0.85-0.95 (Below Median),88.5,23.7,2,0,0,38.0,Moderate,Active,,0,0
2945,40,2026-09-01,54860.0,0.844,<0.85 (Critical Underpay),88.4,1.1,3,0,0,12.4,Low,Active,,0,0
2946,18,2026-09-01,112455.0,0.833,<0.85 (Critical Underpay),95.6,36.50326850604617,3,1,1,71.1,Elevated,Active,,0,0
2947,3,2026-09-01,91770.0,0.966,0.95-1.05 (Target),87.5,7.3,4,0,1,17.4,Low,Active,,0,0
2948,69,2026-09-01,86545.0,0.911,0.85-0.95 (Below Median),84.4,21.2,4,1,0,43.2,Moderate,Voluntary Resignation,Personal / Relocation,1,1
2949,79,2026-09-01,90725.0,0.955,0.95-1.05 (Target),89.6,0.6,3,0,0,9.6,Low,Active,,0,0
2950,59,2026-09-01,165375.0,0.945,0.85-0.95 (Below Median),83.8,4.7,4,0,0,14.7,Low,Active,,0,0
2951,39,2026-09-01,84170.0,0.886,0.85-0.95 (Below Median),78.2,15.5,4,1,1,28.9,Low,Active,,0,0
2952,79,2026-09-01,216510.0,1.031,0.95-1.05 (Target),91.0,21.8,3,1,0,33.5,Low,Active,,0,0
2953,38,2026-09-01,115290.0,0.854,0.85-0.95 (Below Median),85.8,2.7,3,0,0,22.2,Low,Active,,0,0
2954,72,2026-09-01,70965.0,0.747,<0.85 (Critical Underpay),81.0,2.3,4,0,0,15.8,Low,Active,,0,0
2955,29,2026-09-01,63310.0,0.974,0.95-1.05 (Target),88.8,7.5,3,0,0,17.5,Low,Active,,0,0
2956,72,2026-09-01,88160.0,0.928,0.85-0.95 (Below Median),88.7,27.2,3,0,1,50.1,Moderate,Voluntary Resignation,Personal / Relocation,0,1
2957,54,2026-09-01,83600.0,0.88,0.85-0.95 (Below Median),82.7,33.8,3,1,1,67.0,Elevated,Active,,0,0
2958,59,2026-09-01,89015.0,0.937,0.85-0.95 (Below Median),82.4,14.5,3,1,0,42.7,Moderate,Active,,0,0
2959,75,2026-09-01,88160.0,0.928,0.85-0.95 (Below Median),95.6,33.47088433759652,3,0,0,57.6,Moderate,Active,,0,0
2960,65,2026-09-01,74035.0,1.139,>1.05 (Premium),74.0,4.6,3,0,0,5.0,Low,Active,,0,0
2961,23,2026-09-01,159250.0,0.91,0.85-0.95 (Below Median),85.0,41.3,3,0,0,67.4,Elevated,Active,,0,0
2962,80,2026-09-01,90345.0,0.951,0.95-1.05 (Target),86.1,31.5,3,0,1,54.8,Moderate,Voluntary Resignation,Personal / Relocation,0,1
2963,33,2026-09-01,92245.0,0.971,0.95-1.05 (Target),100.8,43.171872584464,3,0,0,68.4,Elevated,Voluntary Resignation,Work-Life Balance & Fatigue,0,1
2964,38,2026-09-01,111720.0,1.176,>1.05 (Premium),76.6,4.8,3,0,1,18.2,Low,Active,,0,0
2965,77,2026-09-01,130140.0,0.964,0.95-1.05 (Target),100.4,33.43490585204878,3,0,1,48.8,Moderate,Active,,0,0
2966,46,2026-09-01,67210.0,1.034,0.95-1.05 (Target),82.5,21.9,3,1,1,41.6,Moderate,Active,,0,0
2967,44,2026-09-01,143640.0,1.064,>1.05 (Premium),91.1,0.2,4,0,0,7.0,Low,Active,,0,0
2968,60,2026-09-01,67340.0,1.036,0.95-1.05 (Target),81.6,31.1,2,0,0,52.6,Moderate,Voluntary Resignation,Personal / Relocation,0,1
2969,31,2026-09-01,85310.0,0.898,0.85-0.95 (Below Median),84.0,10.2,1,0,1,22.3,Low,Active,,0,0
2970,63,2026-09-01,58110.0,0.894,0.85-0.95 (Below Median),94.5,1.7,3,0,0,20.2,Low,Active,,0,0
2971,15,2026-09-01,112725.0,0.835,<0.85 (Critical Underpay),97.0,45.88726684424286,2,1,0,82.4,Critical Exhaustion,Voluntary Resignation,Competitive Compensation Offer,1,1
2972,52,2026-09-01,122175.0,0.905,0.85-0.95 (Below Median),72.0,0.9,3,0,1,5.0,Low,Active,,0,0
2973,52,2026-09-01,58695.0,0.903,0.85-0.95 (Below Median),76.2,9.4,3,0,0,21.2,Low,Voluntary Resignation,Personal / Relocation,0,1
2974,39,2026-09-01,142830.0,1.058,>1.05 (Premium),92.4,11.6,3,0,0,28.8,Low,Voluntary Resignation,Personal / Relocation,1,1
2975,14,2026-09-01,68575.0,1.055,>1.05 (Premium),86.2,0.1,3,1,0,5.0,Low,Active,,0,0
2976,73,2026-09-01,63310.0,0.974,0.95-1.05 (Target),88.5,13.0,3,0,0,32.1,Low,Active,,0,0
2977,29,2026-09-01,247000.0,0.95,0.85-0.95 (Below Median),98.1,30.896124472776364,4,0,1,54.1,Moderate,Active,,0,0
2978,64,2026-09-01,84455.0,0.889,0.85-0.95 (Below Median),82.5,10.8,4,0,0,23.2,Low,Active,,0,0
2979,45,2026-09-01,166600.0,0.952,0.95-1.05 (Target),86.0,7.5,2,0,0,18.0,Low,Active,,0,0
2980,48,2026-09-01,92435.0,0.973,0.95-1.05 (Target),82.1,30.2,3,0,0,52.8,Moderate,Active,,0,0
2981,22,2026-09-01,58630.0,0.902,0.85-0.95 (Below Median),94.6,18.2,3,0,1,39.8,Moderate,Active,,0,0
2982,23,2026-09-01,199675.0,1.141,>1.05 (Premium),101.0,42.89263131550042,3,1,0,64.7,Elevated,Voluntary Resignation,Personal / Relocation,1,1
2983,40,2026-09-01,67665.0,1.041,0.95-1.05 (Target),87.3,46.4,4,0,0,78.9,Elevated,Voluntary Resignation,Work-Life Balance & Fatigue,1,1
2984,57,2026-09-01,90155.0,0.949,0.85-0.95 (Below Median),78.2,5.0,3,0,0,23.0,Low,Active,,0,0
2985,43,2026-09-01,142290.0,1.054,>1.05 (Premium),69.7,10.3,4,1,1,11.3,Low,Active,,0,0
2986,61,2026-09-01,63440.0,0.976,0.95-1.05 (Target),97.9,48.64536969997159,3,0,1,82.9,Critical Exhaustion,Active,,0,0
2987,66,2026-09-01,238560.0,1.136,>1.05 (Premium),96.9,26.201660208403144,3,0,0,36.7,Moderate,Active,,0,0
2988,76,2026-09-01,85025.0,0.895,0.85-0.95 (Below Median),85.3,9.6,3,1,1,29.6,Low,Active,,0,0
2989,42,2026-09-01,228540.0,0.879,0.85-0.95 (Below Median),93.4,7.7,4,1,0,19.7,Low,Voluntary Resignation,Competitive Compensation Offer,1,1
2990,67,2026-09-01,63440.0,0.976,0.95-1.05 (Target),77.2,55.6,3,0,1,83.2,Critical Exhaustion,Voluntary Resignation,Work-Life Balance & Fatigue,0,1
2991,68,2026-09-01,70720.0,1.088,>1.05 (Premium),73.9,21.8,4,0,0,40.4,Moderate,Voluntary Resignation,Personal / Relocation,1,1
2992,19,2026-09-01,54340.0,0.836,<0.85 (Critical Underpay),84.1,12.3,5,0,1,26.0,Low,Active,,0,0
2993,8,2026-09-01,140940.0,1.044,0.95-1.05 (Target),90.1,2.4,4,0,0,10.0,Low,Active,,0,0
2994,7,2026-09-01,100985.0,1.063,>1.05 (Premium),88.9,31.5,3,0,1,52.5,Moderate,Voluntary Resignation,Personal / Relocation,0,1
2995,33,2026-09-01,179550.0,1.026,0.95-1.05 (Target),84.0,0.5,3,0,0,8.1,Low,Active,,0,0
2996,77,2026-09-01,60385.0,0.929,0.85-0.95 (Below Median),81.2,33.2,3,0,1,49.3,Moderate,Voluntary Resignation,Personal / Relocation,0,1
2997,13,2026-09-01,101555.0,1.069,>1.05 (Premium),83.0,12.3,3,1,1,21.4,Low,Active,,0,0
2998,79,2026-09-01,59540.0,0.916,0.85-0.95 (Below Median),76.3,15.8,5,0,1,36.6,Moderate,Active,,0,0
2999,32,2026-09-01,60970.0,0.938,0.85-0.95 (Below Median),71.9,9.5,4,1,0,12.6,Low,Active,,0,0
3000,29,2026-09-01,98990.0,1.042,0.95-1.05 (Target),92.8,58.0,3,0,0,92.8,Critical Exhaustion,Voluntary Resignation,Work-Life Balance & Fatigue,0,1
3001,56,2026-09-01,63960.0,0.984,0.95-1.05 (Target),103.3,33.591616894673805,3,0,0,56.6,Moderate,Voluntary Resignation,Personal / Relocation,0,1
3002,38,2026-09-01,68400.0,0.72,<0.85 (Critical Underpay),83.9,6.0,3,0,0,12.8,Low,Active,,0,0
3003,83,2026-09-01,92815.0,0.977,0.95-1.05 (Target),91.4,12.1,3,0,0,23.0,Low,Voluntary Resignation,Personal / Relocation,0,1
3004,80,2026-09-01,61685.0,0.949,0.85-0.95 (Below Median),80.4,2.9,3,0,0,5.0,Low,Active,,0,0
3005,67,2026-09-01,61620.0,0.948,0.85-0.95 (Below Median),103.5,24.620426039861098,4,0,0,38.6,Moderate,Active,,0,0
3006,11,2026-09-01,54665.0,0.841,<0.85 (Critical Underpay),95.9,36.54483875720884,3,0,0,63.0,Elevated,Active,,0,0
3007,15,2026-09-01,150120.0,1.112,>1.05 (Premium),92.2,10.0,4,0,0,17.8,Low,Active,,0,0
3008,40,2026-09-01,131625.0,0.975,0.95-1.05 (Target),86.7,6.6,3,0,0,8.4,Low,Active,,0,0
3009,55,2026-09-01,61295.0,0.943,0.85-0.95 (Below Median),79.4,3.6,2,1,0,13.5,Low,Active,,0,0
3010,41,2026-09-01,58305.0,0.897,0.85-0.95 (Below Median),79.2,21.3,5,0,0,35.6,Moderate,Active,,0,0
3011,50,2026-09-01,91105.0,0.959,0.95-1.05 (Target),82.7,5.7,5,0,1,23.7,Low,Active,,0,0
3012,40,2026-09-01,131625.0,0.975,0.95-1.05 (Target),93.0,31.4,3,0,0,54.2,Moderate,Active,,0,0
3013,44,2026-09-01,60125.0,0.925,0.85-0.95 (Below Median),87.4,22.8,3,0,0,36.9,Moderate,Active,,0,0
3014,67,2026-09-01,115830.0,0.858,0.85-0.95 (Below Median),87.7,4.0,3,0,0,7.6,Low,Voluntary Resignation,Competitive Compensation Offer,1,1
3015,51,2026-09-01,91010.0,0.958,0.95-1.05 (Target),76.0,6.4,4,0,0,16.5,Low,Active,,0,0
3016,82,2026-09-01,126765.0,0.939,0.85-0.95 (Below Median),98.6,35.96550799729206,3,1,0,60.4,Elevated,Active,,0,0
3017,31,2026-09-01,72280.0,1.112,>1.05 (Premium),94.6,21.7,2,0,1,31.8,Low,Voluntary Resignation,Career Advancement & Role Velocity,0,1
3018,38,2026-09-01,88635.0,0.933,0.85-0.95 (Below Median),85.0,12.5,2,0,1,32.3,Low,Voluntary Resignation,Career Advancement & Role Velocity,0,1
3019,55,2026-09-01,66755.0,1.027,0.95-1.05 (Target),84.2,8.7,3,1,0,17.9,Low,Active,,0,0
3020,8,2026-09-01,96425.0,1.015,0.95-1.05 (Target),86.9,16.5,3,1,0,35.5,Moderate,Active,,0,0
3021,16,2026-09-01,71915.0,0.757,<0.85 (Critical Underpay),79.8,16.5,5,0,1,40.7,Moderate,Active,,0,0
3022,65,2026-09-01,65910.0,1.014,0.95-1.05 (Target),79.1,3.9,4,0,0,20.4,Low,Active,,0,0
3023,35,2026-09-01,149975.0,0.857,0.85-0.95 (Below Median),87.0,8.1,3,0,0,20.6,Low,Active,,0,0
3024,84,2026-09-01,90155.0,0.949,0.85-0.95 (Below Median),86.0,0.4,3,0,0,9.5,Low,Active,,0,0
3025,22,2026-09-01,172200.0,0.984,0.95-1.05 (Target),85.4,5.5,2,0,1,14.9,Low,Voluntary Resignation,Personal / Relocation,1,1
3026,35,2026-09-01,131490.0,0.974,0.95-1.05 (Target),90.7,10.7,3,0,0,13.4,Low,Active,,0,0
3027,58,2026-09-01,188300.0,1.076,>1.05 (Premium),92.3,32.4,3,0,0,45.4,Moderate,Active,,0,0
3028,31,2026-09-01,122850.0,0.91,0.85-0.95 (Below Median),87.8,13.0,4,0,1,25.4,Low,Active,,0,0
3029,51,2026-09-01,253760.0,0.976,0.95-1.05 (Target),77.4,20.2,3,0,1,32.7,Low,Active,,0,0
3030,13,2026-09-01,88540.0,0.932,0.85-0.95 (Below Median),88.0,18.2,3,1,0,39.2,Moderate,Active,,0,0
3031,47,2026-09-01,172375.0,0.985,0.95-1.05 (Target),71.9,5.5,4,0,0,14.9,Low,Active,,0,0
3032,84,2026-09-01,245700.0,0.945,0.85-0.95 (Below Median),90.5,19.2,4,0,0,40.1,Moderate,Active,,0,0
3033,14,2026-09-01,54340.0,0.836,<0.85 (Critical Underpay),95.9,38.60225449861315,3,1,0,73.6,Elevated,Voluntary Resignation,Competitive Compensation Offer,0,1
3034,36,2026-09-01,132435.0,0.981,0.95-1.05 (Target),98.8,33.022380228001225,4,0,0,56.0,Moderate,Active,,0,0
3035,67,2026-09-01,126225.0,0.935,0.85-0.95 (Below Median),85.7,62.3,2,0,0,100.0,Critical Exhaustion,Voluntary Resignation,Work-Life Balance & Fatigue,1,1
3036,4,2026-09-01,62725.0,0.965,0.95-1.05 (Target),93.7,0.5,3,1,1,5.0,Low,Active,,0,0
3037,56,2026-09-01,65325.0,1.005,0.95-1.05 (Target),83.6,7.4,4,0,0,16.8,Low,Active,,0,0
3038,42,2026-09-01,95285.0,1.003,0.95-1.05 (Target),72.9,3.1,3,0,0,5.0,Low,Active,,0,0
3039,72,2026-09-01,115020.0,0.852,0.85-0.95 (Below Median),84.0,0.4,3,0,1,11.4,Low,Active,,0,0
3040,80,2026-09-01,59735.0,0.919,0.85-0.95 (Below Median),90.4,7.2,4,0,0,18.3,Low,Active,,0,0
3041,82,2026-09-01,66560.0,1.024,0.95-1.05 (Target),91.2,3.2,3,0,1,11.4,Low,Active,,0,0
3042,14,2026-09-01,58240.0,0.896,0.85-0.95 (Below Median),66.8,23.1,3,1,1,45.8,Moderate,Active,,0,0
3043,60,2026-09-01,96330.0,1.014,0.95-1.05 (Target),83.1,35.2,3,1,0,58.0,Moderate,Active,,0,0
3044,27,2026-09-01,90630.0,0.954,0.95-1.05 (Target),78.4,0.8,3,0,0,5.0,Low,Active,,0,0
3045,6,2026-09-01,104310.0,1.098,>1.05 (Premium),80.1,7.3,5,1,0,14.8,Low,Active,,0,0
3046,77,2026-09-01,83410.0,0.878,0.85-0.95 (Below Median),89.1,37.9,4,0,0,63.9,Elevated,Voluntary Resignation,Competitive Compensation Offer,1,1
3047,8,2026-09-01,95665.0,1.007,0.95-1.05 (Target),86.5,37.5,5,0,1,60.9,Elevated,Active,,0,0
3048,83,2026-09-01,80180.0,0.844,<0.85 (Critical Underpay),94.2,22.2,3,0,0,45.8,Moderate,Voluntary Resignation,Competitive Compensation Offer,0,1
3049,40,2026-09-01,131625.0,0.975,0.95-1.05 (Target),87.6,6.7,4,0,0,16.5,Low,Active,,0,0
3050,22,2026-09-01,136350.0,1.01,0.95-1.05 (Target),77.8,0.1,3,0,1,7.9,Low,Active,,0,0
3051,5,2026-09-01,135540.0,1.004,0.95-1.05 (Target),91.4,13.7,3,1,0,24.4,Low,Active,,0,0
3052,38,2026-09-01,80940.0,0.852,0.85-0.95 (Below Median),89.6,26.6,4,1,1,50.9,Moderate,Active,,0,0
3053,8,2026-09-01,116505.0,0.863,0.85-0.95 (Below Median),81.3,38.2,3,0,0,64.6,Elevated,Active,,0,0
3054,75,2026-09-01,61165.0,0.941,0.85-0.95 (Below Median),94.9,29.5,3,1,0,52.6,Moderate,Active,,0,0
3055,21,2026-09-01,116775.0,0.865,0.85-0.95 (Below Median),76.1,5.7,4,1,0,9.5,Low,Active,,0,0
3056,7,2026-09-01,85595.0,0.901,0.85-0.95 (Below Median),86.8,3.5,3,0,0,14.2,Low,Active,,0,0
3057,74,2026-09-01,173600.0,0.992,0.95-1.05 (Target),97.9,48.903039380380406,3,0,1,82.8,Critical Exhaustion,Voluntary Resignation,Work-Life Balance & Fatigue,1,1
3058,55,2026-09-01,160020.0,0.762,<0.85 (Critical Underpay),71.8,9.0,4,0,1,23.6,Low,Active,,0,0
3059,18,2026-09-01,106970.0,1.126,>1.05 (Premium),104.6,22.347695827285477,3,0,0,32.3,Low,Active,,0,0
3060,79,2026-09-01,60060.0,0.924,0.85-0.95 (Below Median),84.0,37.0,3,0,0,69.9,Elevated,Voluntary Resignation,Work-Life Balance & Fatigue,0,1
3061,55,2026-09-01,102600.0,1.08,>1.05 (Premium),82.9,24.3,4,0,1,43.6,Moderate,Voluntary Resignation,Personal / Relocation,1,1
3062,19,2026-09-01,101080.0,1.064,>1.05 (Premium),91.0,19.3,3,0,0,37.9,Moderate,Active,,0,0
3063,3,2026-09-01,89395.0,0.941,0.85-0.95 (Below Median),78.5,2.2,4,0,0,11.8,Low,Active,,0,0
3064,23,2026-09-01,144180.0,1.068,>1.05 (Premium),84.4,2.5,3,1,1,9.6,Low,Active,,0,0
3065,1,2026-09-01,62660.0,0.964,0.95-1.05 (Target),82.5,1.1,3,1,0,18.0,Low,Active,,0,0
3066,61,2026-09-01,140535.0,1.041,0.95-1.05 (Target),90.5,19.8,4,0,0,30.9,Low,Active,,0,0
3067,46,2026-09-01,127845.0,0.947,0.85-0.95 (Below Median),72.2,1.2,2,1,0,18.5,Low,Active,,0,0
3068,52,2026-09-01,72020.0,1.108,>1.05 (Premium),88.1,6.7,3,1,0,13.9,Low,Active,,0,0
3069,63,2026-09-01,144180.0,1.068,>1.05 (Premium),84.7,22.0,4,0,0,33.0,Low,Voluntary Resignation,Personal / Relocation,1,1
3070,38,2026-09-01,90630.0,0.954,0.95-1.05 (Target),102.8,16.185521972329223,4,0,1,20.3,Low,Voluntary Resignation,Personal / Relocation,1,1
3071,64,2026-09-01,88350.0,0.93,0.85-0.95 (Below Median),90.8,5.7,3,0,1,16.2,Low,Active,,0,0
3072,67,2026-09-01,63310.0,0.974,0.95-1.05 (Target),86.9,21.6,4,0,1,42.4,Moderate,Active,,0,0
3073,68,2026-09-01,56940.0,0.876,0.85-0.95 (Below Median),90.8,57.0,3,0,1,94.9,Critical Exhaustion,Voluntary Resignation,Competitive Compensation Offer,0,1
3074,30,2026-09-01,98420.0,1.036,0.95-1.05 (Target),86.6,1.9,4,0,0,9.6,Low,Voluntary Resignation,Personal / Relocation,1,1
3075,45,2026-09-01,89870.0,0.946,0.85-0.95 (Below Median),90.1,15.0,1,0,1,35.1,Moderate,Active,,0,0
3076,84,2026-09-01,93480.0,0.984,0.95-1.05 (Target),90.0,4.6,2,0,0,13.8,Low,Active,,0,0
3077,19,2026-09-01,123390.0,0.914,0.85-0.95 (Below Median),79.3,11.7,3,0,0,23.8,Low,Active,,0,0
3078,18,2026-09-01,59540.0,0.916,0.85-0.95 (Below Median),90.7,50.6,3,1,0,86.4,Critical Exhaustion,Voluntary Resignation,Work-Life Balance & Fatigue,0,1
3079,10,2026-09-01,151375.0,0.865,0.85-0.95 (Below Median),73.0,0.8,2,0,0,19.7,Low,Active,,0,0
3080,74,2026-09-01,79135.0,0.833,<0.85 (Critical Underpay),80.3,6.1,2,0,0,18.7,Low,Active,,0,0
3081,71,2026-09-01,61815.0,0.951,0.95-1.05 (Target),71.3,18.6,3,0,1,31.3,Low,Voluntary Resignation,Personal / Relocation,0,1
3082,74,2026-09-01,189175.0,1.081,>1.05 (Premium),83.6,9.6,3,1,0,17.9,Low,Active,,0,0
3083,61,2026-09-01,67015.0,1.031,0.95-1.05 (Target),79.2,9.9,3,1,0,19.3,Low,Active,,0,0
3084,7,2026-09-01,92150.0,0.97,0.95-1.05 (Target),71.5,12.1,3,0,0,23.1,Low,Active,,0,0
3085,55,2026-09-01,67730.0,1.042,0.95-1.05 (Target),86.4,20.9,4,0,0,40.2,Moderate,Active,,0,0
3086,48,2026-09-01,59085.0,0.909,0.85-0.95 (Below Median),94.2,3.5,4,0,0,14.0,Low,Active,,0,0
3087,8,2026-09-01,84930.0,0.894,0.85-0.95 (Below Median),100.0,22.557233170205333,3,0,0,45.2,Moderate,Active,,0,0
3088,74,2026-09-01,79040.0,0.832,<0.85 (Critical Underpay),97.8,40.50291459966829,4,0,0,76.0,Elevated,Voluntary Resignation,Competitive Compensation Offer,1,1
3089,12,2026-09-01,166950.0,0.954,0.95-1.05 (Target),81.9,31.8,3,0,1,39.1,Moderate,Voluntary Resignation,Personal / Relocation,1,1
3090,50,2026-09-01,97185.0,1.023,0.95-1.05 (Target),85.4,22.1,4,0,0,42.1,Moderate,Voluntary Resignation,Personal / Relocation,1,1
3091,77,2026-09-01,145260.0,1.076,>1.05 (Premium),103.6,44.70999108299273,3,1,1,68.1,Elevated,Active,,0,0
3092,84,2026-09-01,58955.0,0.907,0.85-0.95 (Below Median),90.2,1.9,2,0,0,12.1,Low,Active,,0,0
3093,80,2026-09-01,87115.0,0.917,0.85-0.95 (Below Median),83.2,4.1,1,0,0,14.6,Low,Active,,0,0
3094,15,2026-09-01,61035.0,0.939,0.85-0.95 (Below Median),86.6,16.9,4,1,0,21.5,Low,Active,,0,0
3095,73,2026-09-01,92815.0,0.977,0.95-1.05 (Target),73.5,8.5,4,0,1,18.7,Low,Active,,0,0
3096,71,2026-09-01,98325.0,1.035,0.95-1.05 (Target),73.6,5.9,4,0,0,14.4,Low,Active,,0,0
3097,59,2026-09-01,67015.0,1.031,0.95-1.05 (Target),83.6,3.5,3,1,0,11.6,Low,Active,,0,0
3098,26,2026-09-01,89680.0,0.944,0.85-0.95 (Below Median),82.8,7.2,3,0,0,17.8,Low,Active,,0,0
3099,73,2026-09-01,111105.0,0.823,<0.85 (Critical Underpay),90.5,9.7,4,0,1,15.2,Low,Active,,0,0
3100,66,2026-09-01,221130.0,1.053,>1.05 (Premium),98.1,45.436694793081,3,0,0,69.5,Elevated,Voluntary Resignation,Work-Life Balance & Fatigue,1,1
3101,21,2026-09-01,145260.0,1.076,>1.05 (Premium),89.0,5.7,3,1,0,5.3,Low,Active,,0,0
3102,30,2026-09-01,69485.0,1.069,>1.05 (Premium),92.5,16.6,4,0,0,34.5,Low,Active,,0,0
3103,28,2026-09-01,109820.0,1.156,>1.05 (Premium),77.8,24.3,3,0,0,34.0,Low,Active,,0,0
3104,70,2026-09-01,100320.0,1.056,>1.05 (Premium),84.7,3.4,1,0,1,11.0,Low,Active,,0,0
3105,53,2026-09-01,121635.0,0.901,0.85-0.95 (Below Median),85.2,9.1,3,0,1,20.9,Low,Active,,0,0
3106,71,2026-09-01,57655.0,0.887,0.85-0.95 (Below Median),94.5,7.0,3,1,1,18.7,Low,Active,,0,0
3107,84,2026-09-01,90820.0,0.956,0.95-1.05 (Target),83.9,3.5,3,1,0,5.1,Low,Active,,0,0
3108,52,2026-09-01,87115.0,0.917,0.85-0.95 (Below Median),80.3,10.1,3,0,0,21.8,Low,Active,,0,0
3109,71,2026-09-01,63245.0,0.973,0.95-1.05 (Target),77.8,2.4,5,0,1,11.4,Low,Active,,0,0
3110,43,2026-09-01,101080.0,1.064,>1.05 (Premium),72.7,10.0,3,0,0,18.7,Low,Active,,0,0
3111,43,2026-09-01,68900.0,1.06,>1.05 (Premium),87.7,8.7,4,0,1,17.2,Low,Active,,0,0
3112,11,2026-09-01,96140.0,1.012,0.95-1.05 (Target),82.7,6.5,3,0,0,15.6,Low,Active,,0,0
3113,75,2026-09-01,97280.0,1.024,0.95-1.05 (Target),90.8,28.9,1,1,0,42.2,Moderate,Voluntary Resignation,Personal / Relocation,0,1
3114,75,2026-09-01,85405.0,0.899,0.85-0.95 (Below Median),100.3,45.688722778953945,4,1,0,64.8,Elevated,Active,,0,0
3115,73,2026-09-01,150675.0,0.861,0.85-0.95 (Below Median),80.3,17.5,2,0,1,39.8,Moderate,Active,,0,0
3116,9,2026-09-01,96900.0,1.02,0.95-1.05 (Target),80.2,8.0,3,1,0,17.2,Low,Active,,0,0
3117,82,2026-09-01,58630.0,0.902,0.85-0.95 (Below Median),75.6,21.9,3,0,0,36.2,Moderate,Active,,0,0
3118,51,2026-09-01,94525.0,0.995,0.95-1.05 (Target),88.9,5.5,3,0,0,22.7,Low,Voluntary Resignation,Personal / Relocation,0,1
3119,67,2026-09-01,131760.0,0.976,0.95-1.05 (Target),96.7,40.18714783620563,3,0,0,64.7,Elevated,Voluntary Resignation,Career Advancement & Role Velocity,1,1
3120,1,2026-09-01,117720.0,0.872,0.85-0.95 (Below Median),83.9,9.8,4,0,0,22.3,Low,Active,,0,0
3121,26,2026-09-01,128520.0,0.952,0.95-1.05 (Target),95.7,31.2004274659232,2,1,0,54.4,Moderate,Active,,0,0
3122,59,2026-09-01,91105.0,0.959,0.95-1.05 (Target),94.9,2.8,2,0,1,5.0,Low,Active,,0,0
3123,30,2026-09-01,93480.0,0.984,0.95-1.05 (Target),65.9,2.0,5,0,0,10.7,Low,Active,,0,0
3124,54,2026-09-01,74955.0,0.789,<0.85 (Critical Underpay),64.4,0.5,3,0,0,12.8,Low,Voluntary Resignation,Competitive Compensation Offer,0,1
3125,82,2026-09-01,96900.0,1.02,0.95-1.05 (Target),78.7,24.6,4,0,0,37.1,Moderate,Active,,0,0
3126,49,2026-09-01,77520.0,0.816,<0.85 (Critical Underpay),66.8,25.8,3,1,0,50.6,Moderate,Voluntary Resignation,Competitive Compensation Offer,0,1
3127,62,2026-09-01,163275.0,0.933,0.85-0.95 (Below Median),89.0,9.2,3,0,0,12.4,Low,Active,,0,0
3128,21,2026-09-01,175525.0,1.003,0.95-1.05 (Target),84.7,6.9,3,0,0,16.2,Low,Active,,0,0
3129,64,2026-09-01,148095.0,1.097,>1.05 (Premium),80.6,2.0,5,1,0,8.5,Low,Active,,0,0
3130,17,2026-09-01,89585.0,0.943,0.85-0.95 (Below Median),87.3,20.1,3,1,0,41.3,Moderate,Active,,0,0
3131,73,2026-09-01,57850.0,0.89,0.85-0.95 (Below Median),87.3,0.2,4,0,0,10.4,Low,Active,,0,0
3132,20,2026-09-01,62595.0,0.963,0.95-1.05 (Target),103.2,34.93946839210719,4,0,1,50.7,Moderate,Active,,0,0
3133,18,2026-09-01,131085.0,0.971,0.95-1.05 (Target),99.0,38.641200737988726,4,0,1,54.9,Moderate,Voluntary Resignation,Personal / Relocation,1,1
3134,60,2026-09-01,99560.0,1.048,0.95-1.05 (Target),94.0,0.4,5,0,0,7.5,Low,Active,,0,0
3135,3,2026-09-01,57785.0,0.889,0.85-0.95 (Below Median),84.6,30.4,3,0,0,54.7,Moderate,Voluntary Resignation,Competitive Compensation Offer,0,1
3136,64,2026-09-01,123525.0,0.915,0.85-0.95 (Below Median),89.9,0.3,2,1,0,10.1,Low,Active,,0,0
3137,56,2026-09-01,175700.0,1.004,0.95-1.05 (Target),93.0,15.4,3,0,1,26.4,Low,Active,,0,0
3138,31,2026-09-01,170975.0,0.977,0.95-1.05 (Target),69.7,5.0,3,0,0,14.5,Low,Active,,0,0
3139,3,2026-09-01,255840.0,0.984,0.95-1.05 (Target),70.4,3.6,3,0,0,5.0,Low,Active,,0,0
3140,10,2026-09-01,50310.0,0.774,<0.85 (Critical Underpay),76.0,19.5,2,1,0,35.9,Moderate,Active,,0,0
3141,73,2026-09-01,101080.0,1.064,>1.05 (Premium),94.8,52.0,4,0,0,69.1,Elevated,Voluntary Resignation,Work-Life Balance & Fatigue,1,1
3142,21,2026-09-01,125010.0,0.926,0.85-0.95 (Below Median),110.4,61.39955234726319,3,0,1,99.2,Critical Exhaustion,Voluntary Resignation,Work-Life Balance & Fatigue,1,1
3143,76,2026-09-01,62335.0,0.959,0.95-1.05 (Target),85.4,15.2,3,0,0,35.1,Moderate,Active,,0,0
3144,12,2026-09-01,94335.0,0.993,0.95-1.05 (Target),86.4,17.1,2,0,0,28.7,Low,Voluntary Resignation,Personal / Relocation,0,1
3145,1,2026-09-01,63830.0,0.982,0.95-1.05 (Target),91.2,22.6,3,0,1,43.5,Moderate,Voluntary Resignation,Personal / Relocation,0,1
3146,71,2026-09-01,92340.0,0.972,0.95-1.05 (Target),71.5,8.8,2,0,0,11.1,Low,Active,,0,0
3147,37,2026-09-01,53430.0,0.822,<0.85 (Critical Underpay),81.6,21.6,3,0,0,53.5,Moderate,Voluntary Resignation,Competitive Compensation Offer,0,1
3148,30,2026-09-01,138105.0,1.023,0.95-1.05 (Target),79.9,14.6,3,0,0,41.1,Moderate,Active,,0,0
3149,3,2026-09-01,97660.0,1.028,0.95-1.05 (Target),88.9,3.8,4,0,1,5.0,Low,Active,,0,0
3150,54,2026-09-01,158025.0,0.903,0.85-0.95 (Below Median),84.9,15.3,3,0,1,28.3,Low,Active,,0,0
3151,10,2026-09-01,96330.0,1.014,0.95-1.05 (Target),100.4,20.49450493700088,3,0,0,32.3,Low,Voluntary Resignation,Personal / Relocation,0,1
3152,12,2026-09-01,144045.0,1.067,>1.05 (Premium),86.1,8.6,3,0,0,17.0,Low,Active,,0,0
3153,82,2026-09-01,85215.0,0.897,0.85-0.95 (Below Median),74.9,33.4,3,1,0,50.1,Moderate,Active,,0,0
3154,59,2026-09-01,211050.0,1.005,0.95-1.05 (Target),94.4,4.3,3,0,1,13.1,Low,Active,,0,0
3155,22,2026-09-01,86355.0,0.909,0.85-0.95 (Below Median),75.0,8.0,1,0,0,19.4,Low,Voluntary Resignation,Personal / Relocation,0,1
3156,36,2026-09-01,101555.0,1.069,>1.05 (Premium),94.6,1.4,4,0,0,8.3,Low,Active,,0,0
3157,1,2026-09-01,59670.0,0.918,0.85-0.95 (Below Median),97.9,65.0,2,1,1,95.6,Critical Exhaustion,Voluntary Resignation,Work-Life Balance & Fatigue,0,1
3158,42,2026-09-01,68055.0,1.047,0.95-1.05 (Target),83.7,2.8,3,0,1,18.4,Low,Voluntary Resignation,Personal / Relocation,0,1
3159,25,2026-09-01,162925.0,0.931,0.85-0.95 (Below Median),84.8,13.0,3,0,0,25.0,Low,Voluntary Resignation,Personal / Relocation,1,1
3160,81,2026-09-01,64285.0,0.989,0.95-1.05 (Target),91.6,2.3,3,0,0,19.0,Low,Active,,0,0
3161,14,2026-09-01,90345.0,0.951,0.95-1.05 (Target),85.3,9.1,4,0,0,27.9,Low,Active,,0,0
3162,72,2026-09-01,101650.0,1.07,>1.05 (Premium),83.9,4.0,4,0,0,11.4,Low,Active,,0,0
3163,31,2026-09-01,94810.0,0.998,0.95-1.05 (Target),70.0,0.5,5,0,0,8.6,Low,Active,,0,0
3164,28,2026-09-01,82840.0,0.872,0.85-0.95 (Below Median),90.0,9.0,3,1,0,21.4,Low,Active,,0,0
3165,26,2026-09-01,89015.0,0.937,0.85-0.95 (Below Median),88.8,47.8,3,0,1,74.6,Elevated,Voluntary Resignation,Work-Life Balance & Fatigue,0,1
3166,24,2026-09-01,133515.0,0.989,0.95-1.05 (Target),88.0,9.7,4,1,1,19.9,Low,Active,,0,0
3167,82,2026-09-01,64610.0,0.994,0.95-1.05 (Target),81.6,18.2,5,0,0,30.0,Low,Active,,0,0
3168,9,2026-09-01,159840.0,1.184,>1.05 (Premium),84.4,1.7,2,1,0,5.0,Low,Active,,0,0
3169,73,2026-09-01,126495.0,0.937,0.85-0.95 (Below Median),86.5,6.9,3,1,1,17.5,Low,Active,,0,0
3170,41,2026-09-01,96805.0,1.019,0.95-1.05 (Target),96.7,22.95553014328075,3,0,0,35.2,Moderate,Voluntary Resignation,Career Advancement & Role Velocity,0,1
3171,28,2026-09-01,100415.0,1.057,>1.05 (Premium),86.3,5.4,2,1,0,13.3,Low,Active,,0,0
3172,62,2026-09-01,84075.0,0.885,0.85-0.95 (Below Median),76.8,1.3,3,0,0,19.9,Low,Voluntary Resignation,Competitive Compensation Offer,0,1
3173,40,2026-09-01,65390.0,1.006,0.95-1.05 (Target),81.8,35.7,3,0,0,50.7,Moderate,Voluntary Resignation,Personal / Relocation,0,1
3174,17,2026-09-01,81795.0,0.861,0.85-0.95 (Below Median),97.1,31.104961726033537,3,0,0,56.1,Moderate,Voluntary Resignation,Competitive Compensation Offer,0,1
3175,73,2026-09-01,54015.0,0.831,<0.85 (Critical Underpay),77.2,30.7,3,0,1,48.2,Moderate,Voluntary Resignation,Competitive Compensation Offer,0,1
3176,23,2026-09-01,84835.0,0.893,0.85-0.95 (Below Median),100.1,65.0,3,0,0,96.1,Critical Exhaustion,Voluntary Resignation,Competitive Compensation Offer,0,1
3177,37,2026-09-01,102885.0,1.083,>1.05 (Premium),93.0,1.5,3,0,1,8.1,Low,Active,,0,0
3178,33,2026-09-01,140805.0,1.043,0.95-1.05 (Target),85.8,0.7,2,0,0,8.0,Low,Active,,0,0
3179,63,2026-09-01,88160.0,0.928,0.85-0.95 (Below Median),92.2,11.1,3,0,1,22.8,Low,Active,,0,0
3180,44,2026-09-01,133245.0,0.987,0.95-1.05 (Target),100.1,24.98718932271025,4,0,0,46.2,Moderate,Active,,0,0
3181,65,2026-09-01,84550.0,0.89,0.85-0.95 (Below Median),81.9,4.2,2,0,0,7.2,Low,Active,,0,0
3182,27,2026-09-01,57785.0,0.889,0.85-0.95 (Below Median),79.8,0.8,2,0,0,11.2,Low,Voluntary Resignation,Competitive Compensation Offer,0,1
3183,84,2026-09-01,61620.0,0.948,0.85-0.95 (Below Median),84.2,25.0,5,1,1,47.0,Moderate,Active,,0,0
3184,24,2026-09-01,62010.0,0.954,0.95-1.05 (Target),75.7,3.7,3,0,0,13.4,Low,Active,,0,0
3185,80,2026-09-01,260260.0,1.001,0.95-1.05 (Target),92.2,12.6,4,0,0,23.1,Low,Active,,0,0
3186,11,2026-09-01,57200.0,0.88,0.85-0.95 (Below Median),89.3,1.2,5,1,0,11.8,Low,Active,,0,0
3187,3,2026-09-01,121095.0,0.897,0.85-0.95 (Below Median),84.2,8.5,3,1,0,12.3,Low,Active,,0,0
3188,55,2026-09-01,145125.0,1.075,>1.05 (Premium),83.8,20.2,3,0,1,30.7,Low,Active,,0,0
3189,51,2026-09-01,52975.0,0.815,<0.85 (Critical Underpay),86.1,10.4,2,1,1,24.2,Low,Active,,0,0
3190,64,2026-09-01,139185.0,1.031,0.95-1.05 (Target),84.9,18.4,4,0,0,29.5,Low,Active,,0,0
3191,38,2026-09-01,94525.0,0.995,0.95-1.05 (Target),83.0,17.5,3,1,1,29.1,Low,Active,,0,0
3192,63,2026-09-01,77045.0,0.811,<0.85 (Critical Underpay),98.7,38.97164022695005,4,0,0,66.5,Elevated,Active,,0,0
3193,3,2026-09-01,59995.0,0.923,0.85-0.95 (Below Median),62.3,52.6,3,1,0,88.7,Critical Exhaustion,Voluntary Resignation,Work-Life Balance & Fatigue,0,1
3194,65,2026-09-01,64935.0,0.999,0.95-1.05 (Target),76.2,0.1,2,0,0,8.1,Low,Active,,0,0
3195,22,2026-09-01,68315.0,1.051,>1.05 (Premium),88.6,23.0,3,1,0,42.6,Moderate,Active,,0,0
3196,11,2026-09-01,66235.0,1.019,0.95-1.05 (Target),91.8,62.2,2,1,0,98.3,Critical Exhaustion,Voluntary Resignation,Work-Life Balance & Fatigue,0,1
3197,7,2026-09-01,87685.0,0.923,0.85-0.95 (Below Median),69.5,6.5,3,0,0,25.3,Low,Active,,0,0
3198,47,2026-09-01,97280.0,1.024,0.95-1.05 (Target),76.4,46.7,3,0,0,71.6,Elevated,Active,,0,0
3199,49,2026-09-01,234260.0,0.901,0.85-0.95 (Below Median),74.6,10.6,3,1,1,30.7,Low,Active,,0,0
3200,48,2026-09-01,122310.0,0.906,0.85-0.95 (Below Median),94.6,2.8,4,1,1,13.2,Low,Active,,0,0
3201,25,2026-09-01,90155.0,0.949,0.85-0.95 (Below Median),75.1,1.6,3,0,1,10.9,Low,Active,,0,0
3202,82,2026-09-01,83410.0,0.878,0.85-0.95 (Below Median),79.0,1.7,5,0,0,12.5,Low,Active,,0,0
3203,83,2026-09-01,107635.0,1.133,>1.05 (Premium),64.7,18.4,5,0,0,27.4,Low,Active,,0,0
3204,61,2026-09-01,51805.0,0.797,<0.85 (Critical Underpay),87.4,9.9,4,0,0,15.9,Low,Active,,0,0
3205,75,2026-09-01,220710.0,1.051,>1.05 (Premium),83.8,0.6,3,0,0,7.7,Low,Active,,0,0
3206,44,2026-09-01,62140.0,0.956,0.95-1.05 (Target),95.8,16.832972238860883,3,1,1,37.1,Moderate,Active,,0,0
3207,51,2026-09-01,131355.0,0.973,0.95-1.05 (Target),81.6,45.6,4,0,1,71.3,Elevated,Voluntary Resignation,Work-Life Balance & Fatigue,1,1
3208,54,2026-09-01,56615.0,0.871,0.85-0.95 (Below Median),79.7,6.3,3,0,0,18.1,Low,Voluntary Resignation,Competitive Compensation Offer,0,1
3209,74,2026-09-01,52910.0,0.814,<0.85 (Critical Underpay),81.7,35.9,4,0,0,62.8,Elevated,Voluntary Resignation,Competitive Compensation Offer,1,1
3210,30,2026-09-01,61620.0,0.948,0.85-0.95 (Below Median),83.4,4.9,4,0,0,6.9,Low,Voluntary Resignation,Career Advancement & Role Velocity,1,1
3211,37,2026-09-01,59280.0,0.912,0.85-0.95 (Below Median),93.0,27.6,3,0,1,42.9,Moderate,Active,,0,0
3212,27,2026-09-01,95475.0,1.005,0.95-1.05 (Target),88.2,12.0,4,0,0,22.3,Low,Active,,0,0
3213,23,2026-09-01,85310.0,0.898,0.85-0.95 (Below Median),62.6,7.2,3,0,1,18.7,Low,Active,,0,0
3214,74,2026-09-01,66755.0,1.027,0.95-1.05 (Target),86.4,5.5,2,1,0,14.1,Low,Active,,0,0
3215,31,2026-09-01,54925.0,0.845,<0.85 (Critical Underpay),86.4,17.9,3,0,0,32.6,Low,Active,,0,0
3216,1,2026-09-01,89395.0,0.941,0.85-0.95 (Below Median),91.0,19.4,5,0,1,32.5,Low,Active,,0,0
3217,42,2026-09-01,277680.0,1.068,>1.05 (Premium),91.4,1.4,3,0,0,8.3,Low,Active,,0,0
3218,15,2026-09-01,87875.0,0.925,0.85-0.95 (Below Median),79.4,26.6,2,1,0,41.4,Moderate,Active,,0,0
3219,56,2026-09-01,97185.0,1.023,0.95-1.05 (Target),102.9,41.61254728768637,4,0,0,65.5,Elevated,Voluntary Resignation,Work-Life Balance & Fatigue,1,1
3220,9,2026-09-01,61945.0,0.953,0.95-1.05 (Target),83.6,4.2,1,1,0,22.0,Low,Voluntary Resignation,Personal / Relocation,0,1
3221,41,2026-09-01,132300.0,0.756,<0.85 (Critical Underpay),90.6,63.6,4,0,1,100.0,Critical Exhaustion,Voluntary Resignation,Competitive Compensation Offer,1,1
3222,21,2026-09-01,66560.0,1.024,0.95-1.05 (Target),83.4,6.0,3,0,1,14.7,Low,Active,,0,0
3223,70,2026-09-01,50505.0,0.777,<0.85 (Critical Underpay),87.5,14.4,4,0,0,29.7,Low,Active,,0,0
3224,32,2026-09-01,261300.0,1.005,0.95-1.05 (Target),91.3,10.1,3,0,0,28.0,Low,Active,,0,0
3225,75,2026-09-01,72580.0,0.764,<0.85 (Critical Underpay),77.4,1.3,3,0,0,14.3,Low,Active,,0,0
3226,79,2026-09-01,265980.0,1.023,0.95-1.05 (Target),85.9,8.7,3,0,0,18.0,Low,Active,,0,0
3227,76,2026-09-01,141750.0,1.05,0.95-1.05 (Target),90.8,6.9,3,0,1,15.3,Low,Voluntary Resignation,Personal / Relocation,1,1
3228,56,2026-09-01,177975.0,1.017,0.95-1.05 (Target),95.3,24.14508750929683,3,0,0,36.6,Moderate,Active,,0,0
3229,3,2026-09-01,129600.0,0.96,0.95-1.05 (Target),84.9,20.3,2,0,0,33.2,Low,Active,,0,0
3230,81,2026-09-01,102695.0,1.081,>1.05 (Premium),95.7,26.866740590144182,4,0,0,38.6,Moderate,Active,,0,0
3231,77,2026-09-01,168875.0,0.965,0.95-1.05 (Target),82.0,16.4,3,0,0,28.4,Low,Active,,0,0
3232,38,2026-09-01,118125.0,0.875,0.85-0.95 (Below Median),82.7,22.8,3,0,0,37.9,Moderate,Active,,0,0
3233,23,2026-09-01,82175.0,0.865,0.85-0.95 (Below Median),88.0,4.4,3,0,0,16.0,Low,Active,,0,0
3234,61,2026-09-01,181650.0,1.038,0.95-1.05 (Target),96.6,65.0,4,0,0,100.0,Critical Exhaustion,Voluntary Resignation,Work-Life Balance & Fatigue,1,1
3235,32,2026-09-01,225330.0,1.073,>1.05 (Premium),101.5,26.08359721475107,2,0,0,45.8,Moderate,Active,,0,0
3236,30,2026-09-01,144025.0,0.823,<0.85 (Critical Underpay),84.4,9.1,5,1,0,22.5,Low,Active,,0,0
3237,33,2026-09-01,160125.0,0.915,0.85-0.95 (Below Median),93.0,22.5,2,0,0,36.7,Moderate,Voluntary Resignation,Personal / Relocation,1,1
3238,58,2026-09-01,70590.0,1.086,>1.05 (Premium),87.2,15.7,2,0,0,25.1,Low,Active,,0,0
3239,21,2026-09-01,270920.0,1.042,0.95-1.05 (Target),87.8,4.8,3,0,0,12.9,Low,Active,,0,0
3240,11,2026-09-01,94050.0,0.99,0.95-1.05 (Target),81.5,12.0,4,1,0,22.6,Low,Active,,0,0
3241,48,2026-09-01,58175.0,0.895,0.85-0.95 (Below Median),69.5,22.0,2,0,0,36.5,Moderate,Active,,0,0
3242,14,2026-09-01,235820.0,0.907,0.85-0.95 (Below Median),75.7,3.5,2,0,0,14.1,Low,Active,,0,0
3243,12,2026-09-01,149445.0,1.107,>1.05 (Premium),86.0,2.2,3,1,0,8.5,Low,Active,,0,0
3244,73,2026-09-01,91770.0,0.966,0.95-1.05 (Target),83.4,20.4,4,0,0,33.2,Low,Active,,0,0
3245,58,2026-09-01,69160.0,1.064,>1.05 (Premium),84.7,2.3,3,0,0,5.0,Low,Active,,0,0
3246,59,2026-09-01,122310.0,0.906,0.85-0.95 (Below Median),73.0,8.9,2,0,0,12.6,Low,Active,,0,0
3247,18,2026-09-01,132300.0,0.98,0.95-1.05 (Target),84.6,3.2,3,0,1,12.2,Low,Voluntary Resignation,Personal / Relocation,1,1
3248,59,2026-09-01,102600.0,1.08,>1.05 (Premium),95.7,23.98663732776452,2,0,1,43.2,Moderate,Active,,0,0
3249,63,2026-09-01,121095.0,0.897,0.85-0.95 (Below Median),102.4,38.69843591863014,4,0,1,64.5,Elevated,Active,,0,0
3250,75,2026-09-01,183400.0,1.048,0.95-1.05 (Target),80.2,7.8,3,0,0,8.4,Low,Active,,0,0
3251,32,2026-09-01,123795.0,0.917,0.85-0.95 (Below Median),73.4,21.2,3,0,0,35.1,Moderate,Active,,0,0
3252,34,2026-09-01,126765.0,0.939,0.85-0.95 (Below Median),67.1,20.8,4,0,0,34.2,Low,Active,,0,0
3253,5,2026-09-01,84265.0,0.887,0.85-0.95 (Below Median),90.6,32.2,3,0,0,56.9,Moderate,Voluntary Resignation,Competitive Compensation Offer,0,1
3254,52,2026-09-01,170975.0,0.977,0.95-1.05 (Target),85.4,24.8,3,0,0,38.2,Moderate,Active,,0,0
3255,49,2026-09-01,82270.0,0.866,0.85-0.95 (Below Median),82.1,15.5,3,0,1,29.3,Low,Active,,0,0
3256,6,2026-09-01,154875.0,0.885,0.85-0.95 (Below Median),72.5,5.3,4,0,1,16.7,Low,Active,,0,0
3257,72,2026-09-01,85500.0,0.9,0.85-0.95 (Below Median),71.2,20.0,3,0,0,34.0,Low,Voluntary Resignation,Personal / Relocation,0,1
3258,8,2026-09-01,59995.0,0.923,0.85-0.95 (Below Median),88.9,6.2,5,0,0,17.0,Low,Active,,0,0
3259,64,2026-09-01,98420.0,1.036,0.95-1.05 (Target),89.4,2.9,3,0,0,10.8,Low,Active,,0,0
3260,81,2026-09-01,80370.0,0.846,<0.85 (Critical Underpay),83.8,8.9,2,0,0,21.8,Low,Voluntary Resignation,Competitive Compensation Offer,0,1
3261,14,2026-09-01,76665.0,0.807,<0.85 (Critical Underpay),83.7,20.1,3,1,1,36.0,Moderate,Voluntary Resignation,Competitive Compensation Offer,0,1
3262,13,2026-09-01,193620.0,0.922,0.85-0.95 (Below Median),82.8,44.9,3,0,0,63.4,Elevated,Voluntary Resignation,Personal / Relocation,1,1
3263,6,2026-09-01,66170.0,1.018,0.95-1.05 (Target),77.7,1.7,3,0,1,17.7,Low,Voluntary Resignation,Personal / Relocation,0,1
3264,84,2026-09-01,64675.0,0.995,0.95-1.05 (Target),86.7,1.1,4,0,0,9.4,Low,Active,,0,0
3265,29,2026-09-01,94145.0,0.991,0.95-1.05 (Target),91.2,2.3,3,0,1,10.9,Low,Active,,0,0
3266,44,2026-09-01,130140.0,0.964,0.95-1.05 (Target),97.4,55.34244341505712,3,0,1,91.1,Critical Exhaustion,Voluntary Resignation,Work-Life Balance & Fatigue,1,1
3267,63,2026-09-01,52520.0,0.808,<0.85 (Critical Underpay),87.3,2.8,4,0,0,23.2,Low,Active,,0,0
3268,34,2026-09-01,60385.0,0.929,0.85-0.95 (Below Median),73.4,10.6,4,0,0,22.1,Low,Active,,0,0
3269,78,2026-09-01,86640.0,0.912,0.85-0.95 (Below Median),83.6,6.8,3,0,0,17.9,Low,Active,,0,0
3270,60,2026-09-01,66430.0,1.022,0.95-1.05 (Target),97.8,65.0,4,0,0,100.0,Critical Exhaustion,Voluntary Resignation,Work-Life Balance & Fatigue,1,1
3271,16,2026-09-01,62205.0,0.957,0.95-1.05 (Target),66.4,3.8,3,1,0,13.4,Low,Active,,0,0
3272,77,2026-09-01,272740.0,1.049,0.95-1.05 (Target),89.7,0.3,5,0,1,15.4,Low,Active,,0,0
3273,5,2026-09-01,181650.0,1.038,0.95-1.05 (Target),71.7,19.4,3,0,1,38.5,Moderate,Active,,0,0
3274,21,2026-09-01,173425.0,0.991,0.95-1.05 (Target),79.1,8.1,5,1,1,17.9,Low,Active,,0,0
3275,45,2026-09-01,68705.0,1.057,>1.05 (Premium),87.8,3.4,5,0,0,5.0,Low,Active,,0,0
3276,84,2026-09-01,94905.0,0.999,0.95-1.05 (Target),92.5,15.3,3,1,0,26.4,Low,Active,,0,0
3277,36,2026-09-01,84550.0,0.89,0.85-0.95 (Below Median),87.4,6.4,3,0,0,25.9,Low,Active,,0,0
3278,74,2026-09-01,80465.0,0.847,<0.85 (Critical Underpay),78.3,11.7,3,0,1,25.1,Low,Active,,0,0
3279,17,2026-09-01,88920.0,0.936,0.85-0.95 (Below Median),83.5,23.8,2,1,1,45.8,Moderate,Active,,0,0
3280,68,2026-09-01,97090.0,1.022,0.95-1.05 (Target),78.0,0.7,3,0,1,8.4,Low,Active,,0,0
3281,81,2026-09-01,57135.0,0.879,0.85-0.95 (Below Median),83.2,22.2,1,0,0,37.1,Moderate,Active,,0,0
3282,48,2026-09-01,61230.0,0.942,0.85-0.95 (Below Median),79.4,5.6,4,0,0,15.9,Low,Voluntary Resignation,Personal / Relocation,1,1
3283,14,2026-09-01,88350.0,0.93,0.85-0.95 (Below Median),89.1,39.8,2,0,0,65.2,Elevated,Active,,0,0
3284,15,2026-09-01,96235.0,1.013,0.95-1.05 (Target),95.9,28.504722875523942,3,0,0,41.9,Moderate,Active,,0,0
3285,44,2026-09-01,99370.0,1.046,0.95-1.05 (Target),88.3,42.9,2,0,1,74.6,Elevated,Active,,0,0
3286,11,2026-09-01,54405.0,0.837,<0.85 (Critical Underpay),81.1,4.0,3,1,1,16.1,Low,Active,,0,0
3287,52,2026-09-01,159075.0,0.909,0.85-0.95 (Below Median),77.8,24.8,3,1,1,39.6,Moderate,Active,,0,0
3288,60,2026-09-01,127980.0,0.948,0.85-0.95 (Below Median),88.6,2.3,3,1,0,5.0,Low,Active,,0,0
3289,78,2026-09-01,99940.0,1.052,>1.05 (Premium),87.5,0.4,3,1,0,7.4,Low,Active,,0,0
3290,16,2026-09-01,115425.0,0.855,0.85-0.95 (Below Median),86.8,1.7,4,1,1,5.0,Low,Active,,0,0
3291,49,2026-09-01,59540.0,0.916,0.85-0.95 (Below Median),80.2,65.0,3,0,0,100.0,Critical Exhaustion,Voluntary Resignation,Work-Life Balance & Fatigue,0,1
3292,64,2026-09-01,89205.0,0.939,0.85-0.95 (Below Median),88.3,11.0,3,0,0,22.4,Low,Active,,0,0
3293,56,2026-09-01,63245.0,0.973,0.95-1.05 (Target),85.8,1.6,3,0,1,10.5,Low,Voluntary Resignation,Personal / Relocation,0,1
3294,26,2026-09-01,94810.0,0.998,0.95-1.05 (Target),87.1,0.8,3,1,0,5.0,Low,Active,,0,0
3295,82,2026-09-01,78280.0,0.824,<0.85 (Critical Underpay),96.6,52.22059525137369,3,0,0,90.2,Critical Exhaustion,Voluntary Resignation,Competitive Compensation Offer,0,1
3296,71,2026-09-01,124740.0,0.924,0.85-0.95 (Below Median),95.2,22.40881824185724,3,0,0,36.4,Moderate,Active,,0,0
3297,43,2026-09-01,59410.0,0.914,0.85-0.95 (Below Median),92.9,6.8,3,0,0,17.9,Low,Active,,0,0
3298,23,2026-09-01,98800.0,1.04,0.95-1.05 (Target),99.8,65.0,3,0,1,100.0,Critical Exhaustion,Voluntary Resignation,Work-Life Balance & Fatigue,0,1
3299,21,2026-09-01,203700.0,0.97,0.95-1.05 (Target),87.1,35.5,2,0,0,67.2,Elevated,Active,,0,0
3300,60,2026-09-01,124200.0,0.92,0.85-0.95 (Below Median),86.4,9.6,3,0,1,29.1,Low,Active,,0,0
3301,23,2026-09-01,134325.0,0.995,0.95-1.05 (Target),89.9,9.3,3,0,0,27.3,Low,Active,,0,0
3302,6,2026-09-01,55640.0,0.856,0.85-0.95 (Below Median),90.1,32.3,2,0,0,49.6,Moderate,Voluntary Resignation,Competitive Compensation Offer,0,1
3303,16,2026-09-01,97185.0,1.023,0.95-1.05 (Target),77.3,65.0,4,0,1,93.5,Critical Exhaustion,Voluntary Resignation,Work-Life Balance & Fatigue,1,1
3304,31,2026-09-01,78375.0,0.825,<0.85 (Critical Underpay),101.3,33.45970691938298,1,1,1,59.7,Moderate,Active,,0,0
3305,66,2026-09-01,60450.0,0.93,0.85-0.95 (Below Median),93.9,2.4,4,0,0,5.0,Low,Active,,0,0
3306,61,2026-09-01,56810.0,0.874,0.85-0.95 (Below Median),84.8,5.3,2,0,0,16.9,Low,Active,,0,0
3307,17,2026-09-01,54015.0,0.831,<0.85 (Critical Underpay),95.0,2.5,3,0,1,14.4,Low,Voluntary Resignation,Competitive Compensation Offer,0,1
3308,52,2026-09-01,97945.0,1.031,0.95-1.05 (Target),83.8,24.8,2,1,0,37.1,Moderate,Active,,0,0
3309,24,2026-09-01,125685.0,0.931,0.85-0.95 (Below Median),60.2,18.0,3,1,0,39.0,Moderate,Active,,0,0
3310,62,2026-09-01,107325.0,0.795,<0.85 (Critical Underpay),95.7,25.31097242668888,3,0,0,42.5,Moderate,Voluntary Resignation,Competitive Compensation Offer,1,1
3311,16,2026-09-01,56615.0,0.871,0.85-0.95 (Below Median),85.5,52.9,4,0,0,82.1,Critical Exhaustion,Voluntary Resignation,Competitive Compensation Offer,1,1
3312,22,2026-09-01,93860.0,0.988,0.95-1.05 (Target),97.8,28.55540686180406,4,0,0,42.5,Moderate,Voluntary Resignation,Personal / Relocation,1,1
3313,53,2026-09-01,137025.0,1.015,0.95-1.05 (Target),84.3,32.3,4,1,0,54.5,Moderate,Voluntary Resignation,Personal / Relocation,1,1
3314,27,2026-09-01,83790.0,0.882,0.85-0.95 (Below Median),88.7,40.2,3,0,0,74.6,Elevated,Voluntary Resignation,Competitive Compensation Offer,0,1
3315,57,2026-09-01,94050.0,0.99,0.95-1.05 (Target),86.4,9.9,3,0,0,12.1,Low,Active,,0,0
3316,71,2026-09-01,124740.0,0.924,0.85-0.95 (Below Median),66.2,6.1,2,0,0,16.8,Low,Voluntary Resignation,Personal / Relocation,1,1
3317,10,2026-09-01,177100.0,1.012,0.95-1.05 (Target),90.7,3.4,2,1,1,11.8,Low,Active,,0,0
3318,73,2026-09-01,91675.0,0.965,0.95-1.05 (Target),79.6,11.1,3,1,0,22.0,Low,Active,,0,0
3319,64,2026-09-01,93100.0,0.98,0.95-1.05 (Target),84.6,10.8,3,0,1,13.4,Low,Active,,0,0
3320,77,2026-09-01,57070.0,0.878,0.85-0.95 (Below Median),82.8,6.2,4,0,1,17.9,Low,Active,,0,0
3321,57,2026-09-01,177275.0,1.013,0.95-1.05 (Target),109.1,37.13044324973844,3,0,0,60.3,Elevated,Active,,0,0
3322,4,2026-09-01,85500.0,0.9,0.85-0.95 (Below Median),89.1,8.7,3,0,0,28.4,Low,Active,,0,0
3323,26,2026-09-01,121500.0,0.9,0.85-0.95 (Below Median),78.0,53.6,3,0,0,82.3,Critical Exhaustion,Voluntary Resignation,Work-Life Balance & Fatigue,1,1
3324,46,2026-09-01,90250.0,0.95,0.85-0.95 (Below Median),93.1,9.3,3,0,0,20.2,Low,Active,,0,0
3325,66,2026-09-01,89395.0,0.941,0.85-0.95 (Below Median),92.9,0.8,3,0,0,5.0,Low,Active,,0,0
3326,34,2026-09-01,57525.0,0.885,0.85-0.95 (Below Median),87.9,15.1,3,0,1,28.4,Low,Active,,0,0
3327,11,2026-09-01,185850.0,0.885,0.85-0.95 (Below Median),80.9,0.8,2,0,0,11.3,Low,Active,,0,0
3328,26,2026-09-01,97565.0,1.027,0.95-1.05 (Target),78.4,56.9,2,0,0,91.7,Critical Exhaustion,Voluntary Resignation,Work-Life Balance & Fatigue,0,1
3329,28,2026-09-01,240760.0,0.926,0.85-0.95 (Below Median),79.2,58.8,3,0,0,96.0,Critical Exhaustion,Voluntary Resignation,Work-Life Balance & Fatigue,0,1
3330,78,2026-09-01,67145.0,1.033,0.95-1.05 (Target),78.6,6.5,3,0,0,23.1,Low,Active,,0,0
3331,61,2026-09-01,62075.0,0.955,0.95-1.05 (Target),76.6,0.7,4,0,0,5.0,Low,Active,,0,0
3332,16,2026-09-01,69095.0,1.063,>1.05 (Premium),78.7,1.0,5,1,0,5.0,Low,Active,,0,0
3333,22,2026-09-01,93765.0,0.987,0.95-1.05 (Target),76.6,10.9,3,0,0,21.3,Low,Voluntary Resignation,Career Advancement & Role Velocity,0,1
3334,21,2026-09-01,126900.0,0.94,0.85-0.95 (Below Median),87.0,2.2,3,0,0,11.8,Low,Active,,0,0
3335,27,2026-09-01,151200.0,0.864,0.85-0.95 (Below Median),88.7,29.4,3,0,0,62.0,Elevated,Active,,0,0
3336,10,2026-09-01,116370.0,0.862,0.85-0.95 (Below Median),99.7,23.977976517470765,3,1,0,39.5,Moderate,Active,,0,0
3337,80,2026-09-01,89870.0,0.946,0.85-0.95 (Below Median),103.4,31.62852353207244,3,0,0,55.0,Moderate,Active,,0,0
3338,45,2026-09-01,166250.0,0.95,0.85-0.95 (Below Median),87.7,3.6,4,0,1,21.3,Low,Active,,0,0
3339,84,2026-09-01,91295.0,0.961,0.95-1.05 (Target),87.4,8.7,3,1,0,11.2,Low,Voluntary Resignation,Personal / Relocation,0,1
3340,69,2026-09-01,89965.0,0.947,0.85-0.95 (Below Median),84.0,17.6,3,0,0,22.2,Low,Active,,0,0
3341,61,2026-09-01,55640.0,0.856,0.85-0.95 (Below Median),90.9,0.7,3,0,1,5.0,Low,Active,,0,0
3342,40,2026-09-01,61880.0,0.952,0.95-1.05 (Target),91.5,9.8,3,1,1,20.7,Low,Active,,0,0
3343,30,2026-09-01,122040.0,0.904,0.85-0.95 (Below Median),82.1,56.0,3,0,0,93.1,Critical Exhaustion,Voluntary Resignation,Work-Life Balance & Fatigue,1,1
3344,43,2026-09-01,238680.0,0.918,0.85-0.95 (Below Median),90.1,51.0,3,1,0,86.8,Critical Exhaustion,Voluntary Resignation,Work-Life Balance & Fatigue,0,1
3345,16,2026-09-01,154000.0,0.88,0.85-0.95 (Below Median),83.3,11.7,5,0,0,24.4,Low,Active,,0,0
3346,74,2026-09-01,59540.0,0.916,0.85-0.95 (Below Median),98.7,16.062099665216767,3,0,1,29.0,Low,Active,,0,0
3347,64,2026-09-01,59280.0,0.912,0.85-0.95 (Below Median),86.2,16.4,3,0,0,29.4,Low,Voluntary Resignation,Personal / Relocation,0,1
3348,26,2026-09-01,78090.0,0.822,<0.85 (Critical Underpay),78.2,2.2,4,0,0,14.2,Low,Active,,0,0
3349,75,2026-09-01,96520.0,1.016,0.95-1.05 (Target),83.3,33.6,1,0,0,56.0,Moderate,Voluntary Resignation,Personal / Relocation,0,1
3350,11,2026-09-01,146745.0,1.087,>1.05 (Premium),86.4,16.5,4,1,0,26.1,Low,Active,,0,0
3351,55,2026-09-01,166600.0,0.952,0.95-1.05 (Target),69.8,20.1,4,0,0,41.1,Moderate,Active,,0,0
3352,6,2026-09-01,68315.0,1.051,>1.05 (Premium),86.8,7.8,3,0,0,24.3,Low,Active,,0,0
3353,35,2026-09-01,68770.0,1.058,>1.05 (Premium),85.6,2.3,3,0,1,5.0,Low,Voluntary Resignation,Personal / Relocation,0,1
3354,16,2026-09-01,278460.0,1.071,>1.05 (Premium),80.5,3.6,4,0,1,10.9,Low,Active,,0,0
3355,40,2026-09-01,84645.0,0.891,0.85-0.95 (Below Median),97.1,58.66929172376439,4,0,0,96.6,Critical Exhaustion,Voluntary Resignation,Competitive Compensation Offer,1,1
3356,25,2026-09-01,70200.0,1.08,>1.05 (Premium),75.8,20.4,3,0,1,38.9,Moderate,Active,,0,0
3357,3,2026-09-01,67145.0,1.033,0.95-1.05 (Target),88.6,15.7,3,1,0,34.2,Low,Active,,0,0
3358,33,2026-09-01,80180.0,0.844,<0.85 (Critical Underpay),94.4,3.9,4,1,0,15.8,Low,Active,,0,0
3359,1,2026-09-01,96615.0,1.017,0.95-1.05 (Target),82.7,7.2,3,0,0,24.3,Low,Active,,0,0
3360,45,2026-09-01,67795.0,1.043,0.95-1.05 (Target),85.4,40.0,4,0,0,63.1,Elevated,Active,,0,0
3361,22,2026-09-01,131625.0,0.975,0.95-1.05 (Target),83.6,11.7,2,0,0,22.5,Low,Active,,0,0
3362,8,2026-09-01,91580.0,0.964,0.95-1.05 (Target),78.3,22.6,4,0,1,43.8,Moderate,Active,,0,0
3363,42,2026-09-01,101650.0,1.07,>1.05 (Premium),87.7,7.1,4,1,0,15.1,Low,Active,,0,0
3364,59,2026-09-01,223020.0,1.062,>1.05 (Premium),80.4,12.7,3,0,0,30.0,Low,Active,,0,0
3365,36,2026-09-01,297700.0,1.145,>1.05 (Premium),83.7,4.7,4,0,0,18.7,Low,Active,,0,0
3366,61,2026-09-01,140805.0,1.043,0.95-1.05 (Target),88.3,1.2,3,0,0,16.6,Low,Active,,0,0
3367,64,2026-09-01,90345.0,0.951,0.95-1.05 (Target),103.0,31.18468322388309,3,0,1,54.4,Moderate,Active,,0,0
3368,45,2026-09-01,93955.0,0.989,0.95-1.05 (Target),99.7,49.24494228797394,3,0,0,75.3,Elevated,Voluntary Resignation,Work-Life Balance & Fatigue,0,1
3369,60,2026-09-01,50115.0,0.771,<0.85 (Critical Underpay),93.3,0.4,1,0,0,5.1,Low,Active,,0,0
3370,80,2026-09-01,68185.0,1.049,0.95-1.05 (Target),87.7,12.0,3,1,0,21.4,Low,Active,,0,0
3371,50,2026-09-01,69550.0,1.07,>1.05 (Premium),90.7,14.3,5,0,0,23.8,Low,Active,,0,0
3372,46,2026-09-01,85215.0,0.897,0.85-0.95 (Below Median),86.7,65.0,3,0,0,100.0,Critical Exhaustion,Voluntary Resignation,Competitive Compensation Offer,0,1
3373,71,2026-09-01,175175.0,1.001,0.95-1.05 (Target),80.5,6.3,3,0,0,7.5,Low,Active,,0,0
3374,40,2026-09-01,90440.0,0.952,0.95-1.05 (Target),78.6,21.9,2,0,0,43.2,Moderate,Active,,0,0
3375,46,2026-09-01,84265.0,0.887,0.85-0.95 (Below Median),74.2,4.3,4,1,1,15.4,Low,Voluntary Resignation,Competitive Compensation Offer,1,1
3376,44,2026-09-01,219180.0,0.843,<0.85 (Critical Underpay),87.0,2.8,2,0,0,6.5,Low,Active,,0,0
3377,57,2026-09-01,62790.0,0.966,0.95-1.05 (Target),79.4,9.4,3,0,0,28.0,Low,Active,,0,0
3378,5,2026-09-01,91485.0,0.963,0.95-1.05 (Target),85.3,65.0,4,0,0,100.0,Critical Exhaustion,Voluntary Resignation,Work-Life Balance & Fatigue,1,1
3379,69,2026-09-01,113670.0,0.842,<0.85 (Critical Underpay),77.5,27.7,1,0,0,44.4,Moderate,Voluntary Resignation,Competitive Compensation Offer,1,1
3380,6,2026-09-01,114750.0,0.85,<0.85 (Critical Underpay),89.2,36.6,2,0,1,62.9,Elevated,Active,,0,0
3381,20,2026-09-01,122040.0,0.904,0.85-0.95 (Below Median),93.6,18.0,2,0,0,39.5,Moderate,Active,,0,0
3382,50,2026-09-01,121770.0,0.902,0.85-0.95 (Below Median),85.7,2.7,3,0,1,21.2,Low,Active,,0,0
3383,31,2026-09-01,182175.0,1.041,0.95-1.05 (Target),101.2,22.86126770266593,3,0,1,34.6,Low,Voluntary Resignation,Personal / Relocation,1,1
3384,83,2026-09-01,63050.0,0.97,0.95-1.05 (Target),75.5,20.4,2,1,0,25.1,Low,Active,,0,0
3385,22,2026-09-01,92055.0,0.969,0.95-1.05 (Target),94.3,8.3,4,1,0,26.6,Low,Active,,0,0
3386,19,2026-09-01,66755.0,1.027,0.95-1.05 (Target),95.0,22.1,3,0,1,42.0,Moderate,Voluntary Resignation,Personal / Relocation,0,1
3387,80,2026-09-01,66820.0,1.028,0.95-1.05 (Target),96.7,65.0,3,1,0,100.0,Critical Exhaustion,Voluntary Resignation,Work-Life Balance & Fatigue,0,1
3388,41,2026-09-01,85215.0,0.897,0.85-0.95 (Below Median),92.7,17.6,3,0,1,31.2,Low,Voluntary Resignation,Competitive Compensation Offer,0,1
3389,18,2026-09-01,67665.0,1.041,0.95-1.05 (Target),93.9,17.0,4,0,0,27.6,Low,Voluntary Resignation,Personal / Relocation,1,1
3390,62,2026-09-01,136890.0,1.014,0.95-1.05 (Target),100.8,41.18861040486976,5,0,0,73.1,Elevated,Voluntary Resignation,Work-Life Balance & Fatigue,1,1
3391,27,2026-09-01,53495.0,0.823,<0.85 (Critical Underpay),85.1,7.2,3,0,0,20.2,Low,Voluntary Resignation,Competitive Compensation Offer,0,1
3392,72,2026-09-01,160825.0,0.919,0.85-0.95 (Below Median),82.4,9.6,4,0,0,21.1,Low,Active,,0,0
3393,21,2026-09-01,85595.0,0.901,0.85-0.95 (Below Median),80.9,18.5,3,0,1,32.2,Low,Active,,0,0
3394,15,2026-09-01,86640.0,0.912,0.85-0.95 (Below Median),80.8,32.4,3,1,0,56.6,Moderate,Voluntary Resignation,Personal / Relocation,0,1
3395,30,2026-09-01,88540.0,0.932,0.85-0.95 (Below Median),91.5,4.8,3,0,0,15.1,Low,Active,,0,0
3396,6,2026-09-01,135000.0,1.0,0.95-1.05 (Target),83.3,35.9,3,0,0,51.1,Moderate,Voluntary Resignation,Personal / Relocation,1,1
3397,12,2026-09-01,265460.0,1.021,0.95-1.05 (Target),76.0,2.5,4,0,1,18.6,Low,Active,,0,0
3398,66,2026-09-01,64610.0,0.994,0.95-1.05 (Target),89.0,25.3,4,0,1,54.5,Moderate,Voluntary Resignation,Personal / Relocation,1,1
3399,24,2026-09-01,99370.0,1.046,0.95-1.05 (Target),90.1,18.2,3,0,0,28.9,Low,Active,,0,0
3400,27,2026-09-01,91105.0,0.959,0.95-1.05 (Target),78.2,16.2,3,0,1,36.3,Moderate,Voluntary Resignation,Personal / Relocation,0,1
3401,14,2026-09-01,190470.0,0.907,0.85-0.95 (Below Median),90.8,3.4,3,1,0,5.9,Low,Active,,0,0
3402,79,2026-09-01,137565.0,1.019,0.95-1.05 (Target),74.6,3.3,3,0,1,11.6,Low,Active,,0,0
3403,3,2026-09-01,150930.0,1.118,>1.05 (Premium),85.3,7.3,4,0,0,14.4,Low,Active,,0,0
3404,52,2026-09-01,157150.0,0.898,0.85-0.95 (Below Median),78.2,4.7,2,0,0,23.7,Low,Voluntary Resignation,Competitive Compensation Offer,1,1
3405,31,2026-09-01,58240.0,0.896,0.85-0.95 (Below Median),88.1,7.9,3,0,1,19.6,Low,Active,,0,0
3406,55,2026-09-01,132975.0,0.985,0.95-1.05 (Target),71.8,12.0,4,1,1,22.7,Low,Active,,0,0
3407,58,2026-09-01,54405.0,0.837,<0.85 (Critical Underpay),82.3,23.5,3,0,0,39.5,Moderate,Voluntary Resignation,Competitive Compensation Offer,0,1
3408,61,2026-09-01,98325.0,1.035,0.95-1.05 (Target),84.1,3.7,2,0,0,11.7,Low,Active,,0,0
3409,12,2026-09-01,122715.0,0.909,0.85-0.95 (Below Median),79.0,5.2,3,1,1,24.1,Low,Voluntary Resignation,Personal / Relocation,1,1
3410,5,2026-09-01,129060.0,0.956,0.95-1.05 (Target),80.2,0.6,3,0,1,9.6,Low,Active,,0,0
3411,70,2026-09-01,95190.0,1.002,0.95-1.05 (Target),81.5,6.8,5,0,0,24.1,Low,Active,,0,0
3412,25,2026-09-01,66105.0,1.017,0.95-1.05 (Target),93.8,32.5,2,1,0,54.7,Moderate,Voluntary Resignation,Personal / Relocation,0,1
3413,76,2026-09-01,88540.0,0.932,0.85-0.95 (Below Median),61.1,14.8,2,1,1,35.1,Moderate,Active,,0,0
3414,47,2026-09-01,97945.0,1.031,0.95-1.05 (Target),74.0,18.2,3,1,0,29.2,Low,Active,,0,0
3415,38,2026-09-01,201600.0,0.96,0.95-1.05 (Target),80.5,1.2,4,0,1,10.2,Low,Active,,0,0
3416,62,2026-09-01,129870.0,0.962,0.95-1.05 (Target),77.0,28.0,3,0,0,42.4,Moderate,Voluntary Resignation,Personal / Relocation,1,1
3417,8,2026-09-01,90440.0,0.952,0.95-1.05 (Target),72.4,25.5,3,0,0,39.6,Moderate,Active,,0,0
3418,65,2026-09-01,95475.0,1.005,0.95-1.05 (Target),79.1,65.0,3,1,0,100.0,Critical Exhaustion,Voluntary Resignation,Work-Life Balance & Fatigue,0,1
3419,61,2026-09-01,51220.0,0.788,<0.85 (Critical Underpay),72.2,6.2,5,0,1,19.7,Low,Active,,0,0
3420,35,2026-09-01,165025.0,0.943,0.85-0.95 (Below Median),83.1,23.1,4,0,0,36.9,Moderate,Active,,0,0
3421,22,2026-09-01,114075.0,0.845,<0.85 (Critical Underpay),85.4,29.2,4,0,0,46.1,Moderate,Active,,0,0
3422,30,2026-09-01,83505.0,0.879,0.85-0.95 (Below Median),69.5,19.5,1,0,0,41.8,Moderate,Active,,0,0
3423,59,2026-09-01,201180.0,0.958,0.95-1.05 (Target),88.7,3.5,5,0,0,5.0,Low,Active,,0,0
3424,6,2026-09-01,58630.0,0.902,0.85-0.95 (Below Median),86.0,11.5,3,0,0,23.8,Low,Active,,0,0
3425,48,2026-09-01,85405.0,0.899,0.85-0.95 (Below Median),85.5,2.1,3,1,1,12.5,Low,Active,,0,0
3426,3,2026-09-01,138510.0,1.026,0.95-1.05 (Target),64.5,8.0,2,0,1,17.1,Low,Active,,0,0
3427,20,2026-09-01,161525.0,0.923,0.85-0.95 (Below Median),85.5,34.6,5,0,0,67.1,Elevated,Voluntary Resignation,Work-Life Balance & Fatigue,1,1
3428,28,2026-09-01,85690.0,0.902,0.85-0.95 (Below Median),79.1,2.7,4,0,0,21.2,Low,Active,,0,0
3429,63,2026-09-01,114480.0,0.848,<0.85 (Critical Underpay),99.3,43.17835975143832,3,0,1,78.9,Elevated,Voluntary Resignation,Competitive Compensation Offer,1,1
3430,66,2026-09-01,94810.0,0.998,0.95-1.05 (Target),95.1,46.49365480279273,3,1,0,79.8,Elevated,Voluntary Resignation,Work-Life Balance & Fatigue,0,1
3431,53,2026-09-01,63960.0,0.984,0.95-1.05 (Target),78.5,19.2,4,0,0,39.4,Moderate,Voluntary Resignation,Personal / Relocation,1,1
3432,24,2026-09-01,184380.0,0.878,0.85-0.95 (Below Median),84.4,12.1,3,0,1,25.0,Low,Active,,0,0
3433,16,2026-09-01,67015.0,1.031,0.95-1.05 (Target),77.6,9.9,3,1,0,19.3,Low,Active,,0,0
3434,32,2026-09-01,135945.0,1.007,0.95-1.05 (Target),92.2,3.0,3,0,0,11.5,Low,Active,,0,0
3435,67,2026-09-01,72930.0,1.122,>1.05 (Premium),94.2,21.9,3,0,0,31.8,Low,Voluntary Resignation,Personal / Relocation,0,1
3436,29,2026-09-01,85310.0,0.898,0.85-0.95 (Below Median),96.9,24.59072194804244,3,0,0,47.5,Moderate,Active,,0,0
3437,55,2026-09-01,199710.0,0.951,0.95-1.05 (Target),69.1,17.6,3,1,1,30.1,Low,Active,,0,0
3438,3,2026-09-01,95570.0,1.006,0.95-1.05 (Target),81.5,4.0,2,0,1,12.7,Low,Active,,0,0
3439,46,2026-09-01,81130.0,0.854,0.85-0.95 (Below Median),89.1,18.3,3,0,0,40.9,Moderate,Voluntary Resignation,Competitive Compensation Offer,0,1
3440,11,2026-09-01,94620.0,0.996,0.95-1.05 (Target),89.7,5.7,3,1,1,14.9,Low,Active,,0,0
3441,18,2026-09-01,64740.0,0.996,0.95-1.05 (Target),89.8,3.2,2,0,0,11.9,Low,Voluntary Resignation,Personal / Relocation,0,1
3442,62,2026-09-01,55380.0,0.852,0.85-0.95 (Below Median),87.7,4.3,3,0,0,16.1,Low,Active,,0,0
3443,45,2026-09-01,120285.0,0.891,0.85-0.95 (Below Median),80.5,30.1,1,0,0,54.3,Moderate,Voluntary Resignation,Competitive Compensation Offer,1,1
3444,57,2026-09-01,141885.0,1.051,>1.05 (Premium),91.9,5.7,5,0,0,13.8,Low,Active,,0,0
3445,10,2026-09-01,66365.0,1.021,0.95-1.05 (Target),88.7,15.5,3,0,0,26.2,Low,Active,,0,0
3446,9,2026-09-01,79515.0,0.837,<0.85 (Critical Underpay),89.7,1.6,3,1,1,21.2,Low,Active,,0,0
3447,18,2026-09-01,68640.0,1.056,>1.05 (Premium),94.6,2.3,3,0,0,5.0,Low,Active,,0,0
3448,3,2026-09-01,230100.0,0.885,0.85-0.95 (Below Median),81.0,22.0,3,0,0,44.7,Moderate,Voluntary Resignation,Competitive Compensation Offer,0,1
3449,4,2026-09-01,101935.0,1.073,>1.05 (Premium),95.0,9.0,5,0,0,17.3,Low,Active,,0,0
3450,23,2026-09-01,154350.0,0.882,0.85-0.95 (Below Median),88.6,7.5,4,1,0,19.4,Low,Active,,0,0
3451,51,2026-09-01,243100.0,0.935,0.85-0.95 (Below Median),87.2,22.8,3,1,0,44.7,Moderate,Active,,0,0
3452,72,2026-09-01,88255.0,0.929,0.85-0.95 (Below Median),100.4,24.791298836950222,3,0,0,47.2,Moderate,Active,,0,0
3453,61,2026-09-01,97280.0,1.024,0.95-1.05 (Target),90.4,21.4,3,1,1,33.2,Low,Active,,0,0
3454,27,2026-09-01,60450.0,0.93,0.85-0.95 (Below Median),95.5,27.282810100934128,1,1,0,42.1,Moderate,Active,,0,0
3455,3,2026-09-01,73060.0,1.124,>1.05 (Premium),87.8,16.6,3,1,0,17.4,Low,Active,,0,0
3456,4,2026-09-01,91295.0,0.961,0.95-1.05 (Target),91.5,17.0,3,0,0,29.2,Low,Active,,0,0
3457,6,2026-09-01,68185.0,1.049,0.95-1.05 (Target),99.4,37.80888441917013,3,0,0,60.4,Elevated,Voluntary Resignation,Personal / Relocation,0,1
3458,2,2026-09-01,197925.0,1.131,>1.05 (Premium),91.5,5.4,2,0,0,11.9,Low,Voluntary Resignation,Personal / Relocation,1,1
3459,72,2026-09-01,63830.0,0.982,0.95-1.05 (Target),84.4,12.1,4,0,0,22.9,Low,Voluntary Resignation,Personal / Relocation,1,1
3460,71,2026-09-01,78910.0,1.214,>1.05 (Premium),99.1,36.022017194553165,2,0,0,46.9,Moderate,Active,,0,0
3461,14,2026-09-01,59735.0,0.919,0.85-0.95 (Below Median),85.9,21.3,3,0,1,35.2,Moderate,Voluntary Resignation,Personal / Relocation,0,1
3462,16,2026-09-01,119880.0,0.888,0.85-0.95 (Below Median),88.3,13.2,3,0,0,34.1,Low,Voluntary Resignation,Competitive Compensation Offer,1,1
3463,7,2026-09-01,124605.0,0.923,0.85-0.95 (Below Median),83.2,0.7,5,0,1,10.4,Low,Active,,0,0
3464,23,2026-09-01,83315.0,0.877,0.85-0.95 (Below Median),84.2,2.5,3,0,0,21.5,Low,Active,,0,0
3465,67,2026-09-01,54080.0,0.832,<0.85 (Critical Underpay),83.5,1.8,4,0,0,13.5,Low,Active,,0,0
3466,15,2026-09-01,85785.0,0.903,0.85-0.95 (Below Median),89.6,13.4,2,0,0,26.0,Low,Active,,0,0
3467,12,2026-09-01,105705.0,0.783,<0.85 (Critical Underpay),93.4,4.6,4,1,0,25.9,Low,Active,,0,0
3468,20,2026-09-01,91960.0,0.968,0.95-1.05 (Target),93.9,2.7,2,1,0,11.9,Low,Active,,0,0
3469,40,2026-09-01,223600.0,0.86,0.85-0.95 (Below Median),82.5,8.7,4,0,0,21.2,Low,Active,,0,0
3470,35,2026-09-01,97280.0,1.024,0.95-1.05 (Target),89.1,13.5,4,0,0,23.7,Low,Active,,0,0
3471,16,2026-09-01,95570.0,1.006,0.95-1.05 (Target),88.9,8.6,4,0,1,26.2,Low,Active,,0,0
3472,34,2026-09-01,149100.0,0.852,0.85-0.95 (Below Median),77.9,20.6,3,0,0,43.7,Moderate,Voluntary Resignation,Competitive Compensation Offer,1,1
3473,77,2026-09-01,92055.0,0.969,0.95-1.05 (Target),76.7,2.6,3,0,0,5.0,Low,Active,,0,0
3474,52,2026-09-01,109755.0,0.813,<0.85 (Critical Underpay),86.3,8.0,3,0,0,29.3,Low,Active,,0,0
3475,46,2026-09-01,92435.0,0.973,0.95-1.05 (Target),80.3,38.6,3,0,0,70.9,Elevated,Active,,0,0
3476,61,2026-09-01,68055.0,1.047,0.95-1.05 (Target),88.5,10.6,3,0,0,27.8,Low,Active,,0,0
3477,45,2026-09-01,147175.0,0.841,<0.85 (Critical Underpay),75.2,4.5,3,0,0,16.6,Low,Active,,0,0
3478,23,2026-09-01,83410.0,0.878,0.85-0.95 (Below Median),88.0,23.4,3,0,1,46.5,Moderate,Voluntary Resignation,Competitive Compensation Offer,0,1
3479,60,2026-09-01,130680.0,0.968,0.95-1.05 (Target),91.9,1.1,2,0,1,10.0,Low,Active,,0,0
3480,53,2026-09-01,65520.0,1.008,0.95-1.05 (Target),89.6,7.8,5,0,1,17.2,Low,Active,,0,0
3481,69,2026-09-01,163625.0,0.935,0.85-0.95 (Below Median),89.2,20.6,2,0,0,42.0,Moderate,Voluntary Resignation,Personal / Relocation,1,1
3482,22,2026-09-01,172900.0,0.988,0.95-1.05 (Target),95.0,7.7,2,0,0,33.5,Low,Voluntary Resignation,Personal / Relocation,1,1
3483,22,2026-09-01,56160.0,0.864,0.85-0.95 (Below Median),91.0,1.9,3,0,0,13.0,Low,Active,,0,0
3484,74,2026-09-01,63310.0,0.974,0.95-1.05 (Target),85.7,14.9,4,0,0,26.4,Low,Voluntary Resignation,Personal / Relocation,1,1
3485,37,2026-09-01,246220.0,0.947,0.85-0.95 (Below Median),72.2,21.1,2,0,0,50.4,Moderate,Active,,0,0
3486,23,2026-09-01,57525.0,0.885,0.85-0.95 (Below Median),88.6,4.1,4,0,1,15.2,Low,Voluntary Resignation,Competitive Compensation Offer,1,1
3487,56,2026-09-01,93765.0,0.987,0.95-1.05 (Target),100.9,22.17028781117668,3,0,1,34.9,Low,Voluntary Resignation,Personal / Relocation,0,1
3488,44,2026-09-01,255840.0,0.984,0.95-1.05 (Target),95.8,39.95957665728774,4,0,1,64.3,Elevated,Voluntary Resignation,Personal / Relocation,1,1
3489,6,2026-09-01,93195.0,0.981,0.95-1.05 (Target),85.2,29.4,4,1,0,59.7,Moderate,Active,,0,0
3490,36,2026-09-01,97660.0,1.028,0.95-1.05 (Target),80.1,10.0,2,0,0,27.4,Low,Active,,0,0
3491,17,2026-09-01,173250.0,0.99,0.95-1.05 (Target),69.6,1.9,3,1,0,10.5,Low,Active,,0,0
3492,9,2026-09-01,89870.0,0.946,0.85-0.95 (Below Median),87.0,31.0,4,1,1,62.3,Elevated,Active,,0,0
3493,64,2026-09-01,92340.0,0.972,0.95-1.05 (Target),82.9,22.2,5,1,0,35.2,Moderate,Active,,0,0
3494,72,2026-09-01,94335.0,0.993,0.95-1.05 (Target),93.1,17.4,4,0,0,29.0,Low,Voluntary Resignation,Personal / Relocation,1,1
3495,31,2026-09-01,92055.0,0.969,0.95-1.05 (Target),82.3,3.7,5,0,0,5.1,Low,Active,,0,0
3496,4,2026-09-01,68250.0,1.05,0.95-1.05 (Target),92.8,0.4,3,0,1,7.5,Low,Active,,0,0
3497,72,2026-09-01,75465.0,1.161,>1.05 (Premium),96.2,29.25095933453617,4,0,0,55.9,Moderate,Active,,0,0
3498,63,2026-09-01,168700.0,0.964,0.95-1.05 (Target),81.3,65.0,3,0,0,100.0,Critical Exhaustion,Voluntary Resignation,Work-Life Balance & Fatigue,1,1
3499,73,2026-09-01,52780.0,0.812,<0.85 (Critical Underpay),84.1,11.8,2,0,0,25.9,Low,Voluntary Resignation,Competitive Compensation Offer,0,1
3500,51,2026-09-01,95570.0,1.006,0.95-1.05 (Target),90.9,16.2,3,1,1,27.3,Low,Active,,0,0
3501,74,2026-09-01,103455.0,1.089,>1.05 (Premium),92.0,3.2,3,0,0,10.1,Low,Active,,0,0
3502,69,2026-09-01,59150.0,0.91,0.85-0.95 (Below Median),93.7,9.2,3,0,1,20.8,Low,Active,,0,0
3503,83,2026-09-01,142425.0,1.055,>1.05 (Premium),85.8,40.0,3,0,1,54.9,Moderate,Voluntary Resignation,Personal / Relocation,1,1
3504,60,2026-09-01,100890.0,1.062,>1.05 (Premium),80.4,25.6,2,0,0,37.5,Moderate,Active,,0,0
3505,44,2026-09-01,86545.0,0.911,0.85-0.95 (Below Median),102.2,65.0,3,0,0,100.0,Critical Exhaustion,Voluntary Resignation,Work-Life Balance & Fatigue,0,1
3506,54,2026-09-01,114075.0,0.845,<0.85 (Critical Underpay),83.8,3.4,4,0,0,23.2,Low,Active,,0,0
3507,26,2026-09-01,82080.0,0.864,0.85-0.95 (Below Median),90.4,4.8,2,0,0,24.5,Low,Active,,0,0
3508,50,2026-09-01,87020.0,0.916,0.85-0.95 (Below Median),85.6,6.4,2,0,1,17.4,Low,Active,,0,0
3509,72,2026-09-01,86545.0,0.911,0.85-0.95 (Below Median),81.5,18.0,4,0,0,31.4,Low,Active,,0,0
3510,70,2026-09-01,56745.0,0.873,0.85-0.95 (Below Median),74.7,8.8,3,0,0,21.1,Low,Voluntary Resignation,Competitive Compensation Offer,0,1
3511,19,2026-09-01,91390.0,0.962,0.95-1.05 (Target),71.9,11.4,5,0,0,22.4,Low,Active,,0,0
3512,37,2026-09-01,123795.0,0.917,0.85-0.95 (Below Median),88.5,4.8,3,0,0,23.4,Low,Active,,0,0
3513,83,2026-09-01,92625.0,0.975,0.95-1.05 (Target),85.8,0.0,3,0,0,5.0,Low,Active,,0,0
3514,48,2026-09-01,96710.0,1.018,0.95-1.05 (Target),87.0,7.9,3,1,0,17.1,Low,Active,,0,0
3515,27,2026-09-01,147175.0,0.841,<0.85 (Critical Underpay),95.5,32.595189825062825,5,0,0,58.3,Moderate,Active,,0,0
3516,74,2026-09-01,186550.0,1.066,>1.05 (Premium),82.9,21.0,3,0,0,39.9,Moderate,Voluntary Resignation,Personal / Relocation,1,1
3517,83,2026-09-01,89965.0,0.947,0.85-0.95 (Below Median),90.2,12.3,4,1,1,23.8,Low,Active,,0,0
3518,47,2026-09-01,67470.0,1.038,0.95-1.05 (Target),84.9,6.3,3,0,1,6.8,Low,Active,,0,0
3519,63,2026-09-01,133380.0,0.988,0.95-1.05 (Target),85.7,62.2,4,1,1,90.9,Critical Exhaustion,Voluntary Resignation,Work-Life Balance & Fatigue,1,1
3520,46,2026-09-01,89965.0,0.947,0.85-0.95 (Below Median),82.4,0.1,4,0,0,5.0,Low,Active,,0,0
3521,83,2026-09-01,92150.0,0.97,0.95-1.05 (Target),90.6,0.5,4,0,1,5.0,Low,Active,,0,0
3522,71,2026-09-01,181125.0,1.035,0.95-1.05 (Target),73.8,54.8,5,0,1,89.1,Critical Exhaustion,Active,,0,0
3523,28,2026-09-01,154035.0,1.141,>1.05 (Premium),79.7,0.1,2,0,0,5.3,Low,Active,,0,0
3524,30,2026-09-01,209580.0,0.998,0.95-1.05 (Target),76.5,7.7,1,1,0,17.3,Low,Active,,0,0
3525,6,2026-09-01,96520.0,1.016,0.95-1.05 (Target),86.9,22.1,4,0,0,34.2,Low,Active,,0,0
3526,82,2026-09-01,136890.0,1.014,0.95-1.05 (Target),97.2,22.8351581214004,3,1,0,35.1,Moderate,Active,,0,0
3527,75,2026-09-01,97945.0,1.031,0.95-1.05 (Target),88.1,3.4,3,0,1,11.5,Low,Active,,0,0
3528,21,2026-09-01,151725.0,0.867,0.85-0.95 (Below Median),89.6,32.9,3,0,1,58.1,Moderate,Active,,0,0
3529,8,2026-09-01,216510.0,1.031,0.95-1.05 (Target),77.2,17.2,3,1,0,20.0,Low,Active,,0,0
3530,21,2026-09-01,83790.0,0.882,0.85-0.95 (Below Median),89.5,33.9,3,0,0,59.0,Moderate,Voluntary Resignation,Competitive Compensation Offer,0,1
3531,50,2026-09-01,58240.0,0.896,0.85-0.95 (Below Median),82.8,17.2,3,0,1,22.7,Low,Active,,0,0
3532,32,2026-09-01,62140.0,0.956,0.95-1.05 (Target),94.6,12.8,4,0,0,32.2,Low,Active,,0,0
3533,64,2026-09-01,94620.0,0.996,0.95-1.05 (Target),93.0,11.0,3,1,1,13.3,Low,Active,,0,0
3534,60,2026-09-01,174300.0,0.996,0.95-1.05 (Target),83.1,1.1,3,1,1,9.4,Low,Active,,0,0
3535,45,2026-09-01,64025.0,0.985,0.95-1.05 (Target),78.4,22.2,2,0,1,34.9,Low,Active,,0,0
3536,47,2026-09-01,131895.0,0.977,0.95-1.05 (Target),75.6,64.1,4,1,0,100.0,Critical Exhaustion,Voluntary Resignation,Work-Life Balance & Fatigue,1,1
3537,1,2026-09-01,86830.0,0.914,0.85-0.95 (Below Median),84.8,0.3,3,0,0,10.1,Low,Active,,0,0
3538,60,2026-09-01,144585.0,1.071,>1.05 (Premium),80.9,0.3,2,1,0,6.9,Low,Active,,0,0
3539,78,2026-09-01,101935.0,1.073,>1.05 (Premium),96.9,29.024253530289165,3,0,1,49.4,Moderate,Active,,0,0
3540,42,2026-09-01,70655.0,1.087,>1.05 (Premium),95.5,57.301023829293605,3,0,0,83.0,Critical Exhaustion,Voluntary Resignation,Work-Life Balance & Fatigue,0,1
3541,23,2026-09-01,55185.0,0.849,<0.85 (Critical Underpay),79.7,4.7,4,0,1,16.7,Low,Active,,0,0
3542,51,2026-09-01,91010.0,0.958,0.95-1.05 (Target),77.7,10.9,4,0,0,21.9,Low,Active,,0,0
3543,71,2026-09-01,88160.0,0.928,0.85-0.95 (Below Median),68.5,30.1,3,0,0,45.6,Moderate,Active,,0,0
3544,21,2026-09-01,122715.0,0.909,0.85-0.95 (Below Median),83.2,4.2,4,0,0,22.9,Low,Active,,0,0
3545,71,2026-09-01,96900.0,1.02,0.95-1.05 (Target),89.7,30.2,2,0,0,51.8,Moderate,Voluntary Resignation,Personal / Relocation,0,1
3546,41,2026-09-01,82745.0,0.871,0.85-0.95 (Below Median),82.0,15.5,3,0,0,29.2,Low,Active,,0,0
3547,61,2026-09-01,65975.0,1.015,0.95-1.05 (Target),89.3,1.1,3,0,1,9.0,Low,Active,,0,0
3548,51,2026-09-01,182280.0,0.868,0.85-0.95 (Below Median),84.8,21.9,2,0,0,36.9,Moderate,Active,,0,0
3549,53,2026-09-01,87210.0,0.918,0.85-0.95 (Below Median),79.5,8.4,2,0,0,19.7,Low,Active,,0,0
3550,71,2026-09-01,211260.0,1.006,0.95-1.05 (Target),98.2,24.54391633111443,3,0,0,37.3,Moderate,Active,,0,0
3551,72,2026-09-01,66300.0,1.02,0.95-1.05 (Target),87.7,10.1,3,0,0,19.7,Low,Active,,0,0
3552,77,2026-09-01,65585.0,1.009,0.95-1.05 (Target),71.4,65.0,2,0,0,100.0,Critical Exhaustion,Voluntary Resignation,Work-Life Balance & Fatigue,0,1
3553,45,2026-09-01,65390.0,1.006,0.95-1.05 (Target),88.7,20.1,3,0,1,32.0,Low,Voluntary Resignation,Personal / Relocation,0,1
3554,64,2026-09-01,189000.0,1.08,>1.05 (Premium),87.8,1.1,2,0,0,5.0,Low,Voluntary Resignation,Personal / Relocation,1,1
3555,23,2026-09-01,58890.0,0.906,0.85-0.95 (Below Median),93.2,51.2,4,0,1,79.3,Elevated,Voluntary Resignation,Work-Life Balance & Fatigue,1,1
3556,32,2026-09-01,174475.0,0.997,0.95-1.05 (Target),98.0,26.73547901640797,4,0,1,48.1,Moderate,Voluntary Resignation,Personal / Relocation,1,1
3557,32,2026-09-01,62400.0,0.96,0.95-1.05 (Target),81.3,15.9,4,0,1,35.9,Moderate,Voluntary Resignation,Personal / Relocation,1,1
3558,78,2026-09-01,77805.0,0.819,<0.85 (Critical Underpay),92.9,6.7,3,0,0,27.7,Low,Active,,0,0
3559,81,2026-09-01,65585.0,1.009,0.95-1.05 (Target),86.0,3.8,3,1,0,5.0,Low,Active,,0,0
3560,50,2026-09-01,60840.0,0.936,0.85-0.95 (Below Median),85.6,11.8,3,0,1,31.4,Low,Voluntary Resignation,Personal / Relocation,0,1
3561,46,2026-09-01,64415.0,0.991,0.95-1.05 (Target),75.0,2.8,4,1,1,11.5,Low,Active,,0,0
3562,18,2026-09-01,212310.0,1.011,0.95-1.05 (Target),92.5,21.6,4,1,0,33.7,Low,Active,,0,0
3563,43,2026-09-01,144855.0,1.073,>1.05 (Premium),86.9,2.4,2,0,0,9.4,Low,Active,,0,0
3564,3,2026-09-01,197050.0,1.126,>1.05 (Premium),94.5,31.7,4,1,0,51.5,Moderate,Active,,0,0
3565,1,2026-09-01,188300.0,1.076,>1.05 (Premium),101.9,17.84298981566283,3,0,0,19.9,Low,Active,,0,0
3566,58,2026-09-01,264940.0,1.019,0.95-1.05 (Target),90.2,6.0,3,0,0,14.8,Low,Active,,0,0
3567,22,2026-09-01,135675.0,1.005,0.95-1.05 (Target),86.0,0.3,3,1,1,8.3,Low,Active,,0,0
3568,63,2026-09-01,59215.0,0.911,0.85-0.95 (Below Median),92.4,1.6,3,0,0,11.7,Low,Active,,0,0
3569,67,2026-09-01,90535.0,0.953,0.95-1.05 (Target),89.7,27.2,3,0,0,41.6,Moderate,Active,,0,0
3570,51,2026-09-01,172900.0,0.988,0.95-1.05 (Target),93.8,13.8,3,0,0,32.8,Low,Active,,0,0
3571,6,2026-09-01,101520.0,0.752,<0.85 (Critical Underpay),84.7,50.6,4,1,0,89.7,Critical Exhaustion,Voluntary Resignation,Competitive Compensation Offer,1,1
3572,48,2026-09-01,90060.0,0.948,0.85-0.95 (Below Median),59.9,6.0,2,0,1,24.2,Low,Voluntary Resignation,Career Advancement & Role Velocity,0,1
3573,73,2026-09-01,130680.0,0.968,0.95-1.05 (Target),81.7,15.5,4,0,0,27.2,Low,Active,,0,0
3574,32,2026-09-01,227850.0,1.085,>1.05 (Premium),74.9,3.2,3,0,0,5.0,Low,Active,,0,0
3575,35,2026-09-01,160650.0,0.918,0.85-0.95 (Below Median),80.8,27.2,4,0,1,50.3,Moderate,Active,,0,0
3576,77,2026-09-01,170625.0,0.975,0.95-1.05 (Target),82.8,2.6,3,0,1,19.6,Low,Active,,0,0
3577,37,2026-09-01,93955.0,0.989,0.95-1.05 (Target),95.5,36.65915619059616,4,0,0,60.2,Elevated,Voluntary Resignation,Personal / Relocation,1,1
3578,12,2026-09-01,88540.0,0.932,0.85-0.95 (Below Median),88.0,6.7,5,0,0,17.4,Low,Active,,0,0
3579,41,2026-09-01,63310.0,0.974,0.95-1.05 (Target),91.4,6.4,3,1,0,16.2,Low,Active,,0,0
3580,60,2026-09-01,137970.0,1.022,0.95-1.05 (Target),75.5,33.2,3,0,0,55.4,Moderate,Voluntary Resignation,Personal / Relocation,1,1
3581,62,2026-09-01,93385.0,0.983,0.95-1.05 (Target),95.3,22.75565355153616,3,1,0,35.6,Moderate,Active,,0,0
3582,34,2026-09-01,63050.0,0.97,0.95-1.05 (Target),78.2,5.1,3,0,0,14.7,Low,Active,,0,0
3583,69,2026-09-01,79325.0,0.835,<0.85 (Critical Underpay),97.5,29.122470772644,3,0,0,38.2,Moderate,Active,,0,0
3584,54,2026-09-01,60450.0,0.93,0.85-0.95 (Below Median),83.1,4.4,5,0,0,6.7,Low,Active,,0,0
3585,66,2026-09-01,66430.0,1.022,0.95-1.05 (Target),69.5,27.8,3,0,0,48.9,Moderate,Voluntary Resignation,Personal / Relocation,0,1
3586,24,2026-09-01,99180.0,1.044,0.95-1.05 (Target),80.7,28.5,3,0,1,41.3,Moderate,Active,,0,0
3587,83,2026-09-01,53300.0,0.82,<0.85 (Critical Underpay),76.2,17.9,3,0,0,41.1,Moderate,Voluntary Resignation,Competitive Compensation Offer,0,1
3588,18,2026-09-01,60450.0,0.93,0.85-0.95 (Below Median),100.6,43.963136981360805,3,0,0,62.2,Elevated,Voluntary Resignation,Personal / Relocation,0,1
3589,11,2026-09-01,128250.0,0.95,0.85-0.95 (Below Median),87.4,5.0,5,0,0,15.0,Low,Active,,0,0
3590,62,2026-09-01,94430.0,0.994,0.95-1.05 (Target),76.0,38.0,4,0,0,61.7,Elevated,Voluntary Resignation,Personal / Relocation,1,1
3591,62,2026-09-01,86355.0,0.909,0.85-0.95 (Below Median),88.4,5.4,3,0,0,16.3,Low,Active,,0,0
3592,16,2026-09-01,125550.0,0.93,0.85-0.95 (Below Median),85.6,7.6,3,0,1,18.5,Low,Voluntary Resignation,Career Advancement & Role Velocity,1,1
3593,52,2026-09-01,82650.0,0.87,0.85-0.95 (Below Median),82.2,18.6,2,0,1,40.9,Moderate,Voluntary Resignation,Competitive Compensation Offer,0,1
3594,72,2026-09-01,88635.0,0.933,0.85-0.95 (Below Median),91.0,0.1,4,0,0,9.5,Low,Active,,0,0
3595,41,2026-09-01,60320.0,0.928,0.85-0.95 (Below Median),103.6,28.56823505808364,2,1,1,51.7,Moderate,Active,,0,0
3596,54,2026-09-01,83695.0,0.881,0.85-0.95 (Below Median),80.9,11.7,2,0,0,32.4,Low,Voluntary Resignation,Competitive Compensation Offer,0,1
3597,23,2026-09-01,103410.0,0.766,<0.85 (Critical Underpay),82.6,0.9,3,0,1,13.8,Low,Active,,0,0
3598,1,2026-09-01,79610.0,0.838,<0.85 (Critical Underpay),86.3,23.5,3,1,1,39.4,Moderate,Active,,0,0
3599,22,2026-09-01,67860.0,1.044,0.95-1.05 (Target),79.9,0.9,3,0,0,5.0,Low,Active,,0,0
3600,15,2026-09-01,97755.0,1.029,0.95-1.05 (Target),82.9,5.8,5,0,1,22.4,Low,Active,,0,0
3601,27,2026-09-01,88445.0,0.931,0.85-0.95 (Below Median),80.4,52.9,3,0,0,88.9,Critical Exhaustion,Voluntary Resignation,Work-Life Balance & Fatigue,0,1
3602,58,2026-09-01,168875.0,0.965,0.95-1.05 (Target),93.9,34.3,3,0,0,49.9,Moderate,Voluntary Resignation,Personal / Relocation,1,1
3603,37,2026-09-01,176750.0,1.01,0.95-1.05 (Target),71.7,1.8,3,1,0,18.0,Low,Active,,0,0
3604,42,2026-09-01,54275.0,0.835,<0.85 (Critical Underpay),71.8,10.2,1,0,0,23.5,Low,Active,,0,0
3605,76,2026-09-01,64285.0,0.989,0.95-1.05 (Target),85.7,0.8,3,0,1,9.2,Low,Active,,0,0
3606,19,2026-09-01,101270.0,1.066,>1.05 (Premium),87.5,20.1,3,0,1,38.8,Moderate,Active,,0,0
3607,20,2026-09-01,63050.0,0.97,0.95-1.05 (Target),79.1,7.4,3,0,0,17.5,Low,Active,,0,0
3608,14,2026-09-01,61295.0,0.943,0.85-0.95 (Below Median),86.4,17.7,1,1,1,30.4,Low,Active,,0,0
3609,45,2026-09-01,69615.0,1.071,>1.05 (Premium),82.0,1.4,3,1,0,8.3,Low,Active,,0,0
3610,53,2026-09-01,130815.0,0.969,0.95-1.05 (Target),85.9,7.4,3,0,0,25.5,Low,Active,,0,0
3611,56,2026-09-01,87590.0,0.922,0.85-0.95 (Below Median),91.1,12.1,4,0,1,32.1,Low,Active,,0,0
3612,30,2026-09-01,112050.0,0.83,<0.85 (Critical Underpay),73.9,23.3,1,0,1,39.4,Moderate,Active,,0,0
3613,24,2026-09-01,121500.0,0.9,0.85-0.95 (Below Median),95.2,65.0,3,1,0,100.0,Critical Exhaustion,Voluntary Resignation,Work-Life Balance & Fatigue,1,1
3614,33,2026-09-01,96710.0,1.018,0.95-1.05 (Target),98.6,25.640365945366984,3,0,1,46.4,Moderate,Voluntary Resignation,Personal / Relocation,0,1
3615,37,2026-09-01,110430.0,0.818,<0.85 (Critical Underpay),85.1,16.1,3,0,1,39.0,Moderate,Active,,0,0
3616,37,2026-09-01,52130.0,0.802,<0.85 (Critical Underpay),78.7,60.7,3,0,1,100.0,Critical Exhaustion,Voluntary Resignation,Competitive Compensation Offer,0,1
3617,10,2026-09-01,74005.0,0.779,<0.85 (Critical Underpay),81.1,3.9,3,0,0,25.1,Low,Active,,0,0
3618,17,2026-09-01,87115.0,0.917,0.85-0.95 (Below Median),85.1,27.6,3,0,1,42.8,Moderate,Active,,0,0
3619,79,2026-09-01,145125.0,1.075,>1.05 (Premium),92.3,51.8,2,0,1,84.7,Critical Exhaustion,Voluntary Resignation,Work-Life Balance & Fatigue,1,1
3620,17,2026-09-01,57785.0,0.889,0.85-0.95 (Below Median),84.5,25.9,4,1,0,49.3,Moderate,Voluntary Resignation,Competitive Compensation Offer,1,1
3621,15,2026-09-01,121365.0,0.899,0.85-0.95 (Below Median),78.4,1.5,3,0,0,11.8,Low,Active,,0,0
3622,69,2026-09-01,69355.0,1.067,>1.05 (Premium),74.9,2.9,3,0,1,10.1,Low,Active,,0,0
3623,36,2026-09-01,135975.0,0.777,<0.85 (Critical Underpay),86.5,5.7,3,1,0,19.3,Low,Active,,0,0
3624,30,2026-09-01,58435.0,0.899,0.85-0.95 (Below Median),73.8,9.2,4,0,0,29.1,Low,Active,,0,0
3625,69,2026-09-01,197400.0,0.94,0.85-0.95 (Below Median),83.0,34.9,3,0,1,59.1,Moderate,Voluntary Resignation,Personal / Relocation,1,1
3626,46,2026-09-01,219870.0,1.047,0.95-1.05 (Target),96.9,16.961241714879154,3,0,1,27.4,Low,Active,,0,0
3627,49,2026-09-01,88160.0,0.928,0.85-0.95 (Below Median),71.6,2.3,3,0,0,12.2,Low,Active,,0,0
3628,70,2026-09-01,95285.0,1.003,0.95-1.05 (Target),70.0,10.9,2,0,0,29.0,Low,Active,,0,0
3629,6,2026-09-01,182700.0,1.044,0.95-1.05 (Target),89.6,29.9,2,0,1,51.0,Moderate,Active,,0,0
3630,19,2026-09-01,56030.0,0.862,0.85-0.95 (Below Median),95.6,36.03699173805984,3,1,0,62.0,Elevated,Active,,0,0
3631,34,2026-09-01,83030.0,0.874,0.85-0.95 (Below Median),77.6,4.6,2,0,0,16.0,Low,Voluntary Resignation,Competitive Compensation Offer,0,1
3632,74,2026-09-01,62855.0,0.967,0.95-1.05 (Target),74.1,9.8,3,0,0,28.4,Low,Active,,0,0
3633,44,2026-09-01,81795.0,0.861,0.85-0.95 (Below Median),84.8,44.2,3,0,0,71.8,Elevated,Voluntary Resignation,Competitive Compensation Offer,0,1
3634,51,2026-09-01,125685.0,0.931,0.85-0.95 (Below Median),89.1,6.4,3,0,0,9.1,Low,Voluntary Resignation,Personal / Relocation,1,1
3635,51,2026-09-01,59735.0,0.919,0.85-0.95 (Below Median),83.7,19.7,5,0,1,41.3,Moderate,Active,,0,0
3636,84,2026-09-01,85215.0,0.897,0.85-0.95 (Below Median),94.6,5.6,3,1,1,16.8,Low,Active,,0,0
3637,59,2026-09-01,88730.0,0.934,0.85-0.95 (Below Median),88.7,3.6,3,0,0,13.6,Low,Active,,0,0
3638,24,2026-09-01,100985.0,1.063,>1.05 (Premium),80.2,18.0,3,0,0,28.3,Low,Voluntary Resignation,Personal / Relocation,0,1
3639,10,2026-09-01,93955.0,0.989,0.95-1.05 (Target),93.0,0.4,3,0,1,8.7,Low,Voluntary Resignation,Personal / Relocation,0,1
3640,52,2026-09-01,153360.0,1.136,>1.05 (Premium),83.6,9.1,3,0,0,16.2,Low,Active,,0,0
3641,4,2026-09-01,93575.0,0.985,0.95-1.05 (Target),96.0,42.60452104221326,3,1,0,75.4,Elevated,Voluntary Resignation,Work-Life Balance & Fatigue,0,1
3642,21,2026-09-01,71155.0,0.749,<0.85 (Critical Underpay),91.4,1.6,4,0,0,6.9,Low,Active,,0,0
3643,55,2026-09-01,136485.0,1.011,0.95-1.05 (Target),74.3,21.1,3,0,1,41.1,Moderate,Active,,0,0
3644,46,2026-09-01,126000.0,0.72,<0.85 (Critical Underpay),78.7,10.0,2,1,0,25.6,Low,Active,,0,0
3645,42,2026-09-01,70850.0,1.09,>1.05 (Premium),89.7,3.4,3,1,1,18.3,Low,Voluntary Resignation,Personal / Relocation,0,1
3646,81,2026-09-01,246740.0,0.949,0.85-0.95 (Below Median),92.1,1.5,3,0,0,10.8,Low,Active,,0,0
3647,72,2026-09-01,107065.0,1.127,>1.05 (Premium),86.8,6.8,4,0,0,13.6,Low,Active,,0,0
3648,36,2026-09-01,75905.0,0.799,<0.85 (Critical Underpay),69.7,7.4,3,0,0,20.9,Low,Voluntary Resignation,Competitive Compensation Offer,0,1
3649,9,2026-09-01,98610.0,1.038,0.95-1.05 (Target),81.6,0.2,2,1,0,15.5,Low,Active,,0,0
3650,37,2026-09-01,205590.0,0.979,0.95-1.05 (Target),88.2,22.1,3,1,0,42.9,Moderate,Active,,0,0
3651,67,2026-09-01,74880.0,1.152,>1.05 (Premium),99.5,20.248224132421896,4,0,0,29.3,Low,Active,,0,0
3652,30,2026-09-01,90535.0,0.953,0.95-1.05 (Target),82.1,10.0,5,1,0,12.9,Low,Active,,0,0
3653,53,2026-09-01,58955.0,0.907,0.85-0.95 (Below Median),80.7,31.0,3,1,1,47.1,Moderate,Active,,0,0
3654,67,2026-09-01,134865.0,0.999,0.95-1.05 (Target),67.7,9.3,4,0,0,19.2,Low,Active,,0,0
3655,14,2026-09-01,213570.0,1.017,0.95-1.05 (Target),78.7,8.0,2,0,0,17.3,Low,Active,,0,0
3656,66,2026-09-01,122985.0,0.911,0.85-0.95 (Below Median),86.0,33.4,3,0,0,57.9,Moderate,Voluntary Resignation,Personal / Relocation,1,1
3657,45,2026-09-01,71110.0,1.094,>1.05 (Premium),78.1,2.6,3,0,0,9.2,Low,Active,,0,0
3658,15,2026-09-01,206850.0,0.985,0.95-1.05 (Target),83.3,5.9,3,1,1,7.4,Low,Active,,0,0
3659,20,2026-09-01,163975.0,0.937,0.85-0.95 (Below Median),71.0,23.2,3,0,0,37.1,Moderate,Active,,0,0
3660,31,2026-09-01,62920.0,0.968,0.95-1.05 (Target),69.3,5.2,3,1,1,14.9,Low,Active,,0,0
3661,58,2026-09-01,195090.0,0.929,0.85-0.95 (Below Median),89.3,15.5,4,0,0,36.0,Moderate,Active,,0,0
3662,32,2026-09-01,99465.0,1.047,0.95-1.05 (Target),89.1,7.1,3,1,0,7.6,Low,Active,,0,0
3663,18,2026-09-01,83695.0,0.881,0.85-0.95 (Below Median),75.6,2.5,5,0,1,13.4,Low,Active,,0,0
3664,23,2026-09-01,51675.0,0.795,<0.85 (Critical Underpay),84.2,19.9,3,0,1,36.0,Moderate,Voluntary Resignation,Competitive Compensation Offer,0,1
3665,24,2026-09-01,61880.0,0.952,0.95-1.05 (Target),85.0,11.7,4,0,0,23.0,Low,Active,,0,0
3666,67,2026-09-01,122580.0,0.908,0.85-0.95 (Below Median),86.9,1.9,2,0,0,12.1,Low,Voluntary Resignation,Personal / Relocation,1,1
3667,28,2026-09-01,69225.0,1.065,>1.05 (Premium),97.1,65.0,3,0,0,92.7,Critical Exhaustion,Voluntary Resignation,Work-Life Balance & Fatigue,0,1
3668,58,2026-09-01,67535.0,1.039,0.95-1.05 (Target),86.1,14.9,3,0,1,25.1,Low,Active,,0,0
3669,16,2026-09-01,141885.0,1.051,>1.05 (Premium),81.4,23.2,5,0,1,26.8,Low,Active,,0,0
3670,30,2026-09-01,129195.0,0.957,0.95-1.05 (Target),60.4,24.3,1,1,0,38.0,Moderate,Active,,0,0
3671,61,2026-09-01,62010.0,0.954,0.95-1.05 (Target),91.1,32.0,3,1,1,63.3,Elevated,Voluntary Resignation,Personal / Relocation,0,1
3672,41,2026-09-01,91485.0,0.963,0.95-1.05 (Target),91.0,1.4,3,0,0,18.4,Low,Active,,0,0
3673,15,2026-09-01,169575.0,0.969,0.95-1.05 (Target),76.8,2.0,3,0,0,11.0,Low,Active,,0,0
3674,21,2026-09-01,89585.0,0.943,0.85-0.95 (Below Median),83.1,8.7,3,0,0,19.6,Low,Active,,0,0
3675,18,2026-09-01,62010.0,0.954,0.95-1.05 (Target),77.7,10.0,3,0,1,28.9,Low,Voluntary Resignation,Personal / Relocation,0,1
3676,68,2026-09-01,85500.0,0.9,0.85-0.95 (Below Median),90.4,32.2,3,0,0,56.6,Moderate,Active,,0,0
3677,60,2026-09-01,121635.0,0.901,0.85-0.95 (Below Median),85.8,27.9,3,1,0,43.5,Moderate,Active,,0,0
3678,63,2026-09-01,102315.0,1.077,>1.05 (Premium),92.5,0.2,3,1,0,5.0,Low,Active,,0,0
3679,8,2026-09-01,147420.0,1.092,>1.05 (Premium),70.0,2.4,3,0,1,9.0,Low,Active,,0,0
3680,74,2026-09-01,62140.0,0.956,0.95-1.05 (Target),112.3,33.20848740257851,3,0,0,56.7,Moderate,Voluntary Resignation,Personal / Relocation,0,1
3681,41,2026-09-01,64545.0,0.993,0.95-1.05 (Target),85.9,8.1,4,1,0,17.9,Low,Active,,0,0
3682,83,2026-09-01,182910.0,0.871,0.85-0.95 (Below Median),78.3,7.1,3,0,0,19.1,Low,Active,,0,0
3683,82,2026-09-01,93765.0,0.987,0.95-1.05 (Target),72.9,6.8,4,0,1,8.4,Low,Active,,0,0
3684,30,2026-09-01,75145.0,0.791,<0.85 (Critical Underpay),91.7,12.5,3,0,0,35.2,Moderate,Active,,0,0
3685,77,2026-09-01,173600.0,0.992,0.95-1.05 (Target),87.3,5.4,3,0,1,14.6,Low,Active,,0,0
3686,9,2026-09-01,64805.0,0.997,0.95-1.05 (Target),89.5,4.9,4,0,0,5.9,Low,Active,,0,0
3687,24,2026-09-01,169925.0,0.971,0.95-1.05 (Target),109.6,38.53712091128666,3,0,0,62.8,Elevated,Voluntary Resignation,Personal / Relocation,1,1
3688,13,2026-09-01,122850.0,0.91,0.85-0.95 (Below Median),88.4,24.4,4,0,1,47.1,Moderate,Active,,0,0
3689,6,2026-09-01,83600.0,0.88,0.85-0.95 (Below Median),100.3,37.26352225961779,4,1,0,63.1,Elevated,Active,,0,0
3690,55,2026-09-01,108540.0,0.804,<0.85 (Critical Underpay),101.8,42.62800156091996,3,0,0,79.1,Elevated,Voluntary Resignation,Competitive Compensation Offer,1,1
3691,29,2026-09-01,62985.0,0.969,0.95-1.05 (Target),85.5,14.8,3,0,0,26.4,Low,Active,,0,0
3692,37,2026-09-01,82650.0,0.87,0.85-0.95 (Below Median),78.5,28.3,3,0,0,52.6,Moderate,Voluntary Resignation,Competitive Compensation Offer,0,1
3693,19,2026-09-01,257920.0,0.992,0.95-1.05 (Target),82.7,0.6,4,0,0,5.0,Low,Active,,0,0
3694,60,2026-09-01,93860.0,0.988,0.95-1.05 (Target),79.2,30.7,3,0,0,53.1,Moderate,Voluntary Resignation,Career Advancement & Role Velocity,0,1
3695,61,2026-09-01,59020.0,0.908,0.85-0.95 (Below Median),79.1,0.9,3,0,0,10.9,Low,Active,,0,0
3696,59,2026-09-01,93385.0,0.983,0.95-1.05 (Target),81.2,35.9,3,1,0,51.4,Moderate,Active,,0,0
3697,56,2026-09-01,156870.0,1.162,>1.05 (Premium),78.1,18.3,4,0,0,34.7,Low,Active,,0,0
3698,49,2026-09-01,59995.0,0.923,0.85-0.95 (Below Median),86.0,16.7,3,0,0,29.6,Low,Active,,0,0
3699,3,2026-09-01,58240.0,0.896,0.85-0.95 (Below Median),76.7,30.7,3,1,0,54.9,Moderate,Active,,0,0
3700,67,2026-09-01,151025.0,0.863,0.85-0.95 (Below Median),83.7,1.1,4,1,1,12.1,Low,Active,,0,0
3701,55,2026-09-01,57915.0,0.891,0.85-0.95 (Below Median),108.1,36.99588032664366,3,0,0,62.6,Elevated,Voluntary Resignation,Competitive Compensation Offer,0,1
3702,34,2026-09-01,94810.0,0.998,0.95-1.05 (Target),79.0,17.3,3,0,1,28.8,Low,Active,,0,0
3703,36,2026-09-01,71110.0,1.094,>1.05 (Premium),94.9,41.1,3,0,0,63.4,Elevated,Active,,0,0
3704,54,2026-09-01,62010.0,0.954,0.95-1.05 (Target),97.2,46.95992583804077,3,0,1,81.3,Critical Exhaustion,Active,,0,0
3705,3,2026-09-01,62855.0,0.967,0.95-1.05 (Target),86.5,9.9,4,1,1,20.5,Low,Active,,0,0
3706,65,2026-09-01,143370.0,1.062,>1.05 (Premium),89.8,13.9,4,0,1,15.4,Low,Active,,0,0
3707,23,2026-09-01,59020.0,0.908,0.85-0.95 (Below Median),83.1,13.2,4,0,0,25.7,Low,Active,,0,0
3708,48,2026-09-01,64805.0,0.997,0.95-1.05 (Target),78.0,7.2,5,0,0,16.7,Low,Active,,0,0
3709,51,2026-09-01,139725.0,1.035,0.95-1.05 (Target),78.1,10.1,4,0,1,19.4,Low,Active,,0,0
3710,34,2026-09-01,73320.0,1.128,>1.05 (Premium),83.8,3.5,4,0,1,5.0,Low,Active,,0,0
3711,4,2026-09-01,151900.0,0.868,0.85-0.95 (Below Median),62.6,16.2,3,0,1,38.1,Moderate,Active,,0,0
3712,83,2026-09-01,67795.0,1.043,0.95-1.05 (Target),72.9,5.3,3,0,0,5.5,Low,Voluntary Resignation,Personal / Relocation,0,1
3713,67,2026-09-01,53690.0,0.826,<0.85 (Critical Underpay),93.4,45.0,3,0,1,73.5,Elevated,Voluntary Resignation,Competitive Compensation Offer,0,1
3714,76,2026-09-01,198660.0,0.946,0.85-0.95 (Below Median),77.1,1.1,3,0,0,10.4,Low,Active,,0,0
3715,2,2026-09-01,90535.0,0.953,0.95-1.05 (Target),88.8,0.1,4,0,1,9.1,Low,Active,,0,0
3716,38,2026-09-01,138780.0,1.028,0.95-1.05 (Target),84.1,39.8,3,1,1,71.2,Elevated,Active,,0,0
3717,52,2026-09-01,93765.0,0.987,0.95-1.05 (Target),89.4,5.1,5,0,0,14.4,Low,Active,,0,0
3718,9,2026-09-01,87590.0,0.922,0.85-0.95 (Below Median),90.8,7.1,3,0,0,26.1,Low,Voluntary Resignation,Personal / Relocation,0,1
3719,26,2026-09-01,92910.0,0.978,0.95-1.05 (Target),77.4,0.6,4,0,1,9.2,Low,Voluntary Resignation,Personal / Relocation,1,1
3720,77,2026-09-01,86450.0,0.91,0.85-0.95 (Below Median),100.3,35.47696844397142,4,0,0,60.4,Elevated,Active,,0,0
3721,20,2026-09-01,83600.0,0.88,0.85-0.95 (Below Median),86.9,33.0,3,1,0,58.0,Moderate,Active,,0,0
3722,80,2026-09-01,97375.0,1.025,0.95-1.05 (Target),90.0,21.4,4,0,1,33.2,Low,Active,,0,0
3723,46,2026-09-01,178850.0,1.022,0.95-1.05 (Target),73.6,18.7,3,0,0,30.0,Low,Active,,0,0
3724,46,2026-09-01,49660.0,0.764,<0.85 (Critical Underpay),81.9,25.9,2,0,0,51.8,Moderate,Voluntary Resignation,Competitive Compensation Offer,0,1
3725,47,2026-09-01,80655.0,0.849,<0.85 (Critical Underpay),90.1,28.6,3,0,1,53.3,Moderate,Voluntary Resignation,Competitive Compensation Offer,0,1
3726,4,2026-09-01,99750.0,1.05,0.95-1.05 (Target),87.5,1.7,2,0,0,9.0,Low,Active,,0,0
3727,25,2026-09-01,114750.0,0.85,<0.85 (Critical Underpay),93.1,1.2,3,0,0,12.4,Low,Active,,0,0
3728,45,2026-09-01,280020.0,1.077,>1.05 (Premium),88.3,15.8,3,0,0,25.4,Low,Active,,0,0
3729,30,2026-09-01,61165.0,0.941,0.85-0.95 (Below Median),79.2,22.2,4,0,1,35.8,Moderate,Voluntary Resignation,Personal / Relocation,1,1
3730,38,2026-09-01,89965.0,0.947,0.85-0.95 (Below Median),85.8,17.9,3,0,0,30.5,Low,Active,,0,0
3731,81,2026-09-01,70070.0,1.078,>1.05 (Premium),63.5,4.2,3,0,1,5.0,Low,Active,,0,0
3732,42,2026-09-01,66755.0,1.027,0.95-1.05 (Target),90.8,15.9,3,0,0,26.5,Low,Active,,0,0
3733,56,2026-09-01,80275.0,0.845,<0.85 (Critical Underpay),80.6,5.1,5,0,1,17.2,Low,Active,,0,0
3734,50,2026-09-01,272480.0,1.048,0.95-1.05 (Target),92.7,25.6,3,0,1,37.8,Moderate,Active,,0,0
3735,28,2026-09-01,198275.0,1.133,>1.05 (Premium),79.2,14.0,3,0,1,14.1,Low,Active,,0,0
3736,29,2026-09-01,101650.0,1.07,>1.05 (Premium),98.8,19.847358526254908,3,0,0,30.4,Low,Active,,0,0
3737,83,2026-09-01,89015.0,0.937,0.85-0.95 (Below Median),79.5,35.2,2,1,1,51.5,Moderate,Active,,0,0
3738,25,2026-09-01,181475.0,1.037,0.95-1.05 (Target),87.0,6.2,3,0,0,14.7,Low,Active,,0,0
3739,13,2026-09-01,66560.0,1.024,0.95-1.05 (Target),99.4,31.82236333000455,5,1,1,53.7,Moderate,Active,,0,0
3740,59,2026-09-01,81605.0,0.859,0.85-0.95 (Below Median),79.9,9.1,3,0,0,21.7,Low,Voluntary Resignation,Competitive Compensation Offer,0,1
3741,52,2026-09-01,90820.0,0.956,0.95-1.05 (Target),97.1,30.16528042034394,3,0,0,53.1,Moderate,Active,,0,0
3742,61,2026-09-01,59020.0,0.908,0.85-0.95 (Below Median),86.1,16.3,3,0,0,29.4,Low,Voluntary Resignation,Personal / Relocation,0,1
3743,70,2026-09-01,160650.0,0.918,0.85-0.95 (Below Median),100.7,32.147646786656566,4,0,1,56.2,Moderate,Voluntary Resignation,Personal / Relocation,1,1
3744,36,2026-09-01,86260.0,0.908,0.85-0.95 (Below Median),73.7,6.3,2,0,0,17.4,Low,Active,,0,0
3745,57,2026-09-01,127035.0,0.941,0.85-0.95 (Below Median),86.5,8.0,3,1,1,18.8,Low,Active,,0,0
3746,73,2026-09-01,93860.0,0.988,0.95-1.05 (Target),93.0,2.9,1,0,0,5.0,Low,Active,,0,0
3747,28,2026-09-01,108775.0,1.145,>1.05 (Premium),74.0,8.8,4,0,0,15.7,Low,Active,,0,0
3748,57,2026-09-01,154350.0,0.882,0.85-0.95 (Below Median),74.7,5.7,2,0,0,17.2,Low,Active,,0,0
3749,77,2026-09-01,63765.0,0.981,0.95-1.05 (Target),88.0,2.5,2,0,0,11.4,Low,Active,,0,0
3750,14,2026-09-01,166320.0,1.232,>1.05 (Premium),91.8,3.8,3,0,0,7.9,Low,Active,,0,0
3751,38,2026-09-01,69030.0,1.062,>1.05 (Premium),93.6,7.9,3,0,0,24.2,Low,Active,,0,0
3752,8,2026-09-01,201600.0,0.96,0.95-1.05 (Target),81.5,8.2,3,0,1,10.6,Low,Active,,0,0
3753,80,2026-09-01,91010.0,0.958,0.95-1.05 (Target),76.9,19.6,3,1,0,40.4,Moderate,Active,,0,0
3754,22,2026-09-01,217980.0,1.038,0.95-1.05 (Target),89.8,17.6,3,0,0,20.4,Low,Active,,0,0
3755,27,2026-09-01,60840.0,0.936,0.85-0.95 (Below Median),75.3,10.5,3,0,1,21.9,Low,Active,,0,0
3756,16,2026-09-01,141925.0,0.811,<0.85 (Critical Underpay),83.9,10.5,2,0,1,24.4,Low,Active,,0,0
3757,27,2026-09-01,139860.0,1.036,0.95-1.05 (Target),76.6,1.7,3,0,1,5.0,Low,Active,,0,0
3758,2,2026-09-01,65910.0,1.014,0.95-1.05 (Target),93.4,19.7,2,1,1,31.4,Low,Voluntary Resignation,Personal / Relocation,0,1
3759,2,2026-09-01,83885.0,0.883,0.85-0.95 (Below Median),79.2,1.0,4,1,0,11.5,Low,Active,,0,0
3760,3,2026-09-01,68315.0,1.051,>1.05 (Premium),84.5,14.9,3,0,1,24.9,Low,Voluntary Resignation,Personal / Relocation,0,1
3761,4,2026-09-01,66950.0,1.03,0.95-1.05 (Target),86.5,6.8,4,0,1,15.6,Low,Active,,0,0
3762,18,2026-09-01,61880.0,0.952,0.95-1.05 (Target),77.2,4.7,2,0,0,14.6,Low,Active,,0,0
3763,67,2026-09-01,97565.0,1.027,0.95-1.05 (Target),111.0,29.179610502958,3,0,1,42.5,Moderate,Active,,0,0
3764,19,2026-09-01,57525.0,0.885,0.85-0.95 (Below Median),96.0,35.17146057365137,5,0,1,60.5,Elevated,Voluntary Resignation,Competitive Compensation Offer,1,1
3765,18,2026-09-01,63115.0,0.971,0.95-1.05 (Target),87.3,6.4,4,0,0,8.3,Low,Active,,0,0
3766,44,2026-09-01,135270.0,1.002,0.95-1.05 (Target),90.1,8.3,4,0,0,17.9,Low,Voluntary Resignation,Personal / Relocation,1,1
3767,2,2026-09-01,96710.0,1.018,0.95-1.05 (Target),92.2,0.9,5,0,1,8.7,Low,Active,,0,0
3768,62,2026-09-01,81035.0,0.853,0.85-0.95 (Below Median),84.3,19.9,3,0,0,42.8,Moderate,Active,,0,0
3769,3,2026-09-01,123390.0,0.914,0.85-0.95 (Below Median),81.3,0.0,4,0,1,9.7,Low,Voluntary Resignation,Personal / Relocation,1,1
3770,10,2026-09-01,122040.0,0.904,0.85-0.95 (Below Median),88.8,10.0,3,1,0,21.9,Low,Active,,0,0
3771,46,2026-09-01,58175.0,0.895,0.85-0.95 (Below Median),84.1,23.1,2,0,0,45.8,Moderate,Active,,0,0
3772,72,2026-09-01,90725.0,0.955,0.95-1.05 (Target),87.0,31.5,3,0,1,46.7,Moderate,Active,,0,0
3773,7,2026-09-01,64090.0,0.986,0.95-1.05 (Target),95.5,43.27076610452529,4,0,1,68.2,Elevated,Voluntary Resignation,Work-Life Balance & Fatigue,1,1
3774,58,2026-09-01,98230.0,1.034,0.95-1.05 (Target),83.2,3.3,3,0,0,11.3,Low,Active,,0,0
3775,44,2026-09-01,77330.0,0.814,<0.85 (Critical Underpay),91.8,29.8,3,1,1,55.5,Moderate,Active,,0,0
3776,57,2026-09-01,81035.0,0.853,0.85-0.95 (Below Median),83.4,52.6,1,1,1,82.1,Critical Exhaustion,Voluntary Resignation,Competitive Compensation Offer,0,1
3777,44,2026-09-01,84930.0,0.894,0.85-0.95 (Below Median),88.1,1.3,5,0,0,11.7,Low,Active,,0,0
3778,80,2026-09-01,69680.0,1.072,>1.05 (Premium),80.4,12.5,4,0,0,13.6,Low,Active,,0,0
3779,29,2026-09-01,99180.0,1.044,0.95-1.05 (Target),100.6,32.21448347143158,5,0,0,45.8,Moderate,Voluntary Resignation,Personal / Relocation,1,1
3780,53,2026-09-01,94050.0,0.99,0.95-1.05 (Target),81.1,63.9,2,0,0,92.9,Critical Exhaustion,Voluntary Resignation,Work-Life Balance & Fatigue,0,1
3781,44,2026-09-01,115830.0,0.858,0.85-0.95 (Below Median),75.9,1.7,3,0,0,12.9,Low,Active,,0,0
3782,84,2026-09-01,138645.0,1.027,0.95-1.05 (Target),90.3,0.1,4,0,1,7.6,Low,Active,,0,0
3783,20,2026-09-01,92720.0,0.976,0.95-1.05 (Target),94.7,27.3,3,0,0,49.2,Moderate,Voluntary Resignation,Personal / Relocation,0,1
3784,1,2026-09-01,165900.0,0.948,0.85-0.95 (Below Median),93.3,20.6,3,0,0,41.8,Moderate,Active,,0,0
3785,36,2026-09-01,61945.0,0.953,0.95-1.05 (Target),83.8,11.2,3,0,0,22.4,Low,Voluntary Resignation,Career Advancement & Role Velocity,0,1
3786,32,2026-09-01,59020.0,0.908,0.85-0.95 (Below Median),80.1,9.6,4,0,0,29.4,Low,Active,,0,0
3787,70,2026-09-01,178290.0,0.849,<0.85 (Critical Underpay),91.0,0.4,4,0,0,11.5,Low,Active,,0,0
3788,18,2026-09-01,85500.0,0.9,0.85-0.95 (Below Median),110.5,41.293783198993566,2,0,1,59.6,Moderate,Active,,0,0
3789,63,2026-09-01,56810.0,0.874,0.85-0.95 (Below Median),90.5,25.2,3,0,1,48.8,Moderate,Active,,0,0
3790,14,2026-09-01,149850.0,1.11,>1.05 (Premium),80.5,0.4,4,0,1,5.0,Low,Voluntary Resignation,Personal / Relocation,1,1
3791,61,2026-09-01,121635.0,0.901,0.85-0.95 (Below Median),91.0,45.7,4,0,0,72.8,Elevated,Voluntary Resignation,Work-Life Balance & Fatigue,1,1
3792,60,2026-09-01,93005.0,0.979,0.95-1.05 (Target),82.0,54.8,4,0,1,82.2,Critical Exhaustion,Voluntary Resignation,Work-Life Balance & Fatigue,1,1
3793,8,2026-09-01,94145.0,0.991,0.95-1.05 (Target),81.7,23.2,4,0,0,36.0,Moderate,Voluntary Resignation,Personal / Relocation,1,1
3794,10,2026-09-01,79420.0,0.836,<0.85 (Critical Underpay),98.1,22.36394433890997,2,0,0,38.1,Moderate,Active,,0,0
3795,25,2026-09-01,94335.0,0.993,0.95-1.05 (Target),91.4,13.4,4,0,0,24.2,Low,Voluntary Resignation,Personal / Relocation,1,1
3796,62,2026-09-01,92720.0,0.976,0.95-1.05 (Target),89.5,7.3,2,1,0,25.2,Low,Active,,0,0
3797,84,2026-09-01,127035.0,0.941,0.85-0.95 (Below Median),74.2,1.3,3,1,0,5.0,Low,Active,,0,0
3798,81,2026-09-01,71370.0,1.098,>1.05 (Premium),94.9,0.7,4,1,0,6.9,Low,Active,,0,0
3799,14,2026-09-01,108945.0,0.807,<0.85 (Critical Underpay),74.2,1.2,2,0,0,13.3,Low,Active,,0,0
3800,77,2026-09-01,59150.0,0.91,0.85-0.95 (Below Median),98.5,22.91136237293781,4,0,0,45.3,Moderate,Voluntary Resignation,Personal / Relocation,1,1
3801,62,2026-09-01,205590.0,0.979,0.95-1.05 (Target),83.2,26.3,4,0,1,48.0,Moderate,Voluntary Resignation,Personal / Relocation,1,1
3802,68,2026-09-01,87400.0,0.92,0.85-0.95 (Below Median),83.3,12.7,3,1,1,24.8,Low,Voluntary Resignation,Personal / Relocation,0,1
3803,55,2026-09-01,73320.0,1.128,>1.05 (Premium),81.6,23.4,4,0,0,41.5,Moderate,Active,,0,0
3804,35,2026-09-01,61230.0,0.942,0.85-0.95 (Below Median),82.1,3.1,3,1,1,12.9,Low,Active,,0,0
3805,29,2026-09-01,101270.0,1.066,>1.05 (Premium),79.4,1.8,3,1,0,8.8,Low,Active,,0,0
3806,42,2026-09-01,96330.0,1.014,0.95-1.05 (Target),75.4,8.8,3,1,1,18.3,Low,Voluntary Resignation,Personal / Relocation,0,1
3807,77,2026-09-01,87780.0,0.924,0.85-0.95 (Below Median),67.2,5.8,3,0,0,16.5,Low,Active,,0,0
3808,3,2026-09-01,90440.0,0.952,0.95-1.05 (Target),74.4,7.6,5,0,0,18.1,Low,Voluntary Resignation,Personal / Relocation,1,1
3809,18,2026-09-01,78755.0,0.829,<0.85 (Critical Underpay),87.3,6.7,4,0,0,19.5,Low,Active,,0,0
3810,75,2026-09-01,100700.0,1.06,>1.05 (Premium),73.0,15.0,3,1,0,32.8,Low,Active,,0,0
3811,39,2026-09-01,74385.0,0.783,<0.85 (Critical Underpay),81.5,3.3,3,0,1,24.3,Low,Voluntary Resignation,Competitive Compensation Offer,0,1
3812,35,2026-09-01,90535.0,0.953,0.95-1.05 (Target),79.4,3.2,2,0,0,12.8,Low,Voluntary Resignation,Personal / Relocation,0,1
3813,72,2026-09-01,92055.0,0.969,0.95-1.05 (Target),98.7,23.297203119355267,5,0,0,44.6,Moderate,Active,,0,0
3814,71,2026-09-01,149625.0,0.855,0.85-0.95 (Below Median),82.5,28.7,3,0,0,53.3,Moderate,Voluntary Resignation,Competitive Compensation Offer,1,1
3815,12,2026-09-01,96425.0,1.015,0.95-1.05 (Target),74.5,43.9,3,0,1,76.4,Elevated,Active,,0,0
3816,48,2026-09-01,56420.0,0.868,0.85-0.95 (Below Median),77.6,0.6,2,1,1,11.4,Low,Active,,0,0
3817,8,2026-09-01,59410.0,0.914,0.85-0.95 (Below Median),73.5,9.6,3,0,0,21.2,Low,Voluntary Resignation,Personal / Relocation,0,1
3818,40,2026-09-01,151470.0,1.122,>1.05 (Premium),83.6,26.2,3,1,0,37.0,Moderate,Active,,0,0
3819,35,2026-09-01,90915.0,0.957,0.95-1.05 (Target),70.6,7.4,4,0,0,25.7,Low,Active,,0,0
3820,3,2026-09-01,64090.0,0.986,0.95-1.05 (Target),83.9,10.2,3,0,0,28.5,Low,Active,,0,0
3821,78,2026-09-01,168000.0,0.96,0.95-1.05 (Target),85.1,24.5,3,0,0,30.2,Low,Active,,0,0
3822,49,2026-09-01,53625.0,0.825,<0.85 (Critical Underpay),87.5,27.6,5,0,0,52.6,Moderate,Active,,0,0
3823,25,2026-09-01,97280.0,1.024,0.95-1.05 (Target),75.2,3.3,1,1,1,11.5,Low,Active,,0,0
3824,71,2026-09-01,157675.0,0.901,0.85-0.95 (Below Median),82.6,15.7,2,0,0,20.8,Low,Active,,0,0
3825,65,2026-09-01,115560.0,0.856,0.85-0.95 (Below Median),98.1,32.70102617953341,3,0,0,50.1,Moderate,Voluntary Resignation,Competitive Compensation Offer,1,1
3826,76,2026-09-01,203070.0,0.967,0.95-1.05 (Target),83.7,13.0,4,0,0,32.3,Low,Voluntary Resignation,Personal / Relocation,1,1
3827,48,2026-09-01,71045.0,1.093,>1.05 (Premium),92.7,9.3,3,1,0,9.3,Low,Active,,0,0
3828,9,2026-09-01,122580.0,0.908,0.85-0.95 (Below Median),78.3,6.4,3,0,1,17.5,Low,Active,,0,0
3829,52,2026-09-01,149100.0,0.852,0.85-0.95 (Below Median),83.6,0.8,3,0,1,11.9,Low,Active,,0,0
3830,32,2026-09-01,128520.0,0.952,0.95-1.05 (Target),109.3,26.670860494985163,2,0,1,49.0,Moderate,Voluntary Resignation,Personal / Relocation,1,1
3831,58,2026-09-01,158025.0,0.903,0.85-0.95 (Below Median),88.9,10.7,4,0,0,22.8,Low,Active,,0,0
3832,60,2026-09-01,85595.0,0.901,0.85-0.95 (Below Median),74.8,19.4,4,0,1,41.3,Moderate,Voluntary Resignation,Personal / Relocation,1,1
3833,16,2026-09-01,93290.0,0.982,0.95-1.05 (Target),81.0,10.4,4,0,0,20.8,Low,Active,,0,0
3834,27,2026-09-01,127845.0,0.947,0.85-0.95 (Below Median),82.2,6.6,2,0,0,25.0,Low,Active,,0,0
3835,24,2026-09-01,104975.0,1.105,>1.05 (Premium),71.3,5.0,5,0,0,19.9,Low,Active,,0,0
3836,56,2026-09-01,110295.0,0.817,<0.85 (Critical Underpay),97.9,19.117915634854405,3,1,0,42.6,Moderate,Voluntary Resignation,Competitive Compensation Offer,1,1
3837,83,2026-09-01,247260.0,0.951,0.95-1.05 (Target),93.5,7.8,4,0,0,18.3,Low,Active,,0,0
3838,84,2026-09-01,146610.0,1.086,>1.05 (Premium),104.6,30.2989738950068,4,0,0,50.6,Moderate,Active,,0,0
3839,49,2026-09-01,92625.0,0.975,0.95-1.05 (Target),90.3,14.6,2,0,1,26.0,Low,Active,,0,0
3840,67,2026-09-01,91390.0,0.962,0.95-1.05 (Target),93.9,4.2,4,1,0,13.8,Low,Active,,0,0
3841,83,2026-09-01,100985.0,1.063,>1.05 (Premium),87.5,4.7,2,0,0,12.4,Low,Active,,0,0
3842,58,2026-09-01,212100.0,1.01,0.95-1.05 (Target),76.2,50.1,3,0,1,75.9,Elevated,Voluntary Resignation,Work-Life Balance & Fatigue,1,1
3843,23,2026-09-01,140535.0,1.041,0.95-1.05 (Target),88.4,12.6,5,0,0,22.3,Low,Active,,0,0
3844,4,2026-09-01,135540.0,1.004,0.95-1.05 (Target),92.3,31.8,3,0,0,54.1,Moderate,Active,,0,0
3845,12,2026-09-01,175350.0,0.835,<0.85 (Critical Underpay),86.1,12.8,3,0,1,26.7,Low,Active,,0,0
3846,54,2026-09-01,120555.0,0.893,0.85-0.95 (Below Median),93.5,0.5,2,0,1,10.7,Low,Active,,0,0
3847,38,2026-09-01,71440.0,0.752,<0.85 (Critical Underpay),106.2,44.93604366222961,3,0,0,74.9,Elevated,Voluntary Resignation,Competitive Compensation Offer,0,1
3848,66,2026-09-01,98800.0,1.04,0.95-1.05 (Target),79.9,19.5,4,0,0,38.6,Moderate,Active,,0,0
3849,7,2026-09-01,52065.0,0.801,<0.85 (Critical Underpay),81.3,3.2,3,0,1,23.8,Low,Voluntary Resignation,Competitive Compensation Offer,0,1
3850,34,2026-09-01,135810.0,1.006,0.95-1.05 (Target),71.1,4.9,3,0,0,13.8,Low,Active,,0,0
3851,73,2026-09-01,51285.0,0.789,<0.85 (Critical Underpay),92.2,12.1,5,0,0,26.7,Low,Active,,0,0
3852,52,2026-09-01,65260.0,1.004,0.95-1.05 (Target),80.6,5.9,3,1,1,7.0,Low,Active,,0,0
3853,77,2026-09-01,56810.0,0.874,0.85-0.95 (Below Median),95.6,26.00812588767063,3,0,0,49.7,Moderate,Voluntary Resignation,Competitive Compensation Offer,0,1
3854,2,2026-09-01,103740.0,1.092,>1.05 (Premium),85.7,1.1,5,1,0,7.5,Low,Active,,0,0
3855,38,2026-09-01,207480.0,0.988,0.95-1.05 (Target),74.1,3.2,3,0,0,5.0,Low,Active,,0,0
3856,20,2026-09-01,125415.0,0.929,0.85-0.95 (Below Median),93.3,14.3,2,0,1,34.6,Low,Active,,0,0
3857,81,2026-09-01,101935.0,1.073,>1.05 (Premium),91.0,28.0,4,0,1,40.1,Moderate,Active,,0,0
3858,70,2026-09-01,69355.0,1.067,>1.05 (Premium),100.0,32.5819446493956,4,0,0,53.8,Moderate,Active,,0,0
3859,28,2026-09-01,196140.0,0.934,0.85-0.95 (Below Median),94.4,5.8,3,1,0,16.3,Low,Active,,0,0
3860,50,2026-09-01,90725.0,0.955,0.95-1.05 (Target),74.5,3.2,3,0,0,12.7,Low,Active,,0,0
3861,6,2026-09-01,86640.0,0.912,0.85-0.95 (Below Median),84.7,57.8,4,0,1,95.1,Critical Exhaustion,Voluntary Resignation,Work-Life Balance & Fatigue,1,1
3862,5,2026-09-01,129600.0,0.96,0.95-1.05 (Target),95.1,34.230273129795904,1,0,0,57.9,Moderate,Active,,0,0
3863,63,2026-09-01,58045.0,0.893,0.85-0.95 (Below Median),85.0,65.0,3,1,0,100.0,Critical Exhaustion,Voluntary Resignation,Competitive Compensation Offer,0,1
3864,29,2026-09-01,158550.0,0.906,0.85-0.95 (Below Median),73.4,47.5,3,0,0,74.9,Elevated,Voluntary Resignation,Work-Life Balance & Fatigue,1,1
3865,57,2026-09-01,89585.0,0.943,0.85-0.95 (Below Median),88.0,12.7,4,0,1,16.4,Low,Active,,0,0
3866,71,2026-09-01,80465.0,0.847,<0.85 (Critical Underpay),88.8,3.6,4,0,0,23.4,Low,Active,,0,0
3867,81,2026-09-01,80085.0,0.843,<0.85 (Critical Underpay),75.8,5.0,3,0,0,17.1,Low,Active,,0,0
3868,22,2026-09-01,98040.0,1.032,0.95-1.05 (Target),77.9,5.6,3,1,0,6.1,Low,Active,,0,0
3869,47,2026-09-01,98895.0,1.041,0.95-1.05 (Target),95.3,52.18144540477541,3,0,0,77.8,Elevated,Active,,0,0
3870,54,2026-09-01,61165.0,0.941,0.85-0.95 (Below Median),82.9,6.1,3,0,1,16.5,Low,Active,,0,0
3871,58,2026-09-01,92815.0,0.977,0.95-1.05 (Target),90.7,6.1,3,0,1,15.8,Low,Active,,0,0
3872,32,2026-09-01,120555.0,0.893,0.85-0.95 (Below Median),89.3,1.9,3,0,0,5.0,Low,Active,,0,0
3873,30,2026-09-01,245700.0,0.945,0.85-0.95 (Below Median),97.2,65.0,4,0,1,100.0,Critical Exhaustion,Voluntary Resignation,Work-Life Balance & Fatigue,1,1
3874,65,2026-09-01,83505.0,0.879,0.85-0.95 (Below Median),96.1,27.806631192596186,3,0,0,43.8,Moderate,Voluntary Resignation,Competitive Compensation Offer,0,1
3875,72,2026-09-01,175875.0,1.005,0.95-1.05 (Target),87.8,1.9,3,0,1,10.2,Low,Active,,0,0
3876,71,2026-09-01,83410.0,0.878,0.85-0.95 (Below Median),94.2,19.0,3,0,0,33.2,Low,Active,,0,0
3877,75,2026-09-01,69290.0,1.066,>1.05 (Premium),83.1,6.5,3,0,0,14.5,Low,Active,,0,0
3878,41,2026-09-01,155050.0,0.886,0.85-0.95 (Below Median),95.3,26.140579705127514,3,1,1,41.6,Moderate,Voluntary Resignation,Competitive Compensation Offer,1,1
3879,49,2026-09-01,94905.0,0.999,0.95-1.05 (Target),88.1,5.7,3,0,0,14.9,Low,Active,,0,0
3880,52,2026-09-01,143910.0,1.066,>1.05 (Premium),87.5,13.5,3,0,0,30.9,Low,Active,,0,0
3881,69,2026-09-01,95475.0,1.005,0.95-1.05 (Target),81.3,0.8,3,1,0,5.0,Low,Active,,0,0
3882,36,2026-09-01,84835.0,0.893,0.85-0.95 (Below Median),90.8,26.4,3,0,1,49.8,Moderate,Voluntary Resignation,Competitive Compensation Offer,0,1
3883,59,2026-09-01,85785.0,0.903,0.85-0.95 (Below Median),106.7,42.85806193969152,3,1,0,69.4,Elevated,Voluntary Resignation,Work-Life Balance & Fatigue,0,1
3884,11,2026-09-01,143100.0,1.06,>1.05 (Premium),91.2,10.8,3,0,0,19.8,Low,Active,,0,0
3885,54,2026-09-01,88540.0,0.932,0.85-0.95 (Below Median),91.1,4.1,3,0,0,14.3,Low,Active,,0,0
3886,65,2026-09-01,190890.0,0.909,0.85-0.95 (Below Median),85.4,33.2,3,0,0,65.7,Elevated,Active,,0,0
3887,70,2026-09-01,152600.0,0.872,0.85-0.95 (Below Median),79.5,0.1,2,1,0,18.7,Low,Active,,0,0
3888,7,2026-09-01,146475.0,1.085,>1.05 (Premium),95.0,1.0,4,0,0,7.5,Low,Active,,0,0
3889,68,2026-09-01,178850.0,1.022,0.95-1.05 (Target),73.8,9.4,3,0,0,26.8,Low,Active,,0,0
3890,7,2026-09-01,63180.0,0.972,0.95-1.05 (Target),85.8,12.6,2,0,1,31.7,Low,Active,,0,0
3891,71,2026-09-01,97660.0,1.028,0.95-1.05 (Target),84.1,5.5,3,0,0,14.0,Low,Active,,0,0
3892,58,2026-09-01,204540.0,0.974,0.95-1.05 (Target),75.9,2.9,4,0,0,12.0,Low,Active,,0,0
3893,75,2026-09-01,99085.0,1.043,0.95-1.05 (Target),76.9,14.9,4,1,1,25.0,Low,Active,,0,0
3894,32,2026-09-01,61685.0,0.949,0.85-0.95 (Below Median),94.7,1.5,2,0,0,10.8,Low,Active,,0,0
3895,24,2026-09-01,97660.0,1.028,0.95-1.05 (Target),93.3,35.3,5,0,0,65.8,Elevated,Active,,0,0
3896,27,2026-09-01,78090.0,0.822,<0.85 (Critical Underpay),96.4,23.472546242964565,3,0,1,47.7,Moderate,Active,,0,0
3897,39,2026-09-01,117045.0,0.867,0.85-0.95 (Below Median),91.5,14.1,3,1,0,27.6,Low,Active,,0,0
3898,4,2026-09-01,133650.0,0.99,0.95-1.05 (Target),96.5,29.42535675923474,3,0,0,59.5,Moderate,Active,,0,0
3899,40,2026-09-01,60125.0,0.925,0.85-0.95 (Below Median),90.9,6.0,4,1,0,16.7,Low,Active,,0,0
3900,57,2026-09-01,128790.0,0.954,0.95-1.05 (Target),94.4,49.7,3,0,0,84.6,Critical Exhaustion,Active,,0,0
3901,79,2026-09-01,161700.0,0.924,0.85-0.95 (Below Median),78.0,3.7,3,1,1,14.0,Low,Active,,0,0
3902,26,2026-09-01,139995.0,1.037,0.95-1.05 (Target),79.6,7.7,4,0,0,24.5,Low,Active,,0,0
3903,49,2026-09-01,64610.0,0.994,0.95-1.05 (Target),87.9,2.8,5,0,0,5.0,Low,Active,,0,0
3904,15,2026-09-01,88160.0,0.928,0.85-0.95 (Below Median),86.2,9.3,3,0,0,28.6,Low,Voluntary Resignation,Personal / Relocation,0,1
3905,79,2026-09-01,75335.0,0.793,<0.85 (Critical Underpay),89.1,6.3,2,0,1,27.7,Low,Active,,0,0
3906,73,2026-09-01,88160.0,0.928,0.85-0.95 (Below Median),90.7,19.9,3,0,0,33.3,Low,Voluntary Resignation,Personal / Relocation,0,1
3907,37,2026-09-01,129735.0,0.961,0.95-1.05 (Target),83.7,63.4,3,0,0,100.0,Critical Exhaustion,Voluntary Resignation,Work-Life Balance & Fatigue,1,1
3908,21,2026-09-01,157150.0,0.898,0.85-0.95 (Below Median),92.1,2.1,3,0,1,12.6,Low,Voluntary Resignation,Competitive Compensation Offer,1,1
3909,73,2026-09-01,67535.0,1.039,0.95-1.05 (Target),92.0,8.9,3,0,1,17.9,Low,Active,,0,0
3910,20,2026-09-01,77615.0,0.817,<0.85 (Critical Underpay),82.5,5.0,3,0,0,17.7,Low,Active,,0,0
3911,14,2026-09-01,125280.0,0.928,0.85-0.95 (Below Median),82.6,8.5,3,0,0,19.6,Low,Active,,0,0
3912,9,2026-09-01,63765.0,0.981,0.95-1.05 (Target),68.9,23.1,3,0,1,36.1,Moderate,Voluntary Resignation,Career Advancement & Role Velocity,0,1
3913,29,2026-09-01,57460.0,0.884,0.85-0.95 (Below Median),81.0,1.8,3,1,0,12.5,Low,Active,,0,0
3914,54,2026-09-01,63765.0,0.981,0.95-1.05 (Target),85.9,6.1,5,1,0,15.7,Low,Active,,0,0
3915,7,2026-09-01,83885.0,0.883,0.85-0.95 (Below Median),60.3,40.0,4,0,0,58.3,Moderate,Active,,0,0
3916,74,2026-09-01,93195.0,0.981,0.95-1.05 (Target),104.1,21.33791651857153,3,0,0,42.0,Moderate,Active,,0,0
3917,43,2026-09-01,96330.0,1.014,0.95-1.05 (Target),71.3,16.9,3,1,0,28.0,Low,Active,,0,0
3918,46,2026-09-01,159775.0,0.913,0.85-0.95 (Below Median),94.4,13.4,4,0,1,25.8,Low,Active,,0,0
3919,67,2026-09-01,60970.0,0.938,0.85-0.95 (Below Median),72.9,10.5,1,0,1,21.8,Low,Active,,0,0
3920,43,2026-09-01,150325.0,0.859,0.85-0.95 (Below Median),73.0,1.2,3,0,1,12.3,Low,Active,,0,0
3921,34,2026-09-01,121230.0,0.898,0.85-0.95 (Below Median),90.0,5.8,4,0,1,25.0,Low,Active,,0,0
3922,31,2026-09-01,60970.0,0.938,0.85-0.95 (Below Median),61.5,2.3,3,1,1,12.0,Low,Active,,0,0
3923,17,2026-09-01,89205.0,0.939,0.85-0.95 (Below Median),81.1,18.7,4,0,0,39.7,Moderate,Active,,0,0
3924,33,2026-09-01,92055.0,0.969,0.95-1.05 (Target),87.6,4.6,5,1,0,14.1,Low,Active,,0,0
3925,6,2026-09-01,91960.0,0.968,0.95-1.05 (Target),82.9,11.9,3,0,0,14.9,Low,Active,,0,0
3926,78,2026-09-01,64415.0,0.991,0.95-1.05 (Target),73.7,55.1,4,1,0,82.3,Critical Exhaustion,Voluntary Resignation,Work-Life Balance & Fatigue,1,1
3927,17,2026-09-01,100415.0,1.057,>1.05 (Premium),89.3,65.0,4,0,0,92.9,Critical Exhaustion,Voluntary Resignation,Work-Life Balance & Fatigue,1,1
3928,62,2026-09-01,61750.0,0.95,0.85-0.95 (Below Median),83.7,1.2,2,0,1,10.4,Low,Active,,0,0
3929,17,2026-09-01,92910.0,0.978,0.95-1.05 (Target),81.5,10.3,3,0,1,20.8,Low,Active,,0,0
3930,70,2026-09-01,81415.0,0.857,0.85-0.95 (Below Median),87.6,16.9,3,0,1,39.1,Moderate,Voluntary Resignation,Competitive Compensation Offer,0,1
3931,73,2026-09-01,135405.0,1.003,0.95-1.05 (Target),87.4,6.8,3,0,1,16.1,Low,Active,,0,0
3932,23,2026-09-01,135540.0,1.004,0.95-1.05 (Target),92.5,39.8,2,0,0,71.7,Elevated,Voluntary Resignation,Work-Life Balance & Fatigue,1,1
3933,84,2026-09-01,65195.0,1.003,0.95-1.05 (Target),86.7,11.2,3,0,0,13.4,Low,Active,,0,0
3934,68,2026-09-01,100415.0,1.057,>1.05 (Premium),76.5,10.5,3,0,1,27.5,Low,Active,,0,0
3935,26,2026-09-01,116640.0,0.864,0.85-0.95 (Below Median),86.3,8.1,3,1,1,28.4,Low,Active,,0,0
3936,78,2026-09-01,105545.0,1.111,>1.05 (Premium),103.5,50.53036968045832,1,1,1,74.4,Elevated,Active,,0,0
3937,18,2026-09-01,89300.0,0.94,0.85-0.95 (Below Median),73.7,9.7,2,0,0,20.8,Low,Active,,0,0
3938,44,2026-09-01,59800.0,0.92,0.85-0.95 (Below Median),75.9,1.6,3,0,1,11.5,Low,Voluntary Resignation,Personal / Relocation,0,1
3939,60,2026-09-01,92340.0,0.972,0.95-1.05 (Target),92.3,14.8,3,0,0,18.3,Low,Active,,0,0
3940,81,2026-09-01,61490.0,0.946,0.85-0.95 (Below Median),78.1,4.4,5,0,0,14.4,Low,Active,,0,0
3941,72,2026-09-01,88255.0,0.929,0.85-0.95 (Below Median),83.4,0.9,3,0,0,10.5,Low,Active,,0,0
3942,18,2026-09-01,217360.0,0.836,<0.85 (Critical Underpay),88.1,10.2,3,0,1,31.5,Low,Voluntary Resignation,Competitive Compensation Offer,0,1
3943,49,2026-09-01,61165.0,0.941,0.85-0.95 (Below Median),87.1,22.1,3,1,0,43.7,Moderate,Voluntary Resignation,Personal / Relocation,0,1
3944,14,2026-09-01,168350.0,0.962,0.95-1.05 (Target),88.9,3.3,3,0,1,12.7,Low,Active,,0,0
3945,10,2026-09-01,138240.0,1.024,0.95-1.05 (Target),87.6,18.5,3,0,1,37.7,Moderate,Active,,0,0
3946,81,2026-09-01,62985.0,0.969,0.95-1.05 (Target),95.5,27.533047114205417,3,0,0,41.7,Moderate,Voluntary Resignation,Personal / Relocation,0,1
3947,30,2026-09-01,67275.0,1.035,0.95-1.05 (Target),81.4,11.1,4,0,0,12.6,Low,Active,,0,0
3948,9,2026-09-01,140130.0,1.038,0.95-1.05 (Target),87.1,47.7,3,0,0,80.5,Critical Exhaustion,Voluntary Resignation,Work-Life Balance & Fatigue,1,1
3949,34,2026-09-01,137700.0,1.02,0.95-1.05 (Target),83.3,1.5,3,0,0,9.4,Low,Active,,0,0
3950,24,2026-09-01,55835.0,0.859,0.85-0.95 (Below Median),97.3,50.31326763397496,2,1,0,87.2,Critical Exhaustion,Voluntary Resignation,Competitive Compensation Offer,0,1
3951,21,2026-09-01,90915.0,0.957,0.95-1.05 (Target),78.2,12.3,3,0,1,23.6,Low,Active,,0,0
3952,20,2026-09-01,177660.0,0.846,<0.85 (Critical Underpay),110.9,52.71098660343471,3,1,1,90.3,Critical Exhaustion,Voluntary Resignation,Competitive Compensation Offer,1,1
3953,20,2026-09-01,83030.0,0.874,0.85-0.95 (Below Median),83.8,28.6,3,0,0,44.8,Moderate,Active,,0,0
3954,6,2026-09-01,131625.0,0.975,0.95-1.05 (Target),94.0,3.3,3,0,0,12.5,Low,Active,,0,0
3955,69,2026-09-01,51870.0,0.798,<0.85 (Critical Underpay),83.2,40.1,3,0,0,68.2,Elevated,Voluntary Resignation,Competitive Compensation Offer,0,1
3956,39,2026-09-01,85215.0,0.897,0.85-0.95 (Below Median),86.6,22.5,4,0,1,37.1,Moderate,Voluntary Resignation,Competitive Compensation Offer,1,1
3957,17,2026-09-01,133380.0,0.988,0.95-1.05 (Target),78.8,17.0,3,0,0,36.6,Moderate,Active,,0,0
3958,33,2026-09-01,88825.0,0.935,0.85-0.95 (Below Median),88.8,10.8,3,1,0,22.3,Low,Active,,0,0
3959,19,2026-09-01,88255.0,0.929,0.85-0.95 (Below Median),83.8,57.5,3,0,0,86.4,Critical Exhaustion,Active,,0,0
3960,27,2026-09-01,85975.0,0.905,0.85-0.95 (Below Median),102.1,54.02924077949796,4,0,1,82.7,Critical Exhaustion,Active,,0,0
3961,55,2026-09-01,65260.0,1.004,0.95-1.05 (Target),91.0,36.0,2,0,0,59.1,Moderate,Voluntary Resignation,Personal / Relocation,0,1
3962,26,2026-09-01,135810.0,1.006,0.95-1.05 (Target),89.3,29.4,3,0,0,43.2,Moderate,Active,,0,0
3963,41,2026-09-01,66235.0,1.019,0.95-1.05 (Target),87.3,40.9,3,1,0,64.7,Elevated,Active,,0,0
3964,52,2026-09-01,256880.0,0.988,0.95-1.05 (Target),95.1,34.645895058863466,5,0,1,57.8,Moderate,Active,,0,0
3965,24,2026-09-01,85880.0,0.904,0.85-0.95 (Below Median),101.8,32.02130191370339,3,0,1,56.3,Moderate,Voluntary Resignation,Personal / Relocation,0,1
3966,1,2026-09-01,60905.0,0.937,0.85-0.95 (Below Median),78.6,2.4,4,1,1,12.1,Low,Active,,0,0
3967,78,2026-09-01,57785.0,0.889,0.85-0.95 (Below Median),92.5,11.2,4,0,0,15.7,Low,Active,,0,0
3968,17,2026-09-01,167370.0,0.797,<0.85 (Critical Underpay),79.7,17.1,5,0,0,40.6,Moderate,Voluntary Resignation,Competitive Compensation Offer,1,1
3969,82,2026-09-01,268060.0,1.031,0.95-1.05 (Target),88.8,35.8,3,1,1,58.3,Moderate,Voluntary Resignation,Personal / Relocation,0,1
3970,11,2026-09-01,161525.0,0.923,0.85-0.95 (Below Median),76.8,58.2,3,0,1,87.4,Critical Exhaustion,Voluntary Resignation,Work-Life Balance & Fatigue,1,1
3971,9,2026-09-01,105070.0,1.106,>1.05 (Premium),80.2,14.8,3,0,0,23.6,Low,Active,,0,0
3972,25,2026-09-01,143235.0,1.061,>1.05 (Premium),81.8,0.1,4,0,0,6.9,Low,Active,,0,0
3973,1,2026-09-01,64090.0,0.986,0.95-1.05 (Target),78.3,7.9,1,1,1,17.8,Low,Active,,0,0
3974,65,2026-09-01,54795.0,0.843,<0.85 (Critical Underpay),88.0,14.0,3,0,0,27.9,Low,Active,,0,0
3975,65,2026-09-01,137025.0,1.015,0.95-1.05 (Target),86.3,17.5,2,0,1,28.7,Low,Voluntary Resignation,Personal / Relocation,1,1
3976,28,2026-09-01,129330.0,0.958,0.95-1.05 (Target),79.8,5.0,3,0,0,6.8,Low,Active,,0,0
3977,66,2026-09-01,95760.0,1.008,0.95-1.05 (Target),81.9,7.9,3,0,0,17.3,Low,Active,,0,0
3978,23,2026-09-01,190400.0,1.088,>1.05 (Premium),81.1,8.5,3,1,1,16.4,Low,Active,,0,0
3979,53,2026-09-01,60255.0,0.927,0.85-0.95 (Below Median),96.2,22.137670183818276,2,0,0,44.0,Moderate,Active,,0,0
3980,55,2026-09-01,91960.0,0.968,0.95-1.05 (Target),75.9,21.8,3,0,1,42.8,Moderate,Active,,0,0
3981,8,2026-09-01,112455.0,0.833,<0.85 (Critical Underpay),85.7,42.3,3,0,0,78.1,Elevated,Active,,0,0
3982,78,2026-09-01,124875.0,0.925,0.85-0.95 (Below Median),74.9,47.9,3,0,0,75.0,Elevated,Voluntary Resignation,Work-Life Balance & Fatigue,1,1
3983,41,2026-09-01,123255.0,0.913,0.85-0.95 (Below Median),86.9,9.2,3,0,0,20.8,Low,Active,,0,0
3984,19,2026-09-01,69550.0,1.07,>1.05 (Premium),88.3,27.5,3,0,0,39.6,Moderate,Active,,0,0
3985,22,2026-09-01,97375.0,1.025,0.95-1.05 (Target),85.9,6.7,5,0,0,15.5,Low,Active,,0,0
3986,60,2026-09-01,56810.0,0.874,0.85-0.95 (Below Median),87.2,1.4,3,0,1,12.2,Low,Active,,0,0
3987,67,2026-09-01,61685.0,0.949,0.85-0.95 (Below Median),87.1,19.4,2,0,0,32.3,Low,Active,,0,0
3988,2,2026-09-01,208740.0,0.994,0.95-1.05 (Target),95.7,36.32367007185773,2,0,0,59.7,Moderate,Voluntary Resignation,Personal / Relocation,1,1
3989,18,2026-09-01,83885.0,0.883,0.85-0.95 (Below Median),88.6,28.4,4,0,0,52.4,Moderate,Active,,0,0
3990,48,2026-09-01,88160.0,0.928,0.85-0.95 (Below Median),70.8,2.1,3,0,0,12.0,Low,Active,,0,0
3991,30,2026-09-01,131760.0,0.976,0.95-1.05 (Target),70.3,12.5,4,0,1,23.5,Low,Active,,0,0
3992,46,2026-09-01,71760.0,1.104,>1.05 (Premium),79.9,4.7,3,0,0,11.6,Low,Active,,0,0
3993,56,2026-09-01,105300.0,0.78,<0.85 (Critical Underpay),84.4,3.9,3,1,1,17.1,Low,Voluntary Resignation,Competitive Compensation Offer,1,1
3994,47,2026-09-01,123930.0,0.918,0.85-0.95 (Below Median),81.9,6.0,3,0,1,16.8,Low,Active,,0,0
3995,79,2026-09-01,67015.0,1.031,0.95-1.05 (Target),102.2,24.434677483673617,3,0,1,36.7,Moderate,Active,,0,0
3996,46,2026-09-01,63830.0,0.982,0.95-1.05 (Target),77.2,14.9,4,0,0,26.2,Low,Voluntary Resignation,Personal / Relocation,1,1
3997,6,2026-09-01,65130.0,1.002,0.95-1.05 (Target),92.2,3.0,1,0,1,11.6,Low,Voluntary Resignation,Personal / Relocation,0,1
3998,71,2026-09-01,139860.0,1.036,0.95-1.05 (Target),85.7,25.7,4,0,0,38.1,Moderate,Voluntary Resignation,Personal / Relocation,1,1
3999,48,2026-09-01,91675.0,0.965,0.95-1.05 (Target),63.7,1.1,4,0,0,10.0,Low,Voluntary Resignation,Personal / Relocation,1,1
4000,53,2026-09-01,143235.0,1.061,>1.05 (Premium),78.0,5.4,2,0,1,13.3,Low,Active,,0,0
4001,26,2026-09-01,56615.0,0.871,0.85-0.95 (Below Median),98.4,35.45400683008352,4,1,0,61.1,Elevated,Voluntary Resignation,Competitive Compensation Offer,1,1
4002,76,2026-09-01,204330.0,0.973,0.95-1.05 (Target),89.2,1.3,3,0,0,18.1,Low,Active,,0,0
4003,82,2026-09-01,102315.0,1.077,>1.05 (Premium),88.1,0.8,4,0,0,7.4,Low,Active,,0,0
4004,33,2026-09-01,90630.0,0.954,0.95-1.05 (Target),94.7,1.8,2,1,0,11.1,Low,Active,,0,0
4005,7,2026-09-01,62075.0,0.955,0.95-1.05 (Target),84.6,1.9,2,1,0,5.0,Low,Voluntary Resignation,Personal / Relocation,0,1
4006,84,2026-09-01,74480.0,0.784,<0.85 (Critical Underpay),91.8,30.0,5,0,0,56.3,Moderate,Voluntary Resignation,Competitive Compensation Offer,1,1
4007,30,2026-09-01,81795.0,0.861,0.85-0.95 (Below Median),88.6,0.4,4,1,0,11.3,Low,Active,,0,0
4008,65,2026-09-01,73625.0,0.775,<0.85 (Critical Underpay),90.3,13.9,3,1,1,37.2,Moderate,Voluntary Resignation,Competitive Compensation Offer,0,1
4009,68,2026-09-01,97945.0,1.031,0.95-1.05 (Target),78.6,4.0,3,0,1,12.2,Low,Active,,0,0
4010,2,2026-09-01,191275.0,1.093,>1.05 (Premium),88.0,13.9,3,0,1,22.8,Low,Active,,0,0
4011,39,2026-09-01,159950.0,0.914,0.85-0.95 (Below Median),92.0,9.3,4,0,0,20.9,Low,Active,,0,0
4012,63,2026-09-01,70265.0,1.081,>1.05 (Premium),95.8,28.488587654668976,3,0,0,48.6,Moderate,Voluntary Resignation,Personal / Relocation,0,1
4013,76,2026-09-01,111720.0,1.176,>1.05 (Premium),80.2,20.0,2,0,0,36.5,Moderate,Voluntary Resignation,Personal / Relocation,0,1
4014,5,2026-09-01,85500.0,0.9,0.85-0.95 (Below Median),95.3,20.80705509768011,3,1,0,35.0,Low,Active,,0,0
4015,4,2026-09-01,57460.0,0.884,0.85-0.95 (Below Median),97.0,60.02847784533503,3,0,0,90.4,Critical Exhaustion,Voluntary Resignation,Competitive Compensation Offer,0,1
4016,43,2026-09-01,193830.0,0.923,0.85-0.95 (Below Median),79.3,10.6,2,0,0,22.3,Low,Active,,0,0
4017,29,2026-09-01,53040.0,0.816,<0.85 (Critical Underpay),74.6,1.9,3,0,0,14.0,Low,Active,,0,0
4018,78,2026-09-01,66430.0,1.022,0.95-1.05 (Target),73.4,14.5,3,0,0,33.0,Low,Active,,0,0
4019,46,2026-09-01,164150.0,0.938,0.85-0.95 (Below Median),79.9,13.2,3,0,0,25.1,Low,Active,,0,0
4020,68,2026-09-01,86545.0,0.911,0.85-0.95 (Below Median),91.3,2.7,3,0,0,5.0,Low,Active,,0,0
4021,4,2026-09-01,114210.0,0.846,<0.85 (Critical Underpay),117.1,24.452087542367085,3,0,1,48.4,Moderate,Voluntary Resignation,Competitive Compensation Offer,1,1
4022,42,2026-09-01,76760.0,0.808,<0.85 (Critical Underpay),84.0,42.2,4,0,1,70.5,Elevated,Voluntary Resignation,Competitive Compensation Offer,1,1
4023,37,2026-09-01,156465.0,1.159,>1.05 (Premium),82.7,15.0,4,0,0,22.8,Low,Active,,0,0
4024,76,2026-09-01,127710.0,0.946,0.85-0.95 (Below Median),92.3,48.8,3,0,1,75.6,Elevated,Active,,0,0
4025,39,2026-09-01,191940.0,0.914,0.85-0.95 (Below Median),92.6,7.3,4,0,1,18.5,Low,Voluntary Resignation,Personal / Relocation,1,1
4026,84,2026-09-01,104595.0,1.101,>1.05 (Premium),85.0,0.1,3,0,1,6.1,Low,Active,,0,0
4027,17,2026-09-01,87020.0,0.916,0.85-0.95 (Below Median),93.8,2.1,3,0,0,12.2,Low,Active,,0,0
4028,15,2026-09-01,263900.0,1.015,0.95-1.05 (Target),90.9,14.8,1,0,1,25.5,Low,Voluntary Resignation,Personal / Relocation,0,1
4029,5,2026-09-01,55835.0,0.859,0.85-0.95 (Below Median),101.3,47.125636033430766,4,1,0,83.4,Critical Exhaustion,Voluntary Resignation,Competitive Compensation Offer,1,1
4030,64,2026-09-01,177800.0,1.016,0.95-1.05 (Target),84.6,32.3,2,0,0,54.4,Moderate,Active,,0,0
4031,45,2026-09-01,57590.0,0.886,0.85-0.95 (Below Median),81.3,14.8,3,0,1,28.0,Low,Active,,0,0
4032,51,2026-09-01,139050.0,1.03,0.95-1.05 (Target),83.6,17.1,3,0,0,35.9,Moderate,Active,,0,0
4033,13,2026-09-01,141885.0,1.051,>1.05 (Premium),79.9,12.4,3,1,1,29.9,Low,Active,,0,0
4034,7,2026-09-01,58695.0,0.903,0.85-0.95 (Below Median),84.6,39.5,3,0,0,65.3,Elevated,Voluntary Resignation,Work-Life Balance & Fatigue,0,1
4035,21,2026-09-01,65260.0,1.004,0.95-1.05 (Target),86.7,3.0,2,0,0,11.5,Low,Active,,0,0
4036,60,2026-09-01,89870.0,0.946,0.85-0.95 (Below Median),83.8,20.1,5,0,0,41.2,Moderate,Active,,0,0
4037,28,2026-09-01,190260.0,0.906,0.85-0.95 (Below Median),101.0,22.593672861629354,3,0,0,45.0,Moderate,Voluntary Resignation,Career Advancement & Role Velocity,1,1
4038,30,2026-09-01,51090.0,0.786,<0.85 (Critical Underpay),83.1,59.0,3,1,0,91.1,Critical Exhaustion,Voluntary Resignation,Competitive Compensation Offer,0,1
4039,53,2026-09-01,161875.0,0.925,0.85-0.95 (Below Median),82.9,1.5,2,1,1,11.3,Low,Voluntary Resignation,Personal / Relocation,1,1
4040,45,2026-09-01,185500.0,1.06,>1.05 (Premium),102.6,18.54937255645601,4,0,0,29.1,Low,Active,,0,0
4041,55,2026-09-01,78850.0,0.83,<0.85 (Critical Underpay),88.6,50.5,3,0,0,88.0,Critical Exhaustion,Voluntary Resignation,Competitive Compensation Offer,0,1
4042,2,2026-09-01,91675.0,0.965,0.95-1.05 (Target),70.2,24.3,3,0,1,45.9,Moderate,Active,,0,0
4043,14,2026-09-01,135540.0,1.004,0.95-1.05 (Target),91.5,6.1,1,0,0,15.2,Low,Active,,0,0
4044,20,2026-09-01,119070.0,0.882,0.85-0.95 (Below Median),77.4,13.9,3,0,1,27.0,Low,Active,,0,0
4045,49,2026-09-01,99275.0,1.045,0.95-1.05 (Target),80.2,27.0,3,1,0,39.5,Moderate,Active,,0,0
4046,52,2026-09-01,109725.0,1.155,>1.05 (Premium),81.7,9.8,4,1,0,16.7,Low,Active,,0,0
4047,55,2026-09-01,184975.0,1.057,>1.05 (Premium),90.8,4.6,2,0,0,12.4,Low,Active,,0,0
4048,5,2026-09-01,90060.0,0.948,0.85-0.95 (Below Median),83.4,3.5,4,0,1,21.2,Low,Active,,0,0
4049,82,2026-09-01,83125.0,0.875,0.85-0.95 (Below Median),90.9,10.4,4,0,1,31.0,Low,Voluntary Resignation,Competitive Compensation Offer,1,1
4050,9,2026-09-01,98230.0,1.034,0.95-1.05 (Target),79.2,29.6,3,0,0,42.8,Moderate,Active,,0,0
4051,59,2026-09-01,131760.0,0.976,0.95-1.05 (Target),80.5,30.3,5,0,0,44.8,Moderate,Active,,0,0
4052,65,2026-09-01,129735.0,0.961,0.95-1.05 (Target),94.8,10.2,4,1,0,21.0,Low,Active,,0,0
4053,72,2026-09-01,61815.0,0.951,0.95-1.05 (Target),82.8,2.1,3,1,1,11.5,Low,Active,,0,0
4054,53,2026-09-01,132705.0,0.983,0.95-1.05 (Target),79.8,11.6,3,0,0,22.3,Low,Active,,0,0
4055,40,2026-09-01,123795.0,0.917,0.85-0.95 (Below Median),84.8,30.0,3,0,0,53.7,Moderate,Active,,0,0
4056,4,2026-09-01,61750.0,0.95,0.85-0.95 (Below Median),93.8,14.4,3,1,0,18.3,Low,Active,,0,0
4057,63,2026-09-01,48360.0,0.744,<0.85 (Critical Underpay),83.3,2.6,3,0,0,16.2,Low,Active,,0,0
4058,34,2026-09-01,79170.0,1.218,>1.05 (Premium),84.2,27.5,4,1,0,44.6,Moderate,Active,,0,0
4059,20,2026-09-01,196980.0,0.938,0.85-0.95 (Below Median),75.9,16.0,4,0,0,28.4,Low,Active,,0,0
4060,62,2026-09-01,100320.0,1.056,>1.05 (Premium),79.7,19.7,5,1,1,38.5,Moderate,Active,,0,0
4061,54,2026-09-01,57590.0,0.886,0.85-0.95 (Below Median),78.6,5.5,4,0,0,16.9,Low,Voluntary Resignation,Competitive Compensation Offer,1,1
4062,53,2026-09-01,67210.0,1.034,0.95-1.05 (Target),84.7,2.0,1,0,1,17.7,Low,Active,,0,0
4063,13,2026-09-01,87590.0,0.922,0.85-0.95 (Below Median),87.7,45.7,3,1,0,72.4,Elevated,Active,,0,0
4064,8,2026-09-01,58175.0,0.895,0.85-0.95 (Below Median),85.3,3.9,3,1,0,14.8,Low,Active,,0,0
4065,15,2026-09-01,87875.0,0.925,0.85-0.95 (Below Median),84.3,9.5,3,0,0,28.9,Low,Active,,0,0
4066,72,2026-09-01,93385.0,0.983,0.95-1.05 (Target),99.9,33.82639066709206,3,0,1,56.9,Moderate,Active,,0,0
4067,29,2026-09-01,86355.0,0.909,0.85-0.95 (Below Median),81.5,25.6,3,0,0,48.5,Moderate,Active,,0,0
4068,76,2026-09-01,66170.0,1.018,0.95-1.05 (Target),75.1,2.6,3,0,1,5.0,Low,Active,,0,0
4069,32,2026-09-01,63310.0,0.974,0.95-1.05 (Target),83.6,0.6,4,0,0,5.0,Low,Active,,0,0
4070,65,2026-09-01,81510.0,0.858,0.85-0.95 (Below Median),95.9,27.309458047279605,3,0,1,51.6,Moderate,Voluntary Resignation,Competitive Compensation Offer,0,1
4071,50,2026-09-01,177625.0,1.015,0.95-1.05 (Target),85.8,5.9,4,0,0,14.8,Low,Active,,0,0
4072,71,2026-09-01,213570.0,1.017,0.95-1.05 (Target),95.0,6.2,3,0,0,15.1,Low,Active,,0,0
4073,26,2026-09-01,85500.0,0.9,0.85-0.95 (Below Median),84.0,6.8,3,0,0,26.2,Low,Active,,0,0
4074,64,2026-09-01,165200.0,0.944,0.85-0.95 (Below Median),70.3,17.1,3,0,1,29.6,Low,Voluntary Resignation,Personal / Relocation,1,1
4075,64,2026-09-01,124740.0,0.924,0.85-0.95 (Below Median),98.2,33.29866471171372,3,0,1,57.5,Moderate,Voluntary Resignation,Personal / Relocation,1,1
4076,47,2026-09-01,68575.0,1.055,>1.05 (Premium),87.7,2.1,4,0,1,9.4,Low,Voluntary Resignation,Personal / Relocation,1,1
4077,41,2026-09-01,62270.0,0.958,0.95-1.05 (Target),79.1,14.0,2,0,1,33.6,Low,Active,,0,0
4078,58,2026-09-01,162000.0,1.2,>1.05 (Premium),89.4,4.1,3,1,0,8.9,Low,Active,,0,0
4079,21,2026-09-01,91580.0,0.964,0.95-1.05 (Target),84.8,2.3,2,1,0,11.5,Low,Active,,0,0
4080,24,2026-09-01,56030.0,0.862,0.85-0.95 (Below Median),97.9,20.959950773321733,4,0,0,43.9,Moderate,Active,,0,0
4081,38,2026-09-01,66235.0,1.019,0.95-1.05 (Target),90.1,4.1,3,1,0,12.5,Low,Active,,0,0
4082,83,2026-09-01,73125.0,1.125,>1.05 (Premium),95.2,57.27830703382082,2,0,0,90.2,Critical Exhaustion,Voluntary Resignation,Work-Life Balance & Fatigue,0,1
4083,62,2026-09-01,70070.0,1.078,>1.05 (Premium),73.3,10.7,2,0,0,27.3,Low,Active,,0,0
4084,84,2026-09-01,131760.0,0.976,0.95-1.05 (Target),83.1,4.1,3,0,1,21.4,Low,Active,,0,0
4085,62,2026-09-01,66495.0,1.023,0.95-1.05 (Target),85.5,23.3,3,0,0,35.5,Moderate,Active,,0,0
4086,56,2026-09-01,95760.0,1.008,0.95-1.05 (Target),95.4,65.0,2,0,0,100.0,Critical Exhaustion,Voluntary Resignation,Work-Life Balance & Fatigue,0,1
4087,44,2026-09-01,126900.0,0.94,0.85-0.95 (Below Median),87.5,60.5,3,0,0,97.8,Critical Exhaustion,Voluntary Resignation,Work-Life Balance & Fatigue,1,1
4088,33,2026-09-01,57785.0,0.889,0.85-0.95 (Below Median),77.1,6.4,3,0,0,17.9,Low,Active,,0,0
4089,23,2026-09-01,67340.0,1.036,0.95-1.05 (Target),85.1,47.3,3,0,0,72.0,Elevated,Voluntary Resignation,Work-Life Balance & Fatigue,0,1
4090,46,2026-09-01,81795.0,0.861,0.85-0.95 (Below Median),87.9,45.1,3,0,1,64.9,Elevated,Voluntary Resignation,Competitive Compensation Offer,0,1
4091,45,2026-09-01,95475.0,1.005,0.95-1.05 (Target),76.1,3.2,3,0,0,19.7,Low,Active,,0,0
4092,30,2026-09-01,110835.0,0.821,<0.85 (Critical Underpay),84.0,13.0,3,0,0,27.2,Low,Active,,0,0
4093,5,2026-09-01,66690.0,1.026,0.95-1.05 (Target),99.9,26.5850040399389,3,0,0,39.4,Moderate,Active,,0,0
4094,30,2026-09-01,149100.0,0.852,0.85-0.95 (Below Median),93.1,10.5,3,1,0,23.6,Low,Active,,0,0
4095,67,2026-09-01,260260.0,1.001,0.95-1.05 (Target),77.9,5.4,2,0,0,6.5,Low,Active,,0,0
4096,15,2026-09-01,90060.0,0.948,0.85-0.95 (Below Median),72.4,10.2,5,0,0,21.3,Low,Active,,0,0
4097,31,2026-09-01,121365.0,0.899,0.85-0.95 (Below Median),89.9,12.0,5,0,0,32.4,Low,Active,,0,0
4098,67,2026-09-01,139860.0,1.036,0.95-1.05 (Target),86.7,18.7,2,0,0,37.7,Moderate,Voluntary Resignation,Personal / Relocation,1,1
4099,76,2026-09-01,137565.0,1.019,0.95-1.05 (Target),94.4,11.7,3,0,0,21.7,Low,Active,,0,0
4100,31,2026-09-01,126360.0,0.936,0.85-0.95 (Below Median),71.3,1.6,2,0,0,5.0,Low,Active,,0,0
4101,63,2026-09-01,63570.0,0.978,0.95-1.05 (Target),80.5,9.3,3,0,1,19.6,Low,Active,,0,0
4102,6,2026-09-01,88160.0,0.928,0.85-0.95 (Below Median),84.1,0.0,3,0,0,9.4,Low,Active,,0,0
4103,51,2026-09-01,91010.0,0.958,0.95-1.05 (Target),92.8,1.5,2,0,1,18.6,Low,Active,,0,0
4104,40,2026-09-01,65975.0,1.015,0.95-1.05 (Target),79.6,24.2,4,1,0,44.7,Moderate,Active,,0,0
4105,3,2026-09-01,62790.0,0.966,0.95-1.05 (Target),90.9,8.3,3,0,1,18.6,Low,Active,,0,0
4106,77,2026-09-01,139725.0,1.035,0.95-1.05 (Target),87.5,6.5,3,0,1,7.1,Low,Active,,0,0
4107,74,2026-09-01,52845.0,0.813,<0.85 (Critical Underpay),85.7,8.7,3,0,0,14.2,Low,Active,,0,0
4108,77,2026-09-01,88445.0,0.931,0.85-0.95 (Below Median),82.2,5.8,3,1,0,16.3,Low,Active,,0,0
4109,13,2026-09-01,134730.0,0.998,0.95-1.05 (Target),81.9,11.0,3,0,0,29.2,Low,Active,,0,0
4110,67,2026-09-01,157850.0,0.902,0.85-0.95 (Below Median),95.4,37.49100274389452,4,1,0,62.9,Elevated,Voluntary Resignation,Personal / Relocation,1,1
4111,64,2026-09-01,67535.0,1.039,0.95-1.05 (Target),89.2,0.3,3,0,0,7.6,Low,Active,,0,0
4112,26,2026-09-01,213990.0,1.019,0.95-1.05 (Target),76.5,26.9,5,0,0,39.9,Moderate,Active,,0,0
4113,55,2026-09-01,62140.0,0.956,0.95-1.05 (Target),82.1,17.9,5,0,0,38.4,Moderate,Active,,0,0
4114,57,2026-09-01,65130.0,1.002,0.95-1.05 (Target),74.8,3.9,5,0,0,5.0,Low,Active,,0,0
4115,48,2026-09-01,108395.0,1.141,>1.05 (Premium),79.7,50.7,3,0,0,74.0,Elevated,Active,,0,0
4116,7,2026-09-01,87590.0,0.922,0.85-0.95 (Below Median),77.6,7.1,2,0,0,26.1,Low,Active,,0,0
4117,8,2026-09-01,134865.0,0.999,0.95-1.05 (Target),104.3,18.06729781160761,3,0,0,29.7,Low,Active,,0,0
4118,27,2026-09-01,93100.0,0.98,0.95-1.05 (Target),72.2,9.8,5,0,1,20.2,Low,Active,,0,0
4119,22,2026-09-01,122580.0,0.908,0.85-0.95 (Below Median),85.4,1.6,3,0,1,5.0,Low,Active,,0,0
4120,35,2026-09-01,102220.0,1.076,>1.05 (Premium),87.9,15.2,3,0,1,32.7,Low,Voluntary Resignation,Personal / Relocation,0,1
4121,27,2026-09-01,182350.0,1.042,0.95-1.05 (Target),72.8,44.5,3,0,0,68.6,Elevated,Voluntary Resignation,Work-Life Balance & Fatigue,1,1
4122,63,2026-09-01,149175.0,1.105,>1.05 (Premium),79.9,0.9,3,0,0,7.0,Low,Active,,0,0
4123,75,2026-09-01,67145.0,1.033,0.95-1.05 (Target),87.3,10.8,2,0,0,20.3,Low,Active,,0,0
4124,8,2026-09-01,60515.0,0.931,0.85-0.95 (Below Median),81.5,23.5,3,0,0,37.6,Moderate,Active,,0,0
4125,67,2026-09-01,96520.0,1.016,0.95-1.05 (Target),77.9,14.8,5,0,1,33.4,Low,Voluntary Resignation,Personal / Relocation,1,1
4126,84,2026-09-01,122310.0,0.906,0.85-0.95 (Below Median),90.3,3.6,1,0,0,22.2,Low,Active,,0,0
4127,3,2026-09-01,73970.0,1.138,>1.05 (Premium),73.8,20.9,3,1,0,30.3,Low,Active,,0,0
4128,83,2026-09-01,66885.0,1.029,0.95-1.05 (Target),94.1,18.7,5,0,1,37.9,Moderate,Active,,0,0
4129,32,2026-09-01,68770.0,1.058,>1.05 (Premium),92.8,24.9,1,0,1,44.7,Moderate,Voluntary Resignation,Personal / Relocation,0,1
4130,49,2026-09-01,110835.0,0.821,<0.85 (Critical Underpay),89.7,5.3,3,1,0,17.9,Low,Active,,0,0
4131,42,2026-09-01,62530.0,0.962,0.95-1.05 (Target),82.4,25.6,4,1,0,55.5,Moderate,Active,,0,0
4132,24,2026-09-01,103265.0,1.087,>1.05 (Premium),82.5,15.4,4,0,1,16.7,Low,Active,,0,0
4133,20,2026-09-01,66495.0,1.023,0.95-1.05 (Target),88.0,37.8,4,0,0,60.9,Elevated,Active,,0,0
4134,68,2026-09-01,126090.0,0.934,0.85-0.95 (Below Median),82.3,33.8,3,0,1,57.9,Moderate,Voluntary Resignation,Career Advancement & Role Velocity,1,1
4135,77,2026-09-01,92910.0,0.978,0.95-1.05 (Target),84.1,7.4,4,0,0,17.3,Low,Active,,0,0
4136,3,2026-09-01,83315.0,0.877,0.85-0.95 (Below Median),79.2,7.4,5,0,0,19.3,Low,Voluntary Resignation,Competitive Compensation Offer,1,1
4137,36,2026-09-01,64480.0,0.992,0.95-1.05 (Target),89.4,3.3,2,0,1,12.1,Low,Active,,0,0
4138,70,2026-09-01,60905.0,0.937,0.85-0.95 (Below Median),85.6,1.8,1,0,1,11.4,Low,Active,,0,0
4139,23,2026-09-01,229740.0,1.094,>1.05 (Premium),84.3,2.0,2,0,0,8.5,Low,Active,,0,0
4140,1,2026-09-01,96140.0,1.012,0.95-1.05 (Target),90.6,5.7,3,0,0,14.6,Low,Active,,0,0
4141,42,2026-09-01,115965.0,0.859,0.85-0.95 (Below Median),99.8,18.341608177519007,4,0,0,32.8,Low,Active,,0,0
4142,20,2026-09-01,60060.0,0.924,0.85-0.95 (Below Median),88.5,1.5,3,0,1,11.3,Low,Voluntary Resignation,Career Advancement & Role Velocity,0,1
4143,64,2026-09-01,56615.0,0.871,0.85-0.95 (Below Median),85.6,29.9,3,0,0,46.5,Moderate,Voluntary Resignation,Competitive Compensation Offer,0,1
4144,34,2026-09-01,175700.0,1.004,0.95-1.05 (Target),89.7,24.1,3,0,1,44.8,Moderate,Voluntary Resignation,Personal / Relocation,1,1
4145,72,2026-09-01,88255.0,0.929,0.85-0.95 (Below Median),98.1,37.39269307502201,4,0,0,62.3,Elevated,Voluntary Resignation,Personal / Relocation,1,1
4146,4,2026-09-01,65000.0,1.0,0.95-1.05 (Target),88.7,17.4,3,0,0,28.9,Low,Active,,0,0
4147,24,2026-09-01,104880.0,1.104,>1.05 (Premium),83.4,13.8,4,0,0,14.5,Low,Active,,0,0
4148,45,2026-09-01,93480.0,0.984,0.95-1.05 (Target),80.1,3.6,2,0,0,12.6,Low,Active,,0,0
4149,76,2026-09-01,102315.0,1.077,>1.05 (Premium),81.6,4.3,2,0,0,11.6,Low,Active,,0,0
4150,47,2026-09-01,53755.0,0.827,<0.85 (Critical Underpay),81.2,5.1,4,0,1,17.6,Low,Active,,0,0
4151,61,2026-09-01,68120.0,1.048,0.95-1.05 (Target),86.0,15.7,5,0,0,25.9,Low,Active,,0,0
4152,41,2026-09-01,66300.0,1.02,0.95-1.05 (Target),95.0,18.5,3,0,0,29.8,Low,Active,,0,0
4153,7,2026-09-01,244400.0,0.94,0.85-0.95 (Below Median),78.1,2.1,2,1,1,5.0,Low,Active,,0,0
4154,68,2026-09-01,93955.0,0.989,0.95-1.05 (Target),94.8,0.3,3,1,0,5.0,Low,Active,,0,0
4155,46,2026-09-01,56745.0,0.873,0.85-0.95 (Below Median),82.0,9.0,4,1,1,21.3,Low,Active,,0,0
4156,47,2026-09-01,79230.0,0.834,<0.85 (Critical Underpay),77.7,14.1,3,1,0,28.2,Low,Active,,0,0
4157,9,2026-09-01,129735.0,0.961,0.95-1.05 (Target),82.8,8.9,3,0,1,19.5,Low,Active,,0,0
4158,20,2026-09-01,56875.0,0.875,0.85-0.95 (Below Median),89.4,8.8,3,0,1,13.1,Low,Active,,0,0
4159,71,2026-09-01,57265.0,0.881,0.85-0.95 (Below Median),92.3,4.6,4,1,1,15.9,Low,Active,,0,0
4160,64,2026-09-01,57915.0,0.891,0.85-0.95 (Below Median),76.8,9.3,4,0,1,21.3,Low,Active,,0,0
4161,36,2026-09-01,60060.0,0.924,0.85-0.95 (Below Median),81.6,20.6,3,0,0,42.2,Moderate,Voluntary Resignation,Personal / Relocation,0,1
4162,13,2026-09-01,88730.0,0.934,0.85-0.95 (Below Median),94.0,5.4,3,0,0,7.8,Low,Active,,0,0
4163,25,2026-09-01,82365.0,0.867,0.85-0.95 (Below Median),88.4,4.4,3,0,0,15.9,Low,Active,,0,0
4164,77,2026-09-01,154700.0,0.884,0.85-0.95 (Below Median),94.6,64.3,3,0,1,100.0,Critical Exhaustion,Voluntary Resignation,Competitive Compensation Offer,1,1
4165,64,2026-09-01,63440.0,0.976,0.95-1.05 (Target),89.3,9.9,2,1,0,28.4,Low,Active,,0,0
4166,81,2026-09-01,54405.0,0.837,<0.85 (Critical Underpay),78.3,5.7,4,0,0,26.1,Low,Active,,0,0
4167,24,2026-09-01,60255.0,0.927,0.85-0.95 (Below Median),76.5,4.4,3,1,0,14.7,Low,Active,,0,0
4168,52,2026-09-01,60645.0,0.933,0.85-0.95 (Below Median),87.8,2.3,2,0,0,20.1,Low,Active,,0,0
4169,11,2026-09-01,94050.0,0.99,0.95-1.05 (Target),85.4,35.9,5,1,1,59.3,Moderate,Active,,0,0
4170,65,2026-09-01,76665.0,0.807,<0.85 (Critical Underpay),97.0,51.435262511842666,3,0,0,89.6,Critical Exhaustion,Voluntary Resignation,Competitive Compensation Offer,0,1
4171,38,2026-09-01,184800.0,1.056,>1.05 (Premium),79.2,3.7,4,0,0,11.3,Low,Active,,0,0
4172,26,2026-09-01,97185.0,1.023,0.95-1.05 (Target),81.0,13.2,2,0,0,23.4,Low,Active,,0,0
4173,16,2026-09-01,92245.0,0.971,0.95-1.05 (Target),95.5,57.75084243319294,4,0,0,85.9,Critical Exhaustion,Voluntary Resignation,Work-Life Balance & Fatigue,1,1
4174,9,2026-09-01,95285.0,1.003,0.95-1.05 (Target),81.7,9.8,4,0,0,11.7,Low,Active,,0,0
4175,73,2026-09-01,84550.0,0.89,0.85-0.95 (Below Median),83.4,41.5,3,1,0,76.0,Elevated,Voluntary Resignation,Competitive Compensation Offer,0,1
4176,42,2026-09-01,86450.0,0.91,0.85-0.95 (Below Median),95.5,65.0,4,0,0,95.8,Critical Exhaustion,Voluntary Resignation,Work-Life Balance & Fatigue,1,1
4177,42,2026-09-01,56355.0,0.867,0.85-0.95 (Below Median),81.7,7.3,4,0,0,19.4,Low,Active,,0,0
4178,5,2026-09-01,100320.0,1.056,>1.05 (Premium),81.6,26.3,3,1,1,46.4,Moderate,Active,,0,0
4179,68,2026-09-01,61685.0,0.949,0.85-0.95 (Below Median),71.5,3.3,3,0,0,5.0,Low,Voluntary Resignation,Personal / Relocation,0,1
4180,72,2026-09-01,58890.0,0.906,0.85-0.95 (Below Median),83.0,0.7,4,0,0,5.0,Low,Active,,0,0
4181,62,2026-09-01,87495.0,0.921,0.85-0.95 (Below Median),80.9,17.7,3,0,0,30.8,Low,Active,,0,0
4182,80,2026-09-01,123120.0,0.912,0.85-0.95 (Below Median),98.2,25.477388444384797,3,1,1,48.3,Moderate,Active,,0,0
4183,66,2026-09-01,103455.0,1.089,>1.05 (Premium),89.4,4.9,5,0,1,12.1,Low,Voluntary Resignation,Personal / Relocation,1,1
4184,49,2026-09-01,130140.0,0.964,0.95-1.05 (Target),83.0,19.8,3,0,0,40.5,Moderate,Active,,0,0
4185,67,2026-09-01,91105.0,0.959,0.95-1.05 (Target),86.6,2.5,3,1,0,11.8,Low,Active,,0,0
4186,10,2026-09-01,119340.0,0.884,0.85-0.95 (Below Median),89.6,2.2,3,1,1,21.0,Low,Active,,0,0
4187,59,2026-09-01,257400.0,0.99,0.95-1.05 (Target),82.9,23.3,3,1,1,44.2,Moderate,Voluntary Resignation,Personal / Relocation,0,1
4188,49,2026-09-01,58370.0,0.898,0.85-0.95 (Below Median),72.3,16.1,5,1,1,29.4,Low,Active,,0,0
4189,54,2026-09-01,60255.0,0.927,0.85-0.95 (Below Median),87.0,12.1,3,0,1,24.0,Low,Active,,0,0
4190,36,2026-09-01,97755.0,1.029,0.95-1.05 (Target),84.6,5.7,3,0,0,6.3,Low,Active,,0,0
4191,68,2026-09-01,157500.0,0.9,0.85-0.95 (Below Median),112.2,47.39070061568194,3,0,0,74.9,Elevated,Voluntary Resignation,Work-Life Balance & Fatigue,1,1
4192,58,2026-09-01,125685.0,0.931,0.85-0.95 (Below Median),75.8,21.5,2,0,1,35.2,Moderate,Voluntary Resignation,Personal / Relocation,1,1
4193,74,2026-09-01,131085.0,0.971,0.95-1.05 (Target),85.3,25.3,3,0,0,38.9,Moderate,Active,,0,0
4194,74,2026-09-01,171500.0,0.98,0.95-1.05 (Target),93.4,14.4,2,0,1,25.7,Low,Active,,0,0
4195,40,2026-09-01,124335.0,0.921,0.85-0.95 (Below Median),86.4,2.5,3,1,1,12.6,Low,Active,,0,0
4196,50,2026-09-01,61360.0,0.944,0.85-0.95 (Below Median),81.6,4.3,3,0,1,14.3,Low,Active,,0,0
4197,36,2026-09-01,87875.0,0.925,0.85-0.95 (Below Median),89.2,13.9,3,0,0,26.2,Low,Voluntary Resignation,Career Advancement & Role Velocity,0,1
4198,43,2026-09-01,244140.0,0.939,0.85-0.95 (Below Median),84.9,13.4,3,0,0,25.3,Low,Active,,0,0
4199,16,2026-09-01,120285.0,0.891,0.85-0.95 (Below Median),61.4,16.4,2,1,0,29.9,Low,Active,,0,0
4200,56,2026-09-01,159250.0,0.91,0.85-0.95 (Below Median),86.2,11.4,2,0,1,31.5,Low,Active,,0,0
4201,51,2026-09-01,70915.0,1.091,>1.05 (Premium),104.5,34.21895568827935,3,0,0,47.2,Moderate,Voluntary Resignation,Personal / Relocation,0,1
4202,71,2026-09-01,86355.0,0.909,0.85-0.95 (Below Median),84.7,16.1,4,1,0,29.1,Low,Active,,0,0
4203,20,2026-09-01,92435.0,0.973,0.95-1.05 (Target),78.4,5.3,2,0,0,22.9,Low,Voluntary Resignation,Personal / Relocation,0,1
4204,11,2026-09-01,97850.0,1.03,0.95-1.05 (Target),80.9,6.7,3,0,0,15.4,Low,Active,,0,0
4205,49,2026-09-01,87020.0,0.916,0.85-0.95 (Below Median),90.8,20.2,3,0,0,25.9,Low,Voluntary Resignation,Personal / Relocation,0,1
4206,26,2026-09-01,70330.0,1.082,>1.05 (Premium),87.9,1.4,3,0,1,5.0,Low,Active,,0,0
4207,83,2026-09-01,220500.0,1.05,0.95-1.05 (Target),75.7,34.7,3,0,0,56.6,Moderate,Voluntary Resignation,Personal / Relocation,1,1
4208,54,2026-09-01,67730.0,1.042,0.95-1.05 (Target),77.1,18.7,3,0,0,29.6,Low,Active,,0,0
4209,17,2026-09-01,141210.0,1.046,0.95-1.05 (Target),76.9,27.3,3,0,0,47.8,Moderate,Voluntary Resignation,Personal / Relocation,1,1
4210,1,2026-09-01,166075.0,0.949,0.85-0.95 (Below Median),90.8,4.6,2,1,1,22.5,Low,Active,,0,0
4211,36,2026-09-01,252980.0,0.973,0.95-1.05 (Target),82.9,12.6,3,0,0,23.7,Low,Active,,0,0
4212,34,2026-09-01,101555.0,1.069,>1.05 (Premium),88.6,39.3,3,0,0,61.8,Elevated,Voluntary Resignation,Personal / Relocation,0,1
4213,42,2026-09-01,152775.0,0.873,0.85-0.95 (Below Median),85.5,21.0,2,1,1,43.7,Moderate,Active,,0,0
4214,53,2026-09-01,54275.0,0.835,<0.85 (Critical Underpay),84.5,18.6,4,1,0,33.6,Low,Voluntary Resignation,Competitive Compensation Offer,1,1
4215,82,2026-09-01,57525.0,0.885,0.85-0.95 (Below Median),84.1,1.5,4,0,0,12.1,Low,Active,,0,0
4216,11,2026-09-01,82745.0,0.871,0.85-0.95 (Below Median),91.4,26.2,2,1,0,50.0,Moderate,Active,,0,0
4217,13,2026-09-01,57980.0,0.892,0.85-0.95 (Below Median),72.1,4.8,3,1,1,15.9,Low,Active,,0,0
4218,68,2026-09-01,176925.0,1.011,0.95-1.05 (Target),81.5,11.2,3,0,0,13.2,Low,Active,,0,0
4219,67,2026-09-01,221760.0,1.056,>1.05 (Premium),79.7,40.6,2,0,1,63.6,Elevated,Voluntary Resignation,Personal / Relocation,1,1
4220,64,2026-09-01,92720.0,0.976,0.95-1.05 (Target),85.8,6.3,3,0,0,16.0,Low,Active,,0,0
4221,19,2026-09-01,140400.0,1.04,0.95-1.05 (Target),83.4,7.1,3,0,1,15.7,Low,Active,,0,0
4222,3,2026-09-01,90725.0,0.955,0.95-1.05 (Target),84.1,10.6,3,1,0,21.6,Low,Active,,0,0
4223,60,2026-09-01,95475.0,1.005,0.95-1.05 (Target),73.7,10.8,3,0,0,20.9,Low,Voluntary Resignation,Personal / Relocation,0,1
4224,67,2026-09-01,95570.0,1.006,0.95-1.05 (Target),71.2,3.6,3,0,0,12.2,Low,Active,,0,0
4225,45,2026-09-01,118125.0,0.875,0.85-0.95 (Below Median),84.5,2.0,2,0,1,20.9,Low,Active,,0,0
4226,46,2026-09-01,119475.0,0.885,0.85-0.95 (Below Median),101.3,65.0,3,0,0,100.0,Critical Exhaustion,Voluntary Resignation,Competitive Compensation Offer,1,1
4227,46,2026-09-01,204330.0,0.973,0.95-1.05 (Target),85.9,44.1,3,1,0,77.5,Elevated,Voluntary Resignation,Work-Life Balance & Fatigue,1,1
4228,4,2026-09-01,88160.0,0.928,0.85-0.95 (Below Median),88.6,24.4,2,0,0,46.7,Moderate,Active,,0,0
4229,65,2026-09-01,78470.0,0.826,<0.85 (Critical Underpay),77.0,19.7,3,0,1,43.1,Moderate,Voluntary Resignation,Competitive Compensation Offer,0,1
4230,35,2026-09-01,65585.0,1.009,0.95-1.05 (Target),91.5,9.5,3,1,1,19.2,Low,Active,,0,0
4231,61,2026-09-01,59150.0,0.91,0.85-0.95 (Below Median),96.4,29.17894419189645,3,1,0,60.8,Elevated,Voluntary Resignation,Personal / Relocation,0,1
4232,35,2026-09-01,60320.0,0.928,0.85-0.95 (Below Median),85.3,3.6,2,1,1,13.8,Low,Voluntary Resignation,Personal / Relocation,0,1
4233,5,2026-09-01,97200.0,0.72,<0.85 (Critical Underpay),91.5,23.3,4,0,0,49.6,Moderate,Voluntary Resignation,Competitive Compensation Offer,1,1
4234,40,2026-09-01,114075.0,0.845,<0.85 (Critical Underpay),89.5,15.4,3,1,1,29.6,Low,Voluntary Resignation,Competitive Compensation Offer,1,1
4235,65,2026-09-01,62465.0,0.961,0.95-1.05 (Target),78.2,22.2,4,0,0,43.4,Moderate,Voluntary Resignation,Personal / Relocation,1,1
4236,51,2026-09-01,89300.0,0.94,0.85-0.95 (Below Median),89.5,35.3,5,0,0,51.6,Moderate,Voluntary Resignation,Personal / Relocation,1,1
4237,46,2026-09-01,97660.0,1.028,0.95-1.05 (Target),76.4,27.4,2,0,0,48.3,Moderate,Active,,0,0
4238,31,2026-09-01,178325.0,1.019,0.95-1.05 (Target),80.7,3.6,4,0,0,11.9,Low,Active,,0,0
4239,68,2026-09-01,94715.0,0.997,0.95-1.05 (Target),79.9,4.5,3,0,0,21.5,Low,Active,,0,0
4240,80,2026-09-01,93100.0,0.98,0.95-1.05 (Target),99.8,20.91549802455793,3,0,1,49.5,Moderate,Voluntary Resignation,Personal / Relocation,0,1
4241,62,2026-09-01,89965.0,0.947,0.85-0.95 (Below Median),89.7,31.6,4,0,0,47.0,Moderate,Active,,0,0
4242,83,2026-09-01,71760.0,1.104,>1.05 (Premium),94.6,10.7,4,1,0,18.8,Low,Active,,0,0
4243,84,2026-09-01,92150.0,0.97,0.95-1.05 (Target),98.6,30.58181740303421,4,0,1,45.3,Moderate,Voluntary Resignation,Personal / Relocation,1,1
4244,35,2026-09-01,83600.0,0.88,0.85-0.95 (Below Median),98.4,51.60096867331308,3,0,0,80.3,Critical Exhaustion,Voluntary Resignation,Competitive Compensation Offer,0,1
4245,4,2026-09-01,90630.0,0.954,0.95-1.05 (Target),87.1,2.0,2,0,0,11.3,Low,Active,,0,0
4246,27,2026-09-01,63895.0,0.983,0.95-1.05 (Target),73.2,9.2,3,0,0,19.4,Low,Voluntary Resignation,Personal / Relocation,0,1
4247,72,2026-09-01,127305.0,0.943,0.85-0.95 (Below Median),83.3,0.3,4,0,1,9.5,Low,Active,,0,0
4248,12,2026-09-01,229530.0,1.093,>1.05 (Premium),88.6,0.3,1,0,1,6.5,Low,Voluntary Resignation,Personal / Relocation,1,1
4249,21,2026-09-01,93100.0,0.98,0.95-1.05 (Target),89.1,6.4,3,0,0,16.1,Low,Active,,0,0
4250,54,2026-09-01,106590.0,1.122,>1.05 (Premium),82.8,15.3,1,0,0,23.9,Low,Active,,0,0
4251,82,2026-09-01,84455.0,0.889,0.85-0.95 (Below Median),93.1,3.8,4,0,0,14.8,Low,Active,,0,0
4252,64,2026-09-01,89870.0,0.946,0.85-0.95 (Below Median),89.3,4.6,3,1,0,14.6,Low,Active,,0,0
4253,38,2026-09-01,161175.0,0.921,0.85-0.95 (Below Median),84.1,8.8,3,0,0,12.1,Low,Active,,0,0
4254,24,2026-09-01,149625.0,0.855,0.85-0.95 (Below Median),101.6,18.62730236547067,5,0,1,33.3,Low,Voluntary Resignation,Competitive Compensation Offer,1,1
4255,74,2026-09-01,90725.0,0.955,0.95-1.05 (Target),76.1,4.4,2,0,0,14.2,Low,Active,,0,0
4256,30,2026-09-01,66170.0,1.018,0.95-1.05 (Target),82.6,5.1,4,0,0,13.8,Low,Active,,0,0
4257,5,2026-09-01,141885.0,1.051,>1.05 (Premium),82.3,16.1,3,1,0,34.3,Low,Active,,0,0
4258,49,2026-09-01,139320.0,1.032,0.95-1.05 (Target),84.9,65.0,3,0,0,93.4,Critical Exhaustion,Voluntary Resignation,Work-Life Balance & Fatigue,1,1
4259,31,2026-09-01,91960.0,0.968,0.95-1.05 (Target),75.6,10.3,3,0,1,21.0,Low,Active,,0,0
4260,83,2026-09-01,50375.0,0.775,<0.85 (Critical Underpay),79.2,15.2,2,0,0,30.7,Low,Active,,0,0
4261,52,2026-09-01,103075.0,1.085,>1.05 (Premium),83.5,9.1,3,1,0,17.2,Low,Active,,0,0
4262,9,2026-09-01,62075.0,0.955,0.95-1.05 (Target),93.3,28.7,1,0,1,51.3,Moderate,Voluntary Resignation,Personal / Relocation,0,1
4263,57,2026-09-01,179025.0,1.023,0.95-1.05 (Target),96.4,27.22739387569425,2,0,0,48.2,Moderate,Voluntary Resignation,Career Advancement & Role Velocity,1,1
4264,59,2026-09-01,84075.0,0.885,0.85-0.95 (Below Median),98.9,65.0,3,0,1,100.0,Critical Exhaustion,Voluntary Resignation,Competitive Compensation Offer,0,1
4265,66,2026-09-01,152425.0,0.871,0.85-0.95 (Below Median),100.2,35.892136477409146,3,0,0,61.7,Elevated,Voluntary Resignation,Competitive Compensation Offer,1,1
4266,6,2026-09-01,176050.0,1.006,0.95-1.05 (Target),65.9,1.4,4,0,0,9.6,Low,Active,,0,0
4267,1,2026-09-01,121500.0,0.9,0.85-0.95 (Below Median),81.8,3.1,3,1,0,13.7,Low,Active,,0,0
4268,62,2026-09-01,82935.0,0.873,0.85-0.95 (Below Median),75.6,10.9,1,0,1,23.6,Low,Active,,0,0
4269,5,2026-09-01,268580.0,1.033,0.95-1.05 (Target),81.6,24.4,3,0,0,36.6,Moderate,Active,,0,0
4270,28,2026-09-01,121635.0,0.901,0.85-0.95 (Below Median),89.9,3.7,3,1,0,14.4,Low,Active,,0,0
4271,68,2026-09-01,131760.0,0.976,0.95-1.05 (Target),96.7,34.204299718775275,3,0,1,57.5,Moderate,Active,,0,0
4272,9,2026-09-01,159075.0,0.909,0.85-0.95 (Below Median),82.2,36.6,4,0,1,69.7,Elevated,Voluntary Resignation,Work-Life Balance & Fatigue,1,1
4273,1,2026-09-01,72215.0,1.111,>1.05 (Premium),86.1,3.1,2,1,0,5.0,Low,Active,,0,0
4274,81,2026-09-01,72995.0,1.123,>1.05 (Premium),100.3,43.08128352194407,4,0,0,57.2,Moderate,Active,,0,0
4275,6,2026-09-01,179550.0,1.026,0.95-1.05 (Target),79.8,20.9,3,0,0,32.6,Low,Active,,0,0
4276,24,2026-09-01,62595.0,0.963,0.95-1.05 (Target),90.8,16.9,4,0,0,29.0,Low,Active,,0,0
4277,46,2026-09-01,93385.0,0.983,0.95-1.05 (Target),84.5,10.2,3,0,1,20.6,Low,Active,,0,0
4278,11,2026-09-01,97185.0,1.023,0.95-1.05 (Target),86.1,0.1,3,0,1,5.0,Low,Active,,0,0
4279,34,2026-09-01,98135.0,1.033,0.95-1.05 (Target),84.4,65.0,2,0,0,100.0,Critical Exhaustion,Voluntary Resignation,Work-Life Balance & Fatigue,0,1
4280,15,2026-09-01,60125.0,0.925,0.85-0.95 (Below Median),89.4,37.5,4,0,0,62.5,Elevated,Voluntary Resignation,Personal / Relocation,1,1
4281,37,2026-09-01,58370.0,0.898,0.85-0.95 (Below Median),96.5,19.926660578472625,3,0,0,42.0,Moderate,Active,,0,0
4282,12,2026-09-01,61685.0,0.949,0.85-0.95 (Below Median),96.7,20.38508185942385,3,0,0,33.5,Low,Active,,0,0
4283,61,2026-09-01,114075.0,0.845,<0.85 (Critical Underpay),99.9,35.02014151450592,4,0,0,61.1,Elevated,Active,,0,0
4284,78,2026-09-01,135945.0,1.007,0.95-1.05 (Target),76.2,7.9,2,0,0,9.3,Low,Voluntary Resignation,Personal / Relocation,1,1
4285,53,2026-09-01,169575.0,0.969,0.95-1.05 (Target),84.0,4.1,3,0,0,5.5,Low,Active,,0,0
4286,81,2026-09-01,156975.0,0.897,0.85-0.95 (Below Median),89.9,17.5,5,1,0,39.1,Moderate,Active,,0,0
4287,30,2026-09-01,93860.0,0.988,0.95-1.05 (Target),90.5,4.1,4,0,1,21.2,Low,Active,,0,0
4288,12,2026-09-01,89585.0,0.943,0.85-0.95 (Below Median),104.7,42.39955845289259,4,1,0,68.0,Elevated,Active,,0,0
4289,7,2026-09-01,59670.0,0.918,0.85-0.95 (Below Median),82.8,13.8,2,0,0,34.2,Low,Voluntary Resignation,Personal / Relocation,0,1
4290,7,2026-09-01,184590.0,0.879,0.85-0.95 (Below Median),97.8,22.554165505466383,3,1,0,37.5,Moderate,Active,,0,0
4291,60,2026-09-01,95760.0,1.008,0.95-1.05 (Target),98.9,25.711810026727427,2,0,0,38.7,Moderate,Active,,0,0
4292,36,2026-09-01,69290.0,1.066,>1.05 (Premium),95.2,36.20471150604934,4,1,0,58.1,Moderate,Voluntary Resignation,Personal / Relocation,1,1
4293,10,2026-09-01,68315.0,1.051,>1.05 (Premium),77.8,2.6,3,0,1,10.1,Low,Active,,0,0
4294,57,2026-09-01,106780.0,1.124,>1.05 (Premium),91.4,12.7,3,0,0,12.8,Low,Active,,0,0
4295,59,2026-09-01,113535.0,0.841,<0.85 (Critical Underpay),80.8,1.0,3,1,0,20.4,Low,Active,,0,0
4296,24,2026-09-01,128655.0,0.953,0.95-1.05 (Target),83.1,11.3,2,1,0,22.5,Low,Active,,0,0
4297,36,2026-09-01,51285.0,0.789,<0.85 (Critical Underpay),94.0,9.5,3,0,0,23.6,Low,Active,,0,0
4298,77,2026-09-01,90630.0,0.954,0.95-1.05 (Target),86.6,7.9,3,1,1,26.4,Low,Active,,0,0
4299,67,2026-09-01,142425.0,1.055,>1.05 (Premium),86.9,6.6,3,1,0,14.8,Low,Active,,0,0
4300,16,2026-09-01,67535.0,1.039,0.95-1.05 (Target),65.2,17.6,3,0,0,28.3,Low,Active,,0,0
4301,11,2026-09-01,179550.0,1.026,0.95-1.05 (Target),91.3,5.9,3,0,0,14.6,Low,Active,,0,0
4302,42,2026-09-01,66560.0,1.024,0.95-1.05 (Target),78.6,28.1,3,0,0,49.2,Moderate,Voluntary Resignation,Personal / Relocation,0,1
4303,64,2026-09-01,94335.0,0.993,0.95-1.05 (Target),89.6,18.2,3,0,0,22.0,Low,Active,,0,0
4304,83,2026-09-01,54015.0,0.831,<0.85 (Critical Underpay),93.7,8.6,3,0,1,29.7,Low,Active,,0,0
4305,22,2026-09-01,59865.0,0.921,0.85-0.95 (Below Median),78.9,18.8,3,0,0,32.1,Low,Active,,0,0
4306,43,2026-09-01,81795.0,0.861,0.85-0.95 (Below Median),82.7,0.9,4,0,0,11.9,Low,Active,,0,0
4307,4,2026-09-01,123120.0,0.912,0.85-0.95 (Below Median),80.3,39.3,3,0,1,72.9,Elevated,Voluntary Resignation,Work-Life Balance & Fatigue,1,1
4308,8,2026-09-01,56485.0,0.869,0.85-0.95 (Below Median),80.9,1.4,4,0,0,20.3,Low,Active,,0,0
4309,75,2026-09-01,164150.0,0.938,0.85-0.95 (Below Median),93.5,16.6,3,0,0,29.2,Low,Voluntary Resignation,Career Advancement & Role Velocity,1,1
4310,57,2026-09-01,88255.0,0.929,0.85-0.95 (Below Median),99.6,45.94842886652848,3,0,0,72.6,Elevated,Voluntary Resignation,Work-Life Balance & Fatigue,0,1
4311,42,2026-09-01,56030.0,0.862,0.85-0.95 (Below Median),82.8,0.6,3,0,1,11.5,Low,Voluntary Resignation,Competitive Compensation Offer,0,1
4312,33,2026-09-01,63180.0,0.972,0.95-1.05 (Target),90.8,30.1,5,1,1,52.7,Moderate,Active,,0,0
4313,7,2026-09-01,92910.0,0.978,0.95-1.05 (Target),99.0,30.94280274221448,3,0,0,53.6,Moderate,Active,,0,0
4314,63,2026-09-01,135000.0,1.0,0.95-1.05 (Target),84.1,6.4,3,0,0,15.7,Low,Active,,0,0
4315,30,2026-09-01,90155.0,0.949,0.85-0.95 (Below Median),82.3,12.6,3,0,1,24.1,Low,Active,,0,0
4316,24,2026-09-01,147690.0,1.094,>1.05 (Premium),86.0,1.5,4,0,1,7.9,Low,Active,,0,0
4317,20,2026-09-01,85215.0,0.897,0.85-0.95 (Below Median),98.3,23.54150411855084,3,1,0,46.3,Moderate,Active,,0,0
4318,63,2026-09-01,90535.0,0.953,0.95-1.05 (Target),86.1,25.8,2,0,0,39.9,Moderate,Voluntary Resignation,Personal / Relocation,0,1
4319,24,2026-09-01,89300.0,0.94,0.85-0.95 (Below Median),80.1,2.3,3,0,1,5.0,Low,Active,,0,0
4320,68,2026-09-01,131625.0,0.975,0.95-1.05 (Target),80.2,47.9,4,0,0,74.0,Elevated,Voluntary Resignation,Work-Life Balance & Fatigue,1,1
4321,70,2026-09-01,76950.0,0.81,<0.85 (Critical Underpay),100.8,65.0,3,1,1,100.0,Critical Exhaustion,Voluntary Resignation,Competitive Compensation Offer,0,1
4322,69,2026-09-01,105450.0,1.11,>1.05 (Premium),82.6,10.1,3,1,1,17.9,Low,Active,,0,0
4323,14,2026-09-01,127845.0,0.947,0.85-0.95 (Below Median),99.6,25.32932720244094,3,0,0,47.5,Moderate,Voluntary Resignation,Career Advancement & Role Velocity,1,1
4324,17,2026-09-01,74670.0,0.786,<0.85 (Critical Underpay),72.7,51.3,4,0,0,89.8,Critical Exhaustion,Voluntary Resignation,Competitive Compensation Offer,1,1
4325,66,2026-09-01,136350.0,1.01,0.95-1.05 (Target),81.4,20.3,3,0,0,32.2,Low,Active,,0,0
4326,80,2026-09-01,53040.0,0.816,<0.85 (Critical Underpay),83.3,15.4,3,0,0,30.2,Low,Active,,0,0
4327,72,2026-09-01,69810.0,1.074,>1.05 (Premium),69.3,3.1,1,0,0,5.0,Low,Active,,0,0
4328,40,2026-09-01,65585.0,1.009,0.95-1.05 (Target),91.5,0.4,5,0,1,8.3,Low,Active,,0,0
4329,35,2026-09-01,67405.0,1.037,0.95-1.05 (Target),81.3,5.7,3,1,1,14.1,Low,Active,,0,0
4330,68,2026-09-01,58825.0,0.905,0.85-0.95 (Below Median),83.7,34.5,3,0,0,59.3,Moderate,Voluntary Resignation,Personal / Relocation,0,1
4331,81,2026-09-01,59085.0,0.909,0.85-0.95 (Below Median),92.2,10.2,4,0,0,22.1,Low,Active,,0,0
4332,10,2026-09-01,98515.0,1.037,0.95-1.05 (Target),79.4,15.7,3,0,1,26.1,Low,Active,,0,0
4333,41,2026-09-01,170800.0,0.976,0.95-1.05 (Target),96.3,59.9262628010614,3,1,1,88.4,Critical Exhaustion,Voluntary Resignation,Work-Life Balance & Fatigue,1,1
4334,31,2026-09-01,153630.0,1.138,>1.05 (Premium),84.0,17.0,5,1,0,33.6,Low,Active,,0,0
4335,66,2026-09-01,88635.0,0.933,0.85-0.95 (Below Median),84.1,5.2,5,0,0,15.6,Low,Active,,0,0
4336,6,2026-09-01,153300.0,0.876,0.85-0.95 (Below Median),59.7,20.8,3,0,0,43.4,Moderate,Active,,0,0
4337,39,2026-09-01,127170.0,0.942,0.85-0.95 (Below Median),98.5,42.97941086470485,5,0,0,68.7,Elevated,Voluntary Resignation,Work-Life Balance & Fatigue,1,1
4338,45,2026-09-01,132030.0,0.978,0.95-1.05 (Target),84.6,65.0,2,0,1,94.4,Critical Exhaustion,Voluntary Resignation,Work-Life Balance & Fatigue,1,1
4339,28,2026-09-01,161700.0,0.924,0.85-0.95 (Below Median),103.7,45.67396705187534,4,0,0,72.3,Elevated,Active,,0,0
4340,46,2026-09-01,123930.0,0.918,0.85-0.95 (Below Median),102.8,38.79423259658736,4,1,1,64.2,Elevated,Voluntary Resignation,Personal / Relocation,1,1
4341,21,2026-09-01,152775.0,0.873,0.85-0.95 (Below Median),95.1,28.07130598893221,3,0,0,44.2,Moderate,Active,,0,0
4342,7,2026-09-01,103645.0,1.091,>1.05 (Premium),85.1,7.6,4,0,0,15.3,Low,Active,,0,0
4343,64,2026-09-01,117720.0,0.872,0.85-0.95 (Below Median),87.2,9.7,3,0,1,22.2,Low,Active,,0,0
4344,20,2026-09-01,134055.0,0.993,0.95-1.05 (Target),93.8,3.0,1,1,1,11.7,Low,Active,,0,0
4345,62,2026-09-01,159075.0,0.909,0.85-0.95 (Below Median),82.5,53.6,3,0,0,90.1,Critical Exhaustion,Voluntary Resignation,Work-Life Balance & Fatigue,1,1
4346,82,2026-09-01,61750.0,0.95,0.85-0.95 (Below Median),97.2,28.32161260199304,1,0,0,51.0,Moderate,Active,,0,0
4347,29,2026-09-01,125955.0,0.933,0.85-0.95 (Below Median),72.5,7.7,5,0,0,18.6,Low,Voluntary Resignation,Personal / Relocation,1,1
4348,75,2026-09-01,92910.0,0.978,0.95-1.05 (Target),76.9,1.4,3,0,1,10.1,Low,Active,,0,0
4349,83,2026-09-01,56420.0,0.868,0.85-0.95 (Below Median),82.7,41.1,3,0,0,68.0,Elevated,Voluntary Resignation,Competitive Compensation Offer,0,1
4350,56,2026-09-01,99845.0,1.051,>1.05 (Premium),96.3,52.04229115199635,3,0,1,77.4,Elevated,Voluntary Resignation,Work-Life Balance & Fatigue,0,1
4351,53,2026-09-01,121365.0,0.899,0.85-0.95 (Below Median),76.4,7.9,4,0,0,19.5,Low,Active,,0,0
4352,25,2026-09-01,66690.0,1.026,0.95-1.05 (Target),89.5,3.5,3,1,0,11.7,Low,Active,,0,0
4353,29,2026-09-01,65975.0,1.015,0.95-1.05 (Target),81.7,9.3,5,0,0,18.9,Low,Active,,0,0
4354,67,2026-09-01,64545.0,0.993,0.95-1.05 (Target),95.5,30.212931029468784,3,0,0,52.4,Moderate,Voluntary Resignation,Personal / Relocation,0,1
4355,38,2026-09-01,58565.0,0.901,0.85-0.95 (Below Median),83.0,17.3,3,0,0,38.7,Moderate,Voluntary Resignation,Personal / Relocation,0,1
4356,25,2026-09-01,66430.0,1.022,0.95-1.05 (Target),90.5,19.2,3,0,1,38.6,Moderate,Voluntary Resignation,Personal / Relocation,0,1
4357,75,2026-09-01,127305.0,0.943,0.85-0.95 (Below Median),83.9,14.3,3,1,0,34.3,Low,Active,,0,0
4358,48,2026-09-01,89205.0,0.939,0.85-0.95 (Below Median),97.3,30.501169152632045,2,0,1,45.8,Moderate,Active,,0,0
4359,24,2026-09-01,130275.0,0.965,0.95-1.05 (Target),81.4,9.6,5,0,0,20.2,Low,Active,,0,0
4360,31,2026-09-01,92815.0,0.977,0.95-1.05 (Target),82.4,14.5,3,0,0,25.9,Low,Voluntary Resignation,Personal / Relocation,0,1
4361,76,2026-09-01,93480.0,0.984,0.95-1.05 (Target),77.0,7.4,3,0,0,9.2,Low,Active,,0,0
4362,73,2026-09-01,94810.0,0.998,0.95-1.05 (Target),84.8,15.8,4,0,0,35.0,Low,Voluntary Resignation,Personal / Relocation,1,1
4363,73,2026-09-01,54600.0,0.84,<0.85 (Critical Underpay),94.1,2.5,4,0,0,22.2,Low,Active,,0,0
4364,36,2026-09-01,103645.0,1.091,>1.05 (Premium),98.3,20.406677668833183,3,1,0,30.7,Low,Active,,0,0
4365,7,2026-09-01,65910.0,1.014,0.95-1.05 (Target),83.8,19.6,4,1,0,31.2,Low,Active,,0,0
4366,13,2026-09-01,69485.0,1.069,>1.05 (Premium),106.1,57.94200549636369,3,0,1,84.2,Critical Exhaustion,Active,,0,0
4367,63,2026-09-01,61555.0,0.947,0.85-0.95 (Below Median),98.1,26.823196135911115,3,0,0,41.2,Moderate,Voluntary Resignation,Personal / Relocation,0,1
4368,73,2026-09-01,89870.0,0.946,0.85-0.95 (Below Median),78.8,0.8,4,0,1,5.0,Low,Voluntary Resignation,Personal / Relocation,1,1
4369,61,2026-09-01,53820.0,0.828,<0.85 (Critical Underpay),91.6,4.8,3,0,0,17.2,Low,Active,,0,0
4370,78,2026-09-01,170625.0,0.975,0.95-1.05 (Target),88.3,28.0,3,0,0,50.1,Moderate,Active,,0,0
4371,78,2026-09-01,127710.0,0.946,0.85-0.95 (Below Median),97.4,25.493643968190064,3,1,1,47.7,Moderate,Active,,0,0
4372,81,2026-09-01,63700.0,0.98,0.95-1.05 (Target),74.6,10.0,3,0,1,28.4,Low,Voluntary Resignation,Personal / Relocation,0,1
4373,36,2026-09-01,75620.0,0.796,<0.85 (Critical Underpay),95.6,25.52896557215385,4,1,0,50.7,Moderate,Voluntary Resignation,Competitive Compensation Offer,1,1
4374,2,2026-09-01,124470.0,0.922,0.85-0.95 (Below Median),93.1,0.1,3,0,1,9.7,Low,Active,,0,0
4375,68,2026-09-01,63505.0,0.977,0.95-1.05 (Target),76.8,0.5,3,0,1,9.1,Low,Active,,0,0
4376,43,2026-09-01,100415.0,1.057,>1.05 (Premium),87.2,6.0,2,0,0,14.1,Low,Active,,0,0
4377,16,2026-09-01,59995.0,0.923,0.85-0.95 (Below Median),90.0,16.8,4,0,0,29.7,Low,Active,,0,0
4378,2,2026-09-01,98135.0,1.033,0.95-1.05 (Target),83.1,9.8,2,0,0,11.1,Low,Active,,0,0
4379,84,2026-09-01,64220.0,0.988,0.95-1.05 (Target),89.9,11.3,2,0,0,21.8,Low,Voluntary Resignation,Personal / Relocation,0,1
4380,36,2026-09-01,129870.0,0.962,0.95-1.05 (Target),86.4,0.7,4,0,0,9.6,Low,Active,,0,0
4381,47,2026-09-01,59280.0,0.912,0.85-0.95 (Below Median),81.1,12.7,3,0,1,25.0,Low,Active,,0,0
4382,53,2026-09-01,96900.0,1.02,0.95-1.05 (Target),87.0,36.9,2,1,0,59.9,Moderate,Voluntary Resignation,Personal / Relocation,0,1
4383,65,2026-09-01,192675.0,1.101,>1.05 (Premium),88.8,14.6,3,0,0,23.5,Low,Active,,0,0
4384,77,2026-09-01,66235.0,1.019,0.95-1.05 (Target),71.4,10.4,3,0,1,20.1,Low,Active,,0,0
4385,47,2026-09-01,64545.0,0.993,0.95-1.05 (Target),91.0,13.3,3,1,0,24.1,Low,Active,,0,0
4386,15,2026-09-01,247260.0,0.951,0.95-1.05 (Target),85.3,3.3,2,0,0,12.9,Low,Active,,0,0
4387,64,2026-09-01,140000.0,0.8,<0.85 (Critical Underpay),90.5,10.4,2,0,0,24.5,Low,Active,,0,0
4388,32,2026-09-01,64870.0,0.998,0.95-1.05 (Target),79.8,6.3,3,1,1,23.6,Low,Active,,0,0
4389,41,2026-09-01,91295.0,0.961,0.95-1.05 (Target),80.7,17.2,5,0,0,29.4,Low,Active,,0,0
4390,15,2026-09-01,54795.0,0.843,<0.85 (Critical Underpay),88.0,12.1,4,1,0,25.7,Low,Active,,0,0
4391,79,2026-09-01,193900.0,1.108,>1.05 (Premium),85.8,4.4,3,0,1,11.1,Low,Active,,0,0
4392,1,2026-09-01,63245.0,0.973,0.95-1.05 (Target),95.8,55.55416229269378,3,0,0,91.2,Critical Exhaustion,Voluntary Resignation,Work-Life Balance & Fatigue,0,1
4393,8,2026-09-01,92055.0,0.969,0.95-1.05 (Target),94.7,4.2,4,0,0,13.7,Low,Active,,0,0
4394,63,2026-09-01,97850.0,1.03,0.95-1.05 (Target),87.1,24.7,3,0,1,45.0,Moderate,Voluntary Resignation,Personal / Relocation,0,1
4395,27,2026-09-01,59540.0,0.916,0.85-0.95 (Below Median),72.0,9.7,4,0,0,21.3,Low,Active,,0,0
4396,81,2026-09-01,55445.0,0.853,0.85-0.95 (Below Median),88.4,9.7,3,0,1,30.6,Low,Voluntary Resignation,Competitive Compensation Offer,0,1
4397,68,2026-09-01,89110.0,0.938,0.85-0.95 (Below Median),91.6,14.4,3,0,0,26.5,Low,Active,,0,0
4398,43,2026-09-01,153765.0,1.139,>1.05 (Premium),90.6,30.9,3,0,0,50.3,Moderate,Active,,0,0
4399,25,2026-09-01,194250.0,1.11,>1.05 (Premium),84.8,11.1,4,0,1,19.1,Low,Active,,0,0
4400,71,2026-09-01,61815.0,0.951,0.95-1.05 (Target),94.1,11.9,3,0,0,23.3,Low,Active,,0,0
4401,23,2026-09-01,94620.0,0.996,0.95-1.05 (Target),94.4,1.9,3,0,0,10.4,Low,Active,,0,0
4402,3,2026-09-01,96235.0,1.013,0.95-1.05 (Target),76.4,30.8,5,0,0,52.7,Moderate,Active,,0,0
4403,42,2026-09-01,86735.0,0.913,0.85-0.95 (Below Median),75.1,1.6,2,0,0,11.7,Low,Active,,0,0
4404,23,2026-09-01,107065.0,1.127,>1.05 (Premium),82.8,3.8,4,1,0,5.0,Low,Active,,0,0
4405,69,2026-09-01,73255.0,1.127,>1.05 (Premium),81.8,4.3,5,0,0,10.6,Low,Active,,0,0
4406,6,2026-09-01,90820.0,0.956,0.95-1.05 (Target),85.5,10.1,4,1,0,21.0,Low,Active,,0,0
4407,8,2026-09-01,96140.0,1.012,0.95-1.05 (Target),95.1,52.57135868533893,4,0,1,86.8,Critical Exhaustion,Voluntary Resignation,Work-Life Balance & Fatigue,1,1
4408,31,2026-09-01,62855.0,0.967,0.95-1.05 (Target),90.8,1.5,4,1,1,10.5,Low,Active,,0,0
4409,80,2026-09-01,145530.0,1.078,>1.05 (Premium),90.7,5.3,3,0,1,12.8,Low,Active,,0,0
4410,42,2026-09-01,87780.0,0.924,0.85-0.95 (Below Median),80.6,65.0,4,0,1,100.0,Critical Exhaustion,Voluntary Resignation,Work-Life Balance & Fatigue,1,1
4411,71,2026-09-01,86260.0,0.908,0.85-0.95 (Below Median),94.7,25.9,2,1,0,40.9,Moderate,Active,,0,0
4412,81,2026-09-01,117180.0,0.868,0.85-0.95 (Below Median),94.9,21.4,3,0,1,36.3,Moderate,Active,,0,0
4413,71,2026-09-01,255840.0,0.984,0.95-1.05 (Target),87.6,13.3,4,0,0,32.3,Low,Voluntary Resignation,Personal / Relocation,1,1
4414,18,2026-09-01,57395.0,0.883,0.85-0.95 (Below Median),86.6,37.0,3,0,0,62.7,Elevated,Voluntary Resignation,Competitive Compensation Offer,0,1
4415,20,2026-09-01,138375.0,1.025,0.95-1.05 (Target),93.3,11.7,3,1,0,29.5,Low,Active,,0,0
4416,60,2026-09-01,203070.0,0.967,0.95-1.05 (Target),81.6,18.7,3,0,1,39.1,Moderate,Voluntary Resignation,Career Advancement & Role Velocity,1,1
4417,37,2026-09-01,64090.0,0.986,0.95-1.05 (Target),82.1,2.1,4,0,1,10.8,Low,Active,,0,0
4418,32,2026-09-01,97375.0,1.025,0.95-1.05 (Target),78.3,7.4,3,0,0,8.4,Low,Active,,0,0
4419,52,2026-09-01,69745.0,1.073,>1.05 (Premium),95.8,27.36638766991337,4,0,0,39.4,Moderate,Active,,0,0
4420,62,2026-09-01,120420.0,0.892,0.85-0.95 (Below Median),102.5,23.94789535381468,2,0,1,46.9,Moderate,Active,,0,0
4421,39,2026-09-01,63700.0,0.98,0.95-1.05 (Target),93.3,13.7,3,0,0,24.8,Low,Voluntary Resignation,Personal / Relocation,0,1
4422,37,2026-09-01,125280.0,0.928,0.85-0.95 (Below Median),83.0,5.9,4,0,1,16.5,Low,Active,,0,0
4423,28,2026-09-01,61815.0,0.951,0.95-1.05 (Target),78.7,9.3,2,0,0,20.1,Low,Active,,0,0
4424,4,2026-09-01,125145.0,0.927,0.85-0.95 (Below Median),79.9,5.7,4,0,1,16.3,Low,Active,,0,0
4425,44,2026-09-01,65130.0,1.002,0.95-1.05 (Target),82.6,7.5,3,0,0,17.0,Low,Active,,0,0
4426,27,2026-09-01,89300.0,0.94,0.85-0.95 (Below Median),85.7,0.9,3,0,0,10.3,Low,Active,,0,0
4427,19,2026-09-01,131625.0,0.975,0.95-1.05 (Target),93.0,11.3,4,0,1,22.1,Low,Active,,0,0
4428,68,2026-09-01,57785.0,0.889,0.85-0.95 (Below Median),78.6,7.7,4,0,1,19.5,Low,Active,,0,0
4429,19,2026-09-01,94050.0,0.99,0.95-1.05 (Target),91.0,33.2,3,0,0,56.0,Moderate,Active,,0,0
4430,19,2026-09-01,94810.0,0.998,0.95-1.05 (Target),95.1,43.75522264390934,3,0,1,76.5,Elevated,Voluntary Resignation,Work-Life Balance & Fatigue,0,1
4431,75,2026-09-01,97280.0,1.024,0.95-1.05 (Target),78.4,59.3,3,0,0,94.7,Critical Exhaustion,Voluntary Resignation,Work-Life Balance & Fatigue,0,1
4432,75,2026-09-01,89585.0,0.943,0.85-0.95 (Below Median),79.5,10.7,3,0,1,22.0,Low,Voluntary Resignation,Career Advancement & Role Velocity,0,1
4433,42,2026-09-01,125550.0,0.93,0.85-0.95 (Below Median),81.8,4.6,3,0,0,14.9,Low,Active,,0,0
4434,49,2026-09-01,80275.0,0.845,<0.85 (Critical Underpay),93.8,0.8,3,0,0,12.1,Low,Active,,0,0
4435,21,2026-09-01,133920.0,0.992,0.95-1.05 (Target),95.9,30.69998140649905,2,1,1,45.0,Moderate,Active,,0,0
4436,80,2026-09-01,55640.0,0.856,0.85-0.95 (Below Median),91.9,1.9,4,1,1,13.2,Low,Active,,0,0
4437,33,2026-09-01,77045.0,0.811,<0.85 (Critical Underpay),95.0,0.6,3,0,0,20.5,Low,Active,,0,0
4438,12,2026-09-01,68380.0,1.052,>1.05 (Premium),87.4,4.2,3,0,0,20.0,Low,Active,,0,0
4439,33,2026-09-01,172550.0,0.986,0.95-1.05 (Target),89.9,3.3,3,0,0,20.2,Low,Active,,0,0
4440,52,2026-09-01,149985.0,1.111,>1.05 (Premium),86.5,3.9,5,1,0,10.5,Low,Active,,0,0
4441,49,2026-09-01,47385.0,0.729,<0.85 (Critical Underpay),76.8,0.0,3,0,1,13.4,Low,Voluntary Resignation,Competitive Compensation Offer,0,1
4442,84,2026-09-01,61230.0,0.942,0.85-0.95 (Below Median),92.7,0.1,4,0,0,9.3,Low,Active,,0,0
4443,51,2026-09-01,172550.0,0.986,0.95-1.05 (Target),83.1,5.7,4,0,0,15.1,Low,Active,,0,0
4444,32,2026-09-01,115425.0,0.855,0.85-0.95 (Below Median),81.1,7.3,3,0,0,19.7,Low,Active,,0,0
4445,51,2026-09-01,64025.0,0.985,0.95-1.05 (Target),82.2,39.2,2,0,1,63.3,Elevated,Active,,0,0
4446,36,2026-09-01,130815.0,0.969,0.95-1.05 (Target),91.1,31.6,3,0,1,54.5,Moderate,Active,,0,0
4447,51,2026-09-01,88160.0,0.928,0.85-0.95 (Below Median),106.8,21.86709654154608,5,0,0,35.7,Moderate,Active,,0,0
4448,77,2026-09-01,94430.0,0.994,0.95-1.05 (Target),81.7,37.6,3,1,0,61.2,Elevated,Voluntary Resignation,Personal / Relocation,0,1
4449,35,2026-09-01,64285.0,0.989,0.95-1.05 (Target),88.1,1.0,3,0,0,17.4,Low,Active,,0,0
4450,30,2026-09-01,99180.0,1.044,0.95-1.05 (Target),97.4,26.447940530217625,3,1,0,38.9,Moderate,Active,,0,0
4451,56,2026-09-01,56875.0,0.875,0.85-0.95 (Below Median),85.6,19.8,2,1,0,34.3,Low,Active,,0,0
4452,30,2026-09-01,53430.0,0.822,<0.85 (Critical Underpay),89.5,1.1,3,0,1,5.0,Low,Active,,0,0
4453,70,2026-09-01,63310.0,0.974,0.95-1.05 (Target),86.5,17.6,3,1,0,29.6,Low,Active,,0,0
4454,82,2026-09-01,53690.0,0.826,<0.85 (Critical Underpay),88.8,28.6,3,0,0,53.8,Moderate,Voluntary Resignation,Competitive Compensation Offer,0,1
4455,82,2026-09-01,114750.0,0.85,<0.85 (Critical Underpay),74.1,14.3,3,0,0,28.2,Low,Voluntary Resignation,Competitive Compensation Offer,1,1
4456,59,2026-09-01,100130.0,1.054,>1.05 (Premium),100.7,27.57618747542298,4,0,1,40.0,Moderate,Voluntary Resignation,Personal / Relocation,1,1
4457,37,2026-09-01,82840.0,0.872,0.85-0.95 (Below Median),88.9,2.1,2,0,0,13.1,Low,Active,,0,0
4458,35,2026-09-01,59930.0,0.922,0.85-0.95 (Below Median),87.4,2.1,4,0,1,12.1,Low,Active,,0,0
4459,72,2026-09-01,65260.0,1.004,0.95-1.05 (Target),92.0,1.7,1,0,0,10.0,Low,Active,,0,0
4460,79,2026-09-01,69810.0,1.074,>1.05 (Premium),87.5,35.4,2,1,0,57.0,Moderate,Active,,0,0
4461,73,2026-09-01,93955.0,0.989,0.95-1.05 (Target),101.5,27.492872279047106,2,0,0,49.2,Moderate,Active,,0,0
4462,14,2026-09-01,88540.0,0.932,0.85-0.95 (Below Median),70.4,1.0,3,0,0,10.6,Low,Active,,0,0
4463,27,2026-09-01,98800.0,1.04,0.95-1.05 (Target),82.9,16.7,4,1,1,35.2,Moderate,Active,,0,0
4464,65,2026-09-01,248300.0,0.955,0.95-1.05 (Target),83.5,41.9,4,0,1,67.2,Elevated,Voluntary Resignation,Work-Life Balance & Fatigue,1,1
4465,7,2026-09-01,145665.0,1.079,>1.05 (Premium),97.3,31.985869918399743,2,0,0,44.8,Moderate,Active,,0,0
4466,28,2026-09-01,87020.0,0.916,0.85-0.95 (Below Median),95.8,65.0,4,1,0,100.0,Critical Exhaustion,Voluntary Resignation,Work-Life Balance & Fatigue,1,1
4467,20,2026-09-01,91960.0,0.968,0.95-1.05 (Target),88.7,7.3,3,1,0,17.4,Low,Voluntary Resignation,Personal / Relocation,0,1
4468,68,2026-09-01,61685.0,0.949,0.85-0.95 (Below Median),85.6,3.0,4,0,1,20.6,Low,Active,,0,0
4469,8,2026-09-01,98610.0,1.038,0.95-1.05 (Target),95.8,65.0,3,0,0,100.0,Critical Exhaustion,Voluntary Resignation,Work-Life Balance & Fatigue,0,1
4470,63,2026-09-01,147175.0,0.841,<0.85 (Critical Underpay),83.5,0.4,2,0,0,19.7,Low,Voluntary Resignation,Competitive Compensation Offer,1,1
4471,10,2026-09-01,91200.0,0.96,0.95-1.05 (Target),86.2,1.0,1,0,0,18.0,Low,Active,,0,0
4472,41,2026-09-01,200130.0,0.953,0.95-1.05 (Target),96.3,42.09163569779964,3,1,0,67.4,Elevated,Voluntary Resignation,Work-Life Balance & Fatigue,1,1
4473,30,2026-09-01,87400.0,0.92,0.85-0.95 (Below Median),77.0,14.3,3,0,1,34.8,Low,Active,,0,0
4474,8,2026-09-01,91580.0,0.964,0.95-1.05 (Target),69.8,17.6,3,0,1,37.8,Moderate,Active,,0,0
4475,2,2026-09-01,73580.0,1.132,>1.05 (Premium),83.0,3.4,2,0,0,9.4,Low,Active,,0,0
4476,67,2026-09-01,137700.0,1.02,0.95-1.05 (Target),72.0,5.5,3,0,0,22.2,Low,Active,,0,0
4477,48,2026-09-01,89110.0,0.938,0.85-0.95 (Below Median),81.0,0.8,3,0,0,10.2,Low,Active,,0,0
4478,78,2026-09-01,147350.0,0.842,<0.85 (Critical Underpay),93.6,4.5,3,0,0,24.6,Low,Voluntary Resignation,Competitive Compensation Offer,1,1
4479,83,2026-09-01,86830.0,0.914,0.85-0.95 (Below Median),92.7,16.7,3,0,1,29.8,Low,Active,,0,0
4480,51,2026-09-01,136890.0,1.014,0.95-1.05 (Target),86.7,44.3,4,1,0,68.9,Elevated,Voluntary Resignation,Work-Life Balance & Fatigue,1,1
4481,43,2026-09-01,129735.0,0.961,0.95-1.05 (Target),88.6,10.3,3,0,0,21.1,Low,Active,,0,0
4482,79,2026-09-01,91200.0,0.96,0.95-1.05 (Target),81.3,11.0,5,0,1,30.0,Low,Active,,0,0
4483,37,2026-09-01,183330.0,0.873,0.85-0.95 (Below Median),102.0,20.56203205546043,3,0,0,43.2,Moderate,Active,,0,0
4484,63,2026-09-01,66170.0,1.018,0.95-1.05 (Target),79.0,20.6,1,0,1,32.4,Low,Active,,0,0
4485,21,2026-09-01,65065.0,1.001,0.95-1.05 (Target),93.7,18.3,2,0,0,29.9,Low,Voluntary Resignation,Career Advancement & Role Velocity,0,1
4486,25,2026-09-01,112725.0,0.835,<0.85 (Critical Underpay),89.4,3.7,5,0,1,15.7,Low,Active,,0,0
4487,14,2026-09-01,159775.0,0.913,0.85-0.95 (Below Median),83.4,10.4,3,0,0,22.2,Low,Active,,0,0
4488,25,2026-09-01,108810.0,0.806,<0.85 (Critical Underpay),88.8,47.6,3,0,1,77.0,Elevated,Voluntary Resignation,Competitive Compensation Offer,1,1
4489,40,2026-09-01,64155.0,0.987,0.95-1.05 (Target),87.3,27.1,3,0,0,40.8,Moderate,Active,,0,0
4490,51,2026-09-01,92435.0,0.973,0.95-1.05 (Target),80.3,23.9,4,1,0,45.2,Moderate,Active,,0,0
4491,57,2026-09-01,207900.0,1.188,>1.05 (Premium),89.6,41.5,2,0,0,62.0,Elevated,Voluntary Resignation,Personal / Relocation,1,1
4492,54,2026-09-01,90630.0,0.954,0.95-1.05 (Target),90.2,7.1,3,0,0,17.4,Low,Active,,0,0
4493,18,2026-09-01,68315.0,1.051,>1.05 (Premium),83.3,11.1,3,0,0,20.3,Low,Active,,0,0
4494,3,2026-09-01,64805.0,0.997,0.95-1.05 (Target),94.8,21.9,3,1,1,42.3,Moderate,Voluntary Resignation,Personal / Relocation,0,1
4495,79,2026-09-01,60710.0,0.934,0.85-0.95 (Below Median),102.5,65.0,4,0,0,100.0,Critical Exhaustion,Voluntary Resignation,Work-Life Balance & Fatigue,1,1
4496,4,2026-09-01,184625.0,1.055,>1.05 (Premium),92.1,24.5,4,0,0,36.3,Moderate,Active,,0,0
4497,17,2026-09-01,87875.0,0.925,0.85-0.95 (Below Median),77.9,38.5,3,0,1,63.7,Elevated,Active,,0,0
4498,46,2026-09-01,192990.0,0.919,0.85-0.95 (Below Median),100.3,28.37309975809997,3,0,0,51.7,Moderate,Active,,0,0
4499,14,2026-09-01,59605.0,0.917,0.85-0.95 (Below Median),89.6,26.8,3,0,0,41.8,Moderate,Voluntary Resignation,Career Advancement & Role Velocity,0,1
4500,71,2026-09-01,103550.0,1.09,>1.05 (Premium),95.9,37.66013892136109,3,1,1,51.4,Moderate,Voluntary Resignation,Personal / Relocation,0,1
4501,4,2026-09-01,170100.0,0.81,<0.85 (Critical Underpay),93.2,18.0,3,0,0,41.4,Moderate,Voluntary Resignation,Competitive Compensation Offer,1,1
4502,82,2026-09-01,58630.0,0.902,0.85-0.95 (Below Median),73.0,24.9,3,0,0,39.8,Moderate,Voluntary Resignation,Career Advancement & Role Velocity,0,1
4503,20,2026-09-01,168175.0,0.961,0.95-1.05 (Target),94.0,0.6,2,0,1,9.5,Low,Active,,0,0
4504,75,2026-09-01,143235.0,1.061,>1.05 (Premium),70.0,11.2,4,0,1,20.2,Low,Voluntary Resignation,Personal / Relocation,1,1
4505,45,2026-09-01,94050.0,0.99,0.95-1.05 (Target),82.3,23.9,4,1,1,36.9,Moderate,Active,,0,0
4506,16,2026-09-01,57200.0,0.88,0.85-0.95 (Below Median),85.0,5.9,4,1,1,9.5,Low,Active,,0,0
4507,77,2026-09-01,98895.0,1.041,0.95-1.05 (Target),84.1,2.8,4,0,0,5.0,Low,Active,,0,0
4508,55,2026-09-01,56680.0,0.872,0.85-0.95 (Below Median),87.8,6.8,2,0,0,18.7,Low,Active,,0,0
4509,4,2026-09-01,99560.0,1.048,0.95-1.05 (Target),91.6,13.4,4,0,1,23.1,Low,Active,,0,0
4510,36,2026-09-01,63960.0,0.984,0.95-1.05 (Target),84.9,15.5,3,0,0,42.9,Moderate,Voluntary Resignation,Personal / Relocation,0,1
4511,84,2026-09-01,88825.0,0.935,0.85-0.95 (Below Median),90.3,40.4,4,0,0,73.8,Elevated,Voluntary Resignation,Work-Life Balance & Fatigue,1,1
4512,9,2026-09-01,175000.0,1.0,0.95-1.05 (Target),103.5,37.53782779006045,3,1,0,61.0,Elevated,Active,,0,0
4513,41,2026-09-01,61815.0,0.951,0.95-1.05 (Target),91.6,0.8,3,1,1,17.9,Low,Active,,0,0
4514,2,2026-09-01,101745.0,1.071,>1.05 (Premium),99.3,41.88469608588534,4,1,0,64.8,Elevated,Active,,0,0
4515,5,2026-09-01,69355.0,1.067,>1.05 (Premium),73.9,7.3,3,1,1,15.4,Low,Active,,0,0
4516,60,2026-09-01,91675.0,0.965,0.95-1.05 (Target),82.4,18.8,3,0,0,39.3,Moderate,Active,,0,0
4517,38,2026-09-01,157325.0,0.899,0.85-0.95 (Below Median),80.1,49.7,3,0,0,77.7,Elevated,Voluntary Resignation,Competitive Compensation Offer,1,1
4518,24,2026-09-01,76855.0,0.809,<0.85 (Critical Underpay),106.8,32.38894077285203,4,1,0,58.7,Moderate,Voluntary Resignation,Competitive Compensation Offer,1,1
4519,32,2026-09-01,65975.0,1.015,0.95-1.05 (Target),84.3,1.7,3,0,0,9.7,Low,Active,,0,0
4520,48,2026-09-01,59800.0,0.92,0.85-0.95 (Below Median),81.6,12.8,3,0,0,25.0,Low,Voluntary Resignation,Personal / Relocation,0,1
4521,68,2026-09-01,92625.0,0.975,0.95-1.05 (Target),105.5,31.43029938805534,4,0,0,54.2,Moderate,Voluntary Resignation,Personal / Relocation,1,1
4522,39,2026-09-01,136890.0,1.014,0.95-1.05 (Target),80.8,65.0,3,0,1,93.7,Critical Exhaustion,Voluntary Resignation,Work-Life Balance & Fatigue,1,1
4523,5,2026-09-01,138240.0,1.024,0.95-1.05 (Target),100.1,29.49423784422256,3,0,1,42.9,Moderate,Voluntary Resignation,Personal / Relocation,1,1
4524,78,2026-09-01,69810.0,1.074,>1.05 (Premium),86.8,16.3,3,1,1,26.1,Low,Active,,0,0
4525,34,2026-09-01,166775.0,0.953,0.95-1.05 (Target),87.3,52.0,3,0,0,79.3,Elevated,Voluntary Resignation,Work-Life Balance & Fatigue,1,1
4526,16,2026-09-01,93860.0,0.988,0.95-1.05 (Target),85.8,4.9,2,0,1,14.1,Low,Active,,0,0
4527,21,2026-09-01,212520.0,1.012,0.95-1.05 (Target),83.6,13.3,5,1,1,23.7,Low,Active,,0,0
4528,45,2026-09-01,166075.0,0.949,0.85-0.95 (Below Median),100.4,65.0,2,1,1,100.0,Critical Exhaustion,Voluntary Resignation,Work-Life Balance & Fatigue,1,1
4529,7,2026-09-01,91865.0,0.967,0.95-1.05 (Target),84.6,26.2,4,0,1,48.1,Moderate,Active,,0,0
4530,68,2026-09-01,189175.0,1.081,>1.05 (Premium),78.2,10.1,3,0,0,18.5,Low,Active,,0,0
4531,77,2026-09-01,124200.0,0.92,0.85-0.95 (Below Median),98.1,44.447184827703005,3,0,1,78.9,Elevated,Voluntary Resignation,Work-Life Balance & Fatigue,1,1
4532,68,2026-09-01,98230.0,1.034,0.95-1.05 (Target),77.8,3.6,3,0,0,19.6,Low,Active,,0,0
4533,7,2026-09-01,167300.0,0.956,0.95-1.05 (Target),85.7,13.6,3,0,0,25.2,Low,Voluntary Resignation,Personal / Relocation,1,1
4534,63,2026-09-01,115155.0,0.853,0.85-0.95 (Below Median),87.6,13.4,4,0,0,35.0,Low,Voluntary Resignation,Competitive Compensation Offer,1,1
4535,8,2026-09-01,91485.0,0.963,0.95-1.05 (Target),92.6,3.5,4,0,0,12.9,Low,Active,,0,0
4536,68,2026-09-01,101840.0,1.072,>1.05 (Premium),77.3,8.7,3,1,1,17.0,Low,Active,,0,0
4537,36,2026-09-01,80845.0,0.851,0.85-0.95 (Below Median),78.2,12.9,3,0,0,26.5,Low,Active,,0,0
4538,31,2026-09-01,103360.0,1.088,>1.05 (Premium),63.9,20.8,4,0,1,31.2,Low,Active,,0,0
4539,39,2026-09-01,60970.0,0.938,0.85-0.95 (Below Median),94.9,13.6,4,0,1,25.6,Low,Active,,0,0
4540,77,2026-09-01,150930.0,1.118,>1.05 (Premium),88.6,5.7,5,0,0,12.5,Low,Active,,0,0
4541,68,2026-09-01,67470.0,1.038,0.95-1.05 (Target),77.7,2.8,3,0,0,5.0,Low,Active,,0,0
4542,55,2026-09-01,143640.0,1.064,>1.05 (Premium),83.9,6.0,3,1,0,13.9,Low,Active,,0,0
4543,52,2026-09-01,108945.0,0.807,<0.85 (Critical Underpay),86.3,17.3,3,0,0,40.6,Moderate,Voluntary Resignation,Competitive Compensation Offer,1,1
4544,11,2026-09-01,91105.0,0.959,0.95-1.05 (Target),85.9,3.6,4,0,0,13.1,Low,Active,,0,0
4545,61,2026-09-01,53950.0,0.83,<0.85 (Critical Underpay),82.6,4.4,2,0,0,8.7,Low,Active,,0,0
4546,75,2026-09-01,87875.0,0.925,0.85-0.95 (Below Median),79.4,4.7,4,0,1,7.1,Low,Active,,0,0
4547,31,2026-09-01,60125.0,0.925,0.85-0.95 (Below Median),86.0,4.0,4,0,0,14.3,Low,Active,,0,0
4548,63,2026-09-01,181860.0,0.866,0.85-0.95 (Below Median),89.3,9.1,3,0,0,21.6,Low,Active,,0,0
4549,73,2026-09-01,206430.0,0.983,0.95-1.05 (Target),92.5,3.1,3,1,0,12.1,Low,Active,,0,0
4550,36,2026-09-01,126225.0,0.935,0.85-0.95 (Below Median),77.5,3.5,3,0,1,13.5,Low,Active,,0,0
4551,72,2026-09-01,105640.0,1.112,>1.05 (Premium),66.8,2.1,3,0,0,8.3,Low,Active,,0,0
4552,76,2026-09-01,172725.0,0.987,0.95-1.05 (Target),71.0,21.4,3,0,0,33.9,Low,Voluntary Resignation,Personal / Relocation,1,1
4553,69,2026-09-01,103075.0,1.085,>1.05 (Premium),80.8,14.7,3,0,0,23.9,Low,Active,,0,0
4554,40,2026-09-01,127575.0,0.945,0.85-0.95 (Below Median),81.1,1.8,3,1,0,19.3,Low,Active,,0,0
4555,17,2026-09-01,65975.0,1.015,0.95-1.05 (Target),86.9,8.4,3,0,1,25.8,Low,Active,,0,0
4556,6,2026-09-01,92530.0,0.974,0.95-1.05 (Target),104.6,27.16684857796122,4,0,0,49.1,Moderate,Active,,0,0
4557,7,2026-09-01,99275.0,1.045,0.95-1.05 (Target),81.9,3.7,3,0,0,11.5,Low,Active,,0,0
4558,3,2026-09-01,163800.0,0.936,0.85-0.95 (Below Median),85.2,3.3,3,0,1,13.2,Low,Active,,0,0
4559,42,2026-09-01,62400.0,0.96,0.95-1.05 (Target),75.4,37.0,4,0,0,53.2,Moderate,Voluntary Resignation,Personal / Relocation,1,1
4560,17,2026-09-01,61425.0,0.945,0.85-0.95 (Below Median),84.1,15.1,4,0,0,35.2,Moderate,Active,,0,0
4561,63,2026-09-01,92530.0,0.974,0.95-1.05 (Target),81.3,21.1,4,0,1,41.8,Moderate,Voluntary Resignation,Personal / Relocation,1,1
4562,59,2026-09-01,85880.0,0.904,0.85-0.95 (Below Median),94.1,8.9,5,0,1,20.6,Low,Voluntary Resignation,Personal / Relocation,1,1
4563,59,2026-09-01,79800.0,0.84,<0.85 (Critical Underpay),98.5,53.71640281296463,1,0,0,91.7,Critical Exhaustion,Active,,0,0
4564,3,2026-09-01,57785.0,0.889,0.85-0.95 (Below Median),85.3,0.6,5,1,0,18.9,Low,Active,,0,0
4565,14,2026-09-01,59735.0,0.919,0.85-0.95 (Below Median),79.5,20.9,3,1,0,34.7,Low,Active,,0,0
4566,5,2026-09-01,95760.0,1.008,0.95-1.05 (Target),82.0,1.2,3,0,1,9.3,Low,Active,,0,0
4567,11,2026-09-01,82080.0,0.864,0.85-0.95 (Below Median),88.9,23.4,3,1,0,46.8,Moderate,Voluntary Resignation,Competitive Compensation Offer,0,1
4568,70,2026-09-01,280280.0,1.078,>1.05 (Premium),83.8,3.6,3,0,0,5.0,Low,Active,,0,0
4569,15,2026-09-01,252200.0,0.97,0.95-1.05 (Target),79.3,10.7,3,0,0,21.4,Low,Active,,0,0
4570,78,2026-09-01,68315.0,1.051,>1.05 (Premium),75.6,17.6,3,0,0,36.1,Moderate,Active,,0,0
4571,69,2026-09-01,131895.0,0.977,0.95-1.05 (Target),85.7,3.1,3,0,0,12.2,Low,Active,,0,0
4572,53,2026-09-01,135135.0,1.001,0.95-1.05 (Target),64.2,48.4,3,1,0,74.1,Elevated,Active,,0,0
4573,19,2026-09-01,57460.0,0.884,0.85-0.95 (Below Median),82.2,4.1,3,0,0,15.2,Low,Active,,0,0
4574,83,2026-09-01,108300.0,1.14,>1.05 (Premium),73.6,11.5,2,0,0,19.0,Low,Active,,0,0
4575,66,2026-09-01,190890.0,0.909,0.85-0.95 (Below Median),82.9,12.6,3,0,0,24.9,Low,Voluntary Resignation,Personal / Relocation,1,1
4576,3,2026-09-01,104085.0,0.771,<0.85 (Critical Underpay),83.8,3.2,3,1,0,16.4,Low,Voluntary Resignation,Competitive Compensation Offer,1,1
4577,77,2026-09-01,85025.0,0.895,0.85-0.95 (Below Median),85.3,37.0,3,0,0,70.5,Elevated,Voluntary Resignation,Competitive Compensation Offer,0,1
4578,16,2026-09-01,167825.0,0.959,0.95-1.05 (Target),91.6,27.2,3,1,0,49.5,Moderate,Active,,0,0
4579,84,2026-09-01,92530.0,0.974,0.95-1.05 (Target),90.8,8.6,3,1,1,18.8,Low,Active,,0,0
4580,44,2026-09-01,87210.0,0.918,0.85-0.95 (Below Median),92.0,10.8,5,0,1,30.6,Low,Voluntary Resignation,Personal / Relocation,1,1
4581,37,2026-09-01,69485.0,1.069,>1.05 (Premium),98.1,21.387554243574407,4,0,0,40.3,Moderate,Active,,0,0
4582,72,2026-09-01,59605.0,0.917,0.85-0.95 (Below Median),81.5,8.3,5,1,1,19.6,Low,Active,,0,0
4583,60,2026-09-01,137160.0,1.016,0.95-1.05 (Target),77.6,54.7,5,0,0,81.3,Critical Exhaustion,Voluntary Resignation,Work-Life Balance & Fatigue,1,1
4584,46,2026-09-01,65455.0,1.007,0.95-1.05 (Target),81.4,21.3,4,0,0,41.4,Moderate,Active,,0,0
4585,1,2026-09-01,67145.0,1.033,0.95-1.05 (Target),81.3,32.4,3,0,0,46.2,Moderate,Voluntary Resignation,Personal / Relocation,0,1
4586,40,2026-09-01,73340.0,0.772,<0.85 (Critical Underpay),87.8,5.7,3,0,0,27.4,Low,Voluntary Resignation,Competitive Compensation Offer,0,1
4587,45,2026-09-01,53690.0,0.826,<0.85 (Critical Underpay),80.0,36.6,4,1,1,71.4,Elevated,Voluntary Resignation,Competitive Compensation Offer,1,1
4588,55,2026-09-01,152415.0,1.129,>1.05 (Premium),77.2,7.2,4,1,0,14.1,Low,Active,,0,0
4589,67,2026-09-01,88160.0,0.928,0.85-0.95 (Below Median),80.8,1.1,5,1,0,10.8,Low,Active,,0,0
4590,49,2026-09-01,55835.0,0.859,0.85-0.95 (Below Median),90.4,9.2,3,0,0,21.9,Low,Active,,0,0
4591,58,2026-09-01,53885.0,0.829,<0.85 (Critical Underpay),76.5,28.5,5,0,0,53.6,Moderate,Active,,0,0
4592,35,2026-09-01,226590.0,1.079,>1.05 (Premium),90.7,10.4,5,0,1,18.9,Low,Active,,0,0
4593,82,2026-09-01,92815.0,0.977,0.95-1.05 (Target),99.2,32.71889193896708,3,0,0,63.7,Elevated,Voluntary Resignation,Personal / Relocation,0,1
4594,28,2026-09-01,70395.0,1.083,>1.05 (Premium),88.3,0.0,3,0,0,6.3,Low,Active,,0,0
4595,47,2026-09-01,123795.0,0.917,0.85-0.95 (Below Median),79.6,0.8,4,0,0,10.6,Low,Active,,0,0
4596,76,2026-09-01,98515.0,1.037,0.95-1.05 (Target),90.7,29.3,3,0,0,50.4,Moderate,Active,,0,0
4597,76,2026-09-01,95475.0,1.005,0.95-1.05 (Target),86.6,1.2,3,0,0,5.0,Low,Active,,0,0
4598,35,2026-09-01,217770.0,1.037,0.95-1.05 (Target),91.8,15.7,2,0,0,26.1,Low,Active,,0,0
4599,27,2026-09-01,66560.0,1.024,0.95-1.05 (Target),83.8,21.0,3,0,0,32.7,Low,Voluntary Resignation,Personal / Relocation,0,1
4600,31,2026-09-01,90345.0,0.951,0.95-1.05 (Target),91.4,3.8,3,0,1,21.5,Low,Active,,0,0
4601,64,2026-09-01,100320.0,1.056,>1.05 (Premium),92.0,1.8,2,0,1,5.0,Low,Active,,0,0
4602,7,2026-09-01,63375.0,0.975,0.95-1.05 (Target),84.9,8.8,3,0,0,11.1,Low,Active,,0,0
4603,49,2026-09-01,199500.0,0.95,0.85-0.95 (Below Median),91.1,25.6,3,1,0,47.7,Moderate,Active,,0,0
4604,62,2026-09-01,82745.0,0.871,0.85-0.95 (Below Median),74.3,0.7,1,0,0,11.4,Low,Active,,0,0
4605,19,2026-09-01,92055.0,0.969,0.95-1.05 (Target),73.5,10.8,4,0,0,21.6,Low,Active,,0,0
4606,39,2026-09-01,126360.0,0.936,0.85-0.95 (Below Median),79.6,8.6,3,0,0,19.6,Low,Active,,0,0
4607,59,2026-09-01,82555.0,0.869,0.85-0.95 (Below Median),80.7,2.2,4,0,1,5.3,Low,Active,,0,0
4608,14,2026-09-01,111915.0,0.829,<0.85 (Critical Underpay),92.6,41.5,4,1,0,69.2,Elevated,Voluntary Resignation,Competitive Compensation Offer,1,1
4609,75,2026-09-01,115560.0,0.856,0.85-0.95 (Below Median),67.3,16.6,3,0,1,30.8,Low,Active,,0,0
4610,45,2026-09-01,129735.0,0.961,0.95-1.05 (Target),83.1,20.9,3,0,0,25.9,Low,Voluntary Resignation,Personal / Relocation,1,1
4611,31,2026-09-01,66430.0,1.022,0.95-1.05 (Target),78.7,2.2,2,0,0,5.0,Low,Active,,0,0
4612,25,2026-09-01,66495.0,1.023,0.95-1.05 (Target),84.8,29.3,3,1,0,42.7,Moderate,Active,,0,0
4613,62,2026-09-01,66885.0,1.029,0.95-1.05 (Target),86.8,2.9,3,1,1,10.9,Low,Active,,0,0
4614,36,2026-09-01,132975.0,0.985,0.95-1.05 (Target),76.3,3.9,3,0,0,13.0,Low,Active,,0,0
4615,41,2026-09-01,137550.0,0.786,<0.85 (Critical Underpay),96.3,43.4051922881609,3,1,0,72.4,Elevated,Active,,0,0
4616,8,2026-09-01,58825.0,0.905,0.85-0.95 (Below Median),92.2,32.0,4,0,1,56.3,Moderate,Voluntary Resignation,Personal / Relocation,1,1
4617,77,2026-09-01,93290.0,0.982,0.95-1.05 (Target),74.2,3.1,3,0,1,5.0,Low,Active,,0,0
4618,61,2026-09-01,66170.0,1.018,0.95-1.05 (Target),89.6,30.2,3,1,0,43.9,Moderate,Voluntary Resignation,Personal / Relocation,0,1
4619,49,2026-09-01,173250.0,0.99,0.95-1.05 (Target),77.3,0.7,3,0,1,9.0,Low,Active,,0,0
4620,32,2026-09-01,62855.0,0.967,0.95-1.05 (Target),67.5,19.0,2,0,1,39.5,Moderate,Active,,0,0
4621,2,2026-09-01,237900.0,0.915,0.85-0.95 (Below Median),84.5,14.5,3,0,1,27.1,Low,Active,,0,0
4622,20,2026-09-01,60125.0,0.925,0.85-0.95 (Below Median),93.6,32.2,3,0,1,56.1,Moderate,Active,,0,0
4623,31,2026-09-01,166950.0,0.954,0.95-1.05 (Target),90.3,29.2,3,0,1,52.0,Moderate,Voluntary Resignation,Career Advancement & Role Velocity,1,1
4624,3,2026-09-01,152950.0,0.874,0.85-0.95 (Below Median),74.9,48.9,5,1,1,77.2,Elevated,Active,,0,0
4625,38,2026-09-01,174650.0,0.998,0.95-1.05 (Target),93.6,6.2,3,0,0,15.5,Low,Active,,0,0
4626,76,2026-09-01,87590.0,0.922,0.85-0.95 (Below Median),100.9,29.790017666435844,3,0,0,53.3,Moderate,Active,,0,0
4627,72,2026-09-01,171500.0,0.98,0.95-1.05 (Target),81.0,5.0,4,0,0,14.4,Low,Active,,0,0
4628,19,2026-09-01,88635.0,0.933,0.85-0.95 (Below Median),89.2,9.1,3,0,0,20.3,Low,Active,,0,0
4629,14,2026-09-01,81320.0,0.856,0.85-0.95 (Below Median),80.4,22.0,4,0,0,37.3,Moderate,Voluntary Resignation,Competitive Compensation Offer,1,1
4630,36,2026-09-01,56095.0,0.863,0.85-0.95 (Below Median),81.2,0.3,3,0,0,19.1,Low,Active,,0,0
4631,25,2026-09-01,137970.0,1.022,0.95-1.05 (Target),86.8,2.3,3,0,0,5.0,Low,Active,,0,0
4632,2,2026-09-01,56420.0,0.868,0.85-0.95 (Below Median),90.5,20.9,3,0,0,35.7,Moderate,Voluntary Resignation,Competitive Compensation Offer,0,1
4633,73,2026-09-01,92625.0,0.975,0.95-1.05 (Target),91.3,9.4,4,1,0,27.8,Low,Active,,0,0
4634,12,2026-09-01,192990.0,0.919,0.85-0.95 (Below Median),102.4,31.614515550148187,3,0,0,47.6,Moderate,Voluntary Resignation,Personal / Relocation,1,1
4635,7,2026-09-01,86260.0,0.908,0.85-0.95 (Below Median),105.8,18.25883830898308,3,0,0,31.8,Low,Active,,0,0
4636,19,2026-09-01,93670.0,0.986,0.95-1.05 (Target),87.9,1.8,3,0,1,5.0,Low,Active,,0,0
4637,60,2026-09-01,88920.0,0.936,0.85-0.95 (Below Median),73.9,8.4,2,0,0,27.4,Low,Active,,0,0
4638,36,2026-09-01,125145.0,0.927,0.85-0.95 (Below Median),71.1,7.5,3,0,1,18.5,Low,Active,,0,0
4639,53,2026-09-01,91865.0,0.967,0.95-1.05 (Target),99.2,57.24521486070154,2,0,0,85.4,Critical Exhaustion,Voluntary Resignation,Work-Life Balance & Fatigue,0,1
4640,41,2026-09-01,51740.0,0.796,<0.85 (Critical Underpay),89.5,12.1,3,0,0,26.6,Low,Voluntary Resignation,Competitive Compensation Offer,0,1
4641,2,2026-09-01,106400.0,1.12,>1.05 (Premium),81.9,20.0,3,0,1,21.6,Low,Active,,0,0
4642,65,2026-09-01,92340.0,0.972,0.95-1.05 (Target),87.8,10.6,3,0,0,29.3,Low,Active,,0,0
4643,5,2026-09-01,164850.0,0.942,0.85-0.95 (Below Median),89.7,3.4,3,0,0,13.2,Low,Active,,0,0
4644,2,2026-09-01,119340.0,0.884,0.85-0.95 (Below Median),92.8,35.4,2,0,0,60.8,Elevated,Voluntary Resignation,Competitive Compensation Offer,1,1
4645,52,2026-09-01,103005.0,0.763,<0.85 (Critical Underpay),85.7,3.1,4,0,0,16.5,Low,Voluntary Resignation,Competitive Compensation Offer,1,1
4646,51,2026-09-01,150795.0,1.117,>1.05 (Premium),82.1,7.3,3,0,1,14.4,Low,Active,,0,0
4647,15,2026-09-01,56940.0,0.876,0.85-0.95 (Below Median),93.3,0.5,3,0,1,11.1,Low,Active,,0,0
4648,38,2026-09-01,118665.0,0.879,0.85-0.95 (Below Median),76.6,27.7,3,1,0,43.7,Moderate,Active,,0,0
4649,47,2026-09-01,250120.0,0.962,0.95-1.05 (Target),87.1,2.0,4,0,0,11.2,Low,Active,,0,0
4650,5,2026-09-01,163625.0,0.935,0.85-0.95 (Below Median),93.9,0.8,5,0,0,10.3,Low,Active,,0,0
4651,45,2026-09-01,103005.0,0.763,<0.85 (Critical Underpay),84.1,1.5,3,0,0,14.5,Low,Voluntary Resignation,Competitive Compensation Offer,1,1
4652,7,2026-09-01,135135.0,1.001,0.95-1.05 (Target),99.7,40.5431773264136,4,1,0,72.6,Elevated,Active,,0,0
4653,8,2026-09-01,88920.0,0.936,0.85-0.95 (Below Median),86.9,0.1,4,0,0,9.4,Low,Voluntary Resignation,Personal / Relocation,1,1
4654,29,2026-09-01,91580.0,0.964,0.95-1.05 (Target),92.3,11.4,5,0,1,22.4,Low,Active,,0,0
4655,33,2026-09-01,96900.0,1.02,0.95-1.05 (Target),89.1,14.8,3,0,0,33.4,Low,Active,,0,0
4656,1,2026-09-01,288600.0,1.11,>1.05 (Premium),83.0,14.9,3,0,0,23.7,Low,Active,,0,0
4657,46,2026-09-01,88160.0,0.928,0.85-0.95 (Below Median),76.9,40.9,3,0,1,66.5,Elevated,Voluntary Resignation,Work-Life Balance & Fatigue,0,1
4658,57,2026-09-01,182700.0,1.044,0.95-1.05 (Target),81.6,13.1,3,0,0,22.8,Low,Active,,0,0
4659,53,2026-09-01,69095.0,1.063,>1.05 (Premium),97.7,38.20370199193073,1,1,0,52.6,Moderate,Active,,0,0
4660,29,2026-09-01,60515.0,0.931,0.85-0.95 (Below Median),77.7,11.3,3,0,1,22.9,Low,Active,,0,0
4661,7,2026-09-01,208950.0,0.995,0.95-1.05 (Target),99.2,34.521150785772114,3,0,0,49.5,Moderate,Active,,0,0
4662,18,2026-09-01,67210.0,1.034,0.95-1.05 (Target),87.1,46.9,4,0,0,71.6,Elevated,Active,,0,0
4663,43,2026-09-01,130680.0,0.968,0.95-1.05 (Target),101.1,65.0,3,0,0,100.0,Critical Exhaustion,Voluntary Resignation,Work-Life Balance & Fatigue,1,1
4664,4,2026-09-01,66625.0,1.025,0.95-1.05 (Target),81.0,3.2,3,0,1,11.3,Low,Active,,0,0
4665,27,2026-09-01,79895.0,0.841,<0.85 (Critical Underpay),88.5,5.3,4,0,0,17.5,Low,Active,,0,0
4666,3,2026-09-01,60970.0,0.938,0.85-0.95 (Below Median),79.2,10.9,4,1,0,22.3,Low,Active,,0,0
4667,52,2026-09-01,146205.0,1.083,>1.05 (Premium),89.8,13.3,2,1,0,30.3,Low,Active,,0,0
4668,32,2026-09-01,214620.0,1.022,0.95-1.05 (Target),76.9,4.9,3,1,0,13.4,Low,Active,,0,0
4669,65,2026-09-01,96235.0,1.013,0.95-1.05 (Target),74.7,3.3,3,0,0,19.7,Low,Voluntary Resignation,Career Advancement & Role Velocity,0,1
4670,45,2026-09-01,103265.0,1.087,>1.05 (Premium),89.4,0.3,2,0,1,6.6,Low,Active,,0,0
4671,79,2026-09-01,109725.0,1.155,>1.05 (Premium),88.6,29.8,3,1,0,48.7,Moderate,Active,,0,0
4672,44,2026-09-01,61425.0,0.945,0.85-0.95 (Below Median),80.2,14.7,4,1,0,26.7,Low,Active,,0,0
4673,41,2026-09-01,57850.0,0.89,0.85-0.95 (Below Median),74.3,11.3,3,1,0,15.8,Low,Active,,0,0
4674,53,2026-09-01,141210.0,1.046,0.95-1.05 (Target),66.1,4.2,3,1,0,12.1,Low,Active,,0,0
4675,58,2026-09-01,97850.0,1.03,0.95-1.05 (Target),81.8,12.4,1,1,0,30.3,Low,Active,,0,0
4676,44,2026-09-01,70135.0,1.079,>1.05 (Premium),70.5,10.3,5,0,0,10.8,Low,Active,,0,0
4677,46,2026-09-01,92815.0,0.977,0.95-1.05 (Target),99.2,53.785982383714,3,0,0,81.0,Critical Exhaustion,Voluntary Resignation,Work-Life Balance & Fatigue,0,1
4678,6,2026-09-01,94240.0,0.992,0.95-1.05 (Target),88.6,10.2,3,0,1,20.4,Low,Active,,0,0
4679,57,2026-09-01,91200.0,0.96,0.95-1.05 (Target),98.8,58.09664167975571,3,1,0,86.5,Critical Exhaustion,Voluntary Resignation,Work-Life Balance & Fatigue,0,1
4680,38,2026-09-01,97945.0,1.031,0.95-1.05 (Target),89.1,31.1,3,1,0,52.7,Moderate,Voluntary Resignation,Personal / Relocation,0,1
4681,8,2026-09-01,59475.0,0.915,0.85-0.95 (Below Median),97.2,31.9095951230374,3,0,0,48.0,Moderate,Active,,0,0
4682,55,2026-09-01,87590.0,0.922,0.85-0.95 (Below Median),84.3,0.4,3,0,1,18.0,Low,Active,,0,0
4683,71,2026-09-01,89870.0,0.946,0.85-0.95 (Below Median),81.7,23.1,3,0,0,36.8,Moderate,Active,,0,0
4684,35,2026-09-01,81890.0,0.862,0.85-0.95 (Below Median),81.3,18.2,3,0,0,32.6,Low,Voluntary Resignation,Competitive Compensation Offer,0,1
4685,26,2026-09-01,122580.0,0.908,0.85-0.95 (Below Median),77.2,50.3,3,1,1,78.2,Elevated,Active,,0,0
4686,18,2026-09-01,88825.0,0.935,0.85-0.95 (Below Median),91.2,43.0,3,0,1,60.9,Elevated,Voluntary Resignation,Personal / Relocation,0,1
4687,66,2026-09-01,123120.0,0.912,0.85-0.95 (Below Median),85.9,1.7,3,0,0,11.8,Low,Active,,0,0
4688,1,2026-09-01,95000.0,1.0,0.95-1.05 (Target),74.5,4.8,3,0,0,5.8,Low,Active,,0,0
4689,79,2026-09-01,69875.0,1.075,>1.05 (Premium),66.9,3.9,2,0,0,11.2,Low,Active,,0,0
4690,66,2026-09-01,90630.0,0.954,0.95-1.05 (Target),78.6,1.5,5,0,0,5.0,Low,Active,,0,0
4691,84,2026-09-01,146880.0,1.088,>1.05 (Premium),73.8,0.3,5,1,0,5.0,Low,Active,,0,0
4692,71,2026-09-01,56550.0,0.87,0.85-0.95 (Below Median),81.0,0.5,3,0,0,11.2,Low,Active,,0,0
4693,42,2026-09-01,63180.0,0.972,0.95-1.05 (Target),91.4,19.9,2,0,0,32.4,Low,Active,,0,0
4694,77,2026-09-01,127305.0,0.943,0.85-0.95 (Below Median),78.9,3.1,3,0,1,12.9,Low,Active,,0,0
4695,65,2026-09-01,101745.0,1.071,>1.05 (Premium),85.2,14.3,3,0,1,23.7,Low,Active,,0,0
4696,84,2026-09-01,49660.0,0.764,<0.85 (Critical Underpay),102.2,18.21779373685327,3,0,0,42.6,Moderate,Voluntary Resignation,Competitive Compensation Offer,0,1
4697,23,2026-09-01,63375.0,0.975,0.95-1.05 (Target),90.1,36.4,2,0,1,68.2,Elevated,Active,,0,0
4698,18,2026-09-01,91200.0,0.96,0.95-1.05 (Target),82.7,20.7,5,0,1,33.6,Low,Active,,0,0
4699,71,2026-09-01,89395.0,0.941,0.85-0.95 (Below Median),89.6,8.0,3,0,0,18.8,Low,Voluntary Resignation,Personal / Relocation,0,1
4700,57,2026-09-01,56225.0,0.865,0.85-0.95 (Below Median),88.2,4.0,3,0,0,15.5,Low,Active,,0,0
4701,27,2026-09-01,105830.0,1.114,>1.05 (Premium),93.4,8.6,2,1,1,16.0,Low,Active,,0,0
4702,56,2026-09-01,204960.0,0.976,0.95-1.05 (Target),88.5,10.7,4,0,0,21.3,Low,Active,,0,0
4703,1,2026-09-01,120150.0,0.89,0.85-0.95 (Below Median),92.1,2.3,3,0,0,13.0,Low,Active,,0,0
4704,75,2026-09-01,73385.0,1.129,>1.05 (Premium),118.8,65.0,2,1,0,99.4,Critical Exhaustion,Voluntary Resignation,Work-Life Balance & Fatigue,0,1
4705,53,2026-09-01,87305.0,0.919,0.85-0.95 (Below Median),97.3,29.412598553715505,2,0,0,44.9,Moderate,Active,,0,0
4706,48,2026-09-01,89585.0,0.943,0.85-0.95 (Below Median),76.7,46.8,4,1,0,81.3,Critical Exhaustion,Voluntary Resignation,Work-Life Balance & Fatigue,1,1
4707,16,2026-09-01,55900.0,0.86,0.85-0.95 (Below Median),81.1,2.2,4,0,1,13.4,Low,Active,,0,0
4708,23,2026-09-01,67340.0,1.036,0.95-1.05 (Target),72.2,8.4,3,0,0,17.4,Low,Active,,0,0
4709,70,2026-09-01,110200.0,1.16,>1.05 (Premium),80.1,1.8,5,1,0,7.0,Low,Active,,0,0
4710,30,2026-09-01,62855.0,0.967,0.95-1.05 (Target),81.2,35.4,3,0,0,59.1,Moderate,Voluntary Resignation,Personal / Relocation,0,1
4711,69,2026-09-01,60775.0,0.935,0.85-0.95 (Below Median),85.6,47.5,3,0,1,74.3,Elevated,Voluntary Resignation,Work-Life Balance & Fatigue,0,1
4712,82,2026-09-01,169260.0,0.806,<0.85 (Critical Underpay),86.1,8.8,1,1,0,30.4,Low,Active,,0,0
4713,48,2026-09-01,91010.0,0.958,0.95-1.05 (Target),88.1,18.9,3,0,0,39.5,Moderate,Active,,0,0
4714,5,2026-09-01,105830.0,1.114,>1.05 (Premium),93.3,56.5,3,0,0,89.5,Critical Exhaustion,Voluntary Resignation,Work-Life Balance & Fatigue,0,1
4715,29,2026-09-01,58825.0,0.905,0.85-0.95 (Below Median),77.7,13.0,3,1,0,25.5,Low,Active,,0,0
4716,47,2026-09-01,157815.0,1.169,>1.05 (Premium),94.0,0.8,3,0,0,5.0,Low,Active,,0,0
4717,8,2026-09-01,97470.0,1.026,0.95-1.05 (Target),83.1,0.8,4,0,0,5.0,Low,Active,,0,0
4718,49,2026-09-01,111340.0,1.172,>1.05 (Premium),88.0,3.4,4,0,0,8.6,Low,Active,,0,0
4719,43,2026-09-01,60645.0,0.933,0.85-0.95 (Below Median),96.9,65.0,4,0,1,95.3,Critical Exhaustion,Voluntary Resignation,Work-Life Balance & Fatigue,1,1
4720,48,2026-09-01,95000.0,1.0,0.95-1.05 (Target),91.2,20.5,3,0,0,40.6,Moderate,Voluntary Resignation,Personal / Relocation,0,1
4721,4,2026-09-01,215250.0,1.025,0.95-1.05 (Target),83.4,65.0,3,0,0,100.0,Critical Exhaustion,Voluntary Resignation,Work-Life Balance & Fatigue,1,1
4722,52,2026-09-01,90535.0,0.953,0.95-1.05 (Target),91.5,25.8,4,0,1,47.9,Moderate,Active,,0,0
4723,68,2026-09-01,90630.0,0.954,0.95-1.05 (Target),87.7,7.4,3,0,0,17.8,Low,Active,,0,0
4724,63,2026-09-01,124875.0,0.925,0.85-0.95 (Below Median),85.1,1.2,4,1,0,10.9,Low,Active,,0,0
4725,35,2026-09-01,122445.0,0.907,0.85-0.95 (Below Median),72.5,3.4,3,0,1,13.9,Low,Voluntary Resignation,Personal / Relocation,1,1
4726,54,2026-09-01,189000.0,0.9,0.85-0.95 (Below Median),79.2,11.4,3,0,0,23.7,Low,Voluntary Resignation,Personal / Relocation,1,1
4727,30,2026-09-01,83790.0,0.882,0.85-0.95 (Below Median),94.2,27.2,3,0,0,51.0,Moderate,Voluntary Resignation,Competitive Compensation Offer,0,1
4728,40,2026-09-01,66625.0,1.025,0.95-1.05 (Target),76.5,1.1,2,0,1,16.8,Low,Active,,0,0
4729,81,2026-09-01,62270.0,0.958,0.95-1.05 (Target),84.7,20.6,3,1,1,33.6,Low,Active,,0,0
4730,38,2026-09-01,59215.0,0.911,0.85-0.95 (Below Median),103.4,25.095144689205583,5,1,1,39.9,Moderate,Active,,0,0
4731,25,2026-09-01,132030.0,0.978,0.95-1.05 (Target),95.1,43.4289973146625,3,0,1,76.6,Elevated,Voluntary Resignation,Work-Life Balance & Fatigue,1,1
4732,75,2026-09-01,100795.0,1.061,>1.05 (Premium),84.2,6.6,3,0,1,6.7,Low,Active,,0,0
4733,62,2026-09-01,59670.0,0.918,0.85-0.95 (Below Median),75.9,25.7,5,0,0,48.5,Moderate,Voluntary Resignation,Personal / Relocation,1,1
4734,56,2026-09-01,63895.0,0.983,0.95-1.05 (Target),75.8,8.8,3,0,0,18.9,Low,Active,,0,0
4735,70,2026-09-01,99180.0,1.044,0.95-1.05 (Target),76.6,4.4,3,0,0,12.4,Low,Active,,0,0
4736,24,2026-09-01,132570.0,0.982,0.95-1.05 (Target),83.5,5.0,3,0,0,14.4,Low,Active,,0,0
4737,80,2026-09-01,88540.0,0.932,0.85-0.95 (Below Median),93.2,31.1,3,0,0,46.7,Moderate,Active,,0,0
4738,64,2026-09-01,80940.0,0.852,0.85-0.95 (Below Median),71.5,1.3,3,0,1,20.5,Low,Active,,0,0
4739,11,2026-09-01,59475.0,0.915,0.85-0.95 (Below Median),86.3,0.2,3,0,1,9.9,Low,Voluntary Resignation,Personal / Relocation,0,1
4740,63,2026-09-01,105165.0,1.107,>1.05 (Premium),91.1,1.2,2,0,0,5.0,Low,Active,,0,0
4741,45,2026-09-01,123120.0,0.912,0.85-0.95 (Below Median),88.7,2.4,3,0,0,12.6,Low,Active,,0,0
4742,77,2026-09-01,244660.0,0.941,0.85-0.95 (Below Median),104.1,35.24747524838677,4,0,0,59.5,Moderate,Active,,0,0
4743,56,2026-09-01,92625.0,0.975,0.95-1.05 (Target),80.8,3.0,3,0,0,12.1,Low,Active,,0,0
4744,1,2026-09-01,54535.0,0.839,<0.85 (Critical Underpay),85.1,14.6,2,1,0,36.7,Moderate,Active,,0,0
4745,42,2026-09-01,135000.0,1.0,0.95-1.05 (Target),64.6,12.6,3,0,0,31.1,Low,Voluntary Resignation,Personal / Relocation,1,1
4746,5,2026-09-01,64935.0,0.999,0.95-1.05 (Target),88.5,12.0,3,0,0,22.4,Low,Voluntary Resignation,Personal / Relocation,0,1
4747,81,2026-09-01,125955.0,0.933,0.85-0.95 (Below Median),87.3,0.0,4,0,0,9.3,Low,Active,,0,0
4748,73,2026-09-01,66365.0,1.021,0.95-1.05 (Target),86.7,3.2,3,0,0,11.4,Low,Active,,0,0
4749,45,2026-09-01,92055.0,0.969,0.95-1.05 (Target),74.1,22.4,3,0,1,43.5,Moderate,Active,,0,0
4750,25,2026-09-01,63115.0,0.971,0.95-1.05 (Target),77.8,23.7,2,0,1,45.0,Moderate,Voluntary Resignation,Personal / Relocation,0,1
4751,50,2026-09-01,117720.0,0.872,0.85-0.95 (Below Median),76.5,65.0,3,0,1,100.0,Critical Exhaustion,Voluntary Resignation,Competitive Compensation Offer,1,1
4752,78,2026-09-01,91295.0,0.961,0.95-1.05 (Target),99.5,23.392572509235283,3,0,0,36.9,Moderate,Voluntary Resignation,Personal / Relocation,0,1
4753,44,2026-09-01,61750.0,0.95,0.85-0.95 (Below Median),87.8,19.7,3,0,1,32.6,Low,Voluntary Resignation,Personal / Relocation,0,1
4754,56,2026-09-01,56225.0,0.865,0.85-0.95 (Below Median),80.8,0.8,3,1,0,11.7,Low,Active,,0,0
4755,26,2026-09-01,91675.0,0.965,0.95-1.05 (Target),79.5,0.2,4,0,1,8.9,Low,Active,,0,0
4756,37,2026-09-01,59995.0,0.923,0.85-0.95 (Below Median),83.2,31.5,3,0,0,47.3,Moderate,Active,,0,0
4757,33,2026-09-01,131490.0,0.974,0.95-1.05 (Target),94.1,25.7,4,0,0,47.4,Moderate,Voluntary Resignation,Personal / Relocation,1,1
4758,83,2026-09-01,62010.0,0.954,0.95-1.05 (Target),85.8,13.1,3,1,1,32.6,Low,Active,,0,0
4759,84,2026-09-01,62855.0,0.967,0.95-1.05 (Target),79.4,21.2,3,0,1,34.1,Low,Voluntary Resignation,Personal / Relocation,0,1
4760,47,2026-09-01,93100.0,0.98,0.95-1.05 (Target),94.9,2.1,3,0,0,10.9,Low,Active,,0,0
4761,71,2026-09-01,66365.0,1.021,0.95-1.05 (Target),91.6,4.5,3,0,0,13.0,Low,Active,,0,0
4762,1,2026-09-01,116775.0,0.865,0.85-0.95 (Below Median),86.6,19.6,3,0,0,34.2,Low,Active,,0,0
4763,54,2026-09-01,74685.0,1.149,>1.05 (Premium),69.9,3.2,4,0,0,8.9,Low,Active,,0,0
4764,32,2026-09-01,99275.0,1.045,0.95-1.05 (Target),106.0,65.0,1,0,1,93.1,Critical Exhaustion,Voluntary Resignation,Work-Life Balance & Fatigue,0,1
4765,15,2026-09-01,106970.0,1.126,>1.05 (Premium),89.8,28.9,3,1,0,48.2,Moderate,Active,,0,0
4766,3,2026-09-01,74165.0,1.141,>1.05 (Premium),82.3,4.9,5,0,0,11.1,Low,Active,,0,0
4767,84,2026-09-01,93005.0,0.979,0.95-1.05 (Target),91.8,5.8,3,0,1,15.4,Low,Voluntary Resignation,Personal / Relocation,0,1
4768,28,2026-09-01,56550.0,0.87,0.85-0.95 (Below Median),99.2,27.637121402833067,5,0,0,51.8,Moderate,Voluntary Resignation,Competitive Compensation Offer,1,1
4769,40,2026-09-01,60190.0,0.926,0.85-0.95 (Below Median),71.1,1.5,4,0,0,11.3,Low,Active,,0,0
4770,36,2026-09-01,119070.0,0.882,0.85-0.95 (Below Median),73.1,1.3,3,1,0,19.9,Low,Active,,0,0
4771,78,2026-09-01,220710.0,1.051,>1.05 (Premium),73.4,5.2,3,0,0,13.2,Low,Active,,0,0
4772,6,2026-09-01,55900.0,0.86,0.85-0.95 (Below Median),80.1,4.2,3,0,0,15.8,Low,Active,,0,0
4773,57,2026-09-01,86070.0,0.906,0.85-0.95 (Below Median),87.0,12.4,4,0,0,24.8,Low,Active,,0,0
4774,2,2026-09-01,89015.0,0.937,0.85-0.95 (Below Median),84.8,15.4,3,1,0,27.7,Low,Active,,0,0
4775,31,2026-09-01,51545.0,0.793,<0.85 (Critical Underpay),95.3,63.55941564956471,3,0,0,100.0,Critical Exhaustion,Voluntary Resignation,Competitive Compensation Offer,0,1
4776,81,2026-09-01,86070.0,0.906,0.85-0.95 (Below Median),89.2,8.7,3,0,0,28.3,Low,Active,,0,0
4777,54,2026-09-01,93670.0,0.986,0.95-1.05 (Target),72.7,18.9,3,1,1,31.0,Low,Voluntary Resignation,Personal / Relocation,0,1
4778,46,2026-09-01,79230.0,0.834,<0.85 (Critical Underpay),101.7,27.054074489819968,2,0,1,43.8,Moderate,Voluntary Resignation,Competitive Compensation Offer,0,1
4779,21,2026-09-01,194040.0,0.924,0.85-0.95 (Below Median),93.7,14.9,3,0,0,35.4,Moderate,Voluntary Resignation,Personal / Relocation,1,1
4780,26,2026-09-01,55835.0,0.859,0.85-0.95 (Below Median),98.7,33.37841650794296,3,0,0,50.9,Moderate,Active,,0,0
4781,63,2026-09-01,134460.0,0.996,0.95-1.05 (Target),77.0,7.0,3,0,0,8.5,Low,Active,,0,0
4782,71,2026-09-01,95760.0,1.008,0.95-1.05 (Target),80.8,17.3,3,0,0,28.6,Low,Active,,0,0
4783,79,2026-09-01,188475.0,1.077,>1.05 (Premium),100.2,27.325783261222472,3,0,0,47.3,Moderate,Active,,0,0
4784,9,2026-09-01,99940.0,1.052,>1.05 (Premium),80.2,19.3,2,0,0,38.1,Moderate,Active,,0,0
4785,37,2026-09-01,92245.0,0.971,0.95-1.05 (Target),101.9,29.12342468909413,3,0,0,51.5,Moderate,Voluntary Resignation,Personal / Relocation,0,1
4786,63,2026-09-01,57135.0,0.879,0.85-0.95 (Below Median),92.1,4.5,3,0,0,15.8,Low,Active,,0,0
4787,75,2026-09-01,63050.0,0.97,0.95-1.05 (Target),79.3,45.4,3,1,1,79.1,Elevated,Voluntary Resignation,Work-Life Balance & Fatigue,0,1
4788,48,2026-09-01,119745.0,0.887,0.85-0.95 (Below Median),82.0,7.9,3,1,0,27.7,Low,Active,,0,0
4789,74,2026-09-01,67275.0,1.035,0.95-1.05 (Target),73.5,22.4,3,0,0,34.2,Low,Voluntary Resignation,Personal / Relocation,0,1
4790,3,2026-09-01,83600.0,0.88,0.85-0.95 (Below Median),68.2,5.4,5,0,1,16.9,Low,Voluntary Resignation,Competitive Compensation Offer,1,1
4791,43,2026-09-01,141075.0,1.045,0.95-1.05 (Target),71.6,17.7,4,0,0,28.3,Low,Active,,0,0
4792,24,2026-09-01,128385.0,0.951,0.95-1.05 (Target),92.5,11.2,3,0,0,22.4,Low,Active,,0,0
4793,72,2026-09-01,90630.0,0.954,0.95-1.05 (Target),104.9,65.0,4,0,1,100.0,Critical Exhaustion,Voluntary Resignation,Work-Life Balance & Fatigue,1,1
4794,17,2026-09-01,104215.0,1.097,>1.05 (Premium),93.4,1.9,4,0,1,8.3,Low,Active,,0,0
4795,16,2026-09-01,161525.0,0.923,0.85-0.95 (Below Median),95.2,17.607425647546016,3,0,0,38.7,Moderate,Active,,0,0
4796,61,2026-09-01,84265.0,0.887,0.85-0.95 (Below Median),80.1,12.3,3,0,0,25.0,Low,Active,,0,0
4797,36,2026-09-01,93195.0,0.981,0.95-1.05 (Target),108.1,43.443735578822185,2,1,0,68.5,Elevated,Active,,0,0
4798,55,2026-09-01,136755.0,1.013,0.95-1.05 (Target),85.3,9.4,4,0,0,11.0,Low,Active,,0,0
4799,84,2026-09-01,144990.0,1.074,>1.05 (Premium),88.6,12.9,5,1,0,22.0,Low,Active,,0,0
4800,1,2026-09-01,137970.0,1.022,0.95-1.05 (Target),77.1,8.2,3,0,1,17.4,Low,Active,,0,0
4801,21,2026-09-01,112860.0,0.836,<0.85 (Critical Underpay),69.4,1.9,1,0,0,13.6,Low,Active,,0,0
4802,51,2026-09-01,133920.0,0.992,0.95-1.05 (Target),79.8,1.9,4,0,0,10.4,Low,Active,,0,0
4803,1,2026-09-01,94430.0,0.994,0.95-1.05 (Target),88.7,1.5,3,0,1,9.9,Low,Active,,0,0
4804,8,2026-09-01,138075.0,0.789,<0.85 (Critical Underpay),96.2,65.0,3,0,1,98.2,Critical Exhaustion,Voluntary Resignation,Competitive Compensation Offer,1,1
4805,44,2026-09-01,126900.0,0.94,0.85-0.95 (Below Median),97.4,19.204587414537745,3,0,0,32.2,Low,Voluntary Resignation,Personal / Relocation,1,1
4806,45,2026-09-01,116100.0,0.86,0.85-0.95 (Below Median),92.4,15.6,3,0,1,37.5,Moderate,Active,,0,0
4807,77,2026-09-01,139050.0,1.03,0.95-1.05 (Target),92.4,4.7,3,0,0,13.0,Low,Active,,0,0
4808,63,2026-09-01,56290.0,0.866,0.85-0.95 (Below Median),95.5,35.87346671717048,3,0,0,61.7,Elevated,Voluntary Resignation,Competitive Compensation Offer,0,1
4809,22,2026-09-01,132165.0,0.979,0.95-1.05 (Target),84.3,2.8,1,0,0,5.0,Low,Active,,0,0
4810,32,2026-09-01,63635.0,0.979,0.95-1.05 (Target),92.6,21.2,3,0,0,41.9,Moderate,Voluntary Resignation,Personal / Relocation,0,1
4811,68,2026-09-01,96520.0,1.016,0.95-1.05 (Target),95.4,31.955207572425653,3,0,0,54.0,Moderate,Voluntary Resignation,Personal / Relocation,0,1
4812,81,2026-09-01,89585.0,0.943,0.85-0.95 (Below Median),96.6,31.2785885123172,1,0,0,54.7,Moderate,Voluntary Resignation,Personal / Relocation,0,1
4813,42,2026-09-01,49270.0,0.758,<0.85 (Critical Underpay),87.9,7.9,3,1,0,22.3,Low,Active,,0,0
4814,35,2026-09-01,72670.0,1.118,>1.05 (Premium),85.4,7.6,4,1,0,14.8,Low,Active,,0,0
4815,26,2026-09-01,117315.0,0.869,0.85-0.95 (Below Median),69.6,7.6,3,0,0,19.7,Low,Active,,0,0
4816,34,2026-09-01,66170.0,1.018,0.95-1.05 (Target),84.2,44.7,4,0,0,61.3,Elevated,Active,,0,0
4817,54,2026-09-01,87875.0,0.925,0.85-0.95 (Below Median),96.8,23.846518484744923,5,0,0,46.1,Moderate,Active,,0,0
4818,47,2026-09-01,138375.0,1.025,0.95-1.05 (Target),103.3,49.74760052005087,3,0,1,75.2,Elevated,Active,,0,0
4819,11,2026-09-01,186375.0,1.065,>1.05 (Premium),88.8,7.4,3,0,0,7.6,Low,Active,,0,0
4820,23,2026-09-01,55315.0,0.851,0.85-0.95 (Below Median),103.8,21.78063406981766,4,0,1,37.1,Moderate,Active,,0,0
4821,70,2026-09-01,102790.0,1.082,>1.05 (Premium),74.8,13.4,3,0,0,30.4,Low,Active,,0,0
4822,53,2026-09-01,196350.0,1.122,>1.05 (Premium),96.3,50.803159313865855,4,0,0,74.5,Elevated,Voluntary Resignation,Work-Life Balance & Fatigue,1,1
4823,19,2026-09-01,94810.0,0.998,0.95-1.05 (Target),74.7,2.2,1,0,0,10.7,Low,Voluntary Resignation,Personal / Relocation,0,1
4824,44,2026-09-01,157500.0,0.9,0.85-0.95 (Below Median),93.7,28.5,2,0,1,52.2,Moderate,Active,,0,0
4825,25,2026-09-01,67730.0,1.042,0.95-1.05 (Target),89.1,0.8,4,1,1,8.1,Low,Active,,0,0
4826,52,2026-09-01,82650.0,0.87,0.85-0.95 (Below Median),90.3,7.3,3,0,0,27.4,Low,Active,,0,0
4827,11,2026-09-01,167300.0,0.956,0.95-1.05 (Target),73.7,8.3,4,0,0,18.8,Low,Active,,0,0
4828,41,2026-09-01,173250.0,0.99,0.95-1.05 (Target),89.0,8.7,3,0,0,18.6,Low,Active,,0,0
4829,19,2026-09-01,65390.0,1.006,0.95-1.05 (Target),82.7,13.1,4,0,0,23.6,Low,Active,,0,0
4830,47,2026-09-01,232050.0,1.105,>1.05 (Premium),87.3,7.1,4,0,1,22.4,Low,Active,,0,0
4831,72,2026-09-01,84170.0,0.886,0.85-0.95 (Below Median),68.6,1.2,3,0,0,11.7,Low,Voluntary Resignation,Competitive Compensation Offer,0,1
4832,50,2026-09-01,157325.0,0.899,0.85-0.95 (Below Median),78.2,22.5,3,0,0,45.0,Moderate,Voluntary Resignation,Competitive Compensation Offer,1,1
4833,17,2026-09-01,136215.0,1.009,0.95-1.05 (Target),83.8,5.1,3,0,0,5.9,Low,Active,,0,0
4834,53,2026-09-01,57330.0,0.882,0.85-0.95 (Below Median),80.7,5.2,3,0,0,24.6,Low,Active,,0,0
4835,15,2026-09-01,119610.0,0.886,0.85-0.95 (Below Median),72.8,25.8,3,0,0,41.2,Moderate,Voluntary Resignation,Competitive Compensation Offer,1,1
4836,80,2026-09-01,174930.0,0.833,<0.85 (Critical Underpay),87.8,16.1,5,0,1,38.7,Moderate,Active,,0,0
4837,77,2026-09-01,172830.0,0.823,<0.85 (Critical Underpay),86.8,8.7,4,1,1,30.0,Low,Active,,0,0
4838,80,2026-09-01,77615.0,0.817,<0.85 (Critical Underpay),86.9,6.1,3,0,0,19.0,Low,Active,,0,0
4839,38,2026-09-01,90345.0,0.951,0.95-1.05 (Target),104.6,48.89663912831183,3,0,0,83.7,Critical Exhaustion,Active,,0,0
4840,13,2026-09-01,94715.0,0.997,0.95-1.05 (Target),99.3,31.482684015288328,4,0,0,45.8,Moderate,Active,,0,0
4841,59,2026-09-01,58890.0,0.906,0.85-0.95 (Below Median),98.2,65.0,4,0,1,100.0,Critical Exhaustion,Voluntary Resignation,Work-Life Balance & Fatigue,1,1
4842,67,2026-09-01,90345.0,0.951,0.95-1.05 (Target),98.4,17.166591013216802,1,0,1,29.6,Low,Voluntary Resignation,Personal / Relocation,0,1
4843,76,2026-09-01,131760.0,0.976,0.95-1.05 (Target),86.6,4.5,2,0,0,5.9,Low,Voluntary Resignation,Personal / Relocation,1,1
4844,41,2026-09-01,152950.0,0.874,0.85-0.95 (Below Median),96.5,43.24881881168031,1,0,1,70.4,Elevated,Voluntary Resignation,Competitive Compensation Offer,1,1
4845,26,2026-09-01,80085.0,0.843,<0.85 (Critical Underpay),80.9,0.6,1,0,0,19.9,Low,Active,,0,0
4846,18,2026-09-01,88255.0,0.929,0.85-0.95 (Below Median),86.8,39.1,3,0,1,64.3,Elevated,Voluntary Resignation,Personal / Relocation,0,1
4847,83,2026-09-01,192990.0,0.919,0.85-0.95 (Below Median),94.3,12.5,4,0,1,24.6,Low,Active,,0,0
4848,44,2026-09-01,197190.0,0.939,0.85-0.95 (Below Median),93.6,0.4,4,0,1,9.7,Low,Active,,0,0
4849,65,2026-09-01,126630.0,0.938,0.85-0.95 (Below Median),97.2,25.87703308863089,4,0,0,40.3,Moderate,Active,,0,0
4850,65,2026-09-01,64870.0,0.998,0.95-1.05 (Target),86.7,20.8,4,1,1,41.0,Moderate,Active,,0,0
4851,66,2026-09-01,88825.0,0.935,0.85-0.95 (Below Median),72.1,11.9,2,0,0,31.6,Low,Active,,0,0
4852,31,2026-09-01,199920.0,0.952,0.95-1.05 (Target),84.0,5.6,3,0,1,7.7,Low,Active,,0,0
4853,69,2026-09-01,149625.0,0.855,0.85-0.95 (Below Median),86.1,15.7,4,0,0,45.7,Moderate,Active,,0,0
4854,2,2026-09-01,84075.0,0.885,0.85-0.95 (Below Median),93.0,31.8,4,0,0,56.5,Moderate,Voluntary Resignation,Competitive Compensation Offer,1,1
4855,79,2026-09-01,177800.0,1.016,0.95-1.05 (Target),80.7,33.5,2,0,1,39.9,Moderate,Active,,0,0
4856,48,2026-09-01,55770.0,0.858,0.85-0.95 (Below Median),83.6,3.3,5,1,0,14.8,Low,Active,,0,0
4857,51,2026-09-01,88445.0,0.931,0.85-0.95 (Below Median),83.8,6.8,4,0,1,25.5,Low,Active,,0,0
4858,32,2026-09-01,69615.0,1.071,>1.05 (Premium),94.6,9.0,3,0,0,17.4,Low,Active,,0,0
4859,13,2026-09-01,89395.0,0.941,0.85-0.95 (Below Median),89.7,16.7,3,0,0,29.2,Low,Active,,0,0
4860,24,2026-09-01,79515.0,0.837,<0.85 (Critical Underpay),95.8,24.87437743146025,3,1,1,49.1,Moderate,Active,,0,0
4861,67,2026-09-01,92530.0,0.974,0.95-1.05 (Target),103.1,26.916658057202905,3,0,0,48.8,Moderate,Voluntary Resignation,Career Advancement & Role Velocity,0,1
4862,39,2026-09-01,129735.0,0.961,0.95-1.05 (Target),88.3,23.9,4,0,1,37.5,Moderate,Voluntary Resignation,Personal / Relocation,1,1
4863,6,2026-09-01,135810.0,1.006,0.95-1.05 (Target),94.3,21.6,3,1,0,33.8,Low,Active,,0,0
4864,4,2026-09-01,144375.0,0.825,<0.85 (Critical Underpay),87.4,7.6,3,0,0,28.6,Low,Voluntary Resignation,Competitive Compensation Offer,1,1
4865,75,2026-09-01,140350.0,0.802,<0.85 (Critical Underpay),80.6,9.7,3,0,0,15.6,Low,Active,,0,0
4866,78,2026-09-01,123255.0,0.913,0.85-0.95 (Below Median),86.5,0.6,2,0,1,10.5,Low,Active,,0,0
4867,79,2026-09-01,103360.0,1.088,>1.05 (Premium),95.5,41.68089019854043,3,0,1,64.3,Elevated,Voluntary Resignation,Career Advancement & Role Velocity,0,1
4868,12,2026-09-01,89395.0,0.941,0.85-0.95 (Below Median),87.1,1.0,5,0,0,10.4,Low,Active,,0,0
4869,15,2026-09-01,58045.0,0.893,0.85-0.95 (Below Median),93.4,4.2,5,0,0,23.2,Low,Active,,0,0
4870,72,2026-09-01,105640.0,1.112,>1.05 (Premium),88.6,36.7,3,1,0,57.8,Moderate,Active,,0,0
4871,73,2026-09-01,108205.0,1.139,>1.05 (Premium),82.6,7.0,5,0,0,13.6,Low,Active,,0,0
4872,43,2026-09-01,146340.0,1.084,>1.05 (Premium),88.1,18.0,3,1,0,27.9,Low,Active,,0,0
4873,36,2026-09-01,64155.0,0.987,0.95-1.05 (Target),90.4,18.1,3,0,0,30.0,Low,Active,,0,0
4874,3,2026-09-01,92720.0,0.976,0.95-1.05 (Target),94.7,1.6,3,1,0,10.4,Low,Active,,0,0
4875,40,2026-09-01,216720.0,1.032,0.95-1.05 (Target),86.2,17.9,2,0,1,28.8,Low,Active,,0,0
4876,81,2026-09-01,60320.0,0.928,0.85-0.95 (Below Median),90.9,3.6,4,0,0,13.8,Low,Active,,0,0
4877,81,2026-09-01,60255.0,0.927,0.85-0.95 (Below Median),83.1,4.5,3,0,0,6.9,Low,Active,,0,0
4878,22,2026-09-01,62075.0,0.955,0.95-1.05 (Target),100.7,22.092610050135068,3,0,0,43.4,Moderate,Active,,0,0
4879,6,2026-09-01,91295.0,0.961,0.95-1.05 (Target),89.4,25.6,2,1,0,47.5,Moderate,Active,,0,0
4880,44,2026-09-01,127440.0,0.944,0.85-0.95 (Below Median),90.7,18.4,3,0,0,31.2,Low,Active,,0,0
4881,45,2026-09-01,58045.0,0.893,0.85-0.95 (Below Median),83.4,8.6,3,0,0,20.5,Low,Active,,0,0
4882,14,2026-09-01,85975.0,0.905,0.85-0.95 (Below Median),86.6,18.0,5,0,0,39.5,Moderate,Voluntary Resignation,Personal / Relocation,1,1
4883,34,2026-09-01,96615.0,1.017,0.95-1.05 (Target),83.4,1.4,3,0,0,5.0,Low,Active,,0,0
4884,65,2026-09-01,79420.0,0.836,<0.85 (Critical Underpay),87.7,34.4,4,0,0,52.6,Moderate,Voluntary Resignation,Competitive Compensation Offer,1,1
4885,67,2026-09-01,130410.0,0.966,0.95-1.05 (Target),88.8,17.5,3,0,0,29.7,Low,Active,,0,0
4886,1,2026-09-01,59605.0,0.917,0.85-0.95 (Below Median),64.7,42.1,3,0,0,68.2,Elevated,Active,,0,0
4887,6,2026-09-01,85215.0,0.897,0.85-0.95 (Below Median),83.0,1.1,3,1,0,11.4,Low,Active,,0,0
4888,50,2026-09-01,70915.0,1.091,>1.05 (Premium),88.6,9.1,3,0,0,17.1,Low,Active,,0,0
4889,35,2026-09-01,57200.0,0.88,0.85-0.95 (Below Median),86.9,8.9,3,0,0,29.1,Low,Voluntary Resignation,Competitive Compensation Offer,0,1
4890,47,2026-09-01,65000.0,1.0,0.95-1.05 (Target),79.9,18.4,2,0,0,30.1,Low,Active,,0,0
4891,10,2026-09-01,128655.0,0.953,0.95-1.05 (Target),60.9,3.6,2,0,1,21.3,Low,Active,,0,0
4892,63,2026-09-01,99085.0,1.043,0.95-1.05 (Target),89.5,0.7,3,0,1,8.0,Low,Active,,0,0
4893,58,2026-09-01,129735.0,0.961,0.95-1.05 (Target),92.7,0.9,3,1,1,5.0,Low,Active,,0,0
4894,63,2026-09-01,276640.0,1.064,>1.05 (Premium),83.2,8.1,2,0,0,8.4,Low,Active,,0,0
4895,7,2026-09-01,103170.0,1.086,>1.05 (Premium),93.3,0.0,4,0,1,6.3,Low,Active,,0,0
4896,29,2026-09-01,91105.0,0.959,0.95-1.05 (Target),65.6,8.5,1,0,0,19.0,Low,Active,,0,0
4897,36,2026-09-01,136350.0,1.01,0.95-1.05 (Target),87.3,0.5,3,0,1,8.4,Low,Active,,0,0
4898,83,2026-09-01,54145.0,0.833,<0.85 (Critical Underpay),93.0,3.8,5,0,0,23.9,Low,Active,,0,0
4899,26,2026-09-01,91770.0,0.966,0.95-1.05 (Target),75.7,22.9,3,0,0,36.2,Moderate,Active,,0,0
4900,26,2026-09-01,86450.0,0.91,0.85-0.95 (Below Median),69.1,20.9,4,0,0,34.9,Low,Active,,0,0
4901,23,2026-09-01,177625.0,1.015,0.95-1.05 (Target),93.7,36.0,4,0,1,50.9,Moderate,Voluntary Resignation,Personal / Relocation,1,1
4902,60,2026-09-01,90060.0,0.948,0.85-0.95 (Below Median),87.0,26.4,3,0,0,40.7,Moderate,Voluntary Resignation,Personal / Relocation,0,1
4903,28,2026-09-01,95665.0,1.007,0.95-1.05 (Target),99.8,24.204791367725303,3,0,0,36.9,Moderate,Voluntary Resignation,Personal / Relocation,0,1
4904,75,2026-09-01,91580.0,0.964,0.95-1.05 (Target),69.7,2.3,3,0,0,11.5,Low,Active,,0,0
4905,28,2026-09-01,61880.0,0.952,0.95-1.05 (Target),84.0,9.6,2,0,0,20.5,Low,Active,,0,0
4906,2,2026-09-01,97470.0,1.026,0.95-1.05 (Target),97.2,35.485713934938005,3,0,1,66.1,Elevated,Voluntary Resignation,Work-Life Balance & Fatigue,0,1
4907,39,2026-09-01,179375.0,1.025,0.95-1.05 (Target),100.4,24.42172497507996,4,0,0,44.8,Moderate,Active,,0,0
4908,51,2026-09-01,175700.0,1.004,0.95-1.05 (Target),79.9,28.4,3,0,0,42.0,Moderate,Active,,0,0
4909,2,2026-09-01,58110.0,0.894,0.85-0.95 (Below Median),91.9,4.1,5,0,0,7.0,Low,Active,,0,0
4910,84,2026-09-01,96045.0,1.011,0.95-1.05 (Target),85.6,3.3,3,0,0,5.0,Low,Active,,0,0
4911,73,2026-09-01,91770.0,0.966,0.95-1.05 (Target),86.8,16.8,2,1,0,36.8,Moderate,Active,,0,0
4912,16,2026-09-01,129195.0,0.957,0.95-1.05 (Target),83.2,16.5,5,1,0,28.7,Low,Active,,0,0
4913,83,2026-09-01,98800.0,1.04,0.95-1.05 (Target),81.6,6.1,3,0,1,14.5,Low,Active,,0,0
4914,2,2026-09-01,64610.0,0.994,0.95-1.05 (Target),83.2,13.7,4,0,1,24.6,Low,Voluntary Resignation,Personal / Relocation,1,1
4915,79,2026-09-01,65585.0,1.009,0.95-1.05 (Target),84.5,15.0,3,1,0,25.8,Low,Active,,0,0
4916,48,2026-09-01,62595.0,0.963,0.95-1.05 (Target),85.8,6.3,3,0,1,16.3,Low,Active,,0,0
4917,19,2026-09-01,64805.0,0.997,0.95-1.05 (Target),84.4,30.1,3,0,0,52.2,Moderate,Active,,0,0
4918,52,2026-09-01,138645.0,1.027,0.95-1.05 (Target),87.8,7.7,3,1,0,16.7,Low,Active,,0,0
4919,36,2026-09-01,80655.0,0.849,<0.85 (Critical Underpay),94.5,12.0,4,0,1,25.4,Low,Voluntary Resignation,Competitive Compensation Offer,1,1
4920,8,2026-09-01,97660.0,1.028,0.95-1.05 (Target),75.6,10.7,4,0,1,28.3,Low,Voluntary Resignation,Personal / Relocation,1,1
4921,19,2026-09-01,92625.0,0.975,0.95-1.05 (Target),80.7,24.0,3,0,0,45.3,Moderate,Active,,0,0
4922,44,2026-09-01,85405.0,0.899,0.85-0.95 (Below Median),86.9,11.4,4,1,0,23.7,Low,Active,,0,0
4923,14,2026-09-01,167300.0,0.956,0.95-1.05 (Target),97.1,33.676154766418975,4,1,0,65.3,Elevated,Active,,0,0
4924,23,2026-09-01,63245.0,0.973,0.95-1.05 (Target),87.4,7.0,3,1,1,8.9,Low,Active,,0,0
4925,7,2026-09-01,142290.0,1.054,>1.05 (Premium),89.5,4.9,3,0,0,12.8,Low,Voluntary Resignation,Personal / Relocation,1,1
4926,76,2026-09-01,110700.0,0.82,<0.85 (Critical Underpay),83.4,9.9,3,0,1,23.5,Low,Voluntary Resignation,Competitive Compensation Offer,1,1
4927,83,2026-09-01,95760.0,1.008,0.95-1.05 (Target),92.0,4.4,2,1,1,13.1,Low,Active,,0,0
4928,81,2026-09-01,92055.0,0.969,0.95-1.05 (Target),87.0,5.1,4,1,1,14.7,Low,Active,,0,0
4929,58,2026-09-01,90820.0,0.956,0.95-1.05 (Target),100.7,18.609141084508305,3,1,1,31.2,Low,Voluntary Resignation,Personal / Relocation,0,1
4930,74,2026-09-01,209580.0,0.998,0.95-1.05 (Target),84.7,22.2,5,1,0,42.7,Moderate,Voluntary Resignation,Personal / Relocation,1,1
4931,71,2026-09-01,67535.0,1.039,0.95-1.05 (Target),76.7,26.6,3,0,1,47.1,Moderate,Voluntary Resignation,Personal / Relocation,0,1
4932,12,2026-09-01,61165.0,0.941,0.85-0.95 (Below Median),88.0,13.4,4,0,1,33.3,Low,Active,,0,0
4933,58,2026-09-01,94335.0,0.993,0.95-1.05 (Target),82.5,20.9,4,0,0,41.2,Moderate,Active,,0,0
4934,26,2026-09-01,66105.0,1.017,0.95-1.05 (Target),81.4,35.4,3,0,1,58.1,Moderate,Active,,0,0
4935,25,2026-09-01,95950.0,1.01,0.95-1.05 (Target),93.2,18.3,3,0,1,29.8,Low,Voluntary Resignation,Personal / Relocation,0,1
4936,23,2026-09-01,58630.0,0.902,0.85-0.95 (Below Median),89.1,4.3,4,1,1,15.1,Low,Voluntary Resignation,Personal / Relocation,1,1
4937,4,2026-09-01,111625.0,1.175,>1.05 (Premium),77.1,5.2,4,0,1,5.0,Low,Active,,0,0
4938,79,2026-09-01,126090.0,0.934,0.85-0.95 (Below Median),66.1,21.8,1,1,0,43.5,Moderate,Voluntary Resignation,Personal / Relocation,1,1
4939,4,2026-09-01,82175.0,0.865,0.85-0.95 (Below Median),79.7,17.3,3,0,1,39.5,Moderate,Voluntary Resignation,Competitive Compensation Offer,0,1
4940,68,2026-09-01,56420.0,0.868,0.85-0.95 (Below Median),73.6,6.5,4,0,0,18.4,Low,Active,,0,0
4941,15,2026-09-01,84550.0,0.89,0.85-0.95 (Below Median),84.4,15.9,3,0,1,29.3,Low,Active,,0,0
4942,5,2026-09-01,121905.0,0.903,0.85-0.95 (Below Median),84.6,21.1,3,1,0,43.3,Moderate,Active,,0,0
4943,13,2026-09-01,67080.0,1.032,0.95-1.05 (Target),91.5,0.5,2,1,1,8.0,Low,Active,,0,0
4944,58,2026-09-01,118395.0,0.877,0.85-0.95 (Below Median),81.1,2.5,4,0,1,13.5,Low,Active,,0,0
4945,78,2026-09-01,88635.0,0.933,0.85-0.95 (Below Median),77.2,11.7,4,0,0,23.4,Low,Active,,0,0
4946,84,2026-09-01,200970.0,0.957,0.95-1.05 (Target),89.4,2.1,4,1,0,5.0,Low,Active,,0,0
4947,65,2026-09-01,69615.0,1.071,>1.05 (Premium),85.7,21.2,3,0,1,40.0,Moderate,Voluntary Resignation,Personal / Relocation,0,1
4948,67,2026-09-01,107920.0,1.136,>1.05 (Premium),104.5,57.0099123689603,3,0,0,81.7,Critical Exhaustion,Active,,0,0
4949,33,2026-09-01,171150.0,0.978,0.95-1.05 (Target),76.1,5.9,5,0,0,23.5,Low,Active,,0,0
4950,53,2026-09-01,67860.0,1.044,0.95-1.05 (Target),101.2,32.16319477151581,3,0,0,45.7,Moderate,Voluntary Resignation,Personal / Relocation,0,1
4951,5,2026-09-01,92530.0,0.974,0.95-1.05 (Target),80.4,23.6,3,0,0,36.8,Moderate,Active,,0,0
4952,5,2026-09-01,93575.0,0.985,0.95-1.05 (Target),88.9,4.5,5,0,1,13.7,Low,Active,,0,0
4953,4,2026-09-01,87400.0,0.92,0.85-0.95 (Below Median),80.1,0.9,5,0,0,10.7,Low,Active,,0,0
4954,32,2026-09-01,59540.0,0.916,0.85-0.95 (Below Median),83.3,15.1,3,0,0,35.8,Moderate,Active,,0,0
4955,45,2026-09-01,129195.0,0.957,0.95-1.05 (Target),73.1,44.1,3,0,0,69.8,Elevated,Voluntary Resignation,Work-Life Balance & Fatigue,1,1
4956,5,2026-09-01,69615.0,1.071,>1.05 (Premium),103.8,31.38197904162346,1,0,0,44.2,Moderate,Active,,0,0
4957,7,2026-09-01,190260.0,0.906,0.85-0.95 (Below Median),72.8,21.4,5,0,0,43.6,Moderate,Active,,0,0
4958,21,2026-09-01,184275.0,1.053,>1.05 (Premium),74.1,5.4,2,0,1,21.4,Low,Active,,0,0
4959,81,2026-09-01,100700.0,1.06,>1.05 (Premium),83.6,5.2,5,1,0,13.0,Low,Active,,0,0
4960,41,2026-09-01,156625.0,0.895,0.85-0.95 (Below Median),85.1,2.9,2,0,0,13.6,Low,Voluntary Resignation,Competitive Compensation Offer,1,1
4961,64,2026-09-01,96900.0,1.02,0.95-1.05 (Target),77.7,8.9,5,0,1,18.3,Low,Active,,0,0
4962,30,2026-09-01,95855.0,1.009,0.95-1.05 (Target),77.5,12.3,5,1,1,22.6,Low,Voluntary Resignation,Personal / Relocation,1,1
4963,7,2026-09-01,134190.0,0.994,0.95-1.05 (Target),85.3,16.5,3,0,0,35.9,Moderate,Active,,0,0
4964,13,2026-09-01,68900.0,1.06,>1.05 (Premium),84.9,18.5,4,1,0,37.0,Moderate,Active,,0,0
4965,13,2026-09-01,62270.0,0.958,0.95-1.05 (Target),95.4,30.695755431166766,4,0,0,53.7,Moderate,Voluntary Resignation,Personal / Relocation,1,1
4966,78,2026-09-01,85215.0,0.897,0.85-0.95 (Below Median),86.5,26.6,4,0,1,50.0,Moderate,Voluntary Resignation,Competitive Compensation Offer,1,1
4967,11,2026-09-01,58045.0,0.893,0.85-0.95 (Below Median),97.2,32.38940975796716,2,0,1,57.0,Moderate,Active,,0,0
4968,72,2026-09-01,136620.0,1.012,0.95-1.05 (Target),82.3,2.2,3,0,1,10.4,Low,Active,,0,0
4969,62,2026-09-01,94620.0,0.996,0.95-1.05 (Target),85.7,1.4,3,0,0,5.0,Low,Active,,0,0
4970,84,2026-09-01,96710.0,1.018,0.95-1.05 (Target),92.6,15.8,3,0,1,34.6,Low,Active,,0,0
4971,31,2026-09-01,128655.0,0.953,0.95-1.05 (Target),86.5,3.1,4,0,0,20.7,Low,Active,,0,0
4972,24,2026-09-01,65195.0,1.003,0.95-1.05 (Target),96.0,53.65898856973645,3,0,0,80.3,Critical Exhaustion,Voluntary Resignation,Work-Life Balance & Fatigue,0,1
4973,35,2026-09-01,58045.0,0.893,0.85-0.95 (Below Median),84.9,6.9,4,0,1,18.4,Low,Voluntary Resignation,Competitive Compensation Offer,1,1
4974,3,2026-09-01,61165.0,0.941,0.85-0.95 (Below Median),63.2,9.7,3,1,1,20.8,Low,Active,,0,0
4975,32,2026-09-01,58500.0,0.9,0.85-0.95 (Below Median),80.8,11.3,3,0,1,23.6,Low,Active,,0,0
4976,2,2026-09-01,74100.0,1.14,>1.05 (Premium),87.2,26.5,3,1,1,45.0,Moderate,Active,,0,0
4977,79,2026-09-01,69810.0,1.074,>1.05 (Premium),76.4,3.7,3,0,0,5.0,Low,Active,,0,0
4978,30,2026-09-01,239610.0,1.141,>1.05 (Premium),70.4,6.7,2,0,1,5.2,Low,Active,,0,0
4979,46,2026-09-01,91295.0,0.961,0.95-1.05 (Target),81.5,8.6,3,0,0,11.1,Low,Active,,0,0
4980,47,2026-09-01,121500.0,0.9,0.85-0.95 (Below Median),86.9,17.4,5,1,1,30.9,Low,Active,,0,0
4981,8,2026-09-01,67795.0,1.043,0.95-1.05 (Target),76.5,7.7,3,0,0,16.4,Low,Active,,0,0
4982,61,2026-09-01,79230.0,0.834,<0.85 (Critical Underpay),93.7,14.0,1,0,1,36.1,Moderate,Voluntary Resignation,Competitive Compensation Offer,0,1
4983,80,2026-09-01,123120.0,0.912,0.85-0.95 (Below Median),76.1,0.3,3,1,0,10.1,Low,Active,,0,0
4984,47,2026-09-01,142695.0,1.057,>1.05 (Premium),84.9,7.1,5,1,1,7.4,Low,Active,,0,0
4985,14,2026-09-01,90725.0,0.955,0.95-1.05 (Target),98.9,37.39300493291788,3,0,1,61.8,Elevated,Active,,0,0
4986,73,2026-09-01,92530.0,0.974,0.95-1.05 (Target),75.9,37.7,3,0,0,61.8,Elevated,Active,,0,0
4987,44,2026-09-01,122175.0,0.905,0.85-0.95 (Below Median),106.1,27.96607492395154,3,0,0,43.5,Moderate,Voluntary Resignation,Personal / Relocation,1,1
4988,48,2026-09-01,59930.0,0.922,0.85-0.95 (Below Median),79.1,23.4,3,0,0,37.6,Moderate,Voluntary Resignation,Personal / Relocation,0,1
4989,63,2026-09-01,186025.0,1.063,>1.05 (Premium),72.6,2.1,3,1,0,9.3,Low,Active,,0,0
4990,2,2026-09-01,203910.0,0.971,0.95-1.05 (Target),93.7,0.9,5,0,1,9.7,Low,Active,,0,0
4991,25,2026-09-01,65065.0,1.001,0.95-1.05 (Target),91.9,6.6,4,0,0,15.9,Low,Active,,0,0
4992,48,2026-09-01,92055.0,0.969,0.95-1.05 (Target),79.2,22.0,3,0,0,35.0,Low,Active,,0,0
4993,38,2026-09-01,114075.0,0.845,<0.85 (Critical Underpay),93.0,2.8,2,0,0,14.5,Low,Voluntary Resignation,Competitive Compensation Offer,1,1
4994,67,2026-09-01,94525.0,0.995,0.95-1.05 (Target),92.2,5.1,3,0,1,6.2,Low,Active,,0,0
4995,78,2026-09-01,206850.0,0.985,0.95-1.05 (Target),86.4,1.3,3,0,0,5.0,Low,Active,,0,0
4996,65,2026-09-01,58825.0,0.905,0.85-0.95 (Below Median),86.3,18.2,5,1,0,31.7,Low,Active,,0,0
4997,12,2026-09-01,165550.0,0.946,0.85-0.95 (Below Median),78.5,22.9,3,0,0,44.6,Moderate,Voluntary Resignation,Personal / Relocation,1,1
4998,59,2026-09-01,62400.0,0.96,0.95-1.05 (Target),76.9,3.3,3,0,0,12.8,Low,Active,,0,0
4999,4,2026-09-01,84170.0,0.886,0.85-0.95 (Below Median),82.7,11.5,3,1,0,24.1,Low,Voluntary Resignation,Competitive Compensation Offer,0,1
5000,7,2026-09-01,111915.0,0.829,<0.85 (Critical Underpay),62.0,13.4,5,0,0,27.5,Low,Voluntary Resignation,Competitive Compensation Offer,1,1
5001,34,2026-09-01,67860.0,1.044,0.95-1.05 (Target),92.7,6.1,5,0,0,14.4,Low,Active,,0,0
5002,77,2026-09-01,96330.0,1.014,0.95-1.05 (Target),83.5,1.8,2,0,0,5.0,Low,Active,,0,0
5003,23,2026-09-01,59800.0,0.92,0.85-0.95 (Below Median),85.2,4.6,3,0,1,23.1,Low,Active,,0,0
5004,1,2026-09-01,120150.0,0.89,0.85-0.95 (Below Median),91.3,22.0,5,0,0,44.6,Moderate,Active,,0,0
5005,55,2026-09-01,66690.0,1.026,0.95-1.05 (Target),92.2,7.2,2,0,0,16.1,Low,Active,,0,0
5006,77,2026-09-01,53950.0,0.83,<0.85 (Critical Underpay),79.8,55.8,4,0,0,94.4,Critical Exhaustion,Voluntary Resignation,Competitive Compensation Offer,1,1
5007,24,2026-09-01,61750.0,0.95,0.85-0.95 (Below Median),75.2,0.4,5,0,0,17.5,Low,Active,,0,0
5008,3,2026-09-01,85690.0,0.902,0.85-0.95 (Below Median),96.8,30.661751436050103,3,0,0,54.8,Moderate,Active,,0,0
5009,1,2026-09-01,149175.0,1.105,>1.05 (Premium),70.9,7.3,2,1,0,22.7,Low,Active,,0,0
5010,49,2026-09-01,117855.0,0.873,0.85-0.95 (Below Median),82.8,16.6,3,0,0,30.5,Low,Voluntary Resignation,Competitive Compensation Offer,1,1
5011,72,2026-09-01,64675.0,0.995,0.95-1.05 (Target),97.2,24.92278896941145,4,0,0,38.0,Moderate,Active,,0,0
5012,2,2026-09-01,90440.0,0.952,0.95-1.05 (Target),99.4,25.16979151385172,2,0,0,47.2,Moderate,Voluntary Resignation,Personal / Relocation,0,1
5013,29,2026-09-01,64350.0,0.99,0.95-1.05 (Target),85.2,14.6,5,0,1,25.7,Low,Voluntary Resignation,Personal / Relocation,1,1
5014,56,2026-09-01,83030.0,0.874,0.85-0.95 (Below Median),77.7,18.2,3,0,0,32.4,Low,Active,,0,0
5015,52,2026-09-01,139455.0,1.033,0.95-1.05 (Target),89.2,8.3,3,1,1,25.3,Low,Active,,0,0
5016,80,2026-09-01,65715.0,1.011,0.95-1.05 (Target),91.6,16.7,1,0,1,27.8,Low,Active,,0,0
5017,4,2026-09-01,65065.0,1.001,0.95-1.05 (Target),81.7,0.5,3,0,1,8.6,Low,Active,,0,0
5018,29,2026-09-01,98420.0,1.036,0.95-1.05 (Target),66.7,5.2,3,0,0,13.5,Low,Active,,0,0
5019,72,2026-09-01,57655.0,0.887,0.85-0.95 (Below Median),84.8,28.7,4,1,0,52.7,Moderate,Voluntary Resignation,Competitive Compensation Offer,1,1
5020,47,2026-09-01,119745.0,0.887,0.85-0.95 (Below Median),80.7,28.6,2,0,0,44.6,Moderate,Active,,0,0
5021,31,2026-09-01,100035.0,1.053,>1.05 (Premium),68.0,22.5,4,0,0,41.9,Moderate,Voluntary Resignation,Personal / Relocation,1,1
5022,60,2026-09-01,112725.0,0.835,<0.85 (Critical Underpay),77.5,14.9,5,1,1,21.2,Low,Active,,0,0
5023,5,2026-09-01,63115.0,0.971,0.95-1.05 (Target),97.5,25.07584075542338,5,0,1,46.7,Moderate,Active,,0,0
5024,55,2026-09-01,118260.0,0.876,0.85-0.95 (Below Median),103.1,26.126984775181132,3,0,0,49.8,Moderate,Active,,0,0
5025,8,2026-09-01,69030.0,1.062,>1.05 (Premium),84.2,17.8,3,0,0,28.1,Low,Active,,0,0
5026,57,2026-09-01,64545.0,0.993,0.95-1.05 (Target),99.4,29.79865732479,2,0,1,43.9,Moderate,Active,,0,0
5027,78,2026-09-01,166950.0,0.954,0.95-1.05 (Target),88.9,15.8,3,0,0,27.9,Low,Active,,0,0
5028,75,2026-09-01,61230.0,0.942,0.85-0.95 (Below Median),93.7,6.5,4,1,1,25.0,Low,Active,,0,0
5029,24,2026-09-01,206640.0,0.984,0.95-1.05 (Target),83.1,8.2,4,0,0,26.2,Low,Voluntary Resignation,Personal / Relocation,1,1
5030,42,2026-09-01,58760.0,0.904,0.85-0.95 (Below Median),67.9,42.2,3,0,0,68.6,Elevated,Voluntary Resignation,Work-Life Balance & Fatigue,0,1
5031,36,2026-09-01,52780.0,0.812,<0.85 (Critical Underpay),99.8,34.20241353545288,3,0,0,60.8,Elevated,Voluntary Resignation,Competitive Compensation Offer,0,1
5032,67,2026-09-01,127035.0,0.941,0.85-0.95 (Below Median),91.6,5.4,3,0,0,23.7,Low,Active,,0,0
5033,1,2026-09-01,124875.0,0.925,0.85-0.95 (Below Median),84.6,49.4,3,0,1,68.8,Elevated,Active,,0,0
5034,57,2026-09-01,162225.0,0.927,0.85-0.95 (Below Median),99.7,63.56543501583249,3,0,0,93.7,Critical Exhaustion,Voluntary Resignation,Work-Life Balance & Fatigue,1,1
5035,41,2026-09-01,121230.0,0.898,0.85-0.95 (Below Median),89.7,0.3,2,0,0,10.4,Low,Active,,0,0
5036,14,2026-09-01,97090.0,1.022,0.95-1.05 (Target),89.6,2.0,3,0,0,5.0,Low,Active,,0,0
5037,77,2026-09-01,70720.0,1.088,>1.05 (Premium),80.9,4.3,3,0,0,5.0,Low,Active,,0,0
5038,30,2026-09-01,67405.0,1.037,0.95-1.05 (Target),86.5,33.4,3,0,0,55.3,Moderate,Voluntary Resignation,Personal / Relocation,0,1
5039,23,2026-09-01,90440.0,0.952,0.95-1.05 (Target),86.0,22.2,2,0,0,35.6,Moderate,Voluntary Resignation,Personal / Relocation,0,1
5040,10,2026-09-01,59410.0,0.914,0.85-0.95 (Below Median),90.6,2.6,4,0,1,20.8,Low,Active,,0,0
5041,80,2026-09-01,66040.0,1.016,0.95-1.05 (Target),88.2,0.3,5,0,0,5.0,Low,Active,,0,0
5042,83,2026-09-01,67600.0,1.04,0.95-1.05 (Target),92.4,1.8,2,0,0,9.4,Low,Active,,0,0
5043,70,2026-09-01,118260.0,0.876,0.85-0.95 (Below Median),90.8,37.4,5,1,0,63.4,Elevated,Active,,0,0
5044,23,2026-09-01,83980.0,0.884,0.85-0.95 (Below Median),97.0,39.46456201551054,3,0,0,65.7,Elevated,Active,,0,0
5045,45,2026-09-01,70590.0,1.086,>1.05 (Premium),91.6,11.9,2,0,0,20.6,Low,Active,,0,0
5046,56,2026-09-01,68120.0,1.048,0.95-1.05 (Target),89.0,33.2,3,1,0,54.9,Moderate,Active,,0,0
5047,47,2026-09-01,85785.0,0.903,0.85-0.95 (Below Median),87.8,15.7,3,1,0,28.8,Low,Voluntary Resignation,Personal / Relocation,0,1
5048,71,2026-09-01,62400.0,0.96,0.95-1.05 (Target),76.8,7.4,4,0,1,25.7,Low,Active,,0,0
5049,50,2026-09-01,88445.0,0.931,0.85-0.95 (Below Median),91.6,12.3,3,0,0,24.1,Low,Active,,0,0
5050,1,2026-09-01,96235.0,1.013,0.95-1.05 (Target),80.7,21.9,3,1,0,42.0,Moderate,Voluntary Resignation,Personal / Relocation,0,1
5051,82,2026-09-01,168350.0,0.962,0.95-1.05 (Target),95.1,31.78897536367562,4,0,0,46.9,Moderate,Active,,0,0
5052,32,2026-09-01,63245.0,0.973,0.95-1.05 (Target),92.6,7.7,3,0,1,25.8,Low,Active,,0,0
5053,48,2026-09-01,90820.0,0.956,0.95-1.05 (Target),71.6,0.9,3,0,0,10.0,Low,Active,,0,0
5054,58,2026-09-01,67795.0,1.043,0.95-1.05 (Target),83.8,0.6,3,0,0,7.9,Low,Active,,0,0
5055,27,2026-09-01,81795.0,0.861,0.85-0.95 (Below Median),88.9,8.0,2,0,0,20.4,Low,Active,,0,0
5056,64,2026-09-01,87685.0,0.923,0.85-0.95 (Below Median),92.7,19.3,3,0,0,32.7,Low,Active,,0,0
5057,19,2026-09-01,90535.0,0.953,0.95-1.05 (Target),99.7,28.2697102237984,4,0,0,50.9,Moderate,Active,,0,0
5058,19,2026-09-01,92720.0,0.976,0.95-1.05 (Target),89.0,15.8,3,0,0,27.4,Low,Active,,0,0
5059,82,2026-09-01,111375.0,0.825,<0.85 (Critical Underpay),92.3,0.3,4,0,1,19.9,Low,Active,,0,0
5060,49,2026-09-01,106590.0,1.122,>1.05 (Premium),81.7,6.5,3,1,0,13.4,Low,Active,,0,0
5061,20,2026-09-01,88825.0,0.935,0.85-0.95 (Below Median),84.9,9.9,4,0,0,29.2,Low,Voluntary Resignation,Personal / Relocation,1,1
5062,62,2026-09-01,192360.0,0.916,0.85-0.95 (Below Median),62.3,11.3,2,0,1,23.2,Low,Voluntary Resignation,Personal / Relocation,1,1
5063,77,2026-09-01,130680.0,0.968,0.95-1.05 (Target),92.5,3.5,4,1,1,12.8,Low,Active,,0,0
5064,44,2026-09-01,134730.0,0.998,0.95-1.05 (Target),78.6,10.0,3,1,0,20.0,Low,Active,,0,0
5065,49,2026-09-01,57590.0,0.886,0.85-0.95 (Below Median),79.7,7.9,4,0,0,27.8,Low,Active,,0,0
5066,47,2026-09-01,138780.0,1.028,0.95-1.05 (Target),91.3,65.0,2,0,0,93.4,Critical Exhaustion,Voluntary Resignation,Work-Life Balance & Fatigue,1,1
5067,49,2026-09-01,86260.0,0.908,0.85-0.95 (Below Median),83.8,36.3,2,1,0,69.4,Elevated,Active,,0,0
5068,11,2026-09-01,64740.0,0.996,0.95-1.05 (Target),83.5,17.9,4,0,0,29.6,Low,Active,,0,0
5069,27,2026-09-01,104690.0,1.102,>1.05 (Premium),77.4,45.2,3,0,1,68.2,Elevated,Voluntary Resignation,Work-Life Balance & Fatigue,0,1
5070,62,2026-09-01,62400.0,0.96,0.95-1.05 (Target),106.0,55.06606520564257,4,0,0,90.9,Critical Exhaustion,Voluntary Resignation,Work-Life Balance & Fatigue,1,1
5071,8,2026-09-01,223230.0,1.063,>1.05 (Premium),85.1,1.9,3,0,0,17.0,Low,Active,,0,0
5072,30,2026-09-01,136500.0,0.78,<0.85 (Critical Underpay),95.6,65.0,3,1,1,98.4,Critical Exhaustion,Voluntary Resignation,Competitive Compensation Offer,1,1
5073,57,2026-09-01,157675.0,0.901,0.85-0.95 (Below Median),104.7,26.45898658878539,4,0,0,49.7,Moderate,Active,,0,0
5074,59,2026-09-01,95285.0,1.003,0.95-1.05 (Target),93.5,9.9,3,0,0,27.8,Low,Active,,0,0
5075,52,2026-09-01,198100.0,1.132,>1.05 (Premium),68.7,50.8,3,0,0,82.3,Critical Exhaustion,Voluntary Resignation,Work-Life Balance & Fatigue,1,1
5076,6,2026-09-01,93385.0,0.983,0.95-1.05 (Target),75.7,61.1,3,0,0,89.7,Critical Exhaustion,Voluntary Resignation,Work-Life Balance & Fatigue,0,1
5077,64,2026-09-01,60905.0,0.937,0.85-0.95 (Below Median),76.9,2.7,3,0,0,12.5,Low,Active,,0,0
5078,68,2026-09-01,67405.0,1.037,0.95-1.05 (Target),85.0,5.4,3,0,0,5.7,Low,Active,,0,0
5079,49,2026-09-01,58565.0,0.901,0.85-0.95 (Below Median),90.7,3.4,2,0,0,22.1,Low,Active,,0,0
5080,36,2026-09-01,129465.0,0.959,0.95-1.05 (Target),80.1,1.4,3,0,0,18.5,Low,Active,,0,0
5081,41,2026-09-01,152075.0,0.869,0.85-0.95 (Below Median),87.6,29.1,4,1,1,53.5,Moderate,Active,,0,0
5082,64,2026-09-01,59280.0,0.912,0.85-0.95 (Below Median),91.4,1.3,3,1,0,11.3,Low,Active,,0,0
5083,31,2026-09-01,60645.0,0.933,0.85-0.95 (Below Median),83.5,21.7,4,0,0,43.4,Moderate,Active,,0,0
5084,59,2026-09-01,60385.0,0.929,0.85-0.95 (Below Median),68.8,1.3,3,0,0,5.0,Low,Active,,0,0
5085,82,2026-09-01,101270.0,1.066,>1.05 (Premium),76.6,11.9,3,1,0,29.0,Low,Voluntary Resignation,Personal / Relocation,0,1
5086,43,2026-09-01,91865.0,0.967,0.95-1.05 (Target),92.1,16.9,3,1,0,28.9,Low,Active,,0,0
5087,37,2026-09-01,59735.0,0.919,0.85-0.95 (Below Median),79.5,7.3,2,1,0,18.4,Low,Active,,0,0
5088,25,2026-09-01,135270.0,1.002,0.95-1.05 (Target),93.5,8.8,5,0,1,26.5,Low,Active,,0,0
5089,51,2026-09-01,96045.0,1.011,0.95-1.05 (Target),93.1,12.5,4,0,0,22.8,Low,Active,,0,0
5090,83,2026-09-01,128385.0,0.951,0.95-1.05 (Target),83.1,20.8,4,0,0,33.9,Low,Voluntary Resignation,Personal / Relocation,1,1
5091,29,2026-09-01,111240.0,0.824,<0.85 (Critical Underpay),100.6,41.57573700198728,3,0,0,69.4,Elevated,Voluntary Resignation,Competitive Compensation Offer,1,1
5092,36,2026-09-01,77710.0,0.818,<0.85 (Critical Underpay),61.8,6.5,3,0,0,19.4,Low,Active,,0,0
5093,55,2026-09-01,105640.0,1.112,>1.05 (Premium),83.5,5.9,4,1,0,20.8,Low,Active,,0,0
5094,18,2026-09-01,66560.0,1.024,0.95-1.05 (Target),106.1,30.728438443917625,3,0,0,52.4,Moderate,Active,,0,0
5095,8,2026-09-01,97850.0,1.03,0.95-1.05 (Target),97.6,29.92248870742129,4,0,0,59.3,Moderate,Voluntary Resignation,Personal / Relocation,1,1
5096,32,2026-09-01,143775.0,1.065,>1.05 (Premium),85.2,1.1,3,0,0,5.0,Low,Active,,0,0
5097,56,2026-09-01,64480.0,0.992,0.95-1.05 (Target),75.9,0.4,3,1,1,5.0,Low,Active,,0,0
5098,69,2026-09-01,93385.0,0.983,0.95-1.05 (Target),87.4,12.5,2,0,1,31.3,Low,Active,,0,0
5099,6,2026-09-01,134325.0,0.995,0.95-1.05 (Target),85.9,22.5,3,0,0,43.1,Moderate,Active,,0,0
5100,27,2026-09-01,63570.0,0.978,0.95-1.05 (Target),81.1,26.4,3,0,0,48.1,Moderate,Active,,0,0
5101,27,2026-09-01,217560.0,1.036,0.95-1.05 (Target),68.2,1.6,2,0,0,5.0,Low,Active,,0,0
5102,62,2026-09-01,112995.0,0.837,<0.85 (Critical Underpay),85.4,54.1,4,0,1,84.2,Critical Exhaustion,Voluntary Resignation,Competitive Compensation Offer,1,1
5103,27,2026-09-01,101080.0,1.064,>1.05 (Premium),103.0,33.91161655310033,4,1,0,55.4,Moderate,Active,,0,0
5104,20,2026-09-01,62140.0,0.956,0.95-1.05 (Target),84.7,22.6,4,1,0,36.0,Moderate,Active,,0,0
5105,7,2026-09-01,72865.0,1.121,>1.05 (Premium),89.5,4.2,3,0,1,10.6,Low,Active,,0,0
5106,12,2026-09-01,58370.0,0.898,0.85-0.95 (Below Median),79.5,1.3,4,1,0,11.6,Low,Active,,0,0
5107,42,2026-09-01,78375.0,0.825,<0.85 (Critical Underpay),84.1,31.4,4,1,0,57.2,Moderate,Active,,0,0
5108,84,2026-09-01,116235.0,0.861,0.85-0.95 (Below Median),92.8,8.9,3,0,0,21.5,Low,Active,,0,0
5109,80,2026-09-01,94810.0,0.998,0.95-1.05 (Target),87.5,19.1,3,0,0,39.0,Moderate,Voluntary Resignation,Personal / Relocation,0,1
5110,48,2026-09-01,67860.0,1.044,0.95-1.05 (Target),88.7,3.1,4,0,1,10.8,Low,Active,,0,0
5111,80,2026-09-01,134460.0,0.996,0.95-1.05 (Target),95.4,23.747336865246893,3,0,1,36.6,Moderate,Active,,0,0
5112,18,2026-09-01,82365.0,0.867,0.85-0.95 (Below Median),85.7,7.6,3,0,0,19.8,Low,Active,,0,0
5113,57,2026-09-01,190050.0,0.905,0.85-0.95 (Below Median),86.8,3.5,5,0,0,14.1,Low,Active,,0,0
5114,74,2026-09-01,117315.0,0.869,0.85-0.95 (Below Median),90.1,9.9,3,0,1,22.5,Low,Active,,0,0
5115,42,2026-09-01,56030.0,0.862,0.85-0.95 (Below Median),92.4,0.9,4,0,0,11.8,Low,Active,,0,0
5116,72,2026-09-01,139455.0,1.033,0.95-1.05 (Target),100.1,42.8063047606627,4,0,0,66.7,Elevated,Active,,0,0
5117,12,2026-09-01,141480.0,1.048,0.95-1.05 (Target),86.2,8.8,3,1,0,9.6,Low,Active,,0,0
5118,3,2026-09-01,169750.0,0.97,0.95-1.05 (Target),68.0,1.2,2,0,1,10.0,Low,Active,,0,0
5119,79,2026-09-01,64025.0,0.985,0.95-1.05 (Target),70.6,3.2,3,0,0,20.1,Low,Active,,0,0
5120,15,2026-09-01,196980.0,0.938,0.85-0.95 (Below Median),93.9,30.4,3,0,1,53.7,Moderate,Active,,0,0
5121,28,2026-09-01,88350.0,0.93,0.85-0.95 (Below Median),85.3,0.5,3,0,1,10.0,Low,Active,,0,0
5122,5,2026-09-01,158375.0,0.905,0.85-0.95 (Below Median),92.5,7.6,3,0,1,19.0,Low,Active,,0,0
5123,51,2026-09-01,83885.0,0.883,0.85-0.95 (Below Median),85.7,0.7,3,0,0,11.2,Low,Active,,0,0
5124,60,2026-09-01,162925.0,0.931,0.85-0.95 (Below Median),89.2,5.7,4,0,1,16.2,Low,Active,,0,0
5125,25,2026-09-01,62530.0,0.962,0.95-1.05 (Target),83.7,10.6,3,0,0,21.5,Low,Voluntary Resignation,Personal / Relocation,0,1
5126,44,2026-09-01,57460.0,0.884,0.85-0.95 (Below Median),94.5,1.9,3,0,0,5.0,Low,Active,,0,0
5127,41,2026-09-01,59930.0,0.922,0.85-0.95 (Below Median),90.4,15.0,2,0,0,27.6,Low,Active,,0,0
5128,35,2026-09-01,96235.0,1.013,0.95-1.05 (Target),94.0,14.1,4,1,1,32.7,Low,Active,,0,0
5129,18,2026-09-01,75270.0,1.158,>1.05 (Premium),92.9,2.4,4,0,0,7.7,Low,Active,,0,0
5130,74,2026-09-01,88160.0,0.928,0.85-0.95 (Below Median),72.5,11.1,3,0,1,30.8,Low,Active,,0,0
5131,54,2026-09-01,190400.0,1.088,>1.05 (Premium),91.5,3.4,1,1,1,10.3,Low,Active,,0,0
5132,75,2026-09-01,56225.0,0.865,0.85-0.95 (Below Median),86.4,39.3,3,0,1,65.9,Elevated,Voluntary Resignation,Competitive Compensation Offer,0,1
5133,13,2026-09-01,74575.0,0.785,<0.85 (Critical Underpay),72.1,2.7,4,0,1,23.5,Low,Voluntary Resignation,Competitive Compensation Offer,1,1
5134,3,2026-09-01,92910.0,0.978,0.95-1.05 (Target),81.5,2.6,4,0,0,19.6,Low,Voluntary Resignation,Personal / Relocation,1,1
5135,68,2026-09-01,66625.0,1.025,0.95-1.05 (Target),97.8,22.92828017353497,2,0,0,35.0,Low,Active,,0,0
5136,62,2026-09-01,106590.0,1.122,>1.05 (Premium),90.2,12.0,3,0,0,20.0,Low,Active,,0,0
5137,74,2026-09-01,77425.0,0.815,<0.85 (Critical Underpay),74.5,32.2,3,0,0,66.3,Elevated,Voluntary Resignation,Competitive Compensation Offer,0,1
5138,57,2026-09-01,181300.0,1.036,0.95-1.05 (Target),100.3,21.01514456162674,3,0,0,32.5,Low,Active,,0,0
5139,83,2026-09-01,127440.0,0.944,0.85-0.95 (Below Median),94.9,9.5,2,0,0,28.5,Low,Active,,0,0
5140,54,2026-09-01,63180.0,0.972,0.95-1.05 (Target),91.1,1.0,3,0,1,5.0,Low,Active,,0,0
5141,81,2026-09-01,136080.0,1.008,0.95-1.05 (Target),82.3,10.4,3,0,0,20.3,Low,Active,,0,0
5142,67,2026-09-01,91390.0,0.962,0.95-1.05 (Target),75.2,6.5,1,1,0,16.6,Low,Active,,0,0
5143,61,2026-09-01,91200.0,0.96,0.95-1.05 (Target),91.7,18.3,3,0,0,30.8,Low,Voluntary Resignation,Personal / Relocation,0,1
5144,62,2026-09-01,69810.0,1.074,>1.05 (Premium),76.3,3.5,3,1,0,10.7,Low,Active,,0,0
5145,17,2026-09-01,141615.0,1.049,0.95-1.05 (Target),87.3,2.9,4,0,0,5.0,Low,Active,,0,0
5146,47,2026-09-01,59540.0,0.916,0.85-0.95 (Below Median),97.7,33.429730979700466,4,0,0,57.8,Moderate,Active,,0,0
5147,35,2026-09-01,91865.0,0.967,0.95-1.05 (Target),77.8,27.6,3,0,0,41.8,Moderate,Active,,0,0
5148,24,2026-09-01,57655.0,0.887,0.85-0.95 (Below Median),95.2,29.79783153381904,3,0,0,46.0,Moderate,Voluntary Resignation,Competitive Compensation Offer,0,1
5149,6,2026-09-01,87970.0,0.926,0.85-0.95 (Below Median),83.2,4.9,3,0,0,15.4,Low,Active,,0,0
5150,13,2026-09-01,60840.0,0.936,0.85-0.95 (Below Median),67.4,20.1,4,0,0,41.4,Moderate,Active,,0,0
5151,19,2026-09-01,74555.0,1.147,>1.05 (Premium),82.6,1.9,3,0,0,7.3,Low,Active,,0,0
5152,35,2026-09-01,130680.0,0.968,0.95-1.05 (Target),92.0,5.3,2,0,1,15.0,Low,Active,,0,0
5153,11,2026-09-01,58890.0,0.906,0.85-0.95 (Below Median),94.8,10.7,4,1,1,22.7,Low,Active,,0,0
5154,33,2026-09-01,63505.0,0.977,0.95-1.05 (Target),85.5,63.0,3,0,1,100.0,Critical Exhaustion,Voluntary Resignation,Work-Life Balance & Fatigue,0,1
5155,24,2026-09-01,156625.0,0.895,0.85-0.95 (Below Median),83.2,16.5,3,0,0,29.9,Low,Voluntary Resignation,Competitive Compensation Offer,1,1
5156,76,2026-09-01,129195.0,0.957,0.95-1.05 (Target),89.6,17.2,5,0,1,29.5,Low,Voluntary Resignation,Personal / Relocation,1,1
5157,35,2026-09-01,58110.0,0.894,0.85-0.95 (Below Median),90.5,31.9,3,0,0,56.4,Moderate,Active,,0,0
5158,62,2026-09-01,139455.0,1.033,0.95-1.05 (Target),85.0,1.9,5,0,1,9.6,Low,Active,,0,0
5159,73,2026-09-01,182700.0,1.044,0.95-1.05 (Target),91.1,12.3,3,0,0,21.9,Low,Active,,0,0
5160,15,2026-09-01,60125.0,0.925,0.85-0.95 (Below Median),81.0,21.8,2,1,0,35.7,Moderate,Active,,0,0
5161,56,2026-09-01,81985.0,0.863,0.85-0.95 (Below Median),93.7,22.2,4,0,1,45.4,Moderate,Voluntary Resignation,Competitive Compensation Offer,1,1
5162,53,2026-09-01,61490.0,0.946,0.85-0.95 (Below Median),73.5,9.8,3,0,1,20.8,Low,Active,,0,0
5163,83,2026-09-01,82650.0,0.87,0.85-0.95 (Below Median),76.1,4.5,4,0,0,16.0,Low,Active,,0,0
5164,15,2026-09-01,135810.0,1.006,0.95-1.05 (Target),87.4,7.0,3,1,1,8.3,Low,Active,,0,0
5165,17,2026-09-01,121770.0,0.902,0.85-0.95 (Below Median),91.7,1.2,4,1,0,11.4,Low,Active,,0,0
5166,3,2026-09-01,264680.0,1.018,0.95-1.05 (Target),71.6,10.9,2,0,0,20.7,Low,Active,,0,0
5167,9,2026-09-01,59735.0,0.919,0.85-0.95 (Below Median),69.0,15.5,3,0,0,36.2,Moderate,Voluntary Resignation,Personal / Relocation,0,1
5168,5,2026-09-01,90345.0,0.951,0.95-1.05 (Target),84.0,3.2,3,0,1,12.8,Low,Voluntary Resignation,Personal / Relocation,0,1
5169,39,2026-09-01,65975.0,1.015,0.95-1.05 (Target),63.6,9.6,3,0,0,27.2,Low,Active,,0,0
5170,56,2026-09-01,96520.0,1.016,0.95-1.05 (Target),91.0,11.8,4,0,0,21.8,Low,Active,,0,0
5171,31,2026-09-01,64415.0,0.991,0.95-1.05 (Target),78.4,8.4,4,0,1,26.3,Low,Voluntary Resignation,Personal / Relocation,1,1
5172,43,2026-09-01,157545.0,1.167,>1.05 (Premium),95.3,19.26961270443609,3,0,0,27.8,Low,Active,,0,0
5173,6,2026-09-01,100415.0,1.057,>1.05 (Premium),77.7,5.0,4,1,0,20.9,Low,Active,,0,0
5174,22,2026-09-01,64935.0,0.999,0.95-1.05 (Target),86.1,4.1,3,0,0,5.0,Low,Active,,0,0
5175,54,2026-09-01,109080.0,0.808,<0.85 (Critical Underpay),94.2,3.9,4,0,0,8.5,Low,Active,,0,0
5176,63,2026-09-01,132435.0,0.981,0.95-1.05 (Target),78.0,16.5,4,0,0,28.2,Low,Active,,0,0
5177,81,2026-09-01,58435.0,0.899,0.85-0.95 (Below Median),85.5,4.6,4,0,0,15.5,Low,Active,,0,0
5178,76,2026-09-01,53885.0,0.829,<0.85 (Critical Underpay),81.3,41.2,2,0,0,68.9,Elevated,Active,,0,0
5179,61,2026-09-01,102030.0,1.074,>1.05 (Premium),86.6,2.5,3,0,1,5.0,Low,Voluntary Resignation,Personal / Relocation,0,1
5180,55,2026-09-01,55640.0,0.856,0.85-0.95 (Below Median),92.5,20.0,4,1,0,42.9,Moderate,Active,,0,0
5181,5,2026-09-01,92530.0,0.974,0.95-1.05 (Target),98.9,44.72789154650041,3,0,0,62.2,Elevated,Voluntary Resignation,Personal / Relocation,0,1
5182,34,2026-09-01,60320.0,0.928,0.85-0.95 (Below Median),79.2,3.1,2,0,0,13.2,Low,Voluntary Resignation,Personal / Relocation,0,1
5183,10,2026-09-01,85880.0,0.904,0.85-0.95 (Below Median),78.9,8.0,2,0,0,19.5,Low,Voluntary Resignation,Personal / Relocation,0,1
5184,11,2026-09-01,80085.0,0.843,<0.85 (Critical Underpay),95.4,39.85560154480692,4,0,0,59.0,Moderate,Active,,0,0
5185,46,2026-09-01,107325.0,0.795,<0.85 (Critical Underpay),91.7,16.6,3,0,0,32.0,Low,Active,,0,0
5186,63,2026-09-01,60775.0,0.935,0.85-0.95 (Below Median),89.5,0.1,4,1,0,9.4,Low,Active,,0,0
5187,46,2026-09-01,60515.0,0.931,0.85-0.95 (Below Median),82.1,11.6,4,0,1,23.3,Low,Voluntary Resignation,Personal / Relocation,1,1
5188,74,2026-09-01,108270.0,0.802,<0.85 (Critical Underpay),93.0,17.8,3,0,1,33.3,Low,Voluntary Resignation,Competitive Compensation Offer,1,1
5189,39,2026-09-01,54405.0,0.837,<0.85 (Critical Underpay),88.5,5.7,3,0,1,18.1,Low,Active,,0,0
5190,61,2026-09-01,59930.0,0.922,0.85-0.95 (Below Median),76.5,0.8,4,0,1,10.5,Low,Active,,0,0
5191,21,2026-09-01,64935.0,0.999,0.95-1.05 (Target),92.5,4.8,4,0,1,5.8,Low,Active,,0,0
5192,29,2026-09-01,64220.0,0.988,0.95-1.05 (Target),90.1,0.6,2,1,0,9.0,Low,Active,,0,0
5193,16,2026-09-01,119340.0,0.884,0.85-0.95 (Below Median),98.0,17.570271200481972,4,0,0,31.4,Low,Active,,0,0
5194,8,2026-09-01,67990.0,1.046,0.95-1.05 (Target),77.1,21.7,3,1,0,33.1,Low,Active,,0,0
5195,65,2026-09-01,116370.0,0.862,0.85-0.95 (Below Median),76.3,0.0,3,0,0,10.8,Low,Active,,0,0
5196,43,2026-09-01,60645.0,0.933,0.85-0.95 (Below Median),87.4,19.8,3,1,0,33.1,Low,Active,,0,0
5197,9,2026-09-01,81795.0,0.861,0.85-0.95 (Below Median),84.5,9.0,4,1,0,21.6,Low,Active,,0,0
5198,8,2026-09-01,125955.0,0.933,0.85-0.95 (Below Median),77.3,0.2,2,0,1,17.6,Low,Active,,0,0
5199,58,2026-09-01,63830.0,0.982,0.95-1.05 (Target),90.6,14.4,3,1,1,33.6,Low,Voluntary Resignation,Personal / Relocation,0,1
5200,60,2026-09-01,94905.0,0.999,0.95-1.05 (Target),87.5,19.5,3,1,1,31.4,Low,Active,,0,0
5201,3,2026-09-01,61815.0,0.951,0.95-1.05 (Target),72.1,22.8,4,0,0,36.3,Moderate,Active,,0,0
5202,23,2026-09-01,165025.0,0.943,0.85-0.95 (Below Median),83.8,9.9,2,0,0,21.0,Low,Voluntary Resignation,Personal / Relocation,1,1
5203,47,2026-09-01,102125.0,1.075,>1.05 (Premium),89.6,5.1,4,1,1,5.0,Low,Active,,0,0
5204,64,2026-09-01,56875.0,0.875,0.85-0.95 (Below Median),107.8,26.4695269092267,4,0,0,42.3,Moderate,Voluntary Resignation,Competitive Compensation Offer,1,1
5205,53,2026-09-01,85215.0,0.897,0.85-0.95 (Below Median),87.8,9.0,5,0,0,20.9,Low,Active,,0,0
5206,80,2026-09-01,143235.0,1.061,>1.05 (Premium),81.6,5.5,3,0,0,5.4,Low,Voluntary Resignation,Career Advancement & Role Velocity,1,1
5207,8,2026-09-01,92245.0,0.971,0.95-1.05 (Target),77.8,48.4,1,0,1,74.7,Elevated,Voluntary Resignation,Work-Life Balance & Fatigue,0,1
5208,41,2026-09-01,187320.0,0.892,0.85-0.95 (Below Median),96.2,23.46842457680213,3,1,1,38.3,Moderate,Active,,0,0
5209,4,2026-09-01,79705.0,0.839,<0.85 (Critical Underpay),81.5,24.9,3,0,0,49.1,Moderate,Active,,0,0
5210,19,2026-09-01,59735.0,0.919,0.85-0.95 (Below Median),78.5,5.1,2,0,0,15.7,Low,Active,,0,0
5211,43,2026-09-01,67535.0,1.039,0.95-1.05 (Target),91.7,2.1,1,0,0,9.7,Low,Voluntary Resignation,Career Advancement & Role Velocity,0,1
5212,55,2026-09-01,126630.0,0.938,0.85-0.95 (Below Median),85.4,3.8,2,1,0,13.8,Low,Active,,0,0
5213,82,2026-09-01,86070.0,0.906,0.85-0.95 (Below Median),87.5,3.9,3,0,0,14.6,Low,Voluntary Resignation,Personal / Relocation,0,1
5214,55,2026-09-01,145260.0,1.076,>1.05 (Premium),91.0,29.9,4,1,0,34.4,Low,Active,,0,0
5215,76,2026-09-01,96900.0,1.02,0.95-1.05 (Target),99.2,44.447441356601416,5,1,0,68.9,Elevated,Active,,0,0
5216,42,2026-09-01,143100.0,1.06,>1.05 (Premium),93.8,4.5,5,0,1,12.2,Low,Active,,0,0
5217,51,2026-09-01,162225.0,0.927,0.85-0.95 (Below Median),90.3,5.4,4,0,0,15.9,Low,Active,,0,0
5218,22,2026-09-01,100415.0,1.057,>1.05 (Premium),90.9,29.4,3,1,1,50.1,Moderate,Active,,0,0
5219,2,2026-09-01,173880.0,0.828,<0.85 (Critical Underpay),73.4,8.1,4,0,0,21.2,Low,Active,,0,0
5220,58,2026-09-01,67600.0,1.04,0.95-1.05 (Target),79.2,1.1,2,1,0,8.5,Low,Active,,0,0
5221,7,2026-09-01,199325.0,1.139,>1.05 (Premium),89.6,3.5,5,1,1,9.4,Low,Active,,0,0
5222,10,2026-09-01,271960.0,1.046,0.95-1.05 (Target),93.2,0.9,2,0,1,8.2,Low,Active,,0,0
5223,1,2026-09-01,62205.0,0.957,0.95-1.05 (Target),86.2,13.5,4,0,0,33.1,Low,Voluntary Resignation,Personal / Relocation,1,1
5224,2,2026-09-01,70460.0,1.084,>1.05 (Premium),81.3,0.4,2,0,1,6.8,Low,Active,,0,0
5225,36,2026-09-01,95665.0,1.007,0.95-1.05 (Target),87.9,4.4,5,0,0,13.1,Low,Active,,0,0
5226,77,2026-09-01,96425.0,1.015,0.95-1.05 (Target),92.4,9.3,2,0,0,18.9,Low,Active,,0,0
5227,44,2026-09-01,62725.0,0.965,0.95-1.05 (Target),65.7,48.7,3,0,0,91.1,Critical Exhaustion,Voluntary Resignation,Work-Life Balance & Fatigue,0,1
5228,79,2026-09-01,120555.0,0.893,0.85-0.95 (Below Median),82.1,8.1,2,0,1,27.9,Low,Voluntary Resignation,Competitive Compensation Offer,1,1
5229,79,2026-09-01,82460.0,0.868,0.85-0.95 (Below Median),62.9,31.0,4,0,0,55.8,Moderate,Active,,0,0
5230,59,2026-09-01,64740.0,0.996,0.95-1.05 (Target),86.2,22.8,3,1,1,43.4,Moderate,Active,,0,0
5231,50,2026-09-01,61620.0,0.948,0.85-0.95 (Below Median),94.2,5.6,4,0,0,15.8,Low,Active,,0,0
5232,1,2026-09-01,69030.0,1.062,>1.05 (Premium),101.1,17.18499421170301,4,0,0,27.4,Low,Active,,0,0
5233,37,2026-09-01,55315.0,0.851,0.85-0.95 (Below Median),93.6,16.4,3,0,0,38.7,Moderate,Active,,0,0
5234,67,2026-09-01,145800.0,1.08,>1.05 (Premium),88.7,1.7,3,0,0,8.4,Low,Active,,0,0
5235,20,2026-09-01,70330.0,1.082,>1.05 (Premium),71.9,3.1,5,0,0,10.1,Low,Active,,0,0
5236,4,2026-09-01,54860.0,0.844,<0.85 (Critical Underpay),93.2,15.1,4,0,0,37.2,Moderate,Active,,0,0
5237,56,2026-09-01,63375.0,0.975,0.95-1.05 (Target),86.4,3.7,5,0,1,20.9,Low,Active,,0,0
5238,27,2026-09-01,65195.0,1.003,0.95-1.05 (Target),86.1,4.1,3,0,0,5.0,Low,Active,,0,0
5239,59,2026-09-01,72865.0,0.767,<0.85 (Critical Underpay),86.2,1.0,4,0,0,13.9,Low,Voluntary Resignation,Competitive Compensation Offer,1,1
5240,70,2026-09-01,82555.0,0.869,0.85-0.95 (Below Median),80.6,2.6,3,1,0,13.7,Low,Active,,0,0
5241,63,2026-09-01,56030.0,0.862,0.85-0.95 (Below Median),89.8,0.2,3,0,0,11.0,Low,Active,,0,0
5242,62,2026-09-01,64740.0,0.996,0.95-1.05 (Target),95.6,31.09343847561547,3,0,1,61.4,Elevated,Voluntary Resignation,Personal / Relocation,0,1
5243,39,2026-09-01,138645.0,1.027,0.95-1.05 (Target),92.2,21.9,5,0,0,33.7,Low,Active,,0,0
5244,34,2026-09-01,91390.0,0.962,0.95-1.05 (Target),102.1,31.11085289738735,3,0,0,54.1,Moderate,Voluntary Resignation,Personal / Relocation,0,1
5245,31,2026-09-01,57915.0,0.891,0.85-0.95 (Below Median),105.7,27.711481445106777,3,1,0,51.4,Moderate,Voluntary Resignation,Competitive Compensation Offer,0,1
5246,62,2026-09-01,167475.0,0.957,0.95-1.05 (Target),103.4,38.05078312612992,4,1,0,62.5,Elevated,Voluntary Resignation,Personal / Relocation,1,1
5247,12,2026-09-01,68400.0,0.72,<0.85 (Critical Underpay),74.5,18.6,3,0,1,43.9,Moderate,Active,,0,0
5248,79,2026-09-01,87780.0,0.924,0.85-0.95 (Below Median),99.0,44.669749927764286,1,1,0,71.1,Elevated,Voluntary Resignation,Work-Life Balance & Fatigue,0,1
5249,14,2026-09-01,58305.0,0.897,0.85-0.95 (Below Median),89.8,41.5,4,0,0,67.9,Elevated,Voluntary Resignation,Competitive Compensation Offer,1,1
5250,49,2026-09-01,85595.0,0.901,0.85-0.95 (Below Median),94.6,6.5,4,0,1,17.8,Low,Active,,0,0
5251,81,2026-09-01,97755.0,1.029,0.95-1.05 (Target),89.7,22.3,3,1,0,42.2,Moderate,Active,,0,0
5252,15,2026-09-01,93385.0,0.983,0.95-1.05 (Target),84.7,6.5,3,0,0,16.1,Low,Active,,0,0
5253,50,2026-09-01,203070.0,0.967,0.95-1.05 (Target),87.6,28.1,5,0,1,50.4,Moderate,Active,,0,0
5254,64,2026-09-01,105640.0,1.112,>1.05 (Premium),79.3,2.8,3,0,0,9.1,Low,Voluntary Resignation,Personal / Relocation,0,1
5255,17,2026-09-01,66950.0,1.03,0.95-1.05 (Target),91.6,13.7,3,0,0,31.8,Low,Voluntary Resignation,Personal / Relocation,0,1
5256,78,2026-09-01,71825.0,1.105,>1.05 (Premium),104.3,21.76253500654404,4,0,0,48.0,Moderate,Voluntary Resignation,Personal / Relocation,1,1
5257,48,2026-09-01,83410.0,0.878,0.85-0.95 (Below Median),92.2,16.9,1,0,1,38.7,Moderate,Voluntary Resignation,Competitive Compensation Offer,0,1
5258,29,2026-09-01,91295.0,0.961,0.95-1.05 (Target),77.6,58.5,4,1,0,95.0,Critical Exhaustion,Voluntary Resignation,Work-Life Balance & Fatigue,1,1
5259,63,2026-09-01,91295.0,0.961,0.95-1.05 (Target),88.1,29.6,2,0,0,44.3,Moderate,Active,,0,0
5260,35,2026-09-01,98895.0,1.041,0.95-1.05 (Target),82.2,1.1,3,0,0,5.0,Low,Active,,0,0
5261,71,2026-09-01,238680.0,0.918,0.85-0.95 (Below Median),90.8,27.5,3,0,0,50.6,Moderate,Voluntary Resignation,Personal / Relocation,0,1
5262,78,2026-09-01,63505.0,0.977,0.95-1.05 (Target),91.0,2.9,2,1,1,11.9,Low,Active,,0,0
5263,63,2026-09-01,64025.0,0.985,0.95-1.05 (Target),82.1,4.5,4,1,0,13.7,Low,Active,,0,0
5264,64,2026-09-01,109485.0,0.811,<0.85 (Critical Underpay),78.9,2.2,4,0,0,6.4,Low,Active,,0,0
5265,83,2026-09-01,62855.0,0.967,0.95-1.05 (Target),100.6,31.79871898275772,4,0,1,54.8,Moderate,Voluntary Resignation,Personal / Relocation,1,1
5266,19,2026-09-01,65195.0,1.003,0.95-1.05 (Target),74.2,0.6,3,1,0,8.7,Low,Active,,0,0
5267,25,2026-09-01,92625.0,0.975,0.95-1.05 (Target),97.2,23.35477644647823,4,0,0,36.5,Moderate,Active,,0,0
5268,16,2026-09-01,55770.0,0.858,0.85-0.95 (Below Median),90.3,15.1,3,0,0,37.0,Moderate,Voluntary Resignation,Competitive Compensation Offer,0,1
5269,18,2026-09-01,75270.0,1.158,>1.05 (Premium),96.4,27.422690711229254,4,1,1,37.7,Moderate,Voluntary Resignation,Personal / Relocation,1,1
5270,40,2026-09-01,76950.0,0.81,<0.85 (Critical Underpay),89.9,37.3,3,0,0,72.6,Elevated,Voluntary Resignation,Competitive Compensation Offer,0,1
5271,36,2026-09-01,63765.0,0.981,0.95-1.05 (Target),86.6,5.8,3,0,1,7.3,Low,Active,,0,0
5272,59,2026-09-01,89870.0,0.946,0.85-0.95 (Below Median),64.8,37.8,5,0,0,62.4,Elevated,Active,,0,0
5273,46,2026-09-01,54665.0,0.841,<0.85 (Critical Underpay),77.5,5.2,3,1,1,17.4,Low,Active,,0,0
5274,24,2026-09-01,138375.0,1.025,0.95-1.05 (Target),93.7,30.1,3,0,0,43.6,Moderate,Active,,0,0
5275,39,2026-09-01,77235.0,0.813,<0.85 (Critical Underpay),89.5,3.6,2,0,0,16.1,Low,Active,,0,0
5276,38,2026-09-01,57070.0,0.878,0.85-0.95 (Below Median),96.0,64.72211938461001,3,1,1,96.1,Critical Exhaustion,Voluntary Resignation,Competitive Compensation Offer,0,1
5277,4,2026-09-01,93480.0,0.984,0.95-1.05 (Target),85.0,3.0,3,0,0,11.9,Low,Active,,0,0
5278,38,2026-09-01,81035.0,0.853,0.85-0.95 (Below Median),99.4,33.07707060503207,2,0,0,58.6,Moderate,Active,,0,0
5279,43,2026-09-01,83695.0,0.881,0.85-0.95 (Below Median),94.2,1.4,4,1,0,12.1,Low,Active,,0,0
5280,82,2026-09-01,96710.0,1.018,0.95-1.05 (Target),87.0,3.3,3,0,1,11.6,Low,Active,,0,0
5281,22,2026-09-01,96140.0,1.012,0.95-1.05 (Target),78.8,2.6,3,0,1,10.9,Low,Active,,0,0
5282,49,2026-09-01,95760.0,1.008,0.95-1.05 (Target),74.9,3.1,3,0,0,5.0,Low,Active,,0,0
5283,19,2026-09-01,122715.0,0.909,0.85-0.95 (Below Median),89.8,15.9,3,0,0,28.9,Low,Voluntary Resignation,Personal / Relocation,1,1
5284,10,2026-09-01,59475.0,0.915,0.85-0.95 (Below Median),75.7,19.7,3,0,0,41.3,Moderate,Active,,0,0
5285,37,2026-09-01,93100.0,0.98,0.95-1.05 (Target),80.8,14.4,4,0,1,25.7,Low,Active,,0,0
5286,39,2026-09-01,173075.0,0.989,0.95-1.05 (Target),85.0,21.4,3,0,0,33.9,Low,Active,,0,0
5287,43,2026-09-01,59345.0,0.913,0.85-0.95 (Below Median),89.1,4.4,5,0,0,15.0,Low,Active,,0,0
5288,53,2026-09-01,139320.0,1.032,0.95-1.05 (Target),95.5,25.511014837798687,3,0,1,46.0,Moderate,Active,,0,0
5289,76,2026-09-01,144045.0,1.067,>1.05 (Premium),89.7,11.7,2,0,0,20.7,Low,Active,,0,0
5290,4,2026-09-01,241020.0,0.927,0.85-0.95 (Below Median),92.0,65.0,3,0,1,100.0,Critical Exhaustion,Voluntary Resignation,Work-Life Balance & Fatigue,0,1
5291,66,2026-09-01,106685.0,1.123,>1.05 (Premium),72.7,16.1,2,0,1,24.9,Low,Active,,0,0
5292,50,2026-09-01,91960.0,0.968,0.95-1.05 (Target),78.5,65.0,3,0,0,94.6,Critical Exhaustion,Voluntary Resignation,Work-Life Balance & Fatigue,0,1
5293,56,2026-09-01,104025.0,1.095,>1.05 (Premium),97.3,50.44483649647768,4,0,0,74.6,Elevated,Voluntary Resignation,Work-Life Balance & Fatigue,1,1
5294,10,2026-09-01,63570.0,0.978,0.95-1.05 (Target),93.0,7.0,5,0,0,16.8,Low,Active,,0,0
5295,65,2026-09-01,155575.0,0.889,0.85-0.95 (Below Median),85.7,7.6,3,0,0,19.3,Low,Active,,0,0
5296,21,2026-09-01,62010.0,0.954,0.95-1.05 (Target),81.8,5.0,3,0,0,22.9,Low,Active,,0,0
5297,3,2026-09-01,63115.0,0.971,0.95-1.05 (Target),91.8,21.3,2,0,0,42.1,Moderate,Active,,0,0
5298,10,2026-09-01,65910.0,1.014,0.95-1.05 (Target),100.6,49.49123438546267,3,0,0,75.1,Elevated,Voluntary Resignation,Work-Life Balance & Fatigue,0,1
5299,14,2026-09-01,86165.0,0.907,0.85-0.95 (Below Median),89.0,41.5,3,0,0,59.7,Moderate,Active,,0,0
5300,77,2026-09-01,105830.0,1.114,>1.05 (Premium),77.3,20.0,3,0,1,29.7,Low,Active,,0,0
5301,67,2026-09-01,122310.0,0.906,0.85-0.95 (Below Median),77.8,0.2,2,0,0,5.0,Low,Active,,0,0
5302,9,2026-09-01,94430.0,0.994,0.95-1.05 (Target),87.8,11.2,3,0,1,21.6,Low,Active,,0,0
5303,81,2026-09-01,148925.0,0.851,0.85-0.95 (Below Median),83.4,2.8,4,1,1,14.3,Low,Active,,0,0
5304,79,2026-09-01,86545.0,0.911,0.85-0.95 (Below Median),84.6,14.7,3,0,0,27.4,Low,Active,,0,0
5305,46,2026-09-01,51025.0,0.785,<0.85 (Critical Underpay),75.2,20.8,3,0,1,45.3,Moderate,Voluntary Resignation,Competitive Compensation Offer,0,1
5306,5,2026-09-01,63115.0,0.971,0.95-1.05 (Target),84.0,2.3,3,0,0,11.3,Low,Voluntary Resignation,Personal / Relocation,0,1
5307,51,2026-09-01,89490.0,0.942,0.85-0.95 (Below Median),81.9,3.2,1,0,0,13.0,Low,Active,,0,0
5308,11,2026-09-01,55835.0,0.859,0.85-0.95 (Below Median),93.3,29.2,2,1,0,53.9,Moderate,Active,,0,0
5309,83,2026-09-01,79895.0,0.841,<0.85 (Critical Underpay),70.3,12.9,3,0,0,26.7,Low,Active,,0,0
5310,3,2026-09-01,191730.0,0.913,0.85-0.95 (Below Median),83.5,27.4,4,0,0,50.6,Moderate,Active,,0,0
5311,39,2026-09-01,164675.0,0.941,0.85-0.95 (Below Median),85.0,2.2,3,0,1,11.8,Low,Voluntary Resignation,Career Advancement & Role Velocity,1,1
5312,38,2026-09-01,55770.0,0.858,0.85-0.95 (Below Median),85.0,11.9,3,0,0,25.1,Low,Active,,0,0
5313,48,2026-09-01,94715.0,0.997,0.95-1.05 (Target),88.5,10.8,3,1,0,29.0,Low,Active,,0,0
5314,78,2026-09-01,91105.0,0.959,0.95-1.05 (Target),85.4,29.8,3,0,0,52.6,Moderate,Active,,0,0
5315,14,2026-09-01,126225.0,0.935,0.85-0.95 (Below Median),81.6,9.8,4,0,0,21.1,Low,Active,,0,0
5316,34,2026-09-01,103835.0,1.093,>1.05 (Premium),101.3,30.78947408469819,3,0,0,51.1,Moderate,Voluntary Resignation,Career Advancement & Role Velocity,0,1
5317,8,2026-09-01,97470.0,1.026,0.95-1.05 (Target),92.0,2.2,3,0,0,10.1,Low,Active,,0,0
5318,61,2026-09-01,122175.0,0.905,0.85-0.95 (Below Median),90.2,3.7,2,0,1,14.3,Low,Active,,0,0
5319,27,2026-09-01,68510.0,1.054,>1.05 (Premium),68.3,0.5,2,0,0,7.5,Low,Active,,0,0
5320,55,2026-09-01,139995.0,1.037,0.95-1.05 (Target),74.4,33.9,3,0,1,55.9,Moderate,Active,,0,0
5321,43,2026-09-01,60515.0,0.931,0.85-0.95 (Below Median),91.0,5.4,3,0,0,23.9,Low,Active,,0,0
5322,52,2026-09-01,77710.0,0.818,<0.85 (Critical Underpay),79.7,5.9,3,0,0,18.7,Low,Active,,0,0
5323,75,2026-09-01,96425.0,1.015,0.95-1.05 (Target),72.6,7.8,3,1,0,17.1,Low,Active,,0,0
5324,46,2026-09-01,91105.0,0.959,0.95-1.05 (Target),91.4,3.3,3,0,0,12.8,Low,Active,,0,0
5325,2,2026-09-01,69225.0,1.065,>1.05 (Premium),91.6,17.5,3,0,1,27.7,Low,Active,,0,0
5326,81,2026-09-01,138105.0,1.023,0.95-1.05 (Target),75.5,4.0,3,0,0,5.0,Low,Active,,0,0
5327,11,2026-09-01,128655.0,0.953,0.95-1.05 (Target),90.3,11.5,3,0,1,22.7,Low,Active,,0,0
5328,7,2026-09-01,106875.0,1.125,>1.05 (Premium),95.3,29.88036709277836,3,0,0,49.4,Moderate,Active,,0,0
5329,30,2026-09-01,82935.0,0.873,0.85-0.95 (Below Median),80.0,2.4,4,0,0,13.4,Low,Active,,0,0
5330,83,2026-09-01,94335.0,0.993,0.95-1.05 (Target),85.2,5.0,3,0,1,14.1,Low,Active,,0,0
5331,20,2026-09-01,225960.0,1.076,>1.05 (Premium),77.4,0.1,5,0,1,6.6,Low,Active,,0,0
5332,20,2026-09-01,261040.0,1.004,0.95-1.05 (Target),79.6,14.9,4,0,0,25.8,Low,Active,,0,0
5333,72,2026-09-01,127440.0,0.944,0.85-0.95 (Below Median),94.4,11.7,5,0,1,23.2,Low,Voluntary Resignation,Personal / Relocation,1,1
5334,1,2026-09-01,60775.0,0.935,0.85-0.95 (Below Median),81.4,1.6,1,0,1,5.0,Low,Voluntary Resignation,Personal / Relocation,0,1
5335,17,2026-09-01,94715.0,0.997,0.95-1.05 (Target),71.0,7.5,4,0,0,17.1,Low,Active,,0,0
5336,77,2026-09-01,55055.0,0.847,<0.85 (Critical Underpay),99.5,17.35813316466392,2,0,0,39.9,Moderate,Active,,0,0
5337,31,2026-09-01,199920.0,0.952,0.95-1.05 (Target),74.8,2.7,2,0,0,12.2,Low,Active,,0,0
5338,26,2026-09-01,82460.0,0.868,0.85-0.95 (Below Median),75.9,65.0,3,0,1,100.0,Critical Exhaustion,Voluntary Resignation,Competitive Compensation Offer,0,1
5339,76,2026-09-01,98895.0,1.041,0.95-1.05 (Target),88.2,20.3,3,0,1,39.5,Moderate,Active,,0,0
5340,82,2026-09-01,79990.0,0.842,<0.85 (Critical Underpay),82.0,11.9,4,0,0,33.4,Low,Active,,0,0
5341,59,2026-09-01,65065.0,1.001,0.95-1.05 (Target),78.2,0.4,5,0,1,8.5,Low,Active,,0,0
5342,42,2026-09-01,103740.0,1.092,>1.05 (Premium),89.7,15.5,3,0,0,24.8,Low,Active,,0,0
5343,46,2026-09-01,93955.0,0.989,0.95-1.05 (Target),76.1,16.5,4,1,0,36.0,Moderate,Active,,0,0
5344,11,2026-09-01,73815.0,0.777,<0.85 (Critical Underpay),87.1,2.0,4,0,1,22.9,Low,Active,,0,0
5345,71,2026-09-01,96995.0,1.021,0.95-1.05 (Target),81.8,13.5,3,0,1,31.8,Low,Voluntary Resignation,Personal / Relocation,0,1
5346,52,2026-09-01,121365.0,0.899,0.85-0.95 (Below Median),73.2,11.1,3,0,0,15.3,Low,Active,,0,0
5347,5,2026-09-01,75270.0,1.158,>1.05 (Premium),91.8,0.9,3,0,1,5.0,Low,Active,,0,0
5348,49,2026-09-01,57265.0,0.881,0.85-0.95 (Below Median),95.1,41.1611959486613,4,0,0,67.8,Elevated,Voluntary Resignation,Competitive Compensation Offer,1,1
5349,14,2026-09-01,89205.0,0.939,0.85-0.95 (Below Median),83.5,22.7,4,0,1,28.5,Low,Active,,0,0
5350,57,2026-09-01,116640.0,0.864,0.85-0.95 (Below Median),79.3,2.4,3,0,0,13.6,Low,Active,,0,0
5351,5,2026-09-01,66105.0,1.017,0.95-1.05 (Target),86.6,11.0,5,1,0,28.9,Low,Active,,0,0
5352,80,2026-09-01,95000.0,1.0,0.95-1.05 (Target),87.9,2.7,4,0,0,11.2,Low,Active,,0,0
5353,28,2026-09-01,234520.0,0.902,0.85-0.95 (Below Median),84.9,8.7,3,1,0,20.4,Low,Active,,0,0
5354,15,2026-09-01,67925.0,1.045,0.95-1.05 (Target),82.1,10.2,3,0,0,19.3,Low,Voluntary Resignation,Career Advancement & Role Velocity,0,1
5355,71,2026-09-01,170275.0,0.973,0.95-1.05 (Target),98.1,41.592464841126514,3,0,1,74.5,Elevated,Voluntary Resignation,Work-Life Balance & Fatigue,1,1
5356,57,2026-09-01,104895.0,0.777,<0.85 (Critical Underpay),80.5,9.2,3,0,1,23.5,Low,Voluntary Resignation,Competitive Compensation Offer,1,1
5357,81,2026-09-01,132435.0,0.981,0.95-1.05 (Target),84.5,14.9,3,1,0,26.3,Low,Voluntary Resignation,Personal / Relocation,1,1
5358,53,2026-09-01,212100.0,1.01,0.95-1.05 (Target),69.4,3.4,5,0,0,11.9,Low,Active,,0,0
5359,64,2026-09-01,79515.0,0.837,<0.85 (Critical Underpay),83.4,4.1,4,0,0,16.2,Low,Active,,0,0
5360,44,2026-09-01,278460.0,1.071,>1.05 (Premium),81.5,0.3,3,0,0,6.9,Low,Active,,0,0
5361,70,2026-09-01,171500.0,0.98,0.95-1.05 (Target),82.0,2.0,1,0,0,10.8,Low,Active,,0,0
5362,25,2026-09-01,108405.0,0.803,<0.85 (Critical Underpay),79.7,54.1,4,0,0,100.0,Critical Exhaustion,Voluntary Resignation,Competitive Compensation Offer,1,1
5363,15,2026-09-01,72410.0,1.114,>1.05 (Premium),84.3,4.9,3,0,1,5.0,Low,Active,,0,0
5364,84,2026-09-01,208320.0,0.992,0.95-1.05 (Target),94.1,23.2,3,0,1,44.0,Moderate,Voluntary Resignation,Personal / Relocation,1,1
5365,26,2026-09-01,128520.0,0.952,0.95-1.05 (Target),93.7,11.5,3,0,0,30.8,Low,Active,,0,0
5366,66,2026-09-01,134460.0,0.996,0.95-1.05 (Target),71.4,5.0,3,0,0,14.1,Low,Active,,0,0
5367,81,2026-09-01,98610.0,1.038,0.95-1.05 (Target),78.1,1.2,4,0,0,8.7,Low,Active,,0,0
5368,77,2026-09-01,53755.0,0.827,<0.85 (Critical Underpay),80.1,0.1,3,0,1,5.0,Low,Active,,0,0
5369,9,2026-09-01,63180.0,0.972,0.95-1.05 (Target),96.1,30.358664990826767,3,1,0,53.0,Moderate,Voluntary Resignation,Personal / Relocation,0,1
5370,72,2026-09-01,133245.0,0.987,0.95-1.05 (Target),85.8,8.9,3,0,0,18.9,Low,Active,,0,0
5371,40,2026-09-01,55510.0,0.854,0.85-0.95 (Below Median),90.7,2.1,2,0,1,13.4,Low,Active,,0,0
5372,61,2026-09-01,58890.0,0.906,0.85-0.95 (Below Median),90.3,5.0,2,0,0,15.9,Low,Active,,0,0
5373,17,2026-09-01,172725.0,0.987,0.95-1.05 (Target),81.1,13.1,4,0,0,32.0,Low,Active,,0,0
5374,77,2026-09-01,124200.0,0.92,0.85-0.95 (Below Median),93.4,14.9,3,0,0,27.5,Low,Active,,0,0
5375,40,2026-09-01,92340.0,0.972,0.95-1.05 (Target),103.9,30.29793253847893,5,0,1,52.9,Moderate,Voluntary Resignation,Personal / Relocation,1,1
5376,68,2026-09-01,85120.0,0.896,0.85-0.95 (Below Median),88.7,4.5,1,0,0,23.5,Low,Active,,0,0
5377,65,2026-09-01,167825.0,0.959,0.95-1.05 (Target),84.0,1.0,3,1,1,5.0,Low,Active,,0,0
5378,43,2026-09-01,102125.0,1.075,>1.05 (Premium),87.8,5.0,3,0,1,12.5,Low,Active,,0,0
5379,68,2026-09-01,56355.0,0.867,0.85-0.95 (Below Median),81.7,10.0,3,1,0,38.7,Moderate,Active,,0,0
5380,47,2026-09-01,117720.0,0.872,0.85-0.95 (Below Median),89.0,23.6,3,0,0,46.9,Moderate,Voluntary Resignation,Competitive Compensation Offer,1,1
5381,49,2026-09-01,69225.0,1.065,>1.05 (Premium),57.1,2.5,3,0,0,9.7,Low,Voluntary Resignation,Personal / Relocation,0,1
5382,8,2026-09-01,93385.0,0.983,0.95-1.05 (Target),80.6,4.4,3,0,1,13.6,Low,Voluntary Resignation,Personal / Relocation,0,1
5383,55,2026-09-01,67990.0,1.046,0.95-1.05 (Target),86.3,2.8,3,0,0,5.0,Low,Active,,0,0
5384,38,2026-09-01,90345.0,0.951,0.95-1.05 (Target),81.7,14.6,4,0,0,26.5,Low,Active,,0,0
5385,22,2026-09-01,186060.0,0.886,0.85-0.95 (Below Median),80.3,7.8,3,1,1,19.6,Low,Active,,0,0
5386,33,2026-09-01,127980.0,0.948,0.85-0.95 (Below Median),96.8,39.529818590475394,4,0,1,56.5,Moderate,Voluntary Resignation,Personal / Relocation,1,1
5387,22,2026-09-01,59085.0,0.909,0.85-0.95 (Below Median),88.2,18.8,3,0,0,32.4,Low,Active,,0,0
5388,59,2026-09-01,100985.0,1.063,>1.05 (Premium),94.8,20.1,4,0,0,30.9,Low,Active,,0,0
5389,78,2026-09-01,100035.0,1.053,>1.05 (Premium),75.8,0.9,2,1,0,8.0,Low,Active,,0,0
5390,84,2026-09-01,54535.0,0.839,<0.85 (Critical Underpay),86.1,1.0,3,0,0,5.0,Low,Voluntary Resignation,Competitive Compensation Offer,0,1
5391,5,2026-09-01,96140.0,1.012,0.95-1.05 (Target),81.5,0.1,5,0,0,7.9,Low,Active,,0,0
5392,5,2026-09-01,164150.0,0.938,0.85-0.95 (Below Median),89.2,21.0,2,0,0,34.4,Low,Active,,0,0
5393,56,2026-09-01,63505.0,0.977,0.95-1.05 (Target),94.2,16.3,5,1,0,28.0,Low,Active,,0,0
5394,8,2026-09-01,175350.0,1.002,0.95-1.05 (Target),95.6,35.19284094969345,4,0,0,58.2,Moderate,Voluntary Resignation,Career Advancement & Role Velocity,1,1
5395,44,2026-09-01,92530.0,0.974,0.95-1.05 (Target),79.6,3.7,5,0,1,13.0,Low,Active,,0,0
5396,16,2026-09-01,127710.0,0.946,0.85-0.95 (Below Median),86.4,10.2,2,0,0,21.3,Low,Active,,0,0
5397,84,2026-09-01,82270.0,0.866,0.85-0.95 (Below Median),65.5,9.2,4,0,0,21.7,Low,Active,,0,0
5398,78,2026-09-01,113670.0,0.842,<0.85 (Critical Underpay),101.9,37.96018225415982,3,0,0,64.7,Elevated,Active,,0,0
5399,15,2026-09-01,70850.0,1.09,>1.05 (Premium),81.5,27.6,3,0,0,39.3,Moderate,Active,,0,0
5400,41,2026-09-01,57265.0,0.881,0.85-0.95 (Below Median),89.3,22.5,4,0,0,53.4,Moderate,Active,,0,0
5401,62,2026-09-01,105975.0,0.785,<0.85 (Critical Underpay),94.9,8.2,3,1,0,22.1,Low,Active,,0,0
5402,71,2026-09-01,65845.0,1.013,0.95-1.05 (Target),85.2,5.3,3,0,0,22.1,Low,Active,,0,0
5403,1,2026-09-01,64545.0,0.993,0.95-1.05 (Target),66.8,11.4,3,0,0,21.8,Low,Voluntary Resignation,Personal / Relocation,0,1
5404,80,2026-09-01,90535.0,0.953,0.95-1.05 (Target),94.4,7.5,3,0,1,17.9,Low,Active,,0,0
5405,84,2026-09-01,181825.0,1.039,0.95-1.05 (Target),95.5,21.639839871946705,4,0,0,33.2,Low,Active,,0,0
5406,63,2026-09-01,140535.0,1.041,0.95-1.05 (Target),95.4,42.22488091419438,4,0,1,57.8,Moderate,Active,,0,0
5407,15,2026-09-01,111530.0,1.174,>1.05 (Premium),94.2,12.0,3,0,0,18.9,Low,Active,,0,0
5408,80,2026-09-01,162135.0,1.201,>1.05 (Premium),80.7,0.4,1,0,0,5.0,Low,Active,,0,0
5409,8,2026-09-01,63960.0,0.984,0.95-1.05 (Target),92.8,5.2,3,0,0,14.6,Low,Active,,0,0
5410,1,2026-09-01,55055.0,0.847,<0.85 (Critical Underpay),97.8,19.12947456275622,3,0,1,34.0,Low,Voluntary Resignation,Competitive Compensation Offer,0,1
5411,17,2026-09-01,148770.0,1.102,>1.05 (Premium),94.3,1.0,3,0,0,7.2,Low,Active,,0,0
5412,74,2026-09-01,159250.0,0.91,0.85-0.95 (Below Median),89.8,18.7,2,0,0,40.2,Moderate,Active,,0,0
5413,31,2026-09-01,147150.0,1.09,>1.05 (Premium),104.7,48.382980008858695,2,1,0,80.3,Critical Exhaustion,Active,,0,0
5414,82,2026-09-01,86545.0,0.911,0.85-0.95 (Below Median),86.4,4.9,4,0,0,15.7,Low,Active,,0,0
5415,78,2026-09-01,79420.0,0.836,<0.85 (Critical Underpay),89.6,5.9,3,1,1,10.4,Low,Active,,0,0
5416,51,2026-09-01,100130.0,1.054,>1.05 (Premium),86.0,25.5,3,1,0,37.5,Moderate,Active,,0,0
5417,52,2026-09-01,138375.0,1.025,0.95-1.05 (Target),77.9,23.7,4,0,0,51.9,Moderate,Voluntary Resignation,Personal / Relocation,1,1
5418,60,2026-09-01,107635.0,1.133,>1.05 (Premium),106.6,29.23226882448526,3,0,0,40.4,Moderate,Active,,0,0
5419,6,2026-09-01,121500.0,0.9,0.85-0.95 (Below Median),76.9,5.2,5,0,0,24.2,Low,Active,,0,0
5420,26,2026-09-01,121770.0,0.902,0.85-0.95 (Below Median),81.7,42.2,3,0,0,76.6,Elevated,Voluntary Resignation,Work-Life Balance & Fatigue,1,1
5421,61,2026-09-01,98990.0,1.042,0.95-1.05 (Target),96.5,35.64721441715252,3,0,0,49.9,Moderate,Voluntary Resignation,Personal / Relocation,0,1
5422,38,2026-09-01,126630.0,0.938,0.85-0.95 (Below Median),83.2,30.5,3,0,1,53.8,Moderate,Voluntary Resignation,Personal / Relocation,1,1
5423,43,2026-09-01,74945.0,1.153,>1.05 (Premium),108.5,25.9919628736385,1,0,0,36.1,Moderate,Active,,0,0
5424,68,2026-09-01,92340.0,0.972,0.95-1.05 (Target),86.7,7.1,4,0,0,25.1,Low,Voluntary Resignation,Personal / Relocation,1,1
5425,17,2026-09-01,250120.0,0.962,0.95-1.05 (Target),86.6,15.5,4,1,1,35.4,Moderate,Active,,0,0
5426,73,2026-09-01,60710.0,0.934,0.85-0.95 (Below Median),82.1,25.1,3,0,0,39.4,Moderate,Active,,0,0
5427,7,2026-09-01,159250.0,0.91,0.85-0.95 (Below Median),81.3,1.9,3,1,0,12.1,Low,Active,,0,0
5428,14,2026-09-01,67015.0,1.031,0.95-1.05 (Target),88.7,12.9,3,1,1,22.9,Low,Active,,0,0
5429,75,2026-09-01,70070.0,1.078,>1.05 (Premium),108.4,26.83383747360546,4,0,0,46.6,Moderate,Voluntary Resignation,Personal / Relocation,1,1
5430,63,2026-09-01,94050.0,0.99,0.95-1.05 (Target),81.4,9.5,2,0,0,19.6,Low,Voluntary Resignation,Personal / Relocation,0,1
5431,31,2026-09-01,232180.0,0.893,0.85-0.95 (Below Median),92.8,25.2,3,0,1,48.4,Moderate,Active,,0,0
5432,82,2026-09-01,87875.0,0.925,0.85-0.95 (Below Median),83.4,6.0,4,0,0,16.7,Low,Active,,0,0
5433,3,2026-09-01,65650.0,1.01,0.95-1.05 (Target),86.3,22.7,3,0,1,43.0,Moderate,Active,,0,0
5434,8,2026-09-01,51805.0,0.797,<0.85 (Critical Underpay),90.9,2.4,3,1,1,6.9,Low,Voluntary Resignation,Competitive Compensation Offer,0,1
5435,28,2026-09-01,81225.0,0.855,0.85-0.95 (Below Median),89.8,6.3,2,0,0,26.5,Low,Active,,0,0
5436,82,2026-09-01,143325.0,0.819,<0.85 (Critical Underpay),90.9,5.7,3,0,0,18.5,Low,Active,,0,0
5437,43,2026-09-01,89585.0,0.943,0.85-0.95 (Below Median),85.3,27.3,4,0,0,41.9,Moderate,Active,,0,0
5438,13,2026-09-01,82840.0,0.872,0.85-0.95 (Below Median),82.0,10.9,5,0,0,23.6,Low,Active,,0,0
5439,50,2026-09-01,137025.0,1.015,0.95-1.05 (Target),73.5,8.1,5,0,1,17.4,Low,Active,,0,0
5440,56,2026-09-01,67990.0,1.046,0.95-1.05 (Target),80.9,7.2,3,0,0,15.7,Low,Active,,0,0
5441,52,2026-09-01,95855.0,1.009,0.95-1.05 (Target),75.0,13.2,2,0,0,23.7,Low,Active,,0,0
5442,66,2026-09-01,100985.0,1.063,>1.05 (Premium),93.2,3.0,4,0,0,10.3,Low,Active,,0,0
5443,25,2026-09-01,169680.0,0.808,<0.85 (Critical Underpay),88.1,7.0,3,0,0,28.2,Low,Active,,0,0
5444,48,2026-09-01,91865.0,0.967,0.95-1.05 (Target),77.9,2.9,3,0,0,12.1,Low,Active,,0,0
5445,5,2026-09-01,100795.0,1.061,>1.05 (Premium),84.4,38.5,3,0,1,53.0,Moderate,Active,,0,0
5446,61,2026-09-01,62855.0,0.967,0.95-1.05 (Target),89.3,3.8,3,0,0,13.2,Low,Active,,0,0
5447,27,2026-09-01,81985.0,0.863,0.85-0.95 (Below Median),83.1,3.4,5,0,0,22.8,Low,Active,,0,0
5448,39,2026-09-01,121635.0,0.901,0.85-0.95 (Below Median),99.4,36.48419789496596,3,0,0,53.8,Moderate,Voluntary Resignation,Personal / Relocation,1,1
5449,11,2026-09-01,222180.0,1.058,>1.05 (Premium),86.9,3.4,2,0,0,10.9,Low,Active,,0,0
5450,23,2026-09-01,190575.0,1.089,>1.05 (Premium),95.2,65.0,3,0,0,92.2,Critical Exhaustion,Voluntary Resignation,Work-Life Balance & Fatigue,1,1
5451,4,2026-09-01,81510.0,0.858,0.85-0.95 (Below Median),80.8,15.1,4,0,0,29.0,Low,Active,,0,0
5452,59,2026-09-01,75145.0,0.791,<0.85 (Critical Underpay),86.7,1.2,3,0,1,13.6,Low,Active,,0,0
5453,51,2026-09-01,63960.0,0.984,0.95-1.05 (Target),87.9,22.6,3,0,0,43.4,Moderate,Voluntary Resignation,Personal / Relocation,0,1
5454,44,2026-09-01,58630.0,0.902,0.85-0.95 (Below Median),74.9,3.2,3,0,0,5.8,Low,Active,,0,0
5455,11,2026-09-01,91770.0,0.966,0.95-1.05 (Target),87.9,9.8,3,1,0,20.4,Low,Active,,0,0
5456,40,2026-09-01,73320.0,1.128,>1.05 (Premium),85.1,18.1,3,0,0,27.2,Low,Voluntary Resignation,Personal / Relocation,0,1
5457,12,2026-09-01,68575.0,1.055,>1.05 (Premium),96.1,40.24060971693376,3,1,0,63.2,Elevated,Active,,0,0
5458,71,2026-09-01,72410.0,1.114,>1.05 (Premium),92.2,20.7,3,0,1,38.6,Moderate,Active,,0,0
5459,72,2026-09-01,77900.0,0.82,<0.85 (Critical Underpay),76.8,9.9,4,0,1,23.5,Low,Active,,0,0
5460,78,2026-09-01,65130.0,1.002,0.95-1.05 (Target),85.6,11.0,3,0,0,21.2,Low,Active,,0,0
5461,73,2026-09-01,83790.0,0.882,0.85-0.95 (Below Median),81.0,36.5,3,0,1,62.2,Elevated,Voluntary Resignation,Competitive Compensation Offer,0,1
5462,24,2026-09-01,65130.0,1.002,0.95-1.05 (Target),89.2,7.0,4,0,0,16.4,Low,Active,,0,0
5463,63,2026-09-01,173250.0,0.825,<0.85 (Critical Underpay),113.4,22.7015233246286,2,0,0,38.7,Moderate,Active,,0,0
5464,17,2026-09-01,62660.0,0.964,0.95-1.05 (Target),79.5,8.2,4,0,0,18.6,Low,Active,,0,0
5465,10,2026-09-01,98705.0,1.039,0.95-1.05 (Target),96.5,27.83169525958748,4,0,1,48.6,Moderate,Active,,0,0
5466,59,2026-09-01,67795.0,1.043,0.95-1.05 (Target),88.8,19.9,1,1,0,39.0,Moderate,Active,,0,0
5467,38,2026-09-01,102030.0,1.074,>1.05 (Premium),83.1,45.2,4,1,1,68.8,Elevated,Active,,0,0
5468,17,2026-09-01,51415.0,0.791,<0.85 (Critical Underpay),80.2,10.1,4,0,0,32.3,Low,Active,,0,0
5469,59,2026-09-01,102600.0,1.08,>1.05 (Premium),92.8,13.8,3,0,0,15.0,Low,Active,,0,0
5470,11,2026-09-01,64285.0,0.989,0.95-1.05 (Target),89.3,9.2,3,0,0,27.3,Low,Active,,0,0
5471,50,2026-09-01,66495.0,1.023,0.95-1.05 (Target),89.1,3.0,2,0,1,11.1,Low,Active,,0,0
5472,36,2026-09-01,100225.0,1.055,>1.05 (Premium),87.2,0.2,4,0,1,5.0,Low,Active,,0,0
5473,80,2026-09-01,80655.0,0.849,<0.85 (Critical Underpay),88.2,0.7,4,0,0,19.9,Low,Active,,0,0
5474,13,2026-09-01,95095.0,1.001,0.95-1.05 (Target),89.2,12.4,3,0,0,22.9,Low,Voluntary Resignation,Personal / Relocation,0,1
5475,82,2026-09-01,68510.0,1.054,>1.05 (Premium),94.1,27.6,4,0,0,40.0,Moderate,Active,,0,0
5476,45,2026-09-01,64935.0,0.999,0.95-1.05 (Target),83.2,1.4,3,1,1,9.7,Low,Active,,0,0
5477,2,2026-09-01,92910.0,0.978,0.95-1.05 (Target),88.4,22.6,2,0,1,43.6,Moderate,Voluntary Resignation,Personal / Relocation,0,1
5478,56,2026-09-01,132435.0,0.981,0.95-1.05 (Target),89.7,15.9,2,1,0,27.5,Low,Active,,0,0
5479,33,2026-09-01,184800.0,0.88,0.85-0.95 (Below Median),83.5,11.6,4,0,0,24.3,Low,Active,,0,0
5480,52,2026-09-01,143235.0,1.061,>1.05 (Premium),80.2,20.0,2,0,1,30.8,Low,Active,,0,0
5481,21,2026-09-01,99940.0,1.052,>1.05 (Premium),88.1,8.7,4,0,0,17.4,Low,Voluntary Resignation,Personal / Relocation,1,1
5482,7,2026-09-01,142425.0,1.055,>1.05 (Premium),86.9,7.2,3,0,0,15.5,Low,Active,,0,0
5483,45,2026-09-01,64480.0,0.992,0.95-1.05 (Target),84.6,20.5,2,0,0,40.8,Moderate,Active,,0,0
5484,43,2026-09-01,85025.0,0.895,0.85-0.95 (Below Median),80.3,29.7,3,0,0,45.7,Moderate,Active,,0,0
5485,44,2026-09-01,159250.0,0.91,0.85-0.95 (Below Median),75.9,7.9,2,0,1,19.3,Low,Voluntary Resignation,Personal / Relocation,1,1
5486,20,2026-09-01,154350.0,0.882,0.85-0.95 (Below Median),86.3,2.2,3,0,1,13.0,Low,Active,,0,0
5487,5,2026-09-01,133245.0,0.987,0.95-1.05 (Target),93.8,22.7,3,0,0,43.5,Moderate,Active,,0,0
5488,48,2026-09-01,115020.0,0.852,0.85-0.95 (Below Median),89.6,0.3,3,0,0,11.3,Low,Voluntary Resignation,Competitive Compensation Offer,1,1
5489,43,2026-09-01,85690.0,0.902,0.85-0.95 (Below Median),92.7,25.6,2,0,1,40.7,Moderate,Active,,0,0
5490,52,2026-09-01,64545.0,0.993,0.95-1.05 (Target),88.8,9.3,4,0,0,27.3,Low,Active,,0,0
5491,33,2026-09-01,111055.0,1.169,>1.05 (Premium),107.8,45.267230122573565,3,1,0,66.9,Elevated,Voluntary Resignation,Work-Life Balance & Fatigue,0,1
5492,75,2026-09-01,86925.0,0.915,0.85-0.95 (Below Median),94.2,18.9,3,1,0,32.4,Low,Active,,0,0
5493,47,2026-09-01,56680.0,0.872,0.85-0.95 (Below Median),99.0,27.46468213961756,4,0,0,43.5,Moderate,Active,,0,0
5494,62,2026-09-01,98325.0,1.035,0.95-1.05 (Target),81.4,14.1,3,0,0,16.2,Low,Active,,0,0
5495,49,2026-09-01,76570.0,0.806,<0.85 (Critical Underpay),91.0,40.3,2,1,0,76.2,Elevated,Voluntary Resignation,Competitive Compensation Offer,0,1
5496,28,2026-09-01,166950.0,0.954,0.95-1.05 (Target),97.1,35.64676380882888,5,0,0,67.7,Elevated,Active,,0,0
5497,56,2026-09-01,96045.0,1.011,0.95-1.05 (Target),97.3,44.33412282187729,4,0,0,69.0,Elevated,Voluntary Resignation,Work-Life Balance & Fatigue,1,1
5498,72,2026-09-01,189000.0,1.08,>1.05 (Premium),78.5,19.1,3,0,0,29.3,Low,Active,,0,0
5499,24,2026-09-01,78945.0,0.831,<0.85 (Critical Underpay),86.7,40.0,3,0,1,67.4,Elevated,Voluntary Resignation,Competitive Compensation Offer,0,1
5500,60,2026-09-01,113535.0,0.841,<0.85 (Critical Underpay),94.9,1.2,2,0,0,12.6,Low,Active,,0,0
5501,30,2026-09-01,76570.0,0.806,<0.85 (Critical Underpay),91.7,7.6,3,0,0,21.0,Low,Active,,0,0
5502,55,2026-09-01,84075.0,0.885,0.85-0.95 (Below Median),66.7,7.6,3,1,0,11.4,Low,Active,,0,0
5503,66,2026-09-01,86450.0,0.91,0.85-0.95 (Below Median),86.7,9.9,5,0,0,21.7,Low,Active,,0,0
5504,26,2026-09-01,90725.0,0.955,0.95-1.05 (Target),75.1,1.6,4,1,1,10.8,Low,Active,,0,0
5505,21,2026-09-01,88825.0,0.935,0.85-0.95 (Below Median),94.8,36.6,3,0,0,61.2,Elevated,Voluntary Resignation,Personal / Relocation,0,1
5506,46,2026-09-01,98230.0,1.034,0.95-1.05 (Target),81.3,4.0,3,1,0,12.1,Low,Active,,0,0
5507,62,2026-09-01,81035.0,0.853,0.85-0.95 (Below Median),85.2,21.1,3,0,1,36.3,Moderate,Voluntary Resignation,Competitive Compensation Offer,0,1
5508,42,2026-09-01,193025.0,1.103,>1.05 (Premium),102.3,29.841272829712416,4,0,1,49.7,Moderate,Voluntary Resignation,Personal / Relocation,1,1
5509,70,2026-09-01,63570.0,0.978,0.95-1.05 (Target),82.2,1.6,4,1,0,10.4,Low,Voluntary Resignation,Personal / Relocation,1,1
5510,17,2026-09-01,66170.0,1.018,0.95-1.05 (Target),88.5,45.1,4,0,0,69.8,Elevated,Active,,0,0
5511,37,2026-09-01,84930.0,0.894,0.85-0.95 (Below Median),89.2,12.2,4,0,0,24.8,Low,Voluntary Resignation,Competitive Compensation Offer,1,1
5512,39,2026-09-01,131625.0,0.975,0.95-1.05 (Target),89.0,0.8,3,0,0,5.0,Low,Active,,0,0
5513,29,2026-09-01,60645.0,0.933,0.85-0.95 (Below Median),96.9,53.04018672840246,3,0,0,81.0,Critical Exhaustion,Voluntary Resignation,Work-Life Balance & Fatigue,0,1
5514,39,2026-09-01,96140.0,1.012,0.95-1.05 (Target),101.9,65.0,2,0,1,100.0,Critical Exhaustion,Voluntary Resignation,Work-Life Balance & Fatigue,0,1
5515,26,2026-09-01,85310.0,0.898,0.85-0.95 (Below Median),76.5,37.1,3,1,0,54.6,Moderate,Active,,0,0
5516,39,2026-09-01,126000.0,0.72,<0.85 (Critical Underpay),83.1,4.6,3,0,0,27.1,Low,Active,,0,0
5517,23,2026-09-01,68965.0,1.061,>1.05 (Premium),75.2,14.9,3,0,0,24.7,Low,Active,,0,0
5518,59,2026-09-01,60905.0,0.937,0.85-0.95 (Below Median),94.7,31.1,4,0,1,54.6,Moderate,Voluntary Resignation,Personal / Relocation,1,1
5519,83,2026-09-01,84835.0,0.893,0.85-0.95 (Below Median),98.9,26.79299843007149,5,0,1,50.3,Moderate,Voluntary Resignation,Competitive Compensation Offer,1,1
5520,79,2026-09-01,72345.0,1.113,>1.05 (Premium),90.2,13.2,3,0,0,29.6,Low,Active,,0,0
5521,70,2026-09-01,126495.0,0.937,0.85-0.95 (Below Median),84.7,8.1,3,1,0,19.0,Low,Active,,0,0
5522,38,2026-09-01,217140.0,1.034,0.95-1.05 (Target),89.4,45.9,2,1,0,70.4,Elevated,Active,,0,0
5523,21,2026-09-01,166600.0,0.952,0.95-1.05 (Target),79.9,6.4,3,0,0,16.6,Low,Voluntary Resignation,Personal / Relocation,1,1
5524,58,2026-09-01,218190.0,1.039,0.95-1.05 (Target),83.3,9.6,2,1,0,18.7,Low,Active,,0,0
5525,78,2026-09-01,139320.0,1.032,0.95-1.05 (Target),82.3,8.6,3,0,0,25.7,Low,Active,,0,0
5526,56,2026-09-01,89585.0,0.943,0.85-0.95 (Below Median),81.9,6.1,3,0,0,16.5,Low,Voluntary Resignation,Personal / Relocation,0,1
5527,54,2026-09-01,221340.0,1.054,>1.05 (Premium),86.9,14.1,3,0,0,23.8,Low,Active,,0,0
5528,16,2026-09-01,61620.0,0.948,0.85-0.95 (Below Median),93.8,14.5,4,0,0,26.4,Low,Active,,0,0
5529,81,2026-09-01,208530.0,0.993,0.95-1.05 (Target),79.1,1.6,2,1,0,18.1,Low,Active,,0,0
5530,64,2026-09-01,57525.0,0.885,0.85-0.95 (Below Median),89.1,24.1,3,0,0,39.2,Moderate,Active,,0,0
5531,46,2026-09-01,90250.0,0.95,0.85-0.95 (Below Median),77.3,12.2,5,0,1,23.6,Low,Voluntary Resignation,Personal / Relocation,1,1
5532,8,2026-09-01,115830.0,0.858,0.85-0.95 (Below Median),68.7,2.6,3,1,0,22.0,Low,Active,,0,0
5533,50,2026-09-01,146070.0,1.082,>1.05 (Premium),75.6,2.1,4,0,1,16.9,Low,Voluntary Resignation,Personal / Relocation,1,1
5534,32,2026-09-01,105570.0,0.782,<0.85 (Critical Underpay),88.8,12.0,4,0,0,26.8,Low,Voluntary Resignation,Competitive Compensation Offer,1,1
5535,73,2026-09-01,114285.0,1.203,>1.05 (Premium),101.3,38.67048549431888,3,0,1,58.3,Moderate,Active,,0,0
5536,84,2026-09-01,63635.0,0.979,0.95-1.05 (Target),81.1,60.0,3,0,0,88.4,Critical Exhaustion,Voluntary Resignation,Work-Life Balance & Fatigue,0,1
5537,60,2026-09-01,85690.0,0.902,0.85-0.95 (Below Median),84.0,12.1,3,0,1,24.5,Low,Active,,0,0
5538,20,2026-09-01,195825.0,1.119,>1.05 (Premium),88.2,7.1,3,0,0,14.1,Low,Active,,0,0
5539,9,2026-09-01,132975.0,0.985,0.95-1.05 (Target),75.9,1.3,4,0,0,9.9,Low,Active,,0,0
5540,31,2026-09-01,67990.0,1.046,0.95-1.05 (Target),96.6,65.0,2,0,0,93.1,Critical Exhaustion,Voluntary Resignation,Work-Life Balance & Fatigue,0,1
5541,73,2026-09-01,82080.0,0.864,0.85-0.95 (Below Median),86.5,32.5,5,0,0,49.7,Moderate,Voluntary Resignation,Competitive Compensation Offer,1,1
5542,11,2026-09-01,121095.0,0.897,0.85-0.95 (Below Median),71.4,47.7,2,0,0,75.3,Elevated,Active,,0,0
5543,20,2026-09-01,96615.0,1.017,0.95-1.05 (Target),89.6,10.4,4,0,0,28.1,Low,Active,,0,0
5544,83,2026-09-01,96995.0,1.021,0.95-1.05 (Target),92.4,20.0,3,0,0,31.6,Low,Active,,0,0
5545,10,2026-09-01,98325.0,1.035,0.95-1.05 (Target),82.5,4.9,2,0,0,13.2,Low,Active,,0,0
5546,22,2026-09-01,65065.0,1.001,0.95-1.05 (Target),79.6,22.4,3,0,0,42.9,Moderate,Active,,0,0
5547,42,2026-09-01,64480.0,0.992,0.95-1.05 (Target),89.4,4.0,3,0,0,21.0,Low,Active,,0,0
5548,29,2026-09-01,96710.0,1.018,0.95-1.05 (Target),95.1,43.20245529812304,2,0,0,67.5,Elevated,Active,,0,0
5549,48,2026-09-01,54600.0,0.84,<0.85 (Critical Underpay),77.2,2.8,4,0,0,6.6,Low,Active,,0,0
5550,38,2026-09-01,141480.0,1.048,0.95-1.05 (Target),85.7,8.0,4,0,0,16.6,Low,Active,,0,0
5551,12,2026-09-01,91580.0,0.964,0.95-1.05 (Target),84.3,13.3,4,0,0,24.7,Low,Active,,0,0
5552,32,2026-09-01,56095.0,0.863,0.85-0.95 (Below Median),80.3,9.3,5,1,0,13.9,Low,Voluntary Resignation,Competitive Compensation Offer,1,1
5553,31,2026-09-01,63375.0,0.975,0.95-1.05 (Target),97.7,38.12497143317678,3,1,1,62.2,Elevated,Voluntary Resignation,Personal / Relocation,0,1
5554,6,2026-09-01,67145.0,1.033,0.95-1.05 (Target),83.9,3.9,3,1,0,12.0,Low,Active,,0,0
5555,58,2026-09-01,77140.0,0.812,<0.85 (Critical Underpay),85.4,1.5,4,0,0,13.6,Low,Voluntary Resignation,Competitive Compensation Offer,1,1
5556,80,2026-09-01,141210.0,1.046,0.95-1.05 (Target),85.4,1.2,2,0,0,8.5,Low,Active,,0,0
5557,36,2026-09-01,94810.0,0.998,0.95-1.05 (Target),86.0,18.6,4,0,0,38.4,Moderate,Active,,0,0
5558,65,2026-09-01,67275.0,1.035,0.95-1.05 (Target),88.1,16.6,4,1,0,27.2,Low,Active,,0,0
5559,19,2026-09-01,61555.0,0.947,0.85-0.95 (Below Median),91.8,0.9,5,1,0,10.1,Low,Active,,0,0
5560,35,2026-09-01,74195.0,0.781,<0.85 (Critical Underpay),70.6,12.2,3,1,0,27.0,Low,Active,,0,0
5561,7,2026-09-01,76665.0,0.807,<0.85 (Critical Underpay),90.4,19.2,3,0,0,34.9,Low,Active,,0,0
5562,42,2026-09-01,51350.0,0.79,<0.85 (Critical Underpay),102.0,44.91610535122868,4,1,0,82.1,Critical Exhaustion,Voluntary Resignation,Competitive Compensation Offer,1,1
5563,34,2026-09-01,64155.0,0.987,0.95-1.05 (Target),84.7,3.3,3,1,0,12.2,Low,Voluntary Resignation,Personal / Relocation,0,1
5564,57,2026-09-01,58825.0,0.905,0.85-0.95 (Below Median),88.4,8.2,2,0,0,19.7,Low,Active,,0,0
5565,33,2026-09-01,57655.0,0.887,0.85-0.95 (Below Median),81.1,47.7,3,0,1,67.5,Elevated,Voluntary Resignation,Competitive Compensation Offer,0,1
5566,82,2026-09-01,53170.0,0.818,<0.85 (Critical Underpay),92.5,10.6,3,0,0,32.4,Low,Active,,0,0
5567,69,2026-09-01,92530.0,0.974,0.95-1.05 (Target),93.3,7.5,5,0,0,17.5,Low,Active,,0,0
5568,73,2026-09-01,125820.0,0.932,0.85-0.95 (Below Median),80.7,3.5,5,0,0,21.6,Low,Active,,0,0
5569,48,2026-09-01,192500.0,1.1,>1.05 (Premium),80.2,8.7,3,0,0,16.4,Low,Active,,0,0
5570,11,2026-09-01,99560.0,1.048,0.95-1.05 (Target),87.9,13.1,2,0,1,22.8,Low,Active,,0,0
5571,75,2026-09-01,75810.0,0.798,<0.85 (Critical Underpay),97.1,62.0001226312896,3,1,1,94.4,Critical Exhaustion,Voluntary Resignation,Competitive Compensation Offer,0,1
5572,6,2026-09-01,175525.0,1.003,0.95-1.05 (Target),96.2,34.7925414821593,3,0,1,49.7,Moderate,Active,,0,0
5573,42,2026-09-01,64025.0,0.985,0.95-1.05 (Target),91.0,25.8,3,0,1,39.3,Moderate,Voluntary Resignation,Career Advancement & Role Velocity,0,1
5574,80,2026-09-01,150675.0,0.861,0.85-0.95 (Below Median),84.9,2.7,3,1,0,14.0,Low,Voluntary Resignation,Competitive Compensation Offer,1,1
5575,37,2026-09-01,196770.0,0.937,0.85-0.95 (Below Median),84.0,2.3,3,1,1,12.0,Low,Voluntary Resignation,Personal / Relocation,1,1
5576,72,2026-09-01,145530.0,1.078,>1.05 (Premium),93.2,0.1,2,0,0,5.0,Low,Active,,0,0
5577,18,2026-09-01,97185.0,1.023,0.95-1.05 (Target),85.1,16.6,5,0,1,27.5,Low,Active,,0,0
5578,70,2026-09-01,130950.0,0.97,0.95-1.05 (Target),98.5,43.56402367910437,3,0,1,68.9,Elevated,Voluntary Resignation,Work-Life Balance & Fatigue,1,1
5579,71,2026-09-01,90250.0,0.95,0.85-0.95 (Below Median),108.7,47.140314348331344,2,0,1,73.6,Elevated,Voluntary Resignation,Work-Life Balance & Fatigue,0,1
5580,2,2026-09-01,86260.0,0.908,0.85-0.95 (Below Median),79.8,14.5,3,0,0,35.2,Moderate,Active,,0,0
5581,72,2026-09-01,67795.0,1.043,0.95-1.05 (Target),85.2,10.6,2,1,0,19.9,Low,Active,,0,0
5582,63,2026-09-01,169470.0,0.807,<0.85 (Critical Underpay),95.0,8.2,3,1,1,21.7,Low,Voluntary Resignation,Competitive Compensation Offer,1,1
5583,31,2026-09-01,103550.0,1.09,>1.05 (Premium),92.5,10.0,3,1,0,18.2,Low,Active,,0,0
5584,54,2026-09-01,79040.0,0.832,<0.85 (Critical Underpay),80.7,4.2,3,0,1,16.4,Low,Active,,0,0
5585,23,2026-09-01,68510.0,1.054,>1.05 (Premium),84.4,34.2,3,0,0,56.0,Moderate,Voluntary Resignation,Personal / Relocation,0,1
5586,21,2026-09-01,98515.0,1.037,0.95-1.05 (Target),91.6,16.1,1,0,0,26.6,Low,Active,,0,0
5587,27,2026-09-01,66625.0,1.025,0.95-1.05 (Target),74.2,20.9,4,1,1,32.6,Low,Voluntary Resignation,Personal / Relocation,1,1
5588,3,2026-09-01,155385.0,1.151,>1.05 (Premium),82.3,24.8,3,0,0,34.7,Low,Active,,0,0
5589,6,2026-09-01,98230.0,1.034,0.95-1.05 (Target),75.7,5.5,2,1,0,13.9,Low,Active,,0,0
5590,34,2026-09-01,96995.0,1.021,0.95-1.05 (Target),98.3,17.62079704735438,2,0,0,28.7,Low,Voluntary Resignation,Personal / Relocation,0,1
5591,14,2026-09-01,122040.0,0.904,0.85-0.95 (Below Median),75.8,6.4,4,0,0,25.6,Low,Active,,0,0
5592,11,2026-09-01,101935.0,1.073,>1.05 (Premium),89.5,35.3,3,1,1,56.9,Moderate,Active,,0,0
5593,83,2026-09-01,52390.0,0.806,<0.85 (Critical Underpay),83.1,3.6,3,0,0,8.2,Low,Active,,0,0
5594,18,2026-09-01,61035.0,0.939,0.85-0.95 (Below Median),78.9,14.7,3,0,0,26.9,Low,Active,,0,0
5595,45,2026-09-01,92815.0,0.977,0.95-1.05 (Target),86.4,15.6,4,0,0,27.2,Low,Active,,0,0
5596,76,2026-09-01,101080.0,1.064,>1.05 (Premium),89.9,10.0,4,0,1,26.7,Low,Active,,0,0
5597,66,2026-09-01,258440.0,0.994,0.95-1.05 (Target),83.9,2.4,4,0,0,11.0,Low,Active,,0,0
5598,66,2026-09-01,64350.0,0.99,0.95-1.05 (Target),101.3,33.37255751933718,3,1,0,64.2,Elevated,Active,,0,0
5599,59,2026-09-01,83220.0,0.876,0.85-0.95 (Below Median),86.2,26.6,3,1,0,50.4,Moderate,Voluntary Resignation,Competitive Compensation Offer,0,1
5600,59,2026-09-01,93575.0,0.985,0.95-1.05 (Target),81.4,9.2,3,0,0,19.3,Low,Active,,0,0
5601,32,2026-09-01,134325.0,0.995,0.95-1.05 (Target),87.8,2.0,3,1,1,5.0,Low,Active,,0,0
5602,6,2026-09-01,125145.0,0.927,0.85-0.95 (Below Median),77.6,14.4,3,0,1,26.7,Low,Active,,0,0
5603,59,2026-09-01,84360.0,0.888,0.85-0.95 (Below Median),78.1,65.0,3,0,0,100.0,Critical Exhaustion,Voluntary Resignation,Competitive Compensation Offer,0,1
5604,46,2026-09-01,65065.0,1.001,0.95-1.05 (Target),79.6,3.3,1,0,1,11.9,Low,Active,,0,0
5605,16,2026-09-01,144855.0,1.073,>1.05 (Premium),92.3,7.1,3,0,0,15.1,Low,Active,,0,0
5606,41,2026-09-01,134190.0,0.994,0.95-1.05 (Target),81.7,12.4,3,0,1,23.0,Low,Voluntary Resignation,Personal / Relocation,1,1
5607,20,2026-09-01,78280.0,0.824,<0.85 (Critical Underpay),89.6,6.6,3,0,0,27.4,Low,Active,,0,0
5608,27,2026-09-01,158200.0,0.904,0.85-0.95 (Below Median),75.9,22.4,3,0,1,36.8,Moderate,Active,,0,0
5609,57,2026-09-01,56160.0,0.864,0.85-0.95 (Below Median),94.3,0.8,4,0,1,11.7,Low,Active,,0,0
5610,45,2026-09-01,96330.0,1.014,0.95-1.05 (Target),92.9,8.8,1,1,0,26.3,Low,Active,,0,0
5611,17,2026-09-01,93480.0,0.984,0.95-1.05 (Target),78.0,3.2,5,0,0,5.0,Low,Active,,0,0
5612,8,2026-09-01,180600.0,1.032,0.95-1.05 (Target),93.6,22.5,2,0,0,34.4,Low,Active,,0,0
5613,70,2026-09-01,81320.0,0.856,0.85-0.95 (Below Median),100.2,28.21127526116728,3,0,0,52.7,Moderate,Active,,0,0
5614,34,2026-09-01,61815.0,0.951,0.95-1.05 (Target),74.6,6.5,3,0,1,16.8,Low,Active,,0,0
5615,40,2026-09-01,98705.0,1.039,0.95-1.05 (Target),85.7,47.9,3,0,0,72.7,Elevated,Active,,0,0
5616,68,2026-09-01,168175.0,0.961,0.95-1.05 (Target),78.2,14.6,3,1,1,18.3,Low,Active,,0,0
5617,68,2026-09-01,90535.0,0.953,0.95-1.05 (Target),86.1,7.9,4,0,1,18.4,Low,Active,,0,0
5618,61,2026-09-01,93765.0,0.987,0.95-1.05 (Target),76.3,4.3,3,0,1,5.4,Low,Active,,0,0
5619,18,2026-09-01,58110.0,0.894,0.85-0.95 (Below Median),100.4,34.644937817279384,3,0,0,59.7,Moderate,Voluntary Resignation,Competitive Compensation Offer,0,1
5620,77,2026-09-01,88825.0,0.935,0.85-0.95 (Below Median),84.2,19.7,3,0,1,32.9,Low,Active,,0,0
5621,52,2026-09-01,112860.0,0.836,<0.85 (Critical Underpay),99.0,36.30461152984756,4,0,0,70.8,Elevated,Active,,0,0
5622,50,2026-09-01,105165.0,1.107,>1.05 (Premium),76.4,23.8,3,1,0,34.4,Low,Active,,0,0
5623,29,2026-09-01,105925.0,1.115,>1.05 (Premium),87.9,4.1,3,0,0,10.6,Low,Active,,0,0
5624,17,2026-09-01,104785.0,1.103,>1.05 (Premium),96.1,46.30758891053655,4,0,1,61.5,Elevated,Voluntary Resignation,Personal / Relocation,1,1
5625,56,2026-09-01,89205.0,0.939,0.85-0.95 (Below Median),84.1,12.8,5,0,0,24.6,Low,Active,,0,0
5626,9,2026-09-01,65910.0,1.014,0.95-1.05 (Target),84.1,3.1,4,0,1,19.4,Low,Active,,0,0
5627,31,2026-09-01,93290.0,0.982,0.95-1.05 (Target),89.3,4.4,3,0,0,13.6,Low,Active,,0,0
5628,72,2026-09-01,89300.0,0.94,0.85-0.95 (Below Median),88.4,15.7,3,0,1,28.0,Low,Active,,0,0
5629,34,2026-09-01,135540.0,1.004,0.95-1.05 (Target),86.6,16.7,3,0,0,28.0,Low,Active,,0,0
5630,1,2026-09-01,74100.0,0.78,<0.85 (Critical Underpay),86.4,32.1,3,0,0,58.9,Moderate,Voluntary Resignation,Competitive Compensation Offer,0,1
5631,14,2026-09-01,83030.0,0.874,0.85-0.95 (Below Median),80.1,18.8,4,1,1,33.1,Low,Active,,0,0
5632,35,2026-09-01,153650.0,0.878,0.85-0.95 (Below Median),80.4,3.0,2,1,0,6.0,Low,Active,,0,0
5633,81,2026-09-01,56810.0,0.874,0.85-0.95 (Below Median),93.0,2.1,2,0,0,13.0,Low,Active,,0,0
5634,21,2026-09-01,146475.0,0.837,<0.85 (Critical Underpay),88.5,10.1,5,0,0,31.4,Low,Active,,0,0
5635,2,2026-09-01,64610.0,0.994,0.95-1.05 (Target),93.8,19.0,3,0,0,30.9,Low,Active,,0,0
5636,66,2026-09-01,57655.0,0.887,0.85-0.95 (Below Median),81.1,6.0,3,0,0,9.5,Low,Active,,0,0
5637,62,2026-09-01,94240.0,0.992,0.95-1.05 (Target),69.7,14.3,3,1,1,25.3,Low,Active,,0,0
5638,15,2026-09-01,98230.0,1.034,0.95-1.05 (Target),92.5,21.6,3,0,0,41.2,Moderate,Active,,0,0
5639,66,2026-09-01,91200.0,0.96,0.95-1.05 (Target),97.2,48.13714212508224,4,0,0,66.6,Elevated,Voluntary Resignation,Work-Life Balance & Fatigue,1,1
5640,8,2026-09-01,65650.0,1.01,0.95-1.05 (Target),78.5,5.1,3,0,0,13.9,Low,Active,,0,0
5641,60,2026-09-01,80560.0,0.848,<0.85 (Critical Underpay),75.0,11.0,2,0,0,32.2,Low,Voluntary Resignation,Competitive Compensation Offer,0,1
5642,29,2026-09-01,139050.0,1.03,0.95-1.05 (Target),89.8,25.9,1,0,1,38.5,Moderate,Active,,0,0
5643,23,2026-09-01,83505.0,0.879,0.85-0.95 (Below Median),85.2,3.2,3,0,0,14.3,Low,Active,,0,0
5644,2,2026-09-01,99370.0,1.046,0.95-1.05 (Target),80.7,4.6,4,0,1,12.6,Low,Active,,0,0
5645,9,2026-09-01,58890.0,0.906,0.85-0.95 (Below Median),82.8,11.9,3,0,0,24.2,Low,Active,,0,0
5646,58,2026-09-01,64935.0,0.999,0.95-1.05 (Target),86.0,50.9,3,1,0,77.1,Elevated,Active,,0,0
5647,61,2026-09-01,186025.0,1.063,>1.05 (Premium),72.2,33.8,1,0,0,63.3,Elevated,Active,,0,0
5648,68,2026-09-01,84360.0,0.888,0.85-0.95 (Below Median),97.3,25.6934656096108,3,0,0,49.1,Moderate,Active,,0,0
5649,80,2026-09-01,92625.0,0.975,0.95-1.05 (Target),86.5,2.3,4,0,0,11.3,Low,Active,,0,0
5650,60,2026-09-01,115830.0,0.858,0.85-0.95 (Below Median),84.3,33.2,3,0,0,58.7,Moderate,Voluntary Resignation,Competitive Compensation Offer,1,1
5651,43,2026-09-01,57655.0,0.887,0.85-0.95 (Below Median),65.6,18.9,4,0,0,32.9,Low,Active,,0,0
5652,22,2026-09-01,141210.0,1.046,0.95-1.05 (Target),85.7,5.1,3,0,0,13.2,Low,Active,,0,0
5653,9,2026-09-01,61750.0,0.95,0.85-0.95 (Below Median),72.0,3.0,3,0,1,5.0,Low,Active,,0,0
5654,43,2026-09-01,74765.0,0.787,<0.85 (Critical Underpay),90.1,0.0,3,1,0,12.3,Low,Active,,0,0
5655,68,2026-09-01,121770.0,0.902,0.85-0.95 (Below Median),93.6,3.9,4,1,1,22.6,Low,Active,,0,0
5656,83,2026-09-01,58955.0,0.907,0.85-0.95 (Below Median),69.9,1.8,4,0,1,12.0,Low,Active,,0,0
5657,70,2026-09-01,122715.0,0.909,0.85-0.95 (Below Median),74.6,28.0,1,0,0,51.4,Moderate,Voluntary Resignation,Personal / Relocation,1,1
5658,81,2026-09-01,270140.0,1.039,0.95-1.05 (Target),93.4,1.1,3,1,0,5.0,Low,Active,,0,0
5659,19,2026-09-01,60645.0,0.933,0.85-0.95 (Below Median),91.0,2.3,3,0,0,12.1,Low,Active,,0,0
5660,39,2026-09-01,81795.0,0.861,0.85-0.95 (Below Median),93.3,19.3,4,0,1,41.9,Moderate,Voluntary Resignation,Competitive Compensation Offer,1,1
5661,18,2026-09-01,87495.0,0.921,0.85-0.95 (Below Median),75.8,6.3,3,1,0,25.1,Low,Voluntary Resignation,Personal / Relocation,0,1
5662,70,2026-09-01,91580.0,0.964,0.95-1.05 (Target),85.8,30.2,3,1,0,45.0,Moderate,Active,,0,0
5663,67,2026-09-01,83410.0,0.878,0.85-0.95 (Below Median),88.7,6.6,3,1,0,18.4,Low,Voluntary Resignation,Competitive Compensation Offer,0,1
5664,53,2026-09-01,99370.0,1.046,0.95-1.05 (Target),72.3,1.8,3,0,0,9.2,Low,Active,,0,0
5665,26,2026-09-01,85880.0,0.904,0.85-0.95 (Below Median),93.7,39.8,3,0,0,57.7,Moderate,Active,,0,0
5666,69,2026-09-01,64155.0,0.987,0.95-1.05 (Target),88.5,26.6,4,0,0,48.2,Moderate,Active,,0,0
5667,8,2026-09-01,90630.0,0.954,0.95-1.05 (Target),70.8,0.2,4,0,0,5.0,Low,Active,,0,0
5668,12,2026-09-01,127440.0,0.944,0.85-0.95 (Below Median),93.7,14.0,2,0,0,25.9,Low,Voluntary Resignation,Career Advancement & Role Velocity,1,1
5669,60,2026-09-01,67145.0,1.033,0.95-1.05 (Target),101.2,27.59705079302772,3,0,0,40.5,Moderate,Active,,0,0
5670,83,2026-09-01,84930.0,0.894,0.85-0.95 (Below Median),101.7,32.651515087245286,4,0,0,49.3,Moderate,Active,,0,0
5671,37,2026-09-01,96805.0,1.019,0.95-1.05 (Target),84.8,25.3,3,0,0,38.0,Moderate,Voluntary Resignation,Personal / Relocation,0,1
5672,30,2026-09-01,159600.0,0.912,0.85-0.95 (Below Median),93.5,2.2,4,1,0,12.4,Low,Active,,0,0
5673,55,2026-09-01,84360.0,0.888,0.85-0.95 (Below Median),84.9,11.5,2,0,1,24.0,Low,Active,,0,0
5674,26,2026-09-01,62855.0,0.967,0.95-1.05 (Target),93.3,2.3,4,0,0,11.4,Low,Active,,0,0
5675,67,2026-09-01,151470.0,1.122,>1.05 (Premium),78.7,10.6,3,0,1,18.3,Low,Active,,0,0
5676,17,2026-09-01,89015.0,0.937,0.85-0.95 (Below Median),84.4,7.2,3,1,0,17.9,Low,Active,,0,0
5677,75,2026-09-01,66690.0,1.026,0.95-1.05 (Target),92.4,0.1,4,1,0,5.0,Low,Active,,0,0
5678,2,2026-09-01,79895.0,0.841,<0.85 (Critical Underpay),80.6,30.2,3,0,0,55.4,Moderate,Voluntary Resignation,Competitive Compensation Offer,0,1
5679,67,2026-09-01,123120.0,0.912,0.85-0.95 (Below Median),90.1,51.2,3,0,0,79.2,Elevated,Voluntary Resignation,Work-Life Balance & Fatigue,1,1
5680,69,2026-09-01,126090.0,0.934,0.85-0.95 (Below Median),85.4,12.7,3,0,0,24.6,Low,Active,,0,0
5681,23,2026-09-01,163275.0,0.933,0.85-0.95 (Below Median),77.2,2.1,3,0,1,5.0,Low,Active,,0,0
5682,25,2026-09-01,74290.0,0.782,<0.85 (Critical Underpay),104.2,28.816094940310983,4,0,0,54.9,Moderate,Active,,0,0
5683,59,2026-09-01,63180.0,0.972,0.95-1.05 (Target),86.3,5.0,3,0,0,22.6,Low,Active,,0,0
5684,9,2026-09-01,67080.0,1.032,0.95-1.05 (Target),82.7,16.0,3,0,1,26.6,Low,Active,,0,0
5685,60,2026-09-01,97470.0,1.026,0.95-1.05 (Target),85.6,0.2,4,0,1,7.7,Low,Active,,0,0
5686,16,2026-09-01,100415.0,1.057,>1.05 (Premium),85.1,4.2,2,0,0,5.0,Low,Active,,0,0
5687,64,2026-09-01,130950.0,0.97,0.95-1.05 (Target),89.7,18.8,3,0,0,39.2,Moderate,Active,,0,0
5688,2,2026-09-01,219660.0,1.046,0.95-1.05 (Target),76.7,9.0,3,0,0,17.9,Low,Active,,0,0
5689,15,2026-09-01,136215.0,1.009,0.95-1.05 (Target),82.7,19.0,3,0,1,38.6,Moderate,Active,,0,0
5690,68,2026-09-01,90155.0,0.949,0.85-0.95 (Below Median),81.8,18.8,3,0,1,39.6,Moderate,Active,,0,0
5691,13,2026-09-01,69160.0,1.064,>1.05 (Premium),82.4,21.0,3,0,0,39.9,Moderate,Active,,0,0
5692,36,2026-09-01,62010.0,0.954,0.95-1.05 (Target),90.7,18.9,4,0,0,39.6,Moderate,Active,,0,0
5693,25,2026-09-01,84550.0,0.89,0.85-0.95 (Below Median),95.7,49.33909263276698,3,0,1,77.4,Elevated,Voluntary Resignation,Competitive Compensation Offer,0,1
5694,36,2026-09-01,74860.0,0.788,<0.85 (Critical Underpay),89.3,9.5,3,0,1,23.6,Low,Active,,0,0
5695,58,2026-09-01,90630.0,0.954,0.95-1.05 (Target),89.4,1.7,3,0,0,19.0,Low,Active,,0,0
5696,83,2026-09-01,199710.0,0.951,0.95-1.05 (Target),90.5,8.5,3,0,1,19.2,Low,Active,,0,0
5697,71,2026-09-01,130005.0,0.963,0.95-1.05 (Target),89.6,2.3,2,0,0,11.5,Low,Active,,0,0
5698,3,2026-09-01,204360.0,0.786,<0.85 (Critical Underpay),87.0,17.6,3,0,0,41.4,Moderate,Active,,0,0
5699,31,2026-09-01,91010.0,0.958,0.95-1.05 (Target),88.1,1.4,3,0,0,18.5,Low,Active,,0,0
5700,16,2026-09-01,67340.0,1.036,0.95-1.05 (Target),86.3,6.2,2,1,0,14.7,Low,Active,,0,0
5701,66,2026-09-01,171150.0,0.978,0.95-1.05 (Target),85.7,13.5,4,1,0,24.6,Low,Active,,0,0
5702,52,2026-09-01,90535.0,0.953,0.95-1.05 (Target),91.9,22.5,5,0,0,35.9,Moderate,Active,,0,0
5703,23,2026-09-01,60190.0,0.926,0.85-0.95 (Below Median),88.9,36.7,3,1,0,61.5,Elevated,Voluntary Resignation,Personal / Relocation,0,1
5704,20,2026-09-01,125415.0,0.929,0.85-0.95 (Below Median),87.8,4.2,3,0,0,14.5,Low,Active,,0,0
5705,18,2026-09-01,61425.0,0.945,0.85-0.95 (Below Median),88.5,6.6,3,0,1,17.0,Low,Active,,0,0
5706,4,2026-09-01,95475.0,1.005,0.95-1.05 (Target),83.5,16.0,3,0,0,27.1,Low,Active,,0,0
5707,66,2026-09-01,58370.0,0.898,0.85-0.95 (Below Median),76.8,6.7,3,1,0,18.1,Low,Active,,0,0
5708,72,2026-09-01,64805.0,0.997,0.95-1.05 (Target),66.4,3.3,4,0,0,12.0,Low,Active,,0,0
5709,73,2026-09-01,184275.0,1.053,>1.05 (Premium),92.0,2.0,3,0,0,9.3,Low,Active,,0,0
5710,54,2026-09-01,79420.0,0.836,<0.85 (Critical Underpay),95.9,32.39146973511474,2,0,0,50.1,Moderate,Voluntary Resignation,Competitive Compensation Offer,0,1
5711,52,2026-09-01,74295.0,1.143,>1.05 (Premium),90.9,5.3,4,0,0,5.0,Low,Active,,0,0
5712,36,2026-09-01,172375.0,0.985,0.95-1.05 (Target),90.3,7.7,3,0,1,9.5,Low,Voluntary Resignation,Personal / Relocation,1,1
5713,44,2026-09-01,196560.0,0.936,0.85-0.95 (Below Median),82.9,6.0,5,0,1,16.5,Low,Active,,0,0
5714,29,2026-09-01,212625.0,1.215,>1.05 (Premium),97.5,44.54032798296991,3,1,0,65.1,Elevated,Voluntary Resignation,Work-Life Balance & Fatigue,1,1
5715,21,2026-09-01,98705.0,1.039,0.95-1.05 (Target),71.1,5.5,3,0,0,13.8,Low,Active,,0,0
5716,8,2026-09-01,61360.0,0.944,0.85-0.95 (Below Median),86.3,11.2,2,1,0,30.6,Low,Active,,0,0
5717,14,2026-09-01,194425.0,1.111,>1.05 (Premium),86.4,8.2,4,0,0,15.6,Low,Active,,0,0
5718,36,2026-09-01,98135.0,1.033,0.95-1.05 (Target),73.2,2.2,3,0,0,5.0,Low,Active,,0,0
5719,4,2026-09-01,124200.0,0.92,0.85-0.95 (Below Median),90.8,18.2,4,0,0,31.4,Low,Voluntary Resignation,Personal / Relocation,1,1
5720,60,2026-09-01,83695.0,0.881,0.85-0.95 (Below Median),96.3,55.31767295999174,3,0,0,92.8,Critical Exhaustion,Voluntary Resignation,Competitive Compensation Offer,0,1
5721,65,2026-09-01,82270.0,0.866,0.85-0.95 (Below Median),94.8,5.4,3,0,1,17.2,Low,Active,,0,0
5722,2,2026-09-01,171500.0,0.98,0.95-1.05 (Target),91.9,63.6,3,0,0,100.0,Critical Exhaustion,Voluntary Resignation,Work-Life Balance & Fatigue,1,1
5723,36,2026-09-01,72410.0,1.114,>1.05 (Premium),85.4,11.5,3,1,0,19.5,Low,Active,,0,0
5724,82,2026-09-01,203000.0,1.16,>1.05 (Premium),62.1,5.7,1,0,0,11.6,Low,Active,,0,0
5725,61,2026-09-01,140805.0,1.043,0.95-1.05 (Target),91.9,0.8,4,1,0,8.1,Low,Active,,0,0
5726,38,2026-09-01,142290.0,1.054,>1.05 (Premium),106.8,39.16794926749058,2,0,0,61.9,Elevated,Voluntary Resignation,Personal / Relocation,1,1
5727,4,2026-09-01,89965.0,0.947,0.85-0.95 (Below Median),79.8,3.5,2,0,0,13.3,Low,Active,,0,0
5728,43,2026-09-01,130950.0,0.97,0.95-1.05 (Target),90.9,10.9,4,0,0,21.7,Low,Voluntary Resignation,Career Advancement & Role Velocity,1,1
5729,3,2026-09-01,65585.0,1.009,0.95-1.05 (Target),96.1,37.91103539657129,5,0,0,69.3,Elevated,Voluntary Resignation,Work-Life Balance & Fatigue,1,1
5730,77,2026-09-01,95760.0,1.008,0.95-1.05 (Target),81.2,19.7,4,0,0,39.5,Moderate,Active,,0,0
5731,6,2026-09-01,91675.0,0.965,0.95-1.05 (Target),102.6,50.0646111197877,3,0,0,68.8,Elevated,Voluntary Resignation,Work-Life Balance & Fatigue,0,1
5732,7,2026-09-01,60255.0,0.927,0.85-0.95 (Below Median),90.4,27.4,2,0,0,50.3,Moderate,Voluntary Resignation,Personal / Relocation,0,1
5733,74,2026-09-01,132300.0,0.98,0.95-1.05 (Target),79.7,26.6,2,0,0,40.3,Moderate,Voluntary Resignation,Personal / Relocation,1,1
5734,38,2026-09-01,96140.0,1.012,0.95-1.05 (Target),89.0,2.5,3,0,0,10.8,Low,Active,,0,0
5735,63,2026-09-01,142965.0,1.059,>1.05 (Premium),83.4,0.1,3,0,1,5.0,Low,Active,,0,0
5736,7,2026-09-01,187425.0,1.071,>1.05 (Premium),72.1,19.6,5,0,0,38.1,Moderate,Voluntary Resignation,Personal / Relocation,1,1
5737,33,2026-09-01,80655.0,0.849,<0.85 (Critical Underpay),87.3,43.1,3,0,0,78.7,Elevated,Voluntary Resignation,Competitive Compensation Offer,0,1
5738,52,2026-09-01,133920.0,0.992,0.95-1.05 (Target),72.3,14.0,3,0,0,25.0,Low,Voluntary Resignation,Personal / Relocation,1,1
5739,41,2026-09-01,89015.0,0.937,0.85-0.95 (Below Median),93.8,13.2,5,0,0,33.1,Low,Active,,0,0
5740,45,2026-09-01,96235.0,1.013,0.95-1.05 (Target),74.1,15.6,3,0,0,34.5,Low,Active,,0,0
5741,36,2026-09-01,66040.0,1.016,0.95-1.05 (Target),92.8,21.9,3,0,0,34.0,Low,Voluntary Resignation,Career Advancement & Role Velocity,0,1
5742,16,2026-09-01,93955.0,0.989,0.95-1.05 (Target),99.0,47.335159944267446,5,0,0,73.0,Elevated,Active,,0,0
5743,22,2026-09-01,61880.0,0.952,0.95-1.05 (Target),95.7,23.14607294254152,3,0,0,44.7,Moderate,Voluntary Resignation,Personal / Relocation,0,1
5744,48,2026-09-01,84170.0,0.886,0.85-0.95 (Below Median),83.9,50.2,3,0,0,78.5,Elevated,Voluntary Resignation,Competitive Compensation Offer,0,1
5745,54,2026-09-01,101460.0,1.068,>1.05 (Premium),76.0,8.8,3,0,0,9.2,Low,Active,,0,0
5746,64,2026-09-01,49595.0,0.763,<0.85 (Critical Underpay),66.0,19.1,3,0,1,35.7,Moderate,Voluntary Resignation,Competitive Compensation Offer,0,1
5747,14,2026-09-01,82840.0,0.872,0.85-0.95 (Below Median),83.6,13.6,3,0,0,26.9,Low,Active,,0,0
5748,12,2026-09-01,88160.0,0.928,0.85-0.95 (Below Median),84.2,19.7,3,1,1,33.1,Low,Voluntary Resignation,Personal / Relocation,0,1
5749,41,2026-09-01,171500.0,0.98,0.95-1.05 (Target),78.3,15.0,4,0,0,26.4,Low,Active,,0,0
5750,6,2026-09-01,62205.0,0.957,0.95-1.05 (Target),83.3,45.1,4,0,1,71.0,Elevated,Active,,0,0
5751,31,2026-09-01,155400.0,0.888,0.85-0.95 (Below Median),99.9,56.63225031070704,4,0,1,94.2,Critical Exhaustion,Voluntary Resignation,Competitive Compensation Offer,1,1
5752,34,2026-09-01,67145.0,1.033,0.95-1.05 (Target),84.8,11.4,3,1,0,29.0,Low,Active,,0,0
5753,56,2026-09-01,102980.0,1.084,>1.05 (Premium),83.1,1.0,4,0,0,7.5,Low,Active,,0,0
5754,30,2026-09-01,63765.0,0.981,0.95-1.05 (Target),89.7,11.9,3,0,0,22.7,Low,Active,,0,0
5755,70,2026-09-01,66560.0,1.024,0.95-1.05 (Target),89.6,2.3,2,1,1,10.3,Low,Active,,0,0
5756,48,2026-09-01,89775.0,0.945,0.85-0.95 (Below Median),95.1,23.85238998984688,3,0,1,45.7,Moderate,Voluntary Resignation,Personal / Relocation,0,1
5757,2,2026-09-01,84455.0,0.889,0.85-0.95 (Below Median),84.6,3.1,3,0,0,13.9,Low,Active,,0,0
5758,82,2026-09-01,65000.0,1.0,0.95-1.05 (Target),87.9,2.7,4,0,0,11.2,Low,Active,,0,0
5759,1,2026-09-01,138780.0,1.028,0.95-1.05 (Target),76.2,0.2,2,1,0,7.7,Low,Active,,0,0
5760,78,2026-09-01,57590.0,0.886,0.85-0.95 (Below Median),86.0,15.7,3,1,0,29.1,Low,Voluntary Resignation,Competitive Compensation Offer,0,1
5761,9,2026-09-01,99750.0,1.05,0.95-1.05 (Target),99.4,46.869684535624245,5,1,0,79.2,Elevated,Active,,0,0
5762,65,2026-09-01,163975.0,0.937,0.85-0.95 (Below Median),84.8,13.0,4,1,0,24.9,Low,Active,,0,0
5763,26,2026-09-01,134460.0,0.996,0.95-1.05 (Target),72.7,7.6,5,1,0,17.2,Low,Active,,0,0
5764,39,2026-09-01,97945.0,1.031,0.95-1.05 (Target),89.0,2.0,3,0,1,9.8,Low,Active,,0,0
5765,30,2026-09-01,159250.0,0.91,0.85-0.95 (Below Median),91.9,12.6,3,1,0,16.9,Low,Active,,0,0
5766,76,2026-09-01,97565.0,1.027,0.95-1.05 (Target),107.4,30.09383009065789,3,0,1,43.6,Moderate,Voluntary Resignation,Personal / Relocation,0,1
5767,47,2026-09-01,84645.0,0.891,0.85-0.95 (Below Median),70.0,6.6,3,1,1,18.1,Low,Active,,0,0
5768,19,2026-09-01,126495.0,0.937,0.85-0.95 (Below Median),88.8,44.8,3,0,1,71.0,Elevated,Voluntary Resignation,Work-Life Balance & Fatigue,1,1
5769,24,2026-09-01,74385.0,0.783,<0.85 (Critical Underpay),101.3,27.149607917003475,3,0,1,44.9,Moderate,Voluntary Resignation,Competitive Compensation Offer,0,1
5770,38,2026-09-01,138375.0,1.025,0.95-1.05 (Target),83.2,0.4,2,0,1,8.0,Low,Voluntary Resignation,Personal / Relocation,1,1
5771,23,2026-09-01,96520.0,1.016,0.95-1.05 (Target),75.2,12.3,2,0,0,22.4,Low,Active,,0,0
5772,46,2026-09-01,162225.0,0.927,0.85-0.95 (Below Median),78.9,1.0,3,0,0,5.0,Low,Active,,0,0
5773,71,2026-09-01,84455.0,0.889,0.85-0.95 (Below Median),92.4,19.3,3,0,0,41.4,Moderate,Voluntary Resignation,Competitive Compensation Offer,0,1
5774,59,2026-09-01,195650.0,1.118,>1.05 (Premium),77.6,55.6,3,1,0,80.4,Critical Exhaustion,Active,,0,0
5775,31,2026-09-01,88825.0,0.935,0.85-0.95 (Below Median),84.7,3.1,3,1,0,13.0,Low,Active,,0,0
5776,58,2026-09-01,104785.0,1.103,>1.05 (Premium),72.6,6.2,4,0,0,13.4,Low,Active,,0,0
5777,76,2026-09-01,91580.0,0.964,0.95-1.05 (Target),83.1,3.1,4,1,1,12.4,Low,Active,,0,0
5778,78,2026-09-01,96710.0,1.018,0.95-1.05 (Target),85.0,37.3,3,0,1,60.4,Elevated,Voluntary Resignation,Personal / Relocation,0,1
5779,27,2026-09-01,80275.0,0.845,<0.85 (Critical Underpay),92.5,24.3,4,0,0,48.3,Moderate,Voluntary Resignation,Competitive Compensation Offer,1,1
5780,20,2026-09-01,100225.0,1.055,>1.05 (Premium),76.8,4.7,3,1,0,20.5,Low,Active,,0,0
5781,54,2026-09-01,93480.0,0.984,0.95-1.05 (Target),80.4,15.9,5,0,0,27.4,Low,Active,,0,0
5782,34,2026-09-01,115965.0,0.859,0.85-0.95 (Below Median),89.6,0.3,4,1,0,11.2,Low,Active,,0,0
5783,35,2026-09-01,85975.0,0.905,0.85-0.95 (Below Median),91.2,5.3,3,0,0,16.3,Low,Voluntary Resignation,Personal / Relocation,0,1
5784,71,2026-09-01,96235.0,1.013,0.95-1.05 (Target),75.0,15.0,4,1,1,33.7,Low,Active,,0,0
5785,65,2026-09-01,91580.0,0.964,0.95-1.05 (Target),90.3,29.3,4,0,0,51.9,Moderate,Voluntary Resignation,Personal / Relocation,1,1
5786,18,2026-09-01,137565.0,1.019,0.95-1.05 (Target),82.3,19.3,4,1,1,30.8,Low,Active,,0,0
5787,83,2026-09-01,61100.0,0.94,0.85-0.95 (Below Median),88.4,11.5,3,0,0,23.0,Low,Active,,0,0
5788,43,2026-09-01,119475.0,0.885,0.85-0.95 (Below Median),76.1,12.6,3,0,0,25.4,Low,Active,,0,0
5789,31,2026-09-01,171675.0,0.981,0.95-1.05 (Target),94.4,3.9,4,0,0,13.1,Low,Active,,0,0
5790,62,2026-09-01,69290.0,1.066,>1.05 (Premium),99.0,29.56845329440685,2,0,1,50.2,Moderate,Voluntary Resignation,Personal / Relocation,0,1
5791,81,2026-09-01,89775.0,0.945,0.85-0.95 (Below Median),83.9,34.2,4,0,0,58.1,Moderate,Voluntary Resignation,Personal / Relocation,1,1
5792,26,2026-09-01,59540.0,0.916,0.85-0.95 (Below Median),87.1,5.2,3,0,0,15.9,Low,Active,,0,0
5793,71,2026-09-01,149625.0,0.855,0.85-0.95 (Below Median),74.0,0.8,4,0,1,19.9,Low,Active,,0,0
5794,17,2026-09-01,92815.0,0.977,0.95-1.05 (Target),68.5,41.0,4,1,0,65.7,Elevated,Active,,0,0
5795,9,2026-09-01,128250.0,0.95,0.85-0.95 (Below Median),81.6,62.3,1,1,0,99.8,Critical Exhaustion,Active,,0,0
5796,2,2026-09-01,97375.0,1.025,0.95-1.05 (Target),75.3,34.5,3,1,0,48.9,Moderate,Active,,0,0
5797,58,2026-09-01,59930.0,0.922,0.85-0.95 (Below Median),81.7,22.9,3,0,0,45.0,Moderate,Active,,0,0
5798,70,2026-09-01,98895.0,1.041,0.95-1.05 (Target),85.9,1.3,3,0,1,8.7,Low,Active,,0,0
5799,35,2026-09-01,86450.0,0.91,0.85-0.95 (Below Median),98.7,54.65105791501039,4,0,1,83.4,Critical Exhaustion,Voluntary Resignation,Work-Life Balance & Fatigue,1,1
5800,76,2026-09-01,194670.0,0.927,0.85-0.95 (Below Median),95.6,23.52715227475631,3,0,0,37.7,Moderate,Active,,0,0
5801,27,2026-09-01,126765.0,0.939,0.85-0.95 (Below Median),104.6,24.296377316959525,5,1,0,46.4,Moderate,Active,,0,0
5802,30,2026-09-01,68705.0,1.057,>1.05 (Premium),85.6,16.2,4,0,1,26.3,Low,Voluntary Resignation,Personal / Relocation,1,1
5803,29,2026-09-01,65715.0,1.011,0.95-1.05 (Target),94.8,7.4,3,0,0,16.7,Low,Active,,0,0
5804,23,2026-09-01,165375.0,0.945,0.85-0.95 (Below Median),103.5,33.74691190134854,3,0,1,49.6,Moderate,Voluntary Resignation,Personal / Relocation,1,1
5805,1,2026-09-01,58890.0,0.906,0.85-0.95 (Below Median),86.5,3.6,4,0,0,14.2,Low,Active,,0,0
5806,51,2026-09-01,151200.0,1.12,>1.05 (Premium),80.8,6.1,1,1,1,20.9,Low,Active,,0,0
5807,20,2026-09-01,202650.0,0.965,0.95-1.05 (Target),86.1,6.0,3,0,0,15.9,Low,Active,,0,0
5808,38,2026-09-01,178500.0,1.02,0.95-1.05 (Target),89.5,23.3,3,0,0,35.6,Moderate,Voluntary Resignation,Personal / Relocation,1,1
5809,45,2026-09-01,112860.0,1.188,>1.05 (Premium),83.3,13.7,2,0,0,20.7,Low,Active,,0,0
5810,32,2026-09-01,144550.0,0.826,<0.85 (Critical Underpay),94.2,4.5,2,0,0,16.9,Low,Active,,0,0
5811,6,2026-09-01,172900.0,0.988,0.95-1.05 (Target),80.9,0.4,3,0,1,8.7,Low,Active,,0,0
5812,60,2026-09-01,56940.0,0.876,0.85-0.95 (Below Median),84.4,2.4,5,0,0,13.4,Low,Active,,0,0
5813,49,2026-09-01,122040.0,0.904,0.85-0.95 (Below Median),84.7,30.2,2,0,0,62.2,Elevated,Voluntary Resignation,Personal / Relocation,1,1
5814,61,2026-09-01,53170.0,0.818,<0.85 (Critical Underpay),103.2,29.69271085749808,3,0,0,55.3,Moderate,Voluntary Resignation,Competitive Compensation Offer,0,1
5815,15,2026-09-01,127305.0,0.943,0.85-0.95 (Below Median),89.0,8.7,4,0,0,27.6,Low,Voluntary Resignation,Personal / Relocation,1,1
5816,13,2026-09-01,86640.0,0.912,0.85-0.95 (Below Median),66.2,19.6,2,0,0,41.3,Moderate,Active,,0,0
5817,40,2026-09-01,84265.0,0.887,0.85-0.95 (Below Median),83.9,4.4,2,0,0,15.5,Low,Voluntary Resignation,Competitive Compensation Offer,0,1
5818,65,2026-09-01,99370.0,1.046,0.95-1.05 (Target),83.7,1.9,4,1,0,5.0,Low,Active,,0,0
5819,41,2026-09-01,68510.0,1.054,>1.05 (Premium),82.0,49.4,3,1,1,82.2,Critical Exhaustion,Active,,0,0
5820,67,2026-09-01,97565.0,1.027,0.95-1.05 (Target),79.5,8.7,4,0,0,17.9,Low,Active,,0,0
5821,37,2026-09-01,71240.0,1.096,>1.05 (Premium),79.5,12.5,2,0,0,21.1,Low,Active,,0,0
5822,3,2026-09-01,61230.0,0.942,0.85-0.95 (Below Median),76.6,1.9,5,1,0,11.4,Low,Active,,0,0
5823,74,2026-09-01,65325.0,1.005,0.95-1.05 (Target),78.1,4.5,5,1,0,13.3,Low,Active,,0,0
5824,5,2026-09-01,77520.0,0.816,<0.85 (Critical Underpay),77.3,21.7,3,0,0,37.7,Moderate,Active,,0,0
5825,38,2026-09-01,109890.0,0.814,<0.85 (Critical Underpay),72.3,14.0,3,0,1,36.5,Moderate,Active,,0,0
5826,31,2026-09-01,72410.0,1.114,>1.05 (Premium),75.6,30.9,3,0,0,50.8,Moderate,Active,,0,0
5827,73,2026-09-01,135135.0,1.001,0.95-1.05 (Target),82.1,11.6,3,1,0,21.9,Low,Active,,0,0
5828,31,2026-09-01,62140.0,0.956,0.95-1.05 (Target),79.8,37.5,3,0,0,61.9,Elevated,Active,,0,0
5829,80,2026-09-01,163450.0,0.934,0.85-0.95 (Below Median),81.5,5.9,3,0,0,24.4,Low,Active,,0,0
5830,6,2026-09-01,132435.0,0.981,0.95-1.05 (Target),98.0,49.38184634247581,3,0,0,75.6,Elevated,Voluntary Resignation,Work-Life Balance & Fatigue,1,1
5831,71,2026-09-01,188650.0,1.078,>1.05 (Premium),66.4,22.6,3,0,1,33.6,Low,Active,,0,0
5832,18,2026-09-01,90155.0,0.949,0.85-0.95 (Below Median),78.8,10.5,3,0,0,21.6,Low,Active,,0,0
5833,39,2026-09-01,89870.0,0.946,0.85-0.95 (Below Median),81.4,2.1,3,0,0,5.0,Low,Active,,0,0
5834,80,2026-09-01,97090.0,1.022,0.95-1.05 (Target),78.6,4.4,3,0,1,5.0,Low,Active,,0,0
5835,72,2026-09-01,88350.0,0.93,0.85-0.95 (Below Median),74.2,18.0,2,1,1,39.0,Moderate,Active,,0,0
5836,82,2026-09-01,69160.0,1.064,>1.05 (Premium),87.9,12.1,5,0,1,29.2,Low,Active,,0,0
5837,26,2026-09-01,89965.0,0.947,0.85-0.95 (Below Median),73.5,16.5,4,1,1,36.9,Moderate,Voluntary Resignation,Personal / Relocation,1,1
5838,35,2026-09-01,93575.0,0.985,0.95-1.05 (Target),80.0,52.7,3,1,0,79.5,Elevated,Voluntary Resignation,Work-Life Balance & Fatigue,0,1
5839,33,2026-09-01,137200.0,0.784,<0.85 (Critical Underpay),91.6,6.1,4,1,0,19.6,Low,Active,,0,0
5840,16,2026-09-01,62855.0,0.967,0.95-1.05 (Target),99.7,22.11339780123348,3,1,0,35.2,Moderate,Voluntary Resignation,Personal / Relocation,0,1
5841,18,2026-09-01,112955.0,1.189,>1.05 (Premium),84.0,6.7,3,0,0,5.0,Low,Active,,0,0
5842,71,2026-09-01,301860.0,1.161,>1.05 (Premium),88.1,13.2,3,0,0,28.6,Low,Voluntary Resignation,Personal / Relocation,0,1
5843,69,2026-09-01,241800.0,0.93,0.85-0.95 (Below Median),79.0,22.2,3,0,0,36.0,Moderate,Voluntary Resignation,Personal / Relocation,0,1
5844,80,2026-09-01,174930.0,0.833,<0.85 (Critical Underpay),106.7,25.850196649195723,3,0,0,50.4,Moderate,Voluntary Resignation,Competitive Compensation Offer,1,1
5845,41,2026-09-01,99655.0,1.049,0.95-1.05 (Target),92.8,1.6,3,0,0,8.9,Low,Active,,0,0
5846,41,2026-09-01,60905.0,0.937,0.85-0.95 (Below Median),74.9,11.3,4,0,0,30.8,Low,Active,,0,0
5847,26,2026-09-01,55055.0,0.847,<0.85 (Critical Underpay),92.8,2.1,2,1,0,13.6,Low,Voluntary Resignation,Competitive Compensation Offer,0,1
5848,20,2026-09-01,74100.0,1.14,>1.05 (Premium),89.5,0.0,3,0,1,5.2,Low,Active,,0,0
5849,44,2026-09-01,65780.0,1.012,0.95-1.05 (Target),73.8,20.4,4,0,0,32.2,Low,Active,,0,0
5850,55,2026-09-01,89680.0,0.944,0.85-0.95 (Below Median),74.8,18.2,4,0,0,31.0,Low,Voluntary Resignation,Personal / Relocation,1,1
5851,19,2026-09-01,58305.0,0.897,0.85-0.95 (Below Median),88.7,48.0,3,0,1,75.7,Elevated,Active,,0,0
5852,6,2026-09-01,53040.0,0.816,<0.85 (Critical Underpay),99.2,29.876189670103848,3,0,1,47.5,Moderate,Voluntary Resignation,Competitive Compensation Offer,0,1
5853,82,2026-09-01,64675.0,0.995,0.95-1.05 (Target),88.3,9.8,3,0,0,27.9,Low,Active,,0,0
5854,63,2026-09-01,80465.0,0.847,<0.85 (Critical Underpay),87.1,23.1,5,1,1,54.8,Moderate,Active,,0,0
5855,59,2026-09-01,136215.0,1.009,0.95-1.05 (Target),84.0,14.6,4,0,0,33.3,Low,Voluntary Resignation,Personal / Relocation,1,1
5856,39,2026-09-01,67015.0,1.031,0.95-1.05 (Target),99.8,41.770422000476245,4,1,1,65.5,Elevated,Voluntary Resignation,Work-Life Balance & Fatigue,1,1
5857,70,2026-09-01,69160.0,1.064,>1.05 (Premium),77.5,18.0,3,1,0,28.3,Low,Active,,0,0
5858,3,2026-09-01,103455.0,1.089,>1.05 (Premium),83.8,14.6,3,1,0,31.7,Low,Active,,0,0
5859,27,2026-09-01,100700.0,1.06,>1.05 (Premium),72.2,6.8,3,0,0,15.0,Low,Active,,0,0
5860,72,2026-09-01,89205.0,0.939,0.85-0.95 (Below Median),90.6,1.5,4,0,0,19.0,Low,Active,,0,0
5861,54,2026-09-01,64415.0,0.991,0.95-1.05 (Target),91.0,2.2,3,0,1,10.8,Low,Active,,0,0
5862,59,2026-09-01,89775.0,0.945,0.85-0.95 (Below Median),72.8,0.9,3,0,0,10.2,Low,Active,,0,0
5863,34,2026-09-01,96330.0,1.014,0.95-1.05 (Target),74.1,2.1,4,0,1,10.2,Low,Active,,0,0
5864,24,2026-09-01,87590.0,0.922,0.85-0.95 (Below Median),82.4,2.8,4,1,0,12.9,Low,Active,,0,0
5865,22,2026-09-01,61165.0,0.941,0.85-0.95 (Below Median),90.4,29.1,3,1,0,52.1,Moderate,Voluntary Resignation,Personal / Relocation,0,1
5866,51,2026-09-01,127305.0,0.943,0.85-0.95 (Below Median),91.8,2.2,4,0,0,19.8,Low,Active,,0,0
5867,67,2026-09-01,106210.0,1.118,>1.05 (Premium),85.8,8.4,2,0,1,15.7,Low,Voluntary Resignation,Personal / Relocation,0,1
5868,18,2026-09-01,90250.0,0.95,0.85-0.95 (Below Median),95.6,27.665350372000507,3,0,0,50.2,Moderate,Active,,0,0
5869,67,2026-09-01,151335.0,1.121,>1.05 (Premium),82.8,24.1,3,0,0,34.5,Low,Active,,0,0
5870,34,2026-09-01,70655.0,1.087,>1.05 (Premium),94.6,14.2,1,0,1,23.3,Low,Active,,0,0
5871,60,2026-09-01,55185.0,0.849,<0.85 (Critical Underpay),94.8,1.0,3,1,0,12.2,Low,Voluntary Resignation,Competitive Compensation Offer,0,1
5872,40,2026-09-01,59215.0,0.911,0.85-0.95 (Below Median),76.4,1.7,3,1,0,11.8,Low,Active,,0,0
5873,33,2026-09-01,62335.0,0.959,0.95-1.05 (Target),97.2,18.345579952329,3,0,1,30.8,Low,Active,,0,0
5874,6,2026-09-01,140130.0,1.038,0.95-1.05 (Target),94.5,0.7,4,0,0,16.1,Low,Active,,0,0
5875,7,2026-09-01,85975.0,0.905,0.85-0.95 (Below Median),94.6,20.0,3,0,0,33.9,Low,Active,,0,0
5876,67,2026-09-01,140940.0,1.044,0.95-1.05 (Target),84.8,3.8,4,0,1,5.0,Low,Active,,0,0
5877,28,2026-09-01,58760.0,0.904,0.85-0.95 (Below Median),85.7,1.3,3,0,0,5.0,Low,Active,,0,0
5878,15,2026-09-01,154035.0,1.141,>1.05 (Premium),89.4,4.5,3,0,1,5.0,Low,Voluntary Resignation,Personal / Relocation,1,1
5879,35,2026-09-01,79515.0,0.837,<0.85 (Critical Underpay),96.2,54.9621445483792,3,1,1,93.2,Critical Exhaustion,Voluntary Resignation,Competitive Compensation Offer,0,1
5880,57,2026-09-01,93385.0,0.983,0.95-1.05 (Target),89.0,5.0,1,0,0,14.3,Low,Active,,0,0
5881,21,2026-09-01,73645.0,1.133,>1.05 (Premium),75.2,25.7,3,0,0,36.2,Moderate,Active,,0,0
5882,65,2026-09-01,83790.0,0.882,0.85-0.95 (Below Median),98.0,65.0,3,0,0,100.0,Critical Exhaustion,Active,,0,0
5883,30,2026-09-01,84360.0,0.888,0.85-0.95 (Below Median),78.8,7.9,4,0,0,19.7,Low,Active,,0,0
5884,21,2026-09-01,117720.0,0.872,0.85-0.95 (Below Median),89.3,63.2,3,1,0,100.0,Critical Exhaustion,Voluntary Resignation,Competitive Compensation Offer,1,1
5885,36,2026-09-01,120825.0,0.895,0.85-0.95 (Below Median),94.3,21.2,1,0,0,35.5,Moderate,Active,,0,0
5886,27,2026-09-01,115020.0,0.852,0.85-0.95 (Below Median),88.7,17.6,5,0,0,40.1,Moderate,Voluntary Resignation,Competitive Compensation Offer,1,1
5887,61,2026-09-01,93860.0,0.988,0.95-1.05 (Target),84.6,14.8,4,0,0,26.0,Low,Active,,0,0
5888,74,2026-09-01,84170.0,0.886,0.85-0.95 (Below Median),111.6,37.88751334715762,3,0,1,63.7,Elevated,Voluntary Resignation,Competitive Compensation Offer,0,1
5889,56,2026-09-01,176400.0,1.008,0.95-1.05 (Target),85.9,14.3,3,1,1,17.0,Low,Active,,0,0
5890,15,2026-09-01,89775.0,0.945,0.85-0.95 (Below Median),93.8,2.5,2,1,1,20.1,Low,Active,,0,0
5891,5,2026-09-01,69615.0,1.071,>1.05 (Premium),76.0,6.0,4,0,0,5.8,Low,Active,,0,0
5892,73,2026-09-01,85120.0,0.896,0.85-0.95 (Below Median),76.1,3.5,4,0,1,6.3,Low,Active,,0,0
5893,80,2026-09-01,87780.0,0.924,0.85-0.95 (Below Median),99.4,65.0,3,0,1,95.5,Critical Exhaustion,Voluntary Resignation,Work-Life Balance & Fatigue,0,1
5894,46,2026-09-01,178290.0,0.849,<0.85 (Critical Underpay),78.2,2.2,3,0,0,13.7,Low,Active,,0,0
5895,12,2026-09-01,91010.0,0.958,0.95-1.05 (Target),89.3,2.2,4,0,0,5.0,Low,Active,,0,0
5896,5,2026-09-01,101840.0,1.072,>1.05 (Premium),103.9,58.60995443096921,5,0,0,92.9,Critical Exhaustion,Voluntary Resignation,Work-Life Balance & Fatigue,1,1
5897,61,2026-09-01,93385.0,0.983,0.95-1.05 (Target),98.0,65.0,4,0,0,100.0,Critical Exhaustion,Voluntary Resignation,Work-Life Balance & Fatigue,1,1
5898,24,2026-09-01,83885.0,0.883,0.85-0.95 (Below Median),93.8,16.7,3,0,0,30.4,Low,Active,,0,0
5899,36,2026-09-01,65715.0,1.011,0.95-1.05 (Target),100.8,25.38840845207227,3,0,1,46.2,Moderate,Active,,0,0
5900,50,2026-09-01,127980.0,0.948,0.85-0.95 (Below Median),84.0,2.0,4,1,0,11.4,Low,Active,,0,0
5901,63,2026-09-01,241020.0,0.927,0.85-0.95 (Below Median),77.2,3.5,2,0,0,21.7,Low,Active,,0,0
5902,55,2026-09-01,114885.0,0.851,0.85-0.95 (Below Median),72.6,2.9,3,0,0,22.5,Low,Active,,0,0
5903,42,2026-09-01,61035.0,0.939,0.85-0.95 (Below Median),74.1,33.5,1,0,1,49.4,Moderate,Voluntary Resignation,Personal / Relocation,0,1
5904,21,2026-09-01,66560.0,1.024,0.95-1.05 (Target),97.7,37.30338706699728,2,0,1,60.3,Elevated,Active,,0,0
5905,82,2026-09-01,93005.0,0.979,0.95-1.05 (Target),72.4,4.1,3,0,0,13.3,Low,Active,,0,0
5906,22,2026-09-01,60320.0,0.928,0.85-0.95 (Below Median),101.3,55.527839914423424,5,0,1,84.1,Critical Exhaustion,Active,,0,0
5907,79,2026-09-01,96615.0,1.017,0.95-1.05 (Target),87.6,8.4,4,0,0,9.7,Low,Active,,0,0
5908,50,2026-09-01,108135.0,0.801,<0.85 (Critical Underpay),91.9,24.4,3,1,0,41.3,Moderate,Active,,0,0
5909,79,2026-09-01,83790.0,0.882,0.85-0.95 (Below Median),65.9,4.5,3,0,0,15.8,Low,Active,,0,0
5910,64,2026-09-01,90440.0,0.952,0.95-1.05 (Target),90.4,1.4,2,1,0,10.6,Low,Voluntary Resignation,Personal / Relocation,0,1
5911,34,2026-09-01,83980.0,0.884,0.85-0.95 (Below Median),83.5,5.9,3,0,0,17.4,Low,Active,,0,0
5912,49,2026-09-01,267800.0,1.03,0.95-1.05 (Target),72.1,3.4,3,0,0,19.5,Low,Active,,0,0
5913,74,2026-09-01,68250.0,1.05,0.95-1.05 (Target),88.6,4.8,3,0,1,12.8,Low,Active,,0,0
5914,1,2026-09-01,111340.0,1.172,>1.05 (Premium),65.1,20.8,5,0,0,29.5,Low,Active,,0,0
5915,65,2026-09-01,98800.0,1.04,0.95-1.05 (Target),74.1,23.2,3,1,1,35.0,Low,Active,,0,0
5916,33,2026-09-01,142830.0,1.058,>1.05 (Premium),94.7,3.3,3,0,1,10.8,Low,Active,,0,0
5917,7,2026-09-01,254540.0,0.979,0.95-1.05 (Target),94.9,14.9,3,1,0,26.3,Low,Active,,0,0
5918,60,2026-09-01,94810.0,0.998,0.95-1.05 (Target),97.3,62.72623847673516,5,0,0,99.3,Critical Exhaustion,Voluntary Resignation,Work-Life Balance & Fatigue,1,1
5919,22,2026-09-01,120960.0,0.896,0.85-0.95 (Below Median),101.4,36.19083908348204,5,0,1,53.5,Moderate,Voluntary Resignation,Competitive Compensation Offer,1,1
5920,14,2026-09-01,63765.0,0.981,0.95-1.05 (Target),88.8,6.5,4,0,0,24.2,Low,Active,,0,0
5921,38,2026-09-01,134190.0,0.994,0.95-1.05 (Target),74.2,8.4,4,0,1,18.2,Low,Active,,0,0
5922,12,2026-09-01,113940.0,0.844,<0.85 (Critical Underpay),90.6,1.0,3,0,0,12.3,Low,Active,,0,0
5923,83,2026-09-01,62465.0,0.961,0.95-1.05 (Target),86.6,35.7,4,0,0,51.6,Moderate,Voluntary Resignation,Personal / Relocation,1,1
5924,20,2026-09-01,62660.0,0.964,0.95-1.05 (Target),86.0,8.4,4,0,0,18.8,Low,Active,,0,0
5925,49,2026-09-01,179550.0,0.855,0.85-0.95 (Below Median),89.8,31.5,2,0,0,48.7,Moderate,Voluntary Resignation,Competitive Compensation Offer,1,1
5926,59,2026-09-01,66105.0,1.017,0.95-1.05 (Target),82.4,19.1,3,0,1,30.6,Low,Active,,0,0
5927,83,2026-09-01,90250.0,0.95,0.85-0.95 (Below Median),75.5,12.5,3,1,0,24.0,Low,Active,,0,0
5928,64,2026-09-01,62205.0,0.957,0.95-1.05 (Target),70.0,0.1,3,1,0,9.0,Low,Active,,0,0
5929,76,2026-09-01,145530.0,1.078,>1.05 (Premium),79.1,17.6,3,0,1,35.6,Moderate,Active,,0,0
5930,79,2026-09-01,133110.0,0.986,0.95-1.05 (Target),84.1,43.9,3,1,0,69.0,Elevated,Active,,0,0
5931,66,2026-09-01,132975.0,0.985,0.95-1.05 (Target),82.0,0.8,3,0,1,9.3,Low,Active,,0,0
5932,26,2026-09-01,86450.0,0.91,0.85-0.95 (Below Median),92.2,7.9,4,0,0,19.3,Low,Active,,0,0
5933,9,2026-09-01,59020.0,0.908,0.85-0.95 (Below Median),84.7,6.1,4,0,0,25.2,Low,Voluntary Resignation,Personal / Relocation,1,1
5934,53,2026-09-01,131895.0,0.977,0.95-1.05 (Target),100.3,37.42759785561736,3,1,0,53.4,Moderate,Active,,0,0
5935,2,2026-09-01,91770.0,0.966,0.95-1.05 (Target),74.3,7.2,3,0,1,17.3,Low,Active,,0,0
5936,1,2026-09-01,127845.0,0.947,0.85-0.95 (Below Median),75.9,19.2,4,0,0,40.1,Moderate,Active,,0,0
5937,72,2026-09-01,64675.0,0.995,0.95-1.05 (Target),85.3,4.6,4,0,1,5.6,Low,Active,,0,0
5938,1,2026-09-01,70525.0,1.085,>1.05 (Premium),86.3,5.9,3,0,1,13.4,Low,Active,,0,0
5939,26,2026-09-01,74955.0,0.789,<0.85 (Critical Underpay),79.5,14.0,3,0,0,37.0,Moderate,Voluntary Resignation,Competitive Compensation Offer,0,1
5940,46,2026-09-01,88635.0,0.933,0.85-0.95 (Below Median),84.0,1.6,3,1,0,11.3,Low,Active,,0,0
5941,17,2026-09-01,252460.0,0.971,0.95-1.05 (Target),84.1,0.6,3,0,1,9.3,Low,Active,,0,0
5942,30,2026-09-01,102505.0,1.079,>1.05 (Premium),99.8,40.82412832576786,2,0,0,55.4,Moderate,Voluntary Resignation,Personal / Relocation,0,1
5943,18,2026-09-01,54210.0,0.834,<0.85 (Critical Underpay),94.5,9.8,5,0,1,31.1,Low,Active,,0,0
5944,36,2026-09-01,187250.0,1.07,>1.05 (Premium),71.3,33.5,3,0,0,46.8,Moderate,Active,,0,0
5945,36,2026-09-01,63505.0,0.977,0.95-1.05 (Target),112.8,37.124873872791305,4,0,0,61.0,Elevated,Active,,0,0
5946,11,2026-09-01,55445.0,0.853,0.85-0.95 (Below Median),84.3,7.9,3,0,0,20.4,Low,Active,,0,0
5947,50,2026-09-01,95190.0,1.002,0.95-1.05 (Target),97.0,58.04114233478664,1,0,1,93.6,Critical Exhaustion,Voluntary Resignation,Work-Life Balance & Fatigue,0,1
5948,11,2026-09-01,56615.0,0.871,0.85-0.95 (Below Median),66.0,17.1,2,0,0,39.1,Moderate,Voluntary Resignation,Competitive Compensation Offer,0,1
5949,75,2026-09-01,99465.0,1.047,0.95-1.05 (Target),89.9,10.5,4,0,0,19.7,Low,Active,,0,0
5950,61,2026-09-01,134595.0,0.997,0.95-1.05 (Target),89.3,3.6,3,0,0,12.4,Low,Active,,0,0
5951,64,2026-09-01,125415.0,0.929,0.85-0.95 (Below Median),90.9,5.6,4,1,1,16.1,Low,Active,,0,0
5952,7,2026-09-01,56355.0,0.867,0.85-0.95 (Below Median),81.7,3.0,3,0,0,6.3,Low,Active,,0,0
5953,84,2026-09-01,88920.0,0.936,0.85-0.95 (Below Median),88.5,19.2,2,0,1,32.3,Low,Active,,0,0
5954,58,2026-09-01,94335.0,0.993,0.95-1.05 (Target),68.6,8.4,3,1,0,10.2,Low,Active,,0,0
5955,57,2026-09-01,174930.0,0.833,<0.85 (Critical Underpay),88.3,18.2,3,0,0,33.2,Low,Active,,0,0
5956,51,2026-09-01,159950.0,0.914,0.85-0.95 (Below Median),87.3,37.7,4,1,1,55.0,Moderate,Active,,0,0
5957,83,2026-09-01,198660.0,0.946,0.85-0.95 (Below Median),73.5,19.2,4,0,0,32.1,Low,Active,,0,0
5958,31,2026-09-01,93575.0,0.985,0.95-1.05 (Target),96.2,23.90767435013824,3,0,0,45.0,Moderate,Voluntary Resignation,Personal / Relocation,0,1
5959,78,2026-09-01,63375.0,0.975,0.95-1.05 (Target),76.2,7.9,2,0,0,18.0,Low,Active,,0,0
5960,38,2026-09-01,98420.0,1.036,0.95-1.05 (Target),86.1,1.2,3,0,0,8.7,Low,Active,,0,0
5961,14,2026-09-01,58305.0,0.897,0.85-0.95 (Below Median),76.3,9.7,3,0,0,29.7,Low,Active,,0,0
5962,20,2026-09-01,119070.0,0.882,0.85-0.95 (Below Median),78.2,11.1,3,0,0,31.7,Low,Active,,0,0
5963,40,2026-09-01,158725.0,0.907,0.85-0.95 (Below Median),84.9,1.5,4,0,0,11.7,Low,Active,,0,0
5964,13,2026-09-01,55510.0,0.854,0.85-0.95 (Below Median),82.9,24.4,4,0,0,48.2,Moderate,Voluntary Resignation,Competitive Compensation Offer,1,1
5965,6,2026-09-01,92910.0,0.978,0.95-1.05 (Target),93.3,4.5,3,1,0,13.8,Low,Active,,0,0
5966,31,2026-09-01,231210.0,1.101,>1.05 (Premium),85.8,45.7,5,1,1,76.8,Elevated,Voluntary Resignation,Work-Life Balance & Fatigue,1,1
5967,83,2026-09-01,173425.0,0.991,0.95-1.05 (Target),83.6,12.5,3,0,1,23.2,Low,Voluntary Resignation,Personal / Relocation,1,1
5968,8,2026-09-01,90725.0,0.955,0.95-1.05 (Target),96.4,23.916017265526264,3,1,1,37.6,Moderate,Active,,0,0
5969,50,2026-09-01,77330.0,0.814,<0.85 (Critical Underpay),72.0,5.0,3,0,1,17.7,Low,Active,,0,0
5970,79,2026-09-01,54405.0,0.837,<0.85 (Critical Underpay),81.3,4.2,5,1,1,24.3,Low,Active,,0,0
5971,52,2026-09-01,97375.0,1.025,0.95-1.05 (Target),76.7,9.8,1,0,1,19.3,Low,Active,,0,0
5972,27,2026-09-01,168875.0,0.965,0.95-1.05 (Target),90.5,10.0,4,0,0,20.7,Low,Active,,0,0
5973,53,2026-09-01,98420.0,1.036,0.95-1.05 (Target),89.7,4.2,4,0,0,12.3,Low,Active,,0,0
5974,72,2026-09-01,69290.0,1.066,>1.05 (Premium),72.9,19.1,2,0,0,37.6,Moderate,Active,,0,0
5975,22,2026-09-01,127575.0,0.945,0.85-0.95 (Below Median),89.0,14.5,3,0,0,26.5,Low,Active,,0,0
5976,44,2026-09-01,83790.0,0.882,0.85-0.95 (Below Median),81.2,12.5,2,0,1,25.4,Low,Active,,0,0
5977,20,2026-09-01,137835.0,1.021,0.95-1.05 (Target),76.5,41.9,2,0,1,65.9,Elevated,Voluntary Resignation,Work-Life Balance & Fatigue,1,1
5978,63,2026-09-01,152600.0,0.872,0.85-0.95 (Below Median),89.5,5.0,3,1,0,16.6,Low,Voluntary Resignation,Competitive Compensation Offer,1,1
5979,37,2026-09-01,60060.0,0.924,0.85-0.95 (Below Median),87.3,15.0,5,1,0,27.5,Low,Active,,0,0
5980,68,2026-09-01,99465.0,1.047,0.95-1.05 (Target),84.2,2.2,4,0,0,9.7,Low,Active,,0,0
5981,49,2026-09-01,145935.0,1.081,>1.05 (Premium),87.8,12.8,3,0,1,13.7,Low,Active,,0,0
5982,39,2026-09-01,58890.0,0.906,0.85-0.95 (Below Median),87.5,16.4,3,0,0,21.6,Low,Active,,0,0
5983,7,2026-09-01,185640.0,0.884,0.85-0.95 (Below Median),95.5,43.34717610730834,3,1,0,70.3,Elevated,Voluntary Resignation,Competitive Compensation Offer,1,1
5984,5,2026-09-01,99560.0,1.048,0.95-1.05 (Target),77.8,0.1,3,0,1,15.2,Low,Active,,0,0
5985,59,2026-09-01,94620.0,0.996,0.95-1.05 (Target),101.4,28.365826005482013,3,0,1,42.1,Moderate,Voluntary Resignation,Personal / Relocation,0,1
5986,78,2026-09-01,67015.0,1.031,0.95-1.05 (Target),89.5,2.1,2,0,1,9.9,Low,Active,,0,0
5987,10,2026-09-01,96330.0,1.014,0.95-1.05 (Target),75.5,1.7,2,1,0,9.8,Low,Active,,0,0
5988,65,2026-09-01,130545.0,0.967,0.95-1.05 (Target),70.7,3.5,4,0,0,12.9,Low,Active,,0,0
5989,28,2026-09-01,194250.0,0.925,0.85-0.95 (Below Median),86.4,32.7,3,1,0,56.7,Moderate,Active,,0,0
5990,17,2026-09-01,101650.0,1.07,>1.05 (Premium),88.1,4.0,3,0,0,11.4,Low,Active,,0,0
5991,71,2026-09-01,266760.0,1.026,0.95-1.05 (Target),80.7,0.2,3,0,1,5.0,Low,Active,,0,0
5992,18,2026-09-01,125010.0,0.926,0.85-0.95 (Below Median),89.4,4.1,3,1,1,14.4,Low,Active,,0,0
5993,4,2026-09-01,68120.0,1.048,0.95-1.05 (Target),91.4,14.4,4,0,0,24.3,Low,Active,,0,0
5994,78,2026-09-01,57395.0,0.883,0.85-0.95 (Below Median),90.8,28.6,4,0,0,44.7,Moderate,Active,,0,0
5995,33,2026-09-01,150850.0,0.862,0.85-0.95 (Below Median),105.3,26.232786669147515,4,1,0,50.2,Moderate,Active,,0,0
5996,46,2026-09-01,60905.0,0.937,0.85-0.95 (Below Median),85.9,53.5,3,0,1,89.5,Critical Exhaustion,Voluntary Resignation,Work-Life Balance & Fatigue,0,1
5997,12,2026-09-01,148750.0,0.85,<0.85 (Critical Underpay),101.3,28.763134608337516,3,0,0,53.5,Moderate,Active,,0,0
5998,58,2026-09-01,83410.0,0.878,0.85-0.95 (Below Median),89.4,22.6,4,0,0,37.6,Moderate,Active,,0,0
5999,77,2026-09-01,130950.0,0.97,0.95-1.05 (Target),77.2,1.7,3,0,0,10.6,Low,Active,,0,0
6000,35,2026-09-01,140535.0,1.041,0.95-1.05 (Target),85.7,14.2,2,0,0,32.2,Low,Active,,0,0
